date,SPY,EFA,IJS,EEM,AGG
2010-12-31,95.68986511230469,36.450225830078125,28.3002872467041,34.186866760253906,68.78790283203125
2011-01-03,96.67912292480469,36.7507209777832,28.890771865844727,34.5169677734375,68.709869384765625
2011-01-04,96.62580871582031,36.638031005859375,28.34752655029297,34.67485046386719,68.72937774658203
2011-01-05,97.12805938720703,36.481510162353516,28.587657928466797,34.58873748779297,68.3975830078125
2011-01-06,96.93785858154297,36.06203842163086,28.41838264465332,34.22275161743164,68.41058349609375
2011-01-07,96.7475814819336,35.91804122924805,28.209749221801758,33.907005310058594,68.631805419921875
2011-01-10,96.62580871582031,35.855445861816406,28.245162963867188,33.55537414550781,68.81391143798828
2011-01-11,96.96827697753906,36.099605560302734,28.339651107788086,33.91417694091797,68.6773452758789
2011-01-12,97.8433609008789,36.89472198486328,28.646696090698242,34.59590530395508,68.67083740234375
2011-01-13,97.683563232421875,36.99489974975586,28.646696090698242,34.29450607299805,68.91797637939453
2011-01-14,98.39124298095703,37.22028732299805,28.95376205444336,34.394989013671875,68.77490234375
2011-01-18,98.55864715576172,37.46445846557617,28.969511032104492,34.34474563598633,68.72937774658203
2011-01-19,97.59223175048828,37.207767486572266,28.316038131713867,34.07923126220703,68.74234771728516
2011-01-20,97.462890625,36.888465881347656,28.095582962036133,33.70607376098633,68.48219299316406
2011-01-21,97.683563232421875,37.08881378173828,27.969615936279297,33.35443878173828,68.69681549072266
2011-01-24,98.2390365600586,37.48323440551758,28.229412078857422,33.61277770996094,68.65782928466797
2011-01-25,98.29231262207031,37.40810775756836,28.33177947998047,33.4118537902832,68.87248992919922
2011-01-26,98.67279815673828,37.646026611328125,28.792360305786133,33.70607376098633,68.644775390625
2011-01-27,98.91632080078125,37.733665466308594,28.906522750854492,33.59125900268555,68.76187896728516
2011-01-28,97.188934326171875,36.89472198486328,28.1428165435791,32.529197692871094,68.85943603515625
2011-01-31,97.919464111328125,37.214027404785156,28.233360290527344,32.8736457824707,68.72937774658203
2011-02-01,99.48700714111328,38.09678649902344,28.863229751586914,33.67019271850586,68.5832290649414
2011-02-02,99.29676818847656,38.06549072265625,28.72544288635254,33.41902542114258,68.50494384765625
2011-02-03,99.517486572265625,38.07175064086914,28.768754959106445,33.37596893310547,68.2504653930664
2011-02-04,99.79901885986328,38.05923080444336,28.768754959106445,33.3687858581543,68.0221176147461
2011-02-07,100.42300415039062,38.178184509277344,29.11121940612793,33.4118537902832,68.0482177734375
2011-02-08,100.87956237792969,38.428619384765625,29.276565551757812,33.426204681396484,67.85248565673828
2011-02-09,100.65129089355469,38.3159294128418,29.126972198486328,32.65837097167969,67.97652435302734
2011-02-10,100.68931579589844,38.06549072265625,29.193893432617188,32.34979248046875,67.7807388305664
2011-02-11,101.29049682617188,38.08427810668945,29.4891414642334,32.744476318359375,68.0482177734375
2011-02-14,101.53396606445312,38.15940856933594,29.59148406982422,32.57942581176758,68.08084869384766
2011-02-15,101.21438598632812,38.046714782714844,29.33954620361328,32.64400863647461,68.1656723022461
2011-02-16,101.85355377197266,38.503746032714844,29.59937286376953,32.91670608520508,68.1656723022461
2011-02-17,102.15792846679688,38.63521194458008,29.792251586914062,33.031517028808594,68.32872772216797
2011-02-18,102.37100982666016,38.766693115234375,29.894603729248047,33.23244094848633,68.30271911621094
2011-02-22,100.31647491455078,37.658546447753906,29.15059471130371,32.1703987121582,68.55057525634766
2011-02-23,99.7000732421875,37.70862579345703,28.599462509155273,32.19908905029297,68.60274505615234
2011-02-24,99.63159942626953,37.73992919921875,28.72544288635254,32.27803421020508,68.61585235595703
2011-02-25,100.6969223022461,38.19070816040039,29.371044158935547,32.66554260253906,68.79847717285156
2011-02-28,101.32087707519531,38.5350456237793,29.422212600708008,32.85929870605469,68.9289779663086
2011-03-01,99.63159942626953,37.99662780761719,28.914386749267578,32.52202606201172,68.8734359741211
2011-03-02,99.84468078613281,38.19697189331055,28.98918342590332,32.96693420410156,68.76219940185547
2011-03-03,101.56442260742188,38.685306549072266,29.670223236083984,33.619956970214844,68.520111083984375
2011-03-04,100.80345916748047,38.33470916748047,29.5048770904541,33.655845642089844,68.70330810546875
2011-03-07,100.01210021972656,37.96531677246094,29.032487869262695,33.182220458984375,68.7360610961914
2011-03-08,100.8871841430664,38.08427810668945,29.571815490722656,33.627132415771484,68.6837158203125
2011-03-09,100.74258422851562,38.09678649902344,29.583616256713867,33.691715240478516,68.847259521484375
2011-03-10,98.87825012207031,37.15141677856445,28.80416488647461,32.69424057006836,69.08927917480469
2011-03-11,99.5631103515625,37.15141677856445,28.827781677246094,33.031517028808594,69.10240936279297
2011-03-14,98.96196746826172,36.48777389526367,28.72149658203125,33.22528839111328,69.1416244506836
2011-03-15,97.82811737060547,35.72396469116211,28.398693084716797,32.67271041870117,69.16777801513672
2011-03-16,96.01705169677734,34.615814208984375,28.036529541015625,32.005348205566406,69.3640365600586
2011-03-17,97.28788757324219,35.767791748046875,28.174312591552734,32.400028228759766,69.3182373046875
2011-03-18,97.641693115234375,36.26239013671875,28.53253936767578,32.457435607910156,69.292083740234375
2011-03-21,99.154937744140625,37.157676696777344,29.134845733642578,33.08176040649414,69.12849426269531
2011-03-22,98.8110580444336,37.05125045776367,29.03643035888672,33.182220458984375,69.13504791259766
2011-03-23,99.09381103515625,37.09507751464844,29.01280975341797,33.619956970214844,69.10240936279297
2011-03-24,100.04150390625,37.58967590332031,29.138784408569336,34.00746536254883,68.91267395019531
2011-03-25,100.3471908569336,37.17646789550781,29.38930320739746,33.97159194946289,68.85379791259766
2011-03-28,100.10259246826172,37.157676696777344,29.278839111328125,33.799354553222656,68.82110595703125
2011-03-29,100.77516174316406,37.35176467895508,29.535297393798828,34.186866760253906,68.7360610961914
2011-03-30,101.47063446044922,37.79627227783203,29.870649337768555,34.62461471557617,68.85379791259766
2011-03-31,101.33306884765625,37.614707946777344,30.071870803833008,34.92599868774414,68.77527618408203
2011-04-01,101.76105499267578,37.97157669067383,30.150785446166992,35.485748291015625,68.86908721923828
2011-04-04,101.84513854980469,38.02166748046875,30.28097152709961,35.787139892578125,68.98065185546875
2011-04-05,101.82987213134766,37.92775344848633,30.320436477661133,35.71537399291992,68.83624267578125
2011-04-06,102.15082550048828,38.24079513549805,30.478254318237305,35.90913391113281,68.63285827636719
2011-04-07,101.89102172851562,38.05296325683594,30.288864135742188,35.87324523925781,68.73785400390625
2011-04-08,101.53943634033203,38.36601638793945,29.91010856628418,35.90913391113281,68.60665130615234
2011-04-11,101.23371887207031,38.29087448120117,29.661548614501953,35.485748291015625,68.6722412109375
2011-04-12,100.47712707519531,37.93401336669922,29.282794952392578,34.81836700439453,68.9346923828125
2011-04-13,100.46949005126953,38.046714782714844,29.140764236450195,35.105403900146484,69.00687408447266
2011-04-14,100.54592895507812,38.21574783325195,29.282794952392578,35.21305465698242,68.94123077392578
2011-04-15,100.91271209716797,38.15940856933594,29.54713249206543,35.2561149597168,69.19062042236328
2011-04-18,99.78160858154297,37.37681579589844,29.11708641052246,34.373451232910156,69.308746337890625
2011-04-19,100.35481262207031,37.652278900146484,29.093412399291992,34.86860275268555,69.44646453857422
2011-04-20,101.72289276123047,38.61016845703125,29.602365493774414,35.69384765625,69.34812927246094
2011-04-21,102.24254608154297,38.860599517822266,29.78781509399414,36.00960159301758,69.39405059814453
2011-04-25,102.13556671142578,38.860599517822266,29.708894729614258,35.71537399291992,69.433349609375
2011-04-26,103.01446533203125,39.16111373901367,30.063982009887695,36.023948669433594,69.68927001953125
2011-04-27,103.68702697753906,39.649471282958984,30.26913070678711,35.9593620300293,69.6302719116211
2011-04-28,104.02330017089844,39.91868209838867,30.37566375732422,35.66514205932617,69.79430389404297
2011-04-29,104.26783752441406,39.73085021972656,30.391433715820312,35.880435943603516,69.85332489013672
2011-05-02,104.10733795166016,39.987548828125,30.087644577026367,35.88759231567383,69.89019012451172
2011-05-03,103.73286437988281,39.66199493408203,29.82724380493164,35.091064453125,69.90987396240234
2011-05-04,103.04503631591797,39.32389450073242,29.511629104614258,34.509796142578125,70.04161071777344
2011-05-05,102.11261749267578,38.54757308959961,29.361696243286133,34.179691314697266,70.19947052001953
2011-05-06,102.56354522705078,38.56635665893555,29.472164154052734,34.62461471557617,70.192901611328125
2011-05-09,102.96092987060547,38.84183883666992,29.677326202392578,34.68919372558594,70.27185821533203
2011-05-10,103.83984375,39.21120834350586,30.249414443969727,35.09822082519531,70.14678955078125
2011-05-11,102.74695587158203,38.42236328125,29.74044418334961,34.32322311401367,70.27185821533203
2011-05-12,103.23609924316406,38.54757308959961,29.969289779663086,34.423683166503906,70.16654968261719
2011-05-13,102.44123077392578,37.946537017822266,29.535297393798828,33.67019271850586,70.2784194946289
2011-05-16,101.79165649414062,37.877662658691406,29.16048812866211,33.619956970214844,70.42980194091797
2011-05-17,101.7763671875,37.95906066894531,29.077625274658203,33.727596282958984,70.50878143310547
2011-05-18,102.68582916259766,38.19070816040039,29.3972110748291,34.27298355102539,70.39688873291016
2011-05-19,102.9303970336914,38.40983581542969,29.476104736328125,34.05052185058594,70.34423828125
2011-05-20,102.11261749267578,37.865150451660156,29.239391326904297,33.7778434753418,70.41007232666016
2011-05-23,100.92804718017578,36.988643646240234,28.750158309936523,33.074581146240234,70.46924591064453
2011-05-24,100.84394073486328,37.20149612426758,28.596290588378906,33.4046745300293,70.49565124511719
2011-05-25,101.18022918701172,37.43941116333008,28.904022216796875,33.4764404296875,70.48249053955078
2011-05-26,101.64642333984375,37.790016174316406,29.211769104003906,33.907005310058594,70.63385009765625
2011-05-27,102.03623962402344,38.06549072265625,29.38930320739746,34.26581954956055,70.69959259033203
2011-05-31,103.09854125976562,38.854339599609375,29.854875564575195,34.82554244995117,70.719390869140625
2011-06-01,100.78284454345703,37.93401336669922,28.971105575561523,34.20122528076172,71.02495574951172
2011-06-02,100.67581939697266,38.128089904785156,28.896133422851562,34.52415466308594,70.74117279052734
2011-06-03,99.67466735839844,38.146881103515625,28.44241714477539,34.351924896240234,70.83356475830078
2011-06-06,98.61995697021484,37.652278900146484,28.114948272705078,33.799354553222656,70.84671783447266
2011-06-07,98.55884552001953,37.99662780761719,28.146509170532227,34.06487274169922,70.99195861816406
2011-06-08,98.14616394042969,37.508277893066406,27.89400291442871,33.82088851928711,71.05139923095703
2011-06-09,98.89505767822266,37.896453857421875,27.96897315979004,34.08641052246094,70.94580841064453
2011-06-10,97.519439697265625,37.01994323730469,27.58626365661621,33.34727478027344,70.93914794921875
2011-06-13,97.59586334228516,37.0762939453125,27.550752639770508,33.28985595703125,70.84671783447266
2011-06-14,98.8339614868164,37.733665466308594,28.130739212036133,33.79217529296875,70.65533447265625
2011-06-15,97.07617950439453,36.49403381347656,27.71251678466797,33.06740188598633,70.83356475830078
2011-06-16,97.29016876220703,36.36882019042969,27.84272003173828,32.81623840332031,70.879730224609375
2011-06-17,97.58048248291016,36.725685119628906,27.937408447265625,32.85929870605469,70.94580841064453
2011-06-20,98.07970428466797,36.681854248046875,28.20964241027832,32.809059143066406,70.85332489013672
2011-06-21,99.42381286621094,37.47697830200195,28.651531219482422,33.4118537902832,70.919403076171875
2011-06-22,98.8247299194336,37.11381912231445,28.46608543395996,33.07917785644531,70.8731689453125
2011-06-23,98.54054260253906,36.79469680786133,28.449085235595703,33.03569030761719,71.10417175292969
2011-06-24,97.39615631103516,36.44365692138672,28.271076202392578,32.97771453857422,71.03814697265625
2011-06-27,98.2640380859375,36.74363708496094,28.49654769897461,33.361839294433594,70.912750244140625
2011-06-28,99.54668426513672,37.18403244018555,28.884201049804688,33.81844711303711,70.62895965576172
2011-06-29,100.39923095703125,37.835025787353516,29.05826187133789,34.13011169433594,70.41777801513672
2011-06-30,101.35928344726562,38.38391876220703,29.378652572631836,34.499752044677734,70.404510498046875
2011-07-01,102.85694885253906,38.80516815185547,29.87311363220215,34.905643463134766,70.42704772949219
2011-07-05,102.77249145507812,38.57539749145508,29.936399459838867,34.89114761352539,70.69837951660156
2011-07-06,102.89537048339844,38.33285903930664,30.0234375,34.659217834472656,70.73817443847656
2011-07-07,103.96297454833984,38.66474533081055,30.466474533081055,35.13756561279297,70.53960418701172
2011-07-08,103.22563171386719,38.18606948852539,30.22913360595703,34.73893737792969,70.90361785888672
2011-07-11,101.35928344726562,37.030853271484375,29.663476943969727,33.76771926879883,71.09556579589844
2011-07-12,100.92147064208984,36.78192901611328,29.62390899658203,33.42707061767578,71.15516662597656
2011-07-13,101.2593765258789,37.33081817626953,29.805870056152344,33.970664978027344,71.29413604736328
2011-07-14,100.56047058105469,37.00531768798828,29.347026824951172,33.6082649230957,71.11543273925781
2011-07-15,101.14423370361328,37.13296890258789,29.51315689086914,33.81844711303711,71.214691162109375
2011-07-18,100.31472778320312,36.58407211303711,29.105724334716797,33.42707061767578,71.10881042480469
2011-07-19,101.94300079345703,37.13296890258789,29.691152572631836,33.912681579589844,71.26103210449219
2011-07-20,101.88156127929688,37.57333755493164,29.655548095703125,34.014156341552734,71.148590087890625
2011-07-21,103.29476928710938,38.371158599853516,30.0629825592041,34.5577392578125,71.03600311279297
2011-07-22,103.36385345458984,38.409454345703125,29.936399459838867,34.5359992980957,71.188201904296875
2011-07-25,102.78789520263672,38.16691207885742,29.635786056518555,34.46352005004883,70.983062744140625
2011-07-26,102.40380859375,38.39667892456055,29.386579513549805,34.5794792175293,71.148590087890625
2011-07-27,100.30704498291016,37.464847564697266,28.611270904541016,33.970664978027344,71.0293960571289
2011-07-28,100.01519775390625,37.37549591064453,28.563791275024414,33.999656677246094,71.16840362548828
2011-07-29,99.331634521484375,37.471221923828125,28.563791275024414,34.14461135864258,71.59202575683594
2011-08-01,98.90918731689453,36.99893569946289,28.453044891357422,34.115623474121094,71.76458740234375
2011-08-02,96.38233947753906,36.022422790527344,27.610485076904297,33.06468200683594,72.069915771484375
2011-08-03,96.90460205078125,36.2330436706543,27.74102020263672,32.94872283935547,72.1429443359375
2011-08-04,92.36543273925781,33.70560836791992,26.336767196655273,31.064281463623047,72.52790832519531
2011-08-05,92.22718811035156,34.299171447753906,25.94910430908203,30.861339569091797,72.05003356933594
2011-08-08,86.2210464477539,31.739809036254883,23.741844177246094,28.288347244262695,72.08318328857422
2011-08-09,90.23027801513672,33.87793731689453,25.252914428710938,29.94811248779297,72.50798034667969
2011-08-10,86.24409484863281,31.85469627380371,23.840747833251953,28.360837936401367,73.09868621826172
2011-08-11,90.11506652832031,33.380104064941406,25.019527435302734,29.926359176635742,72.189361572265625
2011-08-12,90.7218017578125,33.76304626464844,25.09467887878418,29.911865234375,72.50798034667969
2011-08-15,92.64192962646484,34.548091888427734,25.782976150512695,30.607664108276367,72.62079620361328
2011-08-16,91.85081481933594,34.04386901855469,25.41905975341797,30.346742630004883,72.77347564697266
2011-08-17,91.912261962890625,34.241737365722656,25.41905975341797,30.564170837402344,72.89295196533203
2011-08-18,87.94916534423828,32.57591247558594,24.03061294555664,29.121850967407227,72.99916076660156
2011-08-19,86.5129165649414,32.0206413269043,23.62318229675293,28.759464263916016,73.03233337402344
2011-08-22,86.5820541381836,32.22488021850586,23.62318229675293,28.73046875,72.93939971923828
2011-08-23,89.43150329589844,33.27159881591797,24.69516372680664,29.7379207611084,72.76683807373047
2011-08-24,90.69110870361328,33.28437042236328,25.08281898498535,29.448009490966797,72.35529327392578
2011-08-25,89.30859375,32.48017883300781,24.49738121032715,28.875423431396484,72.501312255859375
2011-08-26,90.60660552978516,32.990779876708984,24.95227813720703,29.368284225463867,72.60090637207031
2011-08-29,93.2103271484375,33.775814056396484,26.182493209838867,30.3177490234375,72.52127838134766
2011-08-30,93.4560775756836,33.577964782714844,26.285329818725586,30.361234664916992,72.7469482421875
2011-08-31,93.870819091796875,34.19066619873047,26.285329818725586,30.984546661376953,72.68054962158203
2011-09-01,92.88770294189453,33.76942825317383,25.699907302856445,30.817846298217773,72.91466522216797
2011-09-02,90.51445770263672,33.016292572021484,24.714942932128906,30.122053146362305,73.13419342041016
2011-09-06,89.853912353515625,31.93128776550293,24.635822296142578,29.810400009155273,73.32709503173828
2011-09-07,92.3884506225586,32.88228225708008,25.624744415283203,30.694629669189453,73.154144287109375
2011-09-08,91.428436279296875,32.23126220703125,25.110506057739258,30.013330459594727,73.174102783203125
2011-09-09,89.03211212158203,31.114328384399414,24.390575408935547,28.998641967773438,73.27388000488281
2011-09-12,89.60814666748047,30.98030662536621,24.608131408691406,28.940654754638672,73.12757110595703
2011-09-13,90.42992401123047,31.31219482421875,24.95623207092285,28.98415184020996,73.154144287109375
2011-09-14,91.68187713623047,31.784496307373047,25.403230667114258,28.904420852661133,73.16747283935547
2011-09-15,93.26404571533203,32.473793029785156,25.779010772705078,29.324806213378906,72.95458984375
2011-09-16,93.81603240966797,32.48656463623047,25.771102905273438,29.375526428222656,73.06105041503906
2011-09-19,92.88190460205078,31.593013763427734,25.264772415161133,28.505786895751953,73.220672607421875
2011-09-20,92.77384185791016,31.720664978027344,24.88108253479004,28.295604705810547,73.36698913574219
2011-09-21,90.04087829589844,30.77606964111328,23.848661422729492,27.244659423828125,73.48670959472656
2011-09-22,87.130340576171875,29.780410766601562,23.23948097229004,25.33123016357422,73.699554443359375
2011-09-23,87.655303955078125,30.118677139282227,23.468910217285156,26.005279541015625,73.3204116821289
2011-09-26,89.73976135253906,30.737770080566406,24.02973747253418,26.39665985107422,73.154144287109375
2011-09-27,90.743408203125,31.497276306152344,24.506351470947266,27.237415313720703,73.05438995361328
2011-09-28,88.89056396484375,30.96115493774414,23.656381607055664,26.41840362548828,72.9944839477539
2011-09-29,89.59308624267578,31.56749153137207,24.184633255004883,26.780799865722656,72.9678726196289
2011-09-30,87.35420227050781,30.495248794555664,23.509418487548828,25.439945220947266,73.24060821533203
2011-10-03,84.86833190917969,29.691055297851562,22.321836471557617,24.90360450744629,73.539886474609375
2011-10-04,86.7289047241211,30.188879013061523,23.890722274780273,25.28774070739746,73.3132553100586
2011-10-05,88.334716796875,30.65480613708496,24.14094352722168,25.874818801879883,73.066680908203125
2011-10-06,89.93277740478516,31.47813606262207,24.661264419555664,26.73006248474121,72.94670867919922
2011-10-07,89.33061218261719,31.26113510131836,23.982065200805664,26.41115951538086,72.80009460449219
2011-10-10,92.31832122802734,32.454647064208984,25.03461456298828,27.59255599975586,72.653472900390625
2011-10-11,92.41094970703125,32.39720153808594,25.157743453979492,27.6070556640625,72.82678985595703
2011-10-12,93.22161102294922,32.8695068359375,25.57478904724121,28.382585525512695,72.68677520751953
2011-10-13,93.03632354736328,32.88228225708008,25.471513748168945,28.128896713256836,72.726776123046875
2011-10-14,94.626678466796875,33.26521301269531,25.908432006835938,28.694229125976562,72.60679626464844
2011-10-17,92.82014465332031,32.499324798583984,25.014760971069336,27.723012924194336,72.89337921142578
2011-10-18,94.63440704345703,32.96523666381836,25.88459587097168,28.46230697631836,72.81340789794922
2011-10-19,93.51495361328125,32.37167739868164,25.415922164916992,27.918716430664062,72.9200439453125
2011-10-20,93.92411804199219,32.454647064208984,25.578763961791992,27.382369995117188,72.88004302978516
2011-10-21,95.7074966430664,33.23968505859375,26.15865135192871,28.165136337280273,72.9200439453125
2011-10-24,96.88097381591797,33.73751449584961,26.925220489501953,29.266813278198242,72.80675506591797
2011-10-25,94.99725341796875,33.156715393066406,26.071269989013672,28.686979293823242,73.18001556396484
2011-10-26,95.96226501464844,33.60986328125,26.595561981201172,29.216079711914062,72.97998809814453
2011-10-27,99.30513763427734,35.46714782714844,28.03336524963379,30.991796493530273,72.700103759765625
2011-10-28,99.28194427490234,35.26291275024414,27.878467559814453,30.73087501525879,72.98673248291016
2011-10-31,96.888702392578125,33.43115997314453,27.115867614746094,29.578460693359375,73.33325958251953
2011-11-01,94.1866226196289,32.38444137573242,26.154682159423828,28.860925674438477,73.6854019165039
2011-11-02,95.722930908203125,32.65888977050781,26.782238006591797,29.745166778564453,73.6854019165039
2011-11-03,97.46772766113281,33.482215881347656,27.485246658325195,30.049570083618164,73.52501678466797
2011-11-04,96.87327575683594,33.06097412109375,27.21517562866211,29.853883743286133,73.50504302978516
2011-11-07,97.47540283203125,33.20138168334961,27.270774841308594,30.10755729675293,73.56513214111328
2011-11-08,98.72611236572266,33.603485107421875,27.65604019165039,30.462711334228516,73.4649429321289
2011-11-09,95.08213806152344,31.88022804260254,26.349302291870117,28.679737091064453,73.5918960571289
2011-11-10,95.97771453857422,32.25678634643555,26.62336540222168,28.868181228637695,73.45149993896484
2011-11-11,97.78421783447266,33.06097412109375,27.36212921142578,29.56397247314453,73.3646240234375
2011-11-14,96.85780334472656,32.473793029785156,26.90536880493164,29.1580867767334,73.42481231689453
2011-11-15,97.33646392822266,32.38444137573242,27.25885009765625,29.33928871154785,73.33125305175781
2011-11-16,95.79243469238281,31.765344619750977,26.821950912475586,28.549272537231445,73.30450439453125
2011-11-17,94.27156066894531,31.42069435119629,26.468456268310547,27.824487686157227,73.26439666748047
2011-11-18,94.171173095703125,31.52920150756836,26.611440658569336,27.933197021484375,73.2510986328125
2011-11-21,92.380096435546875,30.731386184692383,25.9243106842041,27.03447723388672,73.23771667480469
2011-11-22,92.0172348022461,30.64202880859375,25.725717544555664,27.128690719604492,73.29119873046875
2011-11-23,89.98682403564453,29.799558639526367,24.9194393157959,26.251699447631836,73.35799407958984
2011-11-25,89.81697082519531,29.646379470825195,24.597715377807617,26.16472816467285,73.25774383544922
2011-11-28,92.4186782836914,30.910093307495117,25.717769622802734,27.41861343383789,73.2510986328125
2011-11-29,92.68116760253906,31.114328384399414,25.70188331604004,27.29538917541504,73.27779388427734
2011-11-30,96.4949722290039,32.703556060791016,27.286666870117188,28.998641967773438,73.0906982421875
2011-12-01,96.47950744628906,32.422733306884766,27.05232048034668,28.91166114807129,73.11622619628906
2011-12-02,96.39459228515625,32.41634750366211,27.171472549438477,28.82469367980957,73.30435943603516
2011-12-05,97.44453430175781,32.786529541015625,27.556747436523438,29.29579734802246,73.38495635986328
2011-12-06,97.47540283203125,32.633358001708984,27.588525772094727,28.897171020507812,73.3177261352539
2011-12-07,97.83826446533203,32.86313247680664,27.61235237121582,29.013134002685547,73.4521484375
2011-12-08,95.6920394897461,31.784496307373047,26.678958892822266,27.969444274902344,73.52603912353516
2011-12-09,97.313323974609375,32.57591247558594,27.528953552246094,28.534774780273438,73.4856948852539
2011-12-12,95.89280700683594,31.62493133544922,27.115867614746094,27.46209716796875,73.505859375
2011-12-13,94.99725341796875,31.197309494018555,26.663082122802734,27.208423614501953,73.65362548828125
2011-12-14,93.98589324951172,30.827119827270508,26.273828506469727,26.817041397094727,73.83499908447266
2011-12-15,94.32561492919922,30.98030662536621,26.635269165039062,26.990985870361328,73.6805419921875
2011-12-16,94.465423583984375,30.852663040161133,26.869617462158203,27.193927764892578,73.92906188964844
2011-12-19,93.45543670654297,30.56545066833496,26.353269577026367,26.490880966186523,74.00297546386719
2011-12-20,96.2834243774414,31.64348793029785,27.520998001098633,27.600919723510742,73.90220642089844
2011-12-21,96.469879150390625,31.475549697875977,27.858606338500977,27.688724517822266,73.71412658691406
2011-12-22,97.32447052001953,31.759742736816406,28.121183395385742,28.05458641052246,73.82830810546875
2011-12-23,98.19464111328125,31.97935676574707,28.20897674560547,28.164348602294922,73.740936279296875
2011-12-27,98.2723159790039,31.837257385253906,28.312732696533203,27.893619537353516,73.87403869628906
2011-12-28,96.98262023925781,31.262401580810547,27.702180862426758,27.425302505493164,74.001708984375
2011-12-29,97.98486328125,31.837257385253906,28.105222702026367,27.739946365356445,74.17644500732422
2011-12-30,97.50318145751953,31.99228286743164,27.837848663330078,27.76189613342285,74.08232116699219
2012-01-03,99.0570297241211,32.86426544189453,28.472341537475586,28.610700607299805,73.93445587158203
2012-01-04,99.21239471435547,32.67049789428711,28.288780212402344,28.44972801208496,73.833709716796875
2012-01-05,99.47651672363281,32.18606185913086,28.500280380249023,28.325340270996094,73.93445587158203
2012-01-06,99.220184326171875,31.7468318939209,28.408498764038086,27.966787338256836,73.99495697021484
2012-01-09,99.46099853515625,31.86956024169922,28.480327606201172,28.25947380065918,73.93445587158203
2012-01-10,100.32340240478516,32.35399627685547,28.939237594604492,28.874135971069336,73.91436004638672
2012-01-11,100.37776184082031,32.25065231323242,29.06692886352539,28.896089553833008,74.17644500732422
2012-01-12,100.61860656738281,32.38629150390625,29.27842903137207,29.013168334960938,74.11589050292969
2012-01-13,100.09806823730469,32.03749084472656,28.99509620666504,28.749744415283203,74.28392791748047
2012-01-17,100.48652648925781,32.41858673095703,29.015058517456055,29.29853630065918,74.3040542602539
2012-01-18,101.59752655029297,32.96116256713867,29.58570098876953,30.037588119506836,74.20999908447266
2012-01-19,102.13362121582031,33.36807632446289,29.745319366455078,30.301013946533203,74.08903503417969
2012-01-20,102.5143051147461,33.542476654052734,29.86503028869629,30.27906036376953,73.90087890625
2012-01-23,102.25013732910156,33.671661376953125,29.78921890258789,30.571758270263672,73.8404312133789
2012-01-24,102.13362121582031,33.48434829711914,29.992740631103516,30.61565589904785,73.90087890625
2012-01-25,102.98822784423828,33.833133697509766,30.244140625,30.959571838378906,74.00836181640625
2012-01-26,102.45990753173828,33.846065521240234,30.128408432006836,30.83517074584961,74.15624237060547
2012-01-27,102.41328430175781,33.904205322265625,30.27606964111328,30.996158599853516,74.2771987915039
2012-01-30,102.06369018554688,33.503719329833984,30.064563751220703,30.5498046875,74.4921875
2012-01-31,102.02485656738281,33.678123474121094,30.036632537841797,30.813234329223633,74.61988830566406
2012-02-01,102.91825103759766,34.2077751159668,30.750938415527344,31.493736267089844,74.48844909667969
2012-02-02,103.0814437866211,34.27882766723633,30.946470260620117,31.581552505493164,74.50875091552734
2012-02-03,104.5265121459961,34.814945220947266,31.588943481445312,32.10838317871094,74.47505950927734
2012-02-06,104.45658111572266,34.646995544433594,31.509122848510742,31.837646484375,74.52896881103516
2012-02-07,104.720703125,34.860145568847656,31.453262329101562,31.903505325317383,74.45482635498047
2012-02-08,105.03148651123047,34.98287582397461,31.521106719970703,32.130332946777344,74.39420318603516
2012-02-09,105.16358184814453,35.07329559326172,31.36547088623047,32.11570739746094,74.27301025390625
2012-02-10,104.38665008544922,34.40800094604492,30.886608123779297,31.40592384338379,74.37403106689453
2012-02-13,105.16358184814453,34.80201721191406,31.32159423828125,31.91813850402832,74.40091705322266
2012-02-14,105.03148651123047,34.54365921020508,31.13401985168457,31.654708862304688,74.46161651611328
2012-02-15,104.5420150756836,34.58241271972656,30.83474349975586,31.742515563964844,74.434600830078125
2012-02-16,105.69966125488281,35.060386657714844,31.465227127075195,32.086429595947266,74.42120361328125
2012-02-17,105.97933197021484,35.21541213989258,31.50513458251953,32.14497375488281,74.326873779296875
2012-02-21,106.02593994140625,35.22187042236328,31.32159423828125,32.013267517089844,74.21236419677734
2012-02-22,105.68414306640625,35.11851119995117,30.982376098632812,32.07179641723633,74.42120361328125
2012-02-23,106.1502685546875,35.40918731689453,31.421340942382812,32.013267517089844,74.4818115234375
2012-02-24,106.38330841064453,35.62233352661133,31.253751754760742,32.33523178100586,74.50201416015625
2012-02-27,106.56208038330078,35.441471099853516,31.16195297241211,32.013267517089844,74.73778533935547
2012-02-28,106.8727798461914,35.77090072631836,31.01432228088379,32.459617614746094,74.68388366699219
2012-02-29,106.45328521728516,35.305843353271484,30.55140495300293,32.43767547607422,74.60978698730469
2012-03-01,107.0048599243164,35.706302642822266,30.70305633544922,32.7449951171875,74.45919036865234
2012-03-02,106.67855072021484,35.37687301635742,30.19624900817871,32.66450500488281,74.62123107910156
2012-03-05,106.24351501464844,35.189579010009766,30.244140625,32.10108184814453,74.51325225830078
2012-03-06,104.68968200683594,34.065677642822266,29.59368896484375,31.025426864624023,74.66178894042969
2012-03-07,105.41995239257812,34.48551940917969,29.91291618347168,31.39861297607422,74.59424591064453
2012-03-08,106.46878051757812,35.228328704833984,30.22818374633789,32.057167053222656,74.42546844482422
2012-03-09,106.88057708740234,35.112060546875,30.639209747314453,32.04253005981445,74.411895751953125
2012-03-12,106.8883285522461,35.021629333496094,30.643192291259766,31.691301345825195,74.47943878173828
2012-03-13,108.8150634765625,35.59004211425781,31.36547088623047,32.554744720458984,74.22959899902344
2012-03-14,108.69854736328125,35.27354049682617,31.130043029785156,32.04253005981445,73.82440185546875
2012-03-15,109.327880859375,35.60941696166992,31.46124267578125,32.298648834228516,73.7906265258789
2012-03-16,109.47925567626953,35.8548583984375,31.385425567626953,32.26205062866211,73.79740142822266
2012-03-19,109.908447265625,36.042179107666016,31.720626831054688,32.137657165527344,73.56099700927734
2012-03-20,109.58845520019531,35.615882873535156,31.401386260986328,31.581552505493164,73.66912841796875
2012-03-21,109.4090347290039,35.383338928222656,31.361494064331055,31.64007568359375,73.84464263916016
2012-03-22,108.62091064453125,35.13789367675781,31.002351760864258,31.157136917114258,73.912200927734375
2012-03-23,108.97206115722656,35.383338928222656,31.3136043548584,31.391284942626953,74.08099365234375
2012-03-26,110.50143432617188,35.835487365722656,31.95258140563965,31.94008445739746,74.0270004272461
2012-03-27,110.15816497802734,35.60941696166992,31.744508743286133,31.77178955078125,74.1080322265625
2012-03-28,109.61188507080078,35.36396789550781,31.616479873657227,31.237627029418945,74.09453582763672
2012-03-29,109.42459869384766,35.13789367675781,31.54845428466797,31.201032638549805,74.297088623046875
2012-03-30,109.87722778320312,35.45439529418945,31.436437606811523,31.42788314819336,74.18230438232422
2012-04-02,110.68093872070312,35.8677864074707,31.848543167114258,31.859603881835938,74.191131591796875
2012-04-03,110.2283935546875,35.241241455078125,31.620473861694336,31.67666244506836,73.87303924560547
2012-04-04,109.13587951660156,34.453224182128906,31.07634735107422,31.105918884277344,74.02867126464844
2012-04-05,109.0812759399414,34.24653244018555,30.96031379699707,31.274211883544922,74.197845458984375
2012-04-09,107.85621643066406,34.09797668457031,30.412155151367188,30.813234329223633,74.52271270751953
2012-04-10,106.04579162597656,33.36807632446289,29.671958923339844,30.21320343017578,74.52947998046875
2012-04-11,106.90421295166016,33.833133697509766,30.128074645996094,30.542484283447266,74.536224365234375
2012-04-12,108.30096435546875,34.453224182128906,30.604204177856445,31.325429916381836,74.4618148803711
2012-04-13,107.01344299316406,33.79438781738281,30.116071701049805,30.849807739257812,74.69194030761719
2012-04-16,106.94320678710938,34.039833068847656,30.264110565185547,30.696144104003906,74.70550537109375
2012-04-17,108.52725982666016,34.58241271972656,30.760244369506836,31.04738426208496,74.71897888183594
2012-04-18,108.1605224609375,34.401554107666016,30.424163818359375,30.90103530883789,74.81380462646484
2012-04-19,107.46603393554688,34.194854736328125,30.21211051940918,30.76201629638672,74.75962829589844
2012-04-20,107.6454849243164,34.52428436279297,30.45216941833496,30.974212646484375,74.77320098876953
2012-04-23,106.74031829833984,33.833133697509766,29.992036819458008,30.381494522094727,74.84761047363281
2012-04-24,107.14606475830078,34.10442352294922,30.264110565185547,30.447357177734375,74.73930358886719
2012-04-25,108.61310577392578,34.569488525390625,30.71223258972168,30.725421905517578,74.77320098876953
2012-04-26,109.3700180053711,34.77618408203125,30.904281616210938,30.915660858154297,74.8882064819336
2012-04-27,109.54946899414062,34.91828918457031,31.224363327026367,30.959571838378906,74.88146209716797
2012-04-30,109.14366912841797,34.71806335449219,30.836271286010742,30.893714904785156,74.8543472290039
2012-05-01,109.82259368896484,34.860145568847656,30.82025909423828,31.09859275817871,74.82721710205078
2012-05-02,109.49486541748047,34.588863372802734,30.936283111572266,31.04006004333496,74.9018783569336
2012-05-03,108.65989685058594,34.2852783203125,30.528196334838867,30.80591583251953,74.9832763671875
2012-05-04,106.90421295166016,33.76209259033203,29.892017364501953,30.26442527770996,75.05780792236328
2012-05-07,106.98221588134766,34.00753402709961,30.00804901123047,30.374181747436523,75.08494567871094
2012-05-08,106.55304718017578,33.48434829711914,30.016036987304688,29.89124870300293,75.13922882080078
2012-05-09,105.92096710205078,33.0968017578125,29.83600425720215,29.503421783447266,75.15953063964844
2012-05-10,106.13949584960938,33.25181198120117,29.988040924072266,29.627826690673828,75.08494567871094
2012-05-11,105.81953430175781,33.045127868652344,29.864013671875,29.247323989868164,75.13922882080078
2012-05-14,104.64900970458984,32.4121208190918,29.487899780273438,28.581449508666992,75.308746337890625
2012-05-15,104.04820251464844,32.00519561767578,29.491912841796875,28.332651138305664,75.268096923828125
2012-05-16,103.65021514892578,31.68870735168457,29.235828399658203,27.930194854736328,75.2545166015625
2012-05-17,102.113037109375,31.3011474609375,28.575660705566406,27.549701690673828,75.302032470703125
2012-05-18,101.23902893066406,31.0750675201416,28.351604461669922,27.286270141601562,75.2816390991211
2012-05-21,102.97915649414062,31.759742736816406,28.84773826599121,27.937519073486328,75.268096923828125
2012-05-22,103.15861511230469,31.64348793029785,28.631677627563477,27.644813537597656,75.08494567871094
2012-05-23,103.21324920654297,31.385116577148438,28.791725158691406,27.454574584960938,75.17315673828125
2012-05-24,103.41616821289062,31.178422927856445,28.85573387145996,27.315555572509766,75.11213684082031
2012-05-25,103.08059692382812,31.06861686706543,28.84773826599121,27.183828353881836,75.22737121582031
2012-05-29,104.32914733886719,31.46261978149414,29.247838973999023,27.952152252197266,75.186737060546875
2012-05-30,102.81529235839844,30.719823837280273,28.69569969177246,27.469202041625977,75.4376220703125
2012-05-31,102.5890121459961,30.84900665283203,28.623668670654297,27.586294174194336,75.66143798828125
2012-06-01,100.00615692138672,30.067447662353516,27.727441787719727,26.847240447998047,75.85039520263672
2012-06-04,99.9593276977539,30.319353103637695,27.623403549194336,26.96430778503418,75.67366790771484
2012-06-05,100.71627807617188,30.538976669311523,27.85146713256836,27.03749656677246,75.51734924316406
2012-06-06,102.97915649414062,31.391576766967773,28.591659545898438,27.82774543762207,75.29305267333984
2012-06-07,103.0416030883789,31.436786651611328,28.395605087280273,27.99605941772461,75.4085693359375
2012-06-08,103.8609619140625,31.33344078063965,28.771726608276367,27.754579544067383,75.3746566772461
2012-06-11,102.54219818115234,31.029865264892578,28.02751922607422,27.352128982543945,75.44258880615234
2012-06-12,103.7204360961914,31.546594619750977,28.387617111206055,27.922883987426758,75.3814468383789
2012-06-13,103.0572280883789,31.294689178466797,28.023513793945312,27.820438385009766,75.57854461669922
2012-06-14,104.14967346191406,31.527219772338867,28.411611557006836,28.01800537109375,75.5241470336914
2012-06-15,105.21479034423828,31.972904205322266,28.799728393554688,28.53021812438965,75.70084381103516
2012-06-18,105.41876220703125,31.882474899291992,28.743703842163086,28.588756561279297,75.68043518066406
2012-06-19,106.43843078613281,32.4121208190918,29.313800811767578,29.04975700378418,75.5920639038086
2012-06-20,106.26586151123047,32.59944152832031,29.2292537689209,28.954627990722656,75.47654724121094
2012-06-21,103.88139343261719,31.746143341064453,28.484420776367188,27.89424705505371,75.57854461669922
2012-06-22,104.68144989013672,32.01713180541992,28.814565658569336,27.98311424255371,75.46974182128906
2012-06-25,103.00291442871094,31.303287506103516,28.375732421875,27.464767456054688,75.70763397216797
2012-06-26,103.52057647705078,31.508190155029297,28.472339630126953,27.701717376708984,75.6260757446289
2012-06-27,104.45397186279297,31.805622100830078,28.899112701416016,27.879438400268555,75.66010284423828
2012-06-28,104.1559066772461,31.871715545654297,28.99976348876953,27.74614143371582,75.74845123291016
2012-06-29,106.7521743774414,33.02178955078125,29.92575454711914,28.975364685058594,75.64649963378906
2012-07-02,107.07374572753906,33.23991775512695,30.18341827392578,28.975364685058594,75.79154205322266
2012-07-03,107.7796859741211,33.54396057128906,30.56993293762207,29.55293846130371,75.737091064453125
2012-07-05,107.29337310791016,32.988746643066406,30.57797622680664,29.241939544677734,75.9345474243164
2012-07-06,106.27366638183594,32.67809295654297,30.251873016357422,28.708784103393555,75.98907470703125
2012-07-09,106.14036560058594,32.60538864135742,30.16731834411621,28.605113983154297,76.13890075683594
2012-07-10,105.21479034423828,32.38727951049805,29.92575454711914,28.286705017089844,76.1729507446289
2012-07-11,105.23049926757812,32.48641586303711,29.81706428527832,28.434803009033203,76.1661376953125
2012-07-12,104.72064971923828,32.16253662109375,29.78083610534668,27.960887908935547,76.30233001708984
2012-07-13,106.47766876220703,32.61860656738281,30.211606979370117,28.501440048217773,76.32952117919922
2012-07-16,106.22661590576172,32.611995697021484,30.04251480102539,28.434803009033203,76.390869140625
2012-07-17,106.95609283447266,32.704524993896484,30.18745994567871,28.812454223632812,76.36359405517578
2012-07-18,107.7482681274414,32.962310791015625,30.368623733520508,28.738407135009766,76.51344299316406
2012-07-19,108.03070068359375,33.266353607177734,30.247835159301758,29.00497817993164,76.45213317871094
2012-07-20,107.0423812866211,32.48641586303711,29.893552780151367,28.575504302978516,76.56110382080078
2012-07-23,105.9599609375,31.818843841552734,29.36612319946289,27.827606201171875,76.62918853759766
2012-07-24,105.05008697509766,31.475141525268555,28.919240951538086,27.709123611450195,76.72454071044922
2012-07-25,105.0736312866211,31.64038848876953,28.95146369934082,27.8424072265625,76.7518310546875
2012-07-26,106.80706024169922,32.60538864135742,29.249380111694336,28.471824645996094,76.704193115234375
2012-07-27,108.77580261230469,33.29279327392578,29.970048904418945,29.27155303955078,76.47257995605469
2012-07-30,108.77580261230469,33.253135681152344,29.88951301574707,29.101238250732422,76.60199737548828
2012-07-31,108.01499938964844,33.04823684692383,29.720443725585938,28.967954635620117,76.67686462402344
2012-08-01,107.92083740234375,33.05485153198242,29.2252254486084,29.019786834716797,76.5882339477539
2012-08-02,107.17571258544922,32.592166900634766,29.108469009399414,28.679161071777344,76.60186767578125
2012-08-03,109.3013687133789,33.70259475708008,29.913681030273438,29.567750930786133,76.41758728027344
2012-08-06,109.51313018798828,33.94053268432617,30.102907180786133,29.752870559692383,76.5335922241211
2012-08-07,110.06218719482422,34.22475051879883,30.368623733520508,29.83432388305664,76.32890319824219
2012-08-08,110.19552612304688,34.20492172241211,30.46123504638672,29.893564224243164,76.23338317871094
2012-08-09,110.28966522216797,34.22475051879883,30.517597198486328,30.019445419311523,76.212890625
2012-08-10,110.4700927734375,34.28422927856445,30.477338790893555,30.160146713256836,76.33568572998047
2012-08-13,110.41517639160156,34.11899948120117,30.368623733520508,29.893564224243164,76.32890319824219
2012-08-14,110.43087005615234,34.19832229614258,30.30018424987793,29.886159896850586,76.1514892578125
2012-08-15,110.55635070800781,34.09916687011719,30.594078063964844,29.84173011779785,75.90581512451172
2012-08-16,111.37206268310547,34.52219009399414,30.896045684814453,30.11570930480957,75.810302734375
2012-08-17,111.5211181640625,34.568458557128906,31.18994903564453,29.96761703491211,75.899017333984375
2012-08-20,111.52899932861328,34.5287971496582,31.10137176513672,29.952800750732422,75.87169647216797
2012-08-21,111.19164276123047,34.727088928222656,31.121501922607422,29.908376693725586,75.97408294677734
2012-08-22,111.2387924194336,34.687416076660156,30.9805965423584,29.923179626464844,76.30157470703125
2012-08-23,110.32887268066406,34.489139556884766,30.726953506469727,29.649202346801758,76.35616302490234
2012-08-24,110.99559783935547,34.4362678527832,30.7833194732666,29.656620025634766,76.30157470703125
2012-08-27,111.01910400390625,34.45609664916992,30.843708038330078,29.35301399230957,76.40393829345703
2012-08-28,110.90931701660156,34.42305374145508,31.00071907043457,29.293773651123047,76.465362548828125
2012-08-29,110.99559783935547,34.317291259765625,31.13357925415039,29.153078079223633,76.39031219482422
2012-08-30,110.19552612304688,33.808345794677734,30.843708038330078,28.812454223632812,76.43799591064453
2012-08-31,110.72108459472656,34.10578155517578,30.932283401489258,29.086435317993164,76.67687225341797
2012-09-04,110.61908721923828,33.933937072753906,31.258380889892578,28.923534393310547,76.66251373291016
2012-09-05,110.52497863769531,33.841392517089844,31.214092254638672,28.77542495727539,76.66251373291016
2012-09-06,112.76826477050781,34.68082046508789,31.858266830444336,29.412263870239258,76.48475646972656
2012-09-07,113.20752716064453,35.20298385620117,32.12800979614258,30.0935001373291,76.49842071533203
2012-09-10,112.5643081665039,34.92537307739258,32.0555419921875,29.708438873291016,76.51212310791016
2012-09-11,112.87808227539062,35.32194900512695,32.16426467895508,30.06387710571289,76.4232406616211
2012-09-12,113.25460052490234,35.55329132080078,32.341400146484375,30.19717025756836,76.2797622680664
2012-09-13,114.98021697998047,36.09528732299805,32.7359619140625,31.011703491210938,76.4573974609375
2012-09-14,115.48998260498047,36.452205657958984,33.11037826538086,31.374540328979492,76.1429443359375
2012-09-17,115.09783935546875,36.260520935058594,32.85272216796875,31.03391456604004,76.2659683227539
2012-09-18,115.00366973876953,36.1085090637207,32.764129638671875,31.048725128173828,76.31383514404297
2012-09-19,115.06642150878906,36.260520935058594,32.719852447509766,31.048725128173828,76.46427154541016
2012-09-20,115.07427978515625,36.0291862487793,32.558807373046875,30.863611221313477,76.4164047241211
2012-09-21,115.02620697021484,36.04902267456055,32.62321853637695,30.937664031982422,76.53948211669922
2012-09-24,114.85271453857422,35.923431396484375,32.591033935546875,30.908037185668945,76.621490478515625
2012-09-25,113.63046264648438,35.67226791381836,32.09876251220703,30.448938369750977,76.74462127685547
2012-09-26,112.99169921875,35.31534194946289,31.864561080932617,30.308242797851562,76.81980895996094
2012-09-27,114.05632019042969,35.73835754394531,32.18356704711914,30.789554595947266,76.77189636230469
2012-09-28,113.5279312133789,35.031131744384766,31.900907516479492,30.60443115234375,76.88130187988281
2012-10-01,113.82759857177734,35.31534194946289,32.05031967163086,30.908037185668945,76.85186004638672
2012-10-02,113.94591522216797,35.45414352416992,32.09474182128906,30.95246696472168,76.91356658935547
2012-10-03,114.4111328125,35.30873489379883,32.02204895019531,30.74512481689453,76.8861083984375
2012-10-04,115.2312240600586,35.73835754394531,32.252235412597656,31.063535690307617,76.776519775390625
2012-10-05,115.23910522460938,35.784629821777344,32.26029586791992,31.063535690307617,76.6189956665039
2012-10-08,114.8448257446289,35.573123931884766,32.09474182128906,30.789554595947266,76.73542022705078
2012-10-09,113.70931243896484,35.05758285522461,31.670730590820312,30.559999465942383,76.653228759765625
2012-10-10,112.98383331298828,34.95842361450195,31.622283935546875,30.374879837036133,76.776519775390625
2012-10-11,113.04693603515625,35.18314743041992,31.699003219604492,30.65627670288086,76.87245178222656
2012-10-12,112.67630767822266,35.143497467041016,31.363849639892578,30.559999465942383,76.93408966064453
2012-10-15,113.61467742919922,35.487205505371094,31.529386520385742,30.737720489501953,76.975128173828125
2012-10-16,114.7659912109375,36.07545852661133,31.7353515625,31.056137084960938,76.85186004638672
2012-10-17,115.28642272949219,36.41255187988281,32.05839157104492,31.300493240356445,76.61207580566406
2012-10-18,114.98677825927734,36.27374267578125,31.953405380249023,31.211639404296875,76.58476257324219
2012-10-19,113.07061767578125,35.784629821777344,31.404216766357422,30.730318069458008,76.68060302734375
2012-10-22,113.0863265991211,36.035804748535156,31.35577392578125,31.026521682739258,76.5779037475586
2012-10-23,111.51715850830078,35.2624626159668,31.182126998901367,30.389690399169922,76.7491226196289
2012-10-24,111.20173645019531,35.28229904174805,31.141748428344727,30.419313430786133,76.694305419921875
2012-10-25,111.52503204345703,35.49380874633789,31.24269676208496,30.752540588378906,76.5299072265625
2012-10-26,111.46194458007812,35.4409294128418,31.069061279296875,30.51558494567871,76.73542022705078
2012-10-31,111.46194458007812,35.41450119018555,31.274991989135742,30.47115135192871,76.84502410888672
2012-11-01,112.62897491455078,35.83089065551758,31.674772262573242,30.967267990112305,76.74413299560547
2012-11-02,111.6275405883789,35.487205505371094,31.3355655670166,30.80436897277832,76.79216003417969
2012-11-05,111.85623168945312,35.401268005371094,31.529386520385742,30.95246696472168,76.92259216308594
2012-11-06,112.73149871826172,35.73835754394531,31.87264633178711,31.19682502746582,76.702911376953125
2012-11-07,110.17658233642578,35.20298385620117,31.08116912841797,30.685897827148438,76.88139343261719
2012-11-08,108.851806640625,34.885719299316406,30.588533401489258,30.300825119018555,76.97752380371094
2012-11-09,108.94644927978516,34.89894104003906,30.600637435913086,30.360078811645508,76.93628692626953
2012-11-12,109.03321075439453,34.87249755859375,30.576412200927734,30.47115135192871,76.91571807861328
2012-11-13,108.65469360351562,34.700645446777344,30.41489028930664,30.19717025756836,77.05301666259766
2012-11-14,107.18795776367188,34.337120056152344,29.86166763305664,29.730663299560547,77.07359313964844
2012-11-15,107.00662231445312,34.44947814941406,29.67995262145996,29.83432388305664,76.99811553955078
2012-11-16,107.53494262695312,34.429656982421875,29.90205192565918,29.923179626464844,77.0255355834961
2012-11-19,109.71135711669922,35.176544189453125,30.584487915039062,30.448938369750977,77.0804443359375
2012-11-20,109.75867462158203,35.22941589355469,30.689485549926758,30.389690399169922,76.93628692626953
2012-11-21,109.96370697021484,35.28889846801758,30.814666748046875,30.330453872680664,76.805877685546875
2012-11-23,111.46194458007812,36.04902267456055,31.170011520385742,30.826583862304688,76.85395812988281
2012-11-26,111.22538757324219,35.96309280395508,31.28710174560547,30.826583862304688,76.88139343261719
2012-11-27,110.6576156616211,35.784629821777344,31.295198440551758,30.567415237426758,76.98433685302734
2012-11-28,111.5486831665039,36.04240417480469,31.480934143066406,30.737720489501953,76.99811553955078
2012-11-29,112.069091796875,36.35305404663086,31.844364166259766,30.959875106811523,77.09419250488281
2012-11-30,112.09278106689453,36.39932632446289,31.791887283325195,30.945064544677734,77.05301666259766
2012-12-03,111.5407943725586,36.445594787597656,31.77976417541504,30.930252075195312,77.0640640258789
2012-12-04,111.38304901123047,36.53812789916992,31.84840965270996,31.019107818603516,77.112396240234375
2012-12-05,111.58023834228516,36.59100341796875,31.771686553955078,31.352323532104492,77.18145751953125
2012-12-06,111.95870208740234,36.663719177246094,31.799949645996094,31.589290618896484,77.1745834350586
2012-12-07,112.29781341552734,36.67693328857422,31.85648536682129,31.685556411743164,77.105499267578125
2012-12-10,112.34508514404297,36.716590881347656,32.01802444458008,31.86326789855957,77.11930847167969
2012-12-11,113.1100082397461,36.928096771240234,32.280479431152344,32.026187896728516,77.09165954589844
2012-12-12,113.16522216796875,37.04706954956055,32.135108947753906,32.122432708740234,76.87754821777344
2012-12-13,112.47129821777344,36.93470764160156,31.937253952026367,31.981752395629883,76.7532958984375
2012-12-14,112.05335235595703,37.06690216064453,31.917055130004883,32.122432708740234,76.891387939453125
2012-12-17,113.37022399902344,37.21892166137695,32.36933898925781,32.203887939453125,76.70496368408203
2012-12-18,114.63187408447266,37.60647964477539,32.88215255737305,32.428871154785156,76.525421142578125
2012-12-19,113.7802734375,37.740116119384766,32.90048599243164,32.41398239135742,76.656646728515625
2012-12-20,114.4347915649414,37.99404525756836,33.13645935058594,32.60767364501953,76.66356658935547
2012-12-21,113.39603424072266,37.76016616821289,32.91267013549805,32.23517608642578,76.73258972167969
2012-12-24,113.04666137695312,37.65993118286133,32.77840805053711,32.168128967285156,76.73951721191406
2012-12-26,112.57011413574219,37.65324401855469,32.51799011230469,32.26498031616211,76.84329986572266
2012-12-27,112.41923522949219,37.826988220214844,32.55868911743164,32.44681930541992,76.884796142578125
2012-12-28,111.20417785644531,37.426063537597656,32.29423522949219,32.5660514831543,77.00244903564453
2012-12-31,113.09423828125,37.99404525756836,32.92082214355469,33.05044174194336,76.86405944824219
2013-01-02,115.99285125732422,38.582061767578125,33.8240966796875,33.69877624511719,76.77409362792969
2013-01-03,115.73085021972656,38.20786666870117,33.779335021972656,33.4603157043457,76.58036804199219
2013-01-04,116.23909759521484,38.401641845703125,34.04380798339844,33.52738571166992,76.66339111328125
2013-01-07,115.9214096069336,38.23459243774414,33.84444046020508,33.274009704589844,76.62186431884766
2013-01-08,115.58788299560547,38.02077102661133,33.7142333984375,32.97591781616211,76.69110107421875
2013-01-09,115.88168334960938,38.21453857421875,33.81189727783203,33.117515563964844,76.63573455810547
2013-01-10,116.80289459228516,38.702335357666016,33.85258483886719,33.40815353393555,76.62877655029297
2013-01-11,116.79500579833984,38.78252029418945,33.82817077636719,33.139862060546875,76.70489501953125
2013-01-14,116.71556854248047,38.82929229736328,33.820030212402344,33.28146743774414,76.77409362792969
2013-01-15,116.79500579833984,38.769161224365234,33.97057342529297,33.139862060546875,76.79490661621094
2013-01-16,116.7790756225586,38.582061767578125,33.88105773925781,33.11005783081055,76.83637237548828
2013-01-17,117.53351593017578,38.896121978759766,34.206565856933594,33.29636764526367,76.6702880859375
2013-01-18,117.79560852050781,38.85602569580078,34.34082794189453,33.370887756347656,76.76023864746094
2013-01-22,118.43092346191406,38.87606430053711,34.609371185302734,33.318721771240234,76.718719482421875
2013-01-23,118.62154388427734,38.83597946166992,34.5361213684082,33.139862060546875,76.8017578125
2013-01-24,118.65330505371094,39.023075103759766,34.75179672241211,33.0206413269043,76.69795989990234
2013-01-25,119.32037353515625,39.44404602050781,34.8779182434082,32.90884017944336,76.51114654541016
2013-01-28,119.17743682861328,39.250267028808594,34.910491943359375,32.677825927734375,76.40040588378906
2013-01-29,119.64596557617188,39.517547607421875,34.971492767333984,33.04298782348633,76.35200500488281
2013-01-30,119.17743682861328,39.5576286315918,34.5483512878418,32.88649368286133,76.31736755371094
2013-01-31,118.88357543945312,39.4106330871582,34.682613372802734,32.95356750488281,76.38664245605469
2013-02-01,120.10658264160156,39.72467803955078,35.081363677978516,33.169681549072266,76.22090911865234
2013-02-04,118.75653076171875,39.00970458984375,34.62565994262695,32.7299919128418,76.435821533203125
2013-02-05,119.95563507080078,39.19012451171875,34.92267608642578,32.76726150512695,76.27635192871094
2013-02-06,120.04302978515625,39.18344497680664,35.077293395996094,32.7299919128418,76.40808868408203
2013-02-07,119.8841781616211,38.86270523071289,35.056949615478516,32.43936538696289,76.435821533203125
2013-02-08,120.55127716064453,39.109947204589844,35.276649475097656,32.677825927734375,76.45660400390625
2013-02-11,120.52745819091797,39.06985092163086,35.23596954345703,32.662933349609375,76.38031768798828
2013-02-12,120.72598266601562,39.26362228393555,35.382442474365234,32.75236129760742,76.36646270751953
2013-02-13,120.82923889160156,39.3571662902832,35.50858688354492,32.916297912597656,76.29024505615234
2013-02-14,120.94037628173828,39.14335250854492,35.61845779418945,32.901405334472656,76.42887115478516
2013-02-15,120.79747009277344,39.043113708496094,35.6265754699707,32.782161712646484,76.435821533203125
2013-02-19,121.70277404785156,39.504173278808594,36.02938461303711,32.849239349365234,76.34566497802734
2013-02-20,120.18598175048828,39.11661148071289,35.423133850097656,32.55858612060547,76.394195556640625
2013-02-21,119.45535278320312,38.52859878540039,35.16273880004883,32.11145782470703,76.435821533203125
2013-02-22,120.62273406982422,39.08320999145508,35.4679069519043,32.2530632019043,76.4774398803711
2013-02-25,118.32770538330078,38.14772415161133,34.7314453125,31.82083511352539,76.76860809326172
2013-02-26,119.13773345947266,38.45509338378906,34.82908248901367,31.999677658081055,76.74781036376953
2013-02-27,120.63867950439453,38.94288635253906,35.19935989379883,32.34992599487305,76.76860809326172
2013-02-28,120.40040588378906,38.90278625488281,35.2481803894043,32.200889587402344,76.83794403076172
2013-03-01,120.79747009277344,38.82261276245117,35.3458251953125,32.27540588378906,76.86503601074219
2013-03-04,121.44076538085938,38.989662170410156,35.288875579833984,31.96988296508789,76.80945587158203
2013-03-05,122.52874755859375,39.37722396850586,35.67539978027344,32.357383728027344,76.74690246582031
2013-03-06,122.69549560546875,39.477455139160156,35.7974739074707,32.513893127441406,76.66363525390625
2013-03-07,122.9178237915039,39.59104537963867,35.99279022216797,32.60331726074219,76.50383758544922
2013-03-08,123.44200897216797,39.67790985107422,36.27352523803711,32.88649368286133,76.28157806396484
2013-03-11,123.91050720214844,39.79818344116211,36.236900329589844,32.707645416259766,76.32319641113281
2013-03-12,123.63253784179688,39.59772491455078,36.11891174316406,32.33502960205078,76.4621353149414
2013-03-13,123.8072738647461,39.5375862121582,36.3386116027832,32.02949142456055,76.3996353149414
2013-03-14,124.46637725830078,39.925148010253906,36.7699089050293,32.163631439208984,76.482940673828125
2013-03-15,124.3021011352539,40.00533676147461,36.847232818603516,31.873001098632812,76.55242156982422
2013-03-18,123.61610412597656,39.56431579589844,36.59088897705078,31.515291213989258,76.62193298339844
2013-03-19,123.32891845703125,39.44404602050781,36.55427932739258,31.291738510131836,76.73301696777344
2013-03-20,124.19038391113281,39.68458938598633,36.839088439941406,31.470577239990234,76.64965057373047
2013-03-21,123.12947845458984,39.323760986328125,36.513572692871094,31.15013885498047,76.66363525390625
2013-03-22,124.11864471435547,39.664546966552734,36.594947814941406,31.269367218017578,76.69132995605469
2013-03-25,123.60013580322266,39.17007827758789,36.594146728515625,31.239559173583984,76.66363525390625
2013-03-26,124.58926391601562,39.41731262207031,36.73287582397461,31.686695098876953,76.75390625
2013-03-27,124.58926391601562,39.22352981567383,36.7247200012207,31.805931091308594,76.91365051269531
2013-03-28,124.97215270996094,39.4106330871582,36.69615936279297,31.873001098632812,76.91365051269531
2013-04-01,124.47759246826172,38.882755279541016,36.32890701293945,31.530195236206055,76.983245849609375
2013-04-02,125.09176635742188,39.297035217285156,36.12895965576172,31.545095443725586,76.89974212646484
2013-04-03,123.82351684570312,39.10325622558594,35.647457122802734,31.17249298095703,76.983245849609375
2013-04-04,124.32599639892578,39.45072555541992,35.949424743652344,31.083066940307617,77.19908905029297
2013-04-05,123.76765441894531,39.270301818847656,35.87189865112305,31.0085391998291,77.42192840576172
2013-04-08,124.60526275634766,39.42399215698242,36.23098373413086,31.06071662902832,77.28961944580078
2013-04-09,125.0359878540039,39.56431579589844,36.075931549072266,31.36625099182129,77.3175048828125
2013-04-10,126.5675277709961,40.15235137939453,36.72064208984375,31.664339065551758,77.1573486328125
2013-04-11,126.98229217529297,40.46638488769531,36.74104690551758,31.694150924682617,77.17127227783203
2013-04-12,126.67121887207031,40.36616516113281,36.58598709106445,31.209753036499023,77.42192840576172
2013-04-15,123.73568725585938,39.57101058959961,35.30469512939453,30.449626922607422,77.45668029785156
2013-04-16,125.56244659423828,40.13228225708008,35.790283203125,31.075611114501953,77.45668029785156
2013-04-17,123.72779083251953,39.297035217285156,35.21084976196289,30.583763122558594,77.45668029785156
2013-04-18,122.95403289794922,39.1767578125,35.0843620300293,30.583763122558594,77.44281005859375
2013-04-19,124.02291107177734,39.490821838378906,35.451595306396484,31.030902862548828,77.44977569580078
2013-04-22,124.57331085205078,39.657867431640625,35.472007751464844,31.1799373626709,77.54722595214844
2013-04-23,125.8575668334961,40.21915817260742,36.051429748535156,31.328983306884766,77.51239776611328
2013-04-24,125.93736267089844,40.566627502441406,36.31258010864258,31.515291213989258,77.49852752685547
2013-04-25,126.44783782958984,40.780452728271484,36.52477264404297,31.798480987548828,77.46366119384766
2013-04-26,126.22450256347656,40.81386184692383,36.25954818725586,31.47802734375,77.62379455566406
2013-04-29,127.07005310058594,41.335052490234375,36.483985900878906,31.805931091308594,77.672515869140625
2013-04-30,127.37310028076172,41.388519287109375,36.74104690551758,32.26050567626953,77.65863800048828
2013-05-01,126.25645446777344,41.14127731323242,35.863712310791016,31.910255432128906,77.69487762451172
2013-05-02,127.42900085449219,41.26824188232422,36.418678283691406,32.163631439208984,77.70191192626953
2013-05-03,128.72129821777344,41.79611587524414,37.06340026855469,32.431915283203125,77.41593170166016
2013-05-06,129.0482940673828,41.74266052246094,37.23478317260742,32.476627349853516,77.2903823852539
2013-05-07,129.702392578125,41.809478759765625,37.63875198364258,32.707645416259766,77.248504638671875
2013-05-08,130.2926788330078,42.2504997253418,37.810142517089844,32.96100997924805,77.31825256347656
2013-05-09,129.9257049560547,41.842891693115234,37.6795654296875,32.7225456237793,77.213592529296875
2013-05-10,130.34852600097656,41.88966751098633,37.96110916137695,32.469173431396484,77.06017303466797
2013-05-13,130.45217895507812,41.86962127685547,37.863197326660156,32.171085357666016,76.99041748046875
2013-05-14,131.80020141601562,41.94979476928711,38.34877014160156,32.320125579833984,76.809051513671875
2013-05-15,132.51016235351562,42.13022232055664,38.5487060546875,32.32757568359375,76.9206771850586
2013-05-16,131.8880157470703,41.842891693115234,38.38957977294922,32.215797424316406,77.12992095947266
2013-05-17,133.16429138183594,42.13022232055664,38.85068130493164,32.357383728027344,76.94158172607422
2013-05-20,133.15631103515625,42.36408996582031,38.9486083984375,32.43936538696289,76.86487579345703
2013-05-21,133.34776306152344,42.45095443725586,39.01798629760742,32.37228775024414,76.92760467529297
2013-05-22,132.35862731933594,42.0233039855957,38.454856872558594,32.014591217041016,76.66954040527344
2013-05-23,131.9756622314453,41.42193603515625,38.401817321777344,31.776121139526367,76.64165496826172
2013-05-24,131.86410522460938,41.06108474731445,38.42223358154297,31.50038719177246,76.64165496826172
2013-05-28,132.65380859375,41.168006896972656,38.9486083984375,31.67177963256836,76.1673583984375
2013-05-29,131.79226684570312,40.77376174926758,38.50382614135742,31.269367218017578,76.27198028564453
2013-05-30,132.2788848876953,40.93412399291992,38.679298400878906,31.269367218017578,76.25101470947266
2013-05-31,130.38035583496094,40.138973236083984,38.31612777709961,30.703004837036133,76.1045913696289
2013-06-03,131.0983123779297,40.29265594482422,38.78131103515625,31.15760040283203,76.14299011230469
2013-06-04,130.4680938720703,40.439659118652344,38.44261932373047,30.777517318725586,75.97529602050781
2013-06-05,128.6414337158203,39.5375862121582,37.98560333251953,30.2260684967041,75.9333724975586
2013-06-06,129.8061065673828,39.758094787597656,38.28757095336914,30.479434967041016,76.12903594970703
2013-06-07,131.45721435546875,40.29265594482422,38.57728576660156,30.32294464111328,75.8914794921875
2013-06-10,131.45721435546875,40.33275604248047,38.8425178527832,29.913070678710938,75.73772430419922
2013-06-11,130.1011962890625,39.83827590942383,38.344688415527344,29.346708297729492,75.74473571777344
2013-06-12,129.02432250976562,39.791500091552734,38.03048324584961,29.14549446105957,75.61894989013672
2013-06-13,130.98663330078125,40.399574279785156,38.662960052490234,29.764028549194336,75.98929595947266
2013-06-14,130.16506958007812,39.958560943603516,38.26308059692383,29.294538497924805,76.01020050048828
2013-06-17,131.17007446289062,40.533206939697266,38.51200866699219,29.562816619873047,75.95439147949219
2013-06-18,132.20712280273438,40.82053756713867,39.001651763916016,29.689502716064453,75.92637634277344
2013-06-19,130.38035583496094,40.05878829956055,38.49566650390625,28.772891998291016,75.4162826538086
2013-06-20,127.14982604980469,38.58872985839844,37.58979797363281,27.483667373657227,74.91320037841797
2013-06-21,127.55799865722656,38.715702056884766,37.74077224731445,27.87862205505371,74.493988037109375
2013-06-24,125.9461441040039,38.107635498046875,37.25111389160156,27.312267303466797,74.19351959228516
2013-06-25,127.15706634521484,38.595420837402344,37.63875198364258,27.89352798461914,74.2773666381836
2013-06-26,128.4159698486328,38.749114990234375,37.709598541259766,28.333213806152344,74.59178161621094
2013-06-27,129.1697998046875,39.139068603515625,38.3934440612793,28.901721954345703,74.90620422363281
2013-06-28,128.6405487060547,39.0640754699707,38.26241683959961,29.067827224731445,74.91320037841797
2013-07-01,129.3943328857422,39.43221664428711,38.75376892089844,29.15843963623047,75.01679992675781
2013-07-02,129.27406311035156,39.234519958496094,38.84798049926758,28.637479782104492,75.01679992675781
2013-07-03,129.33021545410156,39.24814987182617,38.90938949584961,28.37322998046875,74.91184997558594
2013-07-05,130.72549438476562,39.43221664428711,39.454017639160156,28.192018508911133,74.09272766113281
2013-07-08,131.4712371826172,39.677650451660156,39.65055847167969,28.229764938354492,74.4777603149414
2013-07-09,132.41749572753906,39.89581298828125,40.129661560058594,28.5997257232666,74.5547866821289
2013-07-10,132.46560668945312,40.01170349121094,40.23203659057617,28.327919006347656,74.35875701904297
2013-07-11,134.26988220214844,41.0479621887207,40.6087532043457,29.717140197753906,74.85579681396484
2013-07-12,134.3259735107422,40.77524948120117,40.6456184387207,29.400035858154297,74.77177429199219
2013-07-15,134.8391876220703,41.02751541137695,40.90359115600586,29.702037811279297,74.93280792236328
2013-07-16,134.33401489257812,41.000247955322266,40.76437759399414,29.822845458984375,75.05187225341797
2013-07-17,134.6788330078125,41.12295150756836,40.85444641113281,30.094646453857422,75.21280670166016
2013-07-18,135.41661071777344,41.39564895629883,41.239376068115234,29.739795684814453,75.07282257080078
2013-07-19,135.65711975097656,41.36155700683594,41.259849548339844,29.656736373901367,75.2688217163086
2013-07-22,135.92181396484375,41.59335708618164,41.41135025024414,29.95119285583496,75.36683654785156
2013-07-23,135.63311767578125,41.68199157714844,41.3007926940918,30.27584457397461,75.32482147216797
2013-07-24,135.1358642578125,41.62744903564453,41.00187683105469,29.96629524230957,75.07982635498047
2013-07-25,135.46469116210938,41.70925521850586,41.32535934448242,30.139942169189453,75.1077880859375
2013-07-26,135.6090545654297,41.450191497802734,41.075584411621094,30.072002410888672,75.0868148803711
2013-07-29,135.19204711914062,41.054786682128906,40.723411560058594,29.694490432739258,75.0868148803711
2013-07-30,135.19204711914062,41.0479621887207,40.862640380859375,29.626535415649414,75.058837890625
2013-07-31,135.288330078125,41.14339828491211,40.772544860839844,29.4528865814209,75.11482238769531
2013-08-01,136.8519744873047,41.70243453979492,41.3294563293457,29.98893928527832,74.69048309326172
2013-08-02,137.08453369140625,42.04330062866211,41.33355712890625,29.98138999938965,74.9429702758789
2013-08-05,136.88406372070312,41.954681396484375,41.50554275512695,29.792638778686523,74.9780502319336
2013-08-06,136.106201171875,41.89331817626953,41.1124267578125,29.415142059326172,74.90088653564453
2013-08-07,135.66519165039062,41.70925521850586,40.84626770019531,29.098031997680664,74.9990463256836
2013-08-08,136.162353515625,42.08420944213867,41.055110931396484,29.656736373901367,75.10429382324219
2013-08-09,135.76939392089844,42.159210205078125,40.99776840209961,29.717140197753906,75.15338134765625
2013-08-12,135.6090545654297,42.04330062866211,41.17793655395508,29.99648666381836,75.10429382324219
2013-08-13,136.00999450683594,42.316009521484375,41.14518737792969,30.17769432067871,74.80268859863281
2013-08-14,135.31236267089844,42.33646011352539,41.03053665161133,30.27584457397461,74.70452117919922
2013-08-15,133.41981506347656,41.981956481933594,40.27708053588867,29.928537368774414,74.43799591064453
2013-08-16,132.97886657714844,42.056941986083984,40.16651916503906,29.67183494567871,74.22762298583984
2013-08-19,132.12879943847656,41.7569694519043,39.810264587402344,29.113134384155273,73.99610137939453
2013-08-20,132.77838134765625,41.70243453979492,40.37125015258789,29.060283660888672,74.21354675292969
2013-08-21,131.96043395996094,41.21158218383789,40.04777145385742,28.380773544311523,73.93997955322266
2013-08-22,133.16323852539062,41.613807678222656,40.58418655395508,28.841327667236328,74.03118133544922
2013-08-23,133.6122283935547,41.97513198852539,40.65790557861328,29.181081771850586,74.27665710449219
2013-08-26,133.11509704589844,41.66835403442383,40.57190704345703,28.863975524902344,74.40992736816406
2013-08-27,130.97409057617188,40.95933532714844,39.662837982177734,28.199567794799805,74.60633087158203
2013-08-28,131.4391632080078,40.91160202026367,39.752933502197266,28.25996971130371,74.46605682373047
2013-08-29,131.64767456054688,40.843441009521484,40.05596923828125,28.486480712890625,74.61331939697266
2013-08-30,131.23068237304688,40.33894348144531,39.38029479980469,28.705429077148438,74.49413299560547
2013-09-03,131.82411193847656,41.11613464355469,39.54819107055664,28.886627197265625,74.31000518798828
2013-09-04,132.91464233398438,41.484275817871094,39.84712219238281,29.400035858154297,74.20452880859375
2013-09-05,133.08306884765625,41.450191497802734,39.92082214355469,29.74733543395996,73.70565032958984
2013-09-06,133.14720153808594,41.6751708984375,40.019100189208984,30.18524742126465,73.9797134399414
2013-09-09,134.42222595214844,42.247833251953125,40.612857818603516,30.978010177612305,74.127288818359375
2013-09-10,135.41661071777344,42.72505187988281,40.98140335083008,31.212059020996094,73.9937973022461
2013-09-11,135.8415985107422,42.87504959106445,41.09195327758789,31.234699249267578,74.24677276611328
2013-09-12,135.4807586669922,42.629615783691406,40.79713821411133,30.872304916381836,74.16242980957031
2013-09-13,135.7854461669922,42.83413314819336,40.98550033569336,31.076154708862305,74.26786804199219
2013-09-16,136.5712890625,43.168182373046875,41.10014724731445,31.423460006713867,74.42243957519531
2013-09-17,137.1807403564453,43.195465087890625,41.39088439941406,31.355512619018555,74.4926986694336
2013-09-18,138.76853942871094,44.34761047363281,41.88227081298828,32.669227600097656,75.11808776855469
2013-09-19,138.53598022460938,44.13627243041992,41.80855941772461,32.49557113647461,75.02671813964844
2013-09-20,137.5673828125,43.81584167480469,41.76760482788086,31.770763397216797,75.02671813964844
2013-09-23,136.93084716796875,43.80221939086914,41.812644958496094,31.884014129638672,75.08293151855469
2013-09-24,136.6085205078125,43.73403549194336,41.95309829711914,31.61220932006836,75.25859069824219
2013-09-25,136.213623046875,43.78177261352539,41.86687088012695,31.37060546875,75.364044189453125
2013-09-26,136.73741149902344,43.96582794189453,42.07218933105469,31.49897003173828,75.34998321533203
2013-09-27,136.10888671875,43.80903625488281,41.9038200378418,31.128995895385742,75.39214324951172
2013-09-30,135.38360595703125,43.495426177978516,41.97774124145508,30.77415657043457,75.3288803100586
2013-10-01,136.4553680419922,43.72722625732422,42.38840103149414,31.385705947875977,75.27325439453125
2013-10-02,136.32644653320312,43.713592529296875,42.11325454711914,31.506511688232422,75.37181854248047
2013-10-03,135.06935119628906,43.4272575378418,41.6533203125,31.385705947875977,75.42815399169922
2013-10-04,136.09275817871094,43.529510498046875,41.920249938964844,31.793407440185547,75.36481475830078
2013-10-07,134.916259765625,43.079559326171875,41.45210647583008,31.521602630615234,75.35075378417969
2013-10-08,133.34495544433594,42.745513916015625,40.9880485534668,31.219602584838867,75.31548309326172
2013-10-09,133.441650390625,42.92957305908203,41.03321075439453,31.45366096496582,75.25923156738281
2013-10-10,136.318359375,43.699954986572266,41.91203689575195,32.19357681274414,75.34369659423828
2013-10-11,137.19674682617188,43.9317512512207,42.54855728149414,32.33702087402344,75.37181854248047
2013-10-14,137.74468994140625,44.08173751831055,42.729244232177734,32.52577209472656,75.2310562133789
2013-10-15,136.74546813964844,43.870384216308594,42.39250183105469,32.20866775512695,75.19586181640625
2013-10-16,138.65521240234375,44.197635650634766,42.81548309326172,32.465370178222656,75.5196304321289
2013-10-17,139.58189392089844,44.78392791748047,43.197410583496094,32.669227600097656,75.73088836669922
2013-10-18,140.5247039794922,45.0498161315918,43.71894454956055,32.69942855834961,75.8575439453125
2013-10-21,140.53273010253906,45.11798095703125,43.66554260253906,32.646575927734375,75.78715515136719
2013-10-22,141.34661865234375,45.56793975830078,43.80928421020508,32.96368408203125,76.0546646118164
2013-10-23,140.6697235107422,45.124813079833984,43.68198013305664,32.19357681274414,76.03357696533203
2013-10-24,141.1370849609375,45.43840408325195,43.83391571044922,32.125614166259766,76.00537109375
2013-10-25,141.78176879882812,45.308876037597656,43.88731002807617,32.2766227722168,76.03357696533203
2013-10-28,142.0074005126953,45.2338752746582,43.916053771972656,32.465370178222656,75.99833679199219
2013-10-29,142.764892578125,45.32932662963867,44.072105407714844,32.571075439453125,76.08985900878906
2013-10-30,142.0557098388672,45.165714263916016,43.677886962890625,32.38987731933594,75.9490966796875
2013-10-31,141.65284729003906,44.91345977783203,43.439693450927734,32.05765914916992,75.95616912841797
2013-11-01,141.99131774902344,44.69529724121094,43.33702850341797,32.0727653503418,75.77275085449219
2013-11-04,142.4908905029297,44.91345977783203,43.81748962402344,32.269065856933594,75.85033416748047
2013-11-05,142.03964233398438,44.524871826171875,43.723045349121094,31.61975860595703,75.62467193603516
2013-11-06,142.764892578125,44.91345977783203,43.62859344482422,31.717906951904297,75.74456024169922
2013-11-07,140.95986938476562,44.20444107055664,42.91404724121094,31.144100189208984,75.80094909667969
2013-11-08,142.86158752441406,44.4635124206543,43.653228759765625,31.076154708862305,75.3284912109375
2013-11-11,142.88575744628906,44.55895233154297,43.60396194458008,30.917598724365234,75.28617095947266
2013-11-12,142.59561157226562,44.408973693847656,43.599849700927734,30.75149917602539,75.25797271728516
2013-11-13,143.73989868164062,44.552127838134766,43.916053771972656,30.804349899291992,75.45540618896484
2013-11-14,144.45709228515625,44.75666427612305,43.96532440185547,31.302650451660156,75.68814849853516
2013-11-15,145.0855712890625,45.11798095703125,44.06389236450195,31.89910888671875,75.70929718017578
2013-11-18,144.5779266357422,45.11798095703125,43.91194152832031,32.186012268066406,75.85742950439453
2013-11-19,144.263671875,45.002098083496094,43.68198013305664,31.98971939086914,75.65283966064453
2013-11-20,143.8123779296875,44.6884765625,43.63681411743164,31.551807403564453,75.44134521484375
2013-11-21,144.97276306152344,44.96799850463867,44.363677978515625,31.521602630615234,75.51890563964844
2013-11-22,145.697998046875,45.0975341796875,44.605960845947266,31.748111724853516,75.62467193603516
2013-11-25,145.55288696289062,44.961185455322266,44.560791015625,31.34040069580078,75.681060791015625
2013-11-26,145.59327697753906,44.961185455322266,44.946815490722656,31.44611358642578,75.70222473144531
2013-11-27,145.94778442382812,45.07026672363281,45.24248504638672,31.649959564208984,75.73748779296875
2013-11-29,145.85104370117188,45.158897399902344,45.287662506103516,31.974620819091797,75.76568603515625
2013-12-02,145.4722900390625,44.8248405456543,44.712745666503906,31.302650451660156,75.4781494140625
2013-12-03,144.8438262939453,44.511234283447266,44.560791015625,31.19695281982422,75.56999969482422
2013-12-04,144.82778930664062,44.27261734008789,44.41706466674805,31.15920066833496,75.3721694946289
2013-12-05,144.19110107421875,44.02037048339844,44.46222686767578,30.978010177612305,75.2096939086914
2013-12-06,145.80270385742188,44.56576919555664,44.819515228271484,31.665058135986328,75.33686065673828
2013-12-09,146.1734161376953,44.51805114746094,44.659339904785156,31.710357666015625,75.42869567871094
2013-12-10,145.6496124267578,44.44306182861328,44.21173858642578,31.725460052490234,75.54877471923828
2013-12-11,144.0138397216797,44.02719497680664,43.661441802978516,31.02330780029297,75.42869567871094
2013-12-12,143.53839111328125,43.70677947998047,43.7476806640625,30.84210205078125,75.31565856933594
2013-12-13,143.52230834960938,43.679500579833984,43.94070053100586,30.917598724365234,75.35096740722656
2013-12-16,144.416748046875,43.99311065673828,44.4252815246582,31.1214599609375,75.40752410888672
2013-12-17,143.95745849609375,43.80221939086914,44.35545349121094,30.849651336669922,75.534698486328125
2013-12-18,146.4151153564453,44.49123764038086,44.8482551574707,31.46368980407715,75.4994125366211
2013-12-19,146.2459259033203,44.49123764038086,44.54437255859375,30.884700775146484,75.3721694946289
2013-12-20,147.09666442871094,44.74567794799805,45.2712516784668,30.838973999023438,75.4994125366211
2013-12-23,147.8824920654297,45.20640563964844,45.65676498413086,31.067533493041992,75.46399688720703
2013-12-24,148.20655822753906,45.29579544067383,45.87529754638672,31.250375747680664,75.35807800292969
2013-12-26,148.96005249023438,45.54335403442383,45.90827560424805,30.983736038208008,75.31558990478516
2013-12-27,148.9519805908203,45.77715301513672,45.9206428527832,31.46368980407715,75.34387969970703
2013-12-30,148.92764282226562,45.969703674316406,45.91240310668945,31.60082244873047,75.4146499633789
2013-12-31,149.6325225830078,46.1416130065918,45.87529754638672,31.8446102142334,75.34387969970703
2014-01-02,148.19850158691406,45.32331085205078,45.4918327331543,30.618051528930664,75.39347839355469
2014-01-03,148.17417907714844,45.3714485168457,45.64439010620117,30.564725875854492,75.42173767089844
2014-01-06,147.74484252929688,45.31644058227539,45.28565979003906,30.275236129760742,75.52082824707031
2014-01-07,148.65219116210938,45.57087326049805,45.58666229248047,30.404743194580078,75.55628967285156
2014-01-08,148.68455505371094,45.55711364746094,45.40935516357422,30.305709838867188,75.32975769042969
2014-01-09,148.78175354003906,45.52272415161133,45.39699172973633,30.145719528198242,75.43590545654297
2014-01-10,149.18690490722656,45.942203521728516,45.53305435180664,30.678998947143555,75.81819152832031
2014-01-13,147.20193481445312,45.54335403442383,45.005287170410156,30.31332015991211,75.88899993896484
2014-01-14,148.8060760498047,45.907806396484375,45.471221923828125,30.64090919494629,75.77577209472656
2014-01-15,149.6082000732422,46.10036087036133,45.81344985961914,30.633285522460938,75.71198272705078
2014-01-16,149.41372680664062,46.07973098754883,45.747474670410156,30.4656925201416,75.88899993896484
2014-01-17,148.78175354003906,45.942203521728516,45.5660514831543,30.31332015991211,75.92439270019531
2014-01-21,149.21926879882812,46.16224670410156,45.85055160522461,30.267606735229492,75.95976257324219
2014-01-22,149.3165283203125,46.16224670410156,46.07732391357422,30.6713809967041,75.796966552734375
2014-01-23,148.09315490722656,45.85280227661133,45.7722053527832,29.91717529296875,75.99515533447266
2014-01-24,144.93345642089844,44.594383239746094,44.803253173828125,29.13248062133789,76.15802001953125
2014-01-27,144.22048950195312,44.38808822631836,44.34557342529297,29.018217086791992,75.99515533447266
2014-01-28,145.07931518554688,44.77318572998047,44.646568298339844,29.2010555267334,76.12260437011719
2014-01-29,143.68577575683594,44.27119064331055,44.15178298950195,28.782039642333984,76.3491439819336
2014-01-30,145.2089080810547,44.49811553955078,44.53935623168945,29.048681259155273,76.36326599121094
2014-01-31,144.35818481445312,43.74169921875,44.263092041015625,29.094385147094727,76.50492095947266
2014-02-03,141.1093292236328,42.847755432128906,43.079734802246094,28.271617889404297,76.7644271850586
2014-02-04,142.09779357910156,43.34286880493164,43.327117919921875,28.84299087524414,76.58006286621094
2014-02-05,141.9195556640625,43.43225860595703,43.026123046875,28.736330032348633,76.38856506347656
2014-02-06,143.79107666015625,44.202423095703125,43.44668960571289,29.338172912597656,76.35308837890625
2014-02-07,145.57347106933594,44.780067443847656,43.66522979736328,29.50577735900879,76.47369384765625
2014-02-10,145.84083557128906,44.628780364990234,43.74357604980469,29.17818832397461,76.55167388916016
2014-02-11,147.43692016601562,45.33706283569336,44.10231399536133,29.810522079467773,76.40272521972656
2014-02-12,147.50985717773438,45.41270065307617,44.21363067626953,29.818126678466797,76.27503204345703
2014-02-13,148.27137756347656,45.55023956298828,44.803253173828125,29.848604202270508,76.4382095336914
2014-02-14,149.0896759033203,45.722145080566406,44.92281723022461,30.214277267456055,76.4382095336914
2014-02-18,149.2679443359375,46.114105224609375,45.31041717529297,29.932405471801758,76.48785400390625
2014-02-19,148.279541015625,45.8046760559082,44.85272979736328,29.72670555114746,76.43110656738281
2014-02-20,149.15452575683594,45.962825775146484,45.30215835571289,29.8333683013916,76.38856506347656
2014-02-21,148.98439025878906,46.05222702026367,45.31041717529297,30.039064407348633,76.45951080322266
2014-02-24,149.81076049804688,46.4510612487793,45.64439010620117,30.039064407348633,76.38856506347656
2014-02-25,149.75404357910156,46.34102249145508,45.627906799316406,29.696239471435547,76.594207763671875
2014-02-26,149.76214599609375,46.18287658691406,45.9742546081543,29.71909523010254,76.7573471069336
2014-02-27,150.54800415039062,46.34102249145508,46.22577667236328,30.282846450805664,76.83538818359375
2014-02-28,150.92881774902344,46.42355728149414,46.312347412109375,30.077157974243164,76.7928466796875
2014-03-03,149.86744689941406,45.44021224975586,46.07320785522461,29.54387092590332,76.9917984008789
2014-03-04,151.9739532470703,46.34102249145508,47.09577178955078,30.046676635742188,76.707550048828125
2014-03-05,152.11166381835938,46.29978942871094,46.98032760620117,30.069536209106445,76.7501449584961
2014-03-06,152.4600372314453,46.7811393737793,47.108154296875,30.496166229248047,76.579681396484375
2014-03-07,152.52487182617188,46.526702880859375,47.15351486206055,30.107622146606445,76.36653900146484
2014-03-10,152.44384765625,46.23788070678711,47.075164794921875,29.901931762695312,76.36653900146484
2014-03-11,151.69036865234375,45.900936126708984,46.64634704589844,29.566726684570312,76.359405517578125
2014-03-12,151.73086547851562,45.72902297973633,46.73703384399414,29.627674102783203,76.5299301147461
2014-03-13,150.02947998046875,44.876338958740234,46.23814392089844,29.094385147094727,76.72888946533203
2014-03-14,149.6082000732422,44.780067443847656,46.45254135131836,29.254383087158203,76.69335174560547
2014-03-17,150.961181640625,45.343936920166016,46.671085357666016,29.61243438720703,76.6507339477539
2014-03-18,152.03871154785156,45.6258659362793,47.24833297729492,30.023818969726562,76.74308776855469
2014-03-19,151.2285614013672,45.068878173828125,46.967952728271484,29.383882522583008,76.40199279785156
2014-03-20,152.11166381835938,44.8969612121582,47.10401916503906,29.513399124145508,76.3451919555664
2014-03-21,151.52169799804688,44.807559967041016,47.116390228271484,29.696239471435547,76.45169830322266
2014-03-24,150.89505004882812,44.924461364746094,46.860748291015625,29.985734939575195,76.56548309326172
2014-03-25,151.6111297607422,45.41270065307617,46.81731414794922,30.32855987548828,76.487274169921875
2014-03-26,150.520751953125,45.405826568603516,46.05199432373047,30.397125244140625,76.72888946533203
2014-03-27,150.20338439941406,45.63274383544922,45.9361686706543,30.793272018432617,76.78572845458984
2014-03-28,150.94395446777344,45.9765739440918,46.114036560058594,31.037063598632812,76.672027587890625
2014-03-31,152.18080139160156,46.210384368896484,46.93313980102539,31.24275016784668,76.67911529541016
2014-04-01,153.18988037109375,46.50607681274414,47.40060806274414,31.60843276977539,76.56170654296875
2014-04-02,153.7025604248047,46.59546661376953,47.64057159423828,31.669374465942383,76.43353271484375
2014-04-03,153.4990692138672,46.46480941772461,47.3178825378418,31.547496795654297,76.490509033203125
2014-04-04,151.68438720703125,46.32040023803711,46.54013442993164,31.46368980407715,76.7325668334961
2014-04-07,150.00804138183594,46.10036087036133,46.00233840942383,31.60082244873047,76.846466064453125
2014-04-08,150.62655639648438,46.072845458984375,46.370521545410156,31.96649742126465,76.938995361328125
2014-04-09,152.2459259033203,46.66423797607422,46.70561218261719,32.210289001464844,76.94610595703125
2014-04-10,149.04782104492188,45.839054107666016,45.70448303222656,31.86745834350586,77.12409973144531
2014-04-11,147.7051239013672,45.563987731933594,45.170833587646484,31.86745834350586,77.195281982421875
2014-04-14,148.8687744140625,45.825286865234375,45.381805419921875,31.798900604248047,77.22383117675781
2014-04-15,149.8941192626953,45.63274383544922,45.5638313293457,31.318952560424805,77.23091125488281
2014-04-16,151.4646759033203,46.19662857055664,45.85755920410156,31.715099334716797,77.2735824584961
2014-04-17,151.6763153076172,46.43730545043945,46.101627349853516,32.00458908081055,77.0244140625
2014-04-21,152.20523071289062,46.49919891357422,46.225738525390625,31.80651092529297,77.01727294921875
2014-04-22,152.8968963623047,46.69174575805664,46.639427185058594,31.722721099853516,77.00303649902344
2014-04-23,152.5388641357422,46.58171081542969,46.4201774597168,31.494165420532227,77.0813980102539
2014-04-24,152.84808349609375,46.57483673095703,46.3870735168457,31.52463722229004,77.15260314941406
2014-04-25,151.59495544433594,46.34791564941406,45.80376434326172,31.098012924194336,77.166839599609375
2014-04-28,152.07505798339844,46.4923095703125,45.5927848815918,31.250375747680664,77.116943359375
2014-04-29,152.7830047607422,46.794891357421875,45.68379592895508,31.547496795654297,77.15260314941406
2014-04-30,153.23870849609375,46.98055648803711,45.85755920410156,31.486543655395508,77.3091812133789
2014-05-01,153.25497436523438,47.11121368408203,45.7499885559082,31.52463722229004,77.42188262939453
2014-05-02,153.03526306152344,47.03557586669922,45.7830810546875,31.699865341186523,77.514617919921875
2014-05-05,153.3282470703125,47.001182556152344,45.65483474731445,31.52463722229004,77.48609924316406
2014-05-06,151.9936065673828,46.918663024902344,45.042579650878906,31.669374465942383,77.54317474365234
2014-05-07,152.88877868652344,46.973670959472656,45.398353576660156,31.836986541748047,77.54317474365234
2014-05-08,152.7260284423828,46.98055648803711,45.00534439086914,31.760801315307617,77.5931167602539
2014-05-09,152.9539031982422,46.91178512573242,45.41489028930664,31.707475662231445,77.521759033203125
2014-05-12,154.44305419921875,47.221229553222656,46.353973388671875,32.24075698852539,77.45755767822266
2014-05-13,154.58140563964844,47.28999328613281,45.92374038696289,32.36265563964844,77.58594512939453
2014-05-14,153.84901428222656,47.20060729980469,45.10462188720703,32.59120178222656,77.80707550048828
2014-05-15,152.49813842773438,46.99431610107422,44.86884307861328,32.286468505859375,77.97107696533203
2014-05-16,153.02716064453125,47.09745407104492,45.179107666015625,32.71308517456055,77.885498046875
2014-05-19,153.58865356445312,47.001182556152344,45.497642517089844,32.71308517456055,77.856964111328125
2014-05-20,152.62026977539062,46.70548629760742,44.86470031738281,32.44645309448242,77.89265441894531
2014-05-21,153.90597534179688,47.0699462890625,45.017757415771484,32.69785690307617,77.86407470703125
2014-05-22,154.2802734375,47.1318473815918,45.38594436645508,32.926414489746094,77.82844543457031
2014-05-23,154.89877319335938,47.2556266784668,45.849273681640625,32.86545944213867,77.906890869140625
2014-05-27,155.8508758544922,47.592567443847656,46.432586669921875,32.583587646484375,77.9782485961914
2014-05-28,155.7369384765625,47.43440246582031,46.12645721435547,32.77403259277344,78.19219207763672
2014-05-29,156.5425567626953,47.72321701049805,46.225738525390625,32.86545944213867,78.1493911743164
2014-05-30,156.79481506347656,47.730098724365234,46.14299774169922,32.415977478027344,78.220733642578125
2014-06-02,156.97384643554688,47.82637405395508,45.998207092285156,32.5150146484375,77.982757568359375
2014-06-03,156.89247131347656,47.70946502685547,45.79963684082031,32.69785690307617,77.77552032470703
2014-06-04,157.2098388671875,47.695709228515625,45.927879333496094,32.5150146484375,77.74695587158203
2014-06-05,158.2351531982422,48.02579116821289,46.93313980102539,32.85784912109375,77.846954345703125
2014-06-06,158.9920654296875,48.28710174560547,47.326148986816406,33.185428619384766,77.8041000366211
2014-06-09,159.15469360351562,48.23896789550781,47.6612434387207,33.30733108520508,77.73268127441406
2014-06-10,159.17095947265625,48.13581085205078,47.49576187133789,33.4825553894043,77.61833953857422
2014-06-11,158.61761474609375,47.89513397216797,47.16067886352539,33.36827087402344,77.67548370361328
2014-06-12,157.49465942382812,47.90888977050781,46.88764190673828,33.20827865600586,77.82555389404297
2014-06-13,157.97479248046875,47.94326400756836,46.92902374267578,33.2235221862793,77.8041000366211
2014-06-16,158.10498046875,47.95701599121094,46.96210479736328,33.07115936279297,77.761260986328125
2014-06-17,158.54432678222656,47.922637939453125,47.305450439453125,33.07878112792969,77.61833953857422
2014-06-18,159.70809936523438,48.335235595703125,47.545406341552734,33.4444580078125,77.82555389404297
2014-06-19,159.88711547851562,48.596534729003906,47.51646041870117,33.254005432128906,77.711212158203125
2014-06-20,160.2117156982422,48.514015197753906,47.60747528076172,33.185428619384766,77.846954345703125
2014-06-23,160.1626434326172,48.383365631103516,47.49576187133789,33.11686706542969,77.77552032470703
2014-06-24,159.19784545898438,48.080810546875,47.165340423583984,33.10162353515625,77.91133880615234
2014-06-25,159.9173583984375,48.06388473510742,47.49327087402344,33.171504974365234,78.0185317993164
2014-06-26,159.80291748046875,48.09912109375,47.38119125366211,33.209903717041016,78.16852569580078
2014-06-27,160.1135711669922,48.127288818359375,47.78385543823242,33.28667449951172,78.16852569580078
2014-06-30,160.0318603515625,48.16957092285156,47.91669464111328,33.19453048706055,78.1756820678711
2014-07-01,161.10296630859375,48.59230422973633,48.435585021972656,33.50935363769531,78.07981872558594
2014-07-02,161.26646423339844,48.6697998046875,48.223880767822266,33.709014892578125,77.80774688720703
2014-07-03,162.0596160888672,48.7684326171875,48.58502197265625,33.90864562988281,77.75762939453125
2014-07-07,161.4954833984375,48.38798522949219,47.90838623046875,33.8856201171875,77.77913665771484
2014-07-08,160.45701599121094,47.880706787109375,47.580440521240234,33.73204040527344,77.93663787841797
2014-07-09,161.17657470703125,48.03571319580078,47.576290130615234,33.92399978637695,78.0009994506836
2014-07-10,160.53878784179688,47.507301330566406,47.15287780761719,33.739723205566406,78.03682708740234
2014-07-11,160.75950622558594,47.53547286987305,46.97853469848633,33.70132064819336,78.14421081542969
2014-07-14,161.56907653808594,47.887760162353516,47.219303131103516,33.962398529052734,78.07981872558594
2014-07-15,161.26646423339844,47.76798629760742,46.90381622314453,33.93935775756836,77.97955322265625
2014-07-16,161.86341857910156,48.06388473510742,46.9411735534668,34.02383041381836,78.04399108886719
2014-07-17,160.02365112304688,47.45093536376953,46.32264709472656,33.38650131225586,78.2730484008789
2014-07-18,161.6589813232422,47.824344635009766,46.953617095947266,33.90864562988281,78.18719482421875
2014-07-21,161.3564453125,47.6482048034668,46.75436782836914,34.02383041381836,78.215789794921875
2014-07-22,162.0596160888672,47.85957336425781,47.15287780761719,34.338653564453125,78.34465789794922
2014-07-23,162.4193572998047,47.95819854736328,47.040794372558594,34.36935806274414,78.35897064208984
2014-07-24,162.42758178710938,48.07094192504883,46.9619255065918,34.52294158935547,78.11560821533203
2014-07-25,161.6671142578125,47.8736457824707,46.49285888671875,34.38472366333008,78.26590728759766
2014-07-28,161.73252868652344,47.880706787109375,46.393226623535156,34.62276840209961,78.2802505493164
2014-07-29,161.0375213623047,47.78207015991211,46.35586166381836,34.415435791015625,78.35897064208984
2014-07-30,161.06207275390625,47.71162414550781,46.409820556640625,34.24650192260742,78.07981872558594
2014-07-31,157.88134765625,46.915489196777344,45.48828125,33.64757537841797,77.97955322265625
2014-08-01,157.3989715576172,46.59139633178711,45.46751022338867,33.83186721801758,78.2735824584961
2014-08-04,158.5355224609375,46.809814453125,45.81205749511719,34.146690368652344,78.25928497314453
2014-08-05,156.99830627441406,46.210941314697266,45.66676330566406,33.62454605102539,78.25928497314453
2014-08-06,157.0474090576172,46.09821701049805,45.84526824951172,33.39418029785156,78.26641845703125
2014-08-07,156.19699096679688,45.724822998046875,45.62110900878906,33.26363754272461,78.4170150756836
2014-08-08,158.0040740966797,45.99253463745117,45.99470901489258,33.5631103515625,78.44572448730469
2014-08-11,158.4619140625,46.16867446899414,46.426422119140625,33.99311828613281,78.45288848876953
2014-08-12,158.24114990234375,46.133453369140625,46.14830017089844,34.03150939941406,78.4170150756836
2014-08-13,159.312255859375,46.394126892089844,46.38906478881836,34.215797424316406,78.57482147216797
2014-08-14,160.06454467773438,46.64071273803711,46.50529861450195,34.26953887939453,78.61785125732422
2014-08-15,160.0318603515625,46.59139633178711,46.43473815917969,34.177398681640625,78.81150817871094
2014-08-18,161.3727569580078,46.89434814453125,47.065704345703125,34.5075798034668,78.6465072631836
2014-08-19,162.2149658203125,47.007083892822266,47.273250579833984,34.66883087158203,78.53895568847656
2014-08-20,162.64833068847656,46.859130859375,47.032493591308594,34.59971618652344,78.45288848876953
2014-08-21,163.12254333496094,47.056396484375,47.26496505737305,34.45383071899414,78.5891342163086
2014-08-22,162.86912536621094,46.83095932006836,47.19024658203125,34.3616828918457,78.57482147216797
2014-08-25,163.69500732421875,47.13389587402344,47.23589324951172,34.61507797241211,78.63938903808594
2014-08-26,163.8012237548828,47.14094543457031,47.54722595214844,34.8223991394043,78.6465072631836
2014-08-27,163.7357940673828,47.2325325012207,47.501583099365234,34.99901580810547,78.74695587158203
2014-08-28,163.6458740234375,47.02116775512695,47.25251388549805,34.65347671508789,78.9047622680664
2014-08-29,164.11192321777344,47.000030517578125,47.518184661865234,34.59971618652344,78.87604522705078
2014-09-02,164.0301971435547,47.09162521362305,47.72158432006836,34.54597473144531,78.63532257080078
2014-09-03,163.9402618408203,47.42275619506836,47.51403045654297,34.99901580810547,78.72154998779297
2014-09-04,163.70309448242188,47.197303771972656,47.46420669555664,34.9068603515625,78.6209945678711
2014-09-05,164.43898010253906,47.20435333251953,47.5638427734375,35.206321716308594,78.5778579711914
2014-09-08,164.01382446289062,46.704124450683594,47.5638427734375,34.79168701171875,78.49884033203125
2014-09-09,162.975341796875,46.57025909423828,47.036643981933594,34.3616828918457,78.39107513427734
2014-09-10,163.58865356445312,46.837989807128906,47.12381362915039,34.215797424316406,78.28330993652344
2014-09-11,163.7766876220703,46.57731246948242,47.41024398803711,33.98543167114258,78.20428466796875
2014-09-12,162.82009887695312,46.51389694213867,46.90381622314453,33.62454605102539,78.04618835449219
2014-09-15,162.69741821289062,46.41526794433594,46.50114822387695,33.45561218261719,78.031829833984375
2014-09-16,163.92384338378906,46.61252975463867,46.696250915527344,33.89328384399414,78.031829833984375
2014-09-17,164.14462280273438,46.28139877319336,46.725311279296875,33.57847213745117,77.94564056396484
2014-09-18,165.01954650878906,46.64071273803711,46.953617095947266,33.62454605102539,77.95281219482422
2014-09-19,164.87081909179688,46.47867202758789,46.413970947265625,33.37114715576172,78.0821304321289
2014-09-22,163.5974884033203,46.27435302734375,45.878475189208984,32.8643684387207,78.18988037109375
2014-09-23,162.66102600097656,45.88685607910156,45.405250549316406,32.6800651550293,78.26177978515625
2014-09-24,163.93434143066406,46.11935806274414,45.648536682128906,33.14846420288086,78.21149444580078
2014-09-25,161.2892303466797,45.4429931640625,45.019493103027344,32.42668533325195,78.36236572265625
2014-09-26,162.57066345214844,45.63321304321289,45.28193283081055,32.572574615478516,78.35517120361328
2014-09-29,162.2749786376953,45.21049880981445,45.219451904296875,31.912208557128906,78.4413833618164
2014-09-30,161.84783935546875,45.17527389526367,44.69456481933594,31.912208557128906,78.39107513427734
2014-10-01,159.65444946289062,44.63982009887695,44.128013610839844,31.259532928466797,78.8293685913086
2014-10-02,159.6791534423828,44.16072082519531,44.49461364746094,31.428462982177734,78.6998291015625
2014-10-03,161.4370880126953,44.16072082519531,44.71122741699219,31.697208404541016,78.66386413574219
2014-10-06,161.2481231689453,44.44253921508789,44.39045715332031,32.111846923828125,78.7358169555664
2014-10-07,158.75906372070312,43.68868637084961,43.744781494140625,31.827749252319336,79.0380859375
2014-10-08,161.53564453125,44.37913131713867,44.61125183105469,32.3038215637207,79.26117706298828
2014-10-09,158.3319091796875,43.18846893310547,43.657291412353516,31.797025680541992,79.1029052734375
2014-10-10,156.52459716796875,42.540283203125,43.232383728027344,31.10596466064453,79.16047668457031
2014-10-13,153.95335388183594,42.483917236328125,43.1782341003418,31.4207763671875,79.39073944091797
2014-10-14,154.191650390625,42.589603424072266,43.74893569946289,31.60506820678711,79.57064056396484
2014-10-15,153.14834594726562,42.335975646972656,44.003047943115234,31.205793380737305,79.71465301513672
2014-10-16,153.01687622070312,41.94141387939453,44.307151794433594,30.921669006347656,79.64986419677734
2014-10-17,154.82418823242188,42.72345733642578,44.103031158447266,31.2672176361084,79.54193115234375
2014-10-20,156.32748413085938,42.99117660522461,44.669586181640625,31.359359741210938,79.63545989990234
2014-10-21,159.4243927001953,43.5055046081543,45.3527717590332,31.48988914489746,79.56352233886719
2014-10-22,158.290771484375,43.18846893310547,44.87786102294922,31.28256607055664,79.52031707763672
2014-10-23,160.13088989257812,43.604129791259766,45.5568962097168,31.27488899230957,79.33316802978516
2014-10-24,161.36314392089844,43.84368133544922,45.66936111450195,31.497573852539062,79.3619613647461
2014-10-27,161.14134216308594,43.59709167480469,45.63602828979492,31.251863479614258,79.39073944091797
2014-10-28,162.9896697998047,44.25935363769531,46.90242385864258,31.881507873535156,79.26839447021484
2014-10-29,162.74322509765625,43.921180725097656,46.90242385864258,31.92757797241211,79.09568786621094
2014-10-30,163.78651428222656,44.238224029541016,47.21070098876953,32.2270393371582,79.22516632080078
2014-10-31,165.65943908691406,45.05549621582031,47.88138198852539,32.365257263183594,79.22516632080078
2014-11-03,165.74981689453125,44.667991638183594,47.852210998535156,32.09651184082031,79.07524871826172
2014-11-04,165.1748046875,44.41435623168945,47.73141860961914,32.127220153808594,79.08248138427734
2014-11-05,166.2180633544922,44.49890899658203,47.88138198852539,31.843107223510742,79.11133575439453
2014-11-06,166.88345336914062,44.25935363769531,47.977195739746094,31.451499938964844,78.974365234375
2014-11-07,167.03956604003906,44.28049087524414,48.06051254272461,31.651138305664062,79.2411117553711
2014-11-10,167.56533813476562,44.4777717590332,48.17713928222656,31.735605239868164,79.05366516113281
2014-11-11,167.72959899902344,44.74549102783203,48.18965148925781,31.704893112182617,79.08966064453125
2014-11-12,167.548828125,44.365047454833984,48.52291488647461,31.643465042114258,79.096893310546875
2014-11-13,167.73782348632812,44.57640075683594,48.168827056884766,31.558998107910156,79.13294219970703
2014-11-14,167.7788543701172,44.63982009887695,48.05634307861328,31.820068359375,79.20501708984375
2014-11-17,167.88565063476562,44.463687896728516,47.7022590637207,31.482210159301758,79.11133575439453
2014-11-18,168.85501098632812,44.94981002807617,47.914703369140625,31.651138305664062,79.18341064453125
2014-11-19,168.58392333984375,44.81594467163086,47.49396896362305,31.635780334472656,78.99592590332031
2014-11-20,168.87965393066406,44.54822540283203,47.98553466796875,31.58204460144043,79.140167236328125
2014-11-21,169.7833251953125,44.93572235107422,48.031368255615234,32.58792495727539,79.2338638305664
2014-11-24,170.2597198486328,45.1963996887207,48.531246185302734,32.319190979003906,79.262725830078125
2014-11-25,170.13648986816406,45.273902893066406,48.51041793823242,32.111846923828125,79.43577575683594
2014-11-26,170.57192993164062,45.45003128051758,48.66038513183594,32.51881790161133,79.50061798095703
2014-11-28,170.21044921875,45.083675384521484,48.110496520996094,31.86614227294922,79.74578857421875
2014-12-01,169.02752685546875,45.04140090942383,47.45646667480469,31.320968627929688,79.566497802734375
2014-12-02,170.12005615234375,45.168216705322266,47.88138198852539,31.31328773498535,79.4074935913086
2014-12-03,170.77725219726562,45.111846923828125,48.3646125793457,31.397748947143555,79.33521270751953
2014-12-04,170.5883331298828,44.963905334472656,48.17298889160156,31.451499938964844,79.57373809814453
2014-12-05,170.8676300048828,45.062530517578125,48.44792556762695,31.390077590942383,79.2340087890625
2014-12-08,169.72584533691406,44.667991638183594,47.88138198852539,30.929353713989258,79.42919158935547
2014-12-09,169.61073303222656,44.42845153808594,48.64787673950195,30.6375675201416,79.55204772949219
2014-12-10,166.8916473388672,43.864810943603516,47.58143615722656,30.184537887573242,79.68936920166016
2014-12-11,167.73782348632812,43.8084602355957,47.7730598449707,29.93113136291504,79.66047668457031
2014-12-12,165.02696228027344,42.9630126953125,47.12736892700195,29.43971061706543,79.91344451904297
2014-12-15,163.89324951171875,42.25142288208008,46.76079177856445,29.017385482788086,79.69661712646484
2014-12-16,162.5789031982422,42.55436325073242,46.6483154296875,28.971311569213867,79.89183044433594
2014-12-17,165.7662353515625,43.06304168701172,47.873043060302734,29.637279510498047,79.79053497314453
2014-12-18,169.86544799804688,43.831398010253906,48.52707290649414,30.04231071472168,79.580963134765625
2014-12-19,170.58824157714844,43.895423889160156,48.5687141418457,30.25261688232422,79.71109771728516
2014-12-22,171.3729248046875,44.108848571777344,48.864505767822266,30.6732234954834,79.83390045166016
2014-12-23,171.60421752929688,43.96656036376953,49.181095123291016,30.392818450927734,79.46529388427734
2014-12-24,171.62074279785156,44.165767669677734,49.259342193603516,30.462919235229492,79.551605224609375
2014-12-26,172.1741485595703,44.279605865478516,49.577301025390625,30.704374313354492,79.58787536621094
2014-12-29,172.40541076660156,43.95944595336914,49.87015914916992,30.517438888549805,79.75471496582031
2014-12-30,171.48031616210938,43.55393600463867,49.585662841796875,30.579744338989258,79.84173583984375
2014-12-31,169.77867126464844,43.2835807800293,49.343021392822266,30.603118896484375,79.863494873046875
2015-01-02,169.68783569335938,43.0986213684082,48.97903060913086,30.19809341430664,80.08829498291016
2015-01-05,166.6233367919922,42.08125686645508,48.12135314941406,29.660648345947266,80.26239013671875
2015-01-06,165.0539093017578,41.6046142578125,47.226043701171875,29.53601837158203,80.465423583984375
2015-01-07,167.11065673828125,42.06703567504883,47.59421157836914,30.17473030090332,80.450927734375
2015-01-08,170.07611083984375,42.63618469238281,48.351470947265625,30.68880844116211,80.32762145996094
2015-01-09,168.713134765625,42.429866790771484,47.7950325012207,30.587541580200195,80.52345275878906
2015-01-12,167.39149475097656,42.33026123046875,47.48125076293945,30.338287353515625,80.58866882324219
2015-01-13,166.9207000732422,42.54369354248047,47.66115188598633,30.603118896484375,80.61051940917969
2015-01-14,165.9129638671875,42.422752380371094,47.41432189941406,30.431760787963867,80.80628967285156
2015-01-15,164.39308166503906,42.69309616088867,46.66124725341797,30.501861572265625,81.17616271972656
2015-01-16,166.5489959716797,43.24802017211914,47.30552673339844,30.758899688720703,80.864288330078125
2015-01-20,166.90420532226562,43.39741897583008,47.046142578125,30.71216583251953,81.0020523071289
2015-01-21,167.7467498779297,43.73890686035156,46.995933532714844,31.38980484008789,80.85704040527344
2015-01-22,170.24131774902344,43.90253829956055,47.90799331665039,31.989572525024414,80.81352996826172
2015-01-23,169.3079071044922,43.65353775024414,47.79084396362305,31.748104095458984,81.01658630371094
2015-01-26,169.7044219970703,44.25113296508789,48.22594451904297,31.763683319091797,80.980377197265625
2015-01-27,167.46583557128906,44.315162658691406,47.93727111816406,31.592330932617188,80.93682861328125
2015-01-28,165.31825256347656,43.65353775024414,47.07542037963867,31.24960708618164,81.27771759033203
2015-01-29,166.84637451171875,44.25113296508789,47.66115188598633,31.24960708618164,81.2124252319336
2015-01-30,164.74830627441406,43.55393600463867,46.719818115234375,30.392818450927734,81.50252532958984
2015-02-02,166.78854370117188,44.080387115478516,47.35992431640625,30.938053131103516,81.4996109008789
2015-02-03,169.20050048828125,44.78471374511719,48.36400604248047,31.522228240966797,81.18727111816406
2015-02-04,168.55621337890625,44.41476058959961,48.11299514770508,31.366436004638672,81.31075286865234
2015-02-05,170.25782775878906,45.026607513427734,48.832603454589844,31.553380966186523,81.1436767578125
2015-02-06,169.78695678710938,44.464569091796875,48.76146697998047,31.01593589782715,80.6715316772461
2015-02-09,169.0270233154297,44.25113296508789,48.37657165527344,30.969205856323242,80.65702056884766
2015-02-10,170.8277587890625,44.65666198730469,48.47697830200195,30.891313552856445,80.56981658935547
2015-02-11,170.92689514160156,44.41476058959961,48.38492965698242,30.665435791015625,80.53355407714844
2015-02-12,172.57061767578125,45.104854583740234,48.89116287231445,31.319711685180664,80.548065185546875
2015-02-13,173.28099060058594,45.40365982055664,49.167293548583984,31.678007125854492,80.45362854003906
2015-02-17,173.55355834960938,45.5103759765625,49.2049560546875,31.607906341552734,80.1267318725586
2015-02-18,173.57012939453125,45.78071212768555,49.2049560546875,31.600112915039062,80.35189056396484
2015-02-19,173.44618225097656,45.83763885498047,49.19239807128906,31.46770668029785,80.28658294677734
2015-02-20,174.4870147705078,46.264488220214844,49.22168731689453,31.678007125854492,80.30107879638672
2015-02-23,174.46221923828125,46.100860595703125,49.217498779296875,31.3586483001709,80.44637298583984
2015-02-24,174.95779418945312,46.38542938232422,49.41832733154297,31.810422897338867,80.80229187011719
2015-02-25,174.80909729003906,46.42100524902344,49.35974884033203,31.748104095458984,80.860382080078125
2015-02-26,174.6026153564453,46.29295349121094,49.62333679199219,31.75589370727539,80.56981658935547
2015-02-27,174.0078887939453,46.314292907714844,49.45597457885742,31.732532501220703,80.7732162475586
2015-03-02,175.10647583007812,46.38542938232422,49.74464797973633,31.685800552368164,80.36286926269531
2015-03-03,174.38787841796875,46.100860595703125,49.564762115478516,31.444332122802734,80.26097869873047
2015-03-04,173.65274047851562,45.915897369384766,49.26352310180664,31.101613998413086,80.30464172363281
2015-03-05,173.8426971435547,46.02260971069336,49.200775146484375,31.054882049560547,80.34101867675781
2015-03-06,171.39773559570312,45.396549224853516,48.57320785522461,30.579744338989258,79.81718444824219
2015-03-09,172.10806274414062,45.46769332885742,48.886993408203125,30.462919235229492,80.02091217041016
2015-03-10,169.316162109375,44.47879409790039,48.1966667175293,29.785268783569336,80.21009063720703
2015-03-11,168.91969299316406,44.592620849609375,48.49371337890625,30.011152267456055,80.37010955810547
2015-03-12,171.06729125976562,45.147552490234375,49.351375579833984,30.19809341430664,80.43560028076172
2015-03-13,170.01824951171875,44.88430404663086,49.117095947265625,29.83200454711914,80.28285217285156
2015-03-16,172.289794921875,45.389427185058594,49.217498779296875,30.19029998779297,80.45745086669922
2015-03-17,171.7776641845703,45.27560043334961,49.33882141113281,30.540803909301758,80.44290924072266
2015-03-18,173.8426971435547,46.2431526184082,49.786495208740234,31.288557052612305,81.03224182128906
2015-03-19,173.04974365234375,45.70246505737305,49.757205963134766,30.758899688720703,80.74848175048828
2015-03-20,174.57717895507812,46.71269607543945,50.24251937866211,31.218456268310547,80.995880126953125
2015-03-23,174.23707580566406,46.947471618652344,50.34292221069336,31.311920166015625,81.01043701171875
2015-03-24,173.2579803466797,46.84786605834961,50.384761810302734,31.43654441833496,81.22868347167969
2015-03-25,170.7191162109375,46.627323150634766,49.50706481933594,30.938053131103516,81.0759048461914
2015-03-26,170.3125457763672,46.2218132019043,49.34739303588867,30.64984893798828,80.78485870361328
2015-03-27,170.7025146484375,46.34274673461914,49.51124572753906,30.73552703857422,80.90132141113281
2015-03-30,172.78506469726562,46.3712043762207,50.065860748291016,31.32750701904297,80.93763732910156
2015-03-31,171.27499389648438,45.65266799926758,49.9608268737793,31.257394790649414,81.0759048461914
2015-04-01,170.66929626464844,45.97991180419922,49.914615631103516,31.646839141845703,81.33907318115234
2015-04-02,171.2833251953125,46.378326416015625,50.10789108276367,32.121978759765625,81.229736328125
2015-04-06,172.43658447265625,46.84786605834961,50.30536651611328,32.5348014831543,81.28071594238281
2015-04-07,171.98025512695312,46.78384017944336,49.90199661254883,32.37122344970703,81.29534912109375
2015-04-08,172.56100463867188,46.983028411865234,50.10368347167969,33.04887008666992,81.302581787109375
2015-04-09,173.32437133789062,47.04706954956055,49.93141555786133,33.376007080078125,81.0985336303711
2015-04-10,174.27020263671875,47.13956832885742,50.13308334350586,33.39938735961914,81.0985336303711
2015-04-13,173.48199462890625,46.840755462646484,50.16250228881836,33.20466232299805,81.18598937988281
2015-04-14,173.8138885498047,47.18935775756836,50.17092514038086,33.35264587402344,81.27345275878906
2015-04-15,174.59381103515625,47.40278244018555,50.65408706665039,33.58631134033203,81.38277435302734
2015-04-16,174.54403686523438,47.530845642089844,50.481815338134766,33.85114288330078,81.33907318115234
2015-04-17,172.53610229492188,46.93324279785156,49.69611740112305,33.259178161621094,81.40467071533203
2015-04-20,174.11264038085938,46.983028411865234,50.242332458496094,33.228023529052734,81.346343994140625
2015-04-21,173.90512084960938,47.40278244018555,49.9608268737793,33.42274856567383,81.2588882446289
2015-04-22,174.7597198486328,47.495269775390625,50.08267593383789,33.78105163574219,81.0183334350586
2015-04-23,175.1995086669922,47.67313003540039,50.34316635131836,34.03028869628906,81.142242431640625
2015-04-24,175.60601806640625,47.950592041015625,50.2297248840332,34.1549186706543,81.28071594238281
2015-04-27,174.87588500976562,48.18536376953125,49.89780807495117,34.28733444213867,81.3099594116211
2015-04-28,175.43179321289062,48.24228286743164,50.35157012939453,34.34186935424805,80.99640655517578
2015-04-29,174.70994567871094,47.82252883911133,49.847381591796875,33.9134635925293,80.8141860961914
2015-04-30,172.95928955078125,47.31741714477539,49.04908752441406,33.39938735961914,80.8141860961914
2015-05-01,174.83445739746094,47.84386444091797,49.2885856628418,33.60189437866211,80.58489990234375
2015-05-04,175.33226013183594,47.79408264160156,49.406219482421875,33.796627044677734,80.43146514892578
2015-05-05,173.32437133789062,47.0826301574707,48.97765350341797,33.4305305480957,80.35846710205078
2015-05-06,172.61085510253906,47.20358657836914,49.01966094970703,33.0177116394043,80.08824920654297
2015-05-07,173.29945373535156,47.04706954956055,49.133113861083984,32.97098159790039,80.285430908203125
2015-05-08,175.58114624023438,48.13557434082031,49.393619537353516,33.3915901184082,80.54835510253906
2015-05-11,174.7431640625,47.715816497802734,49.41463088989258,33.072242736816406,80.037139892578125
2015-05-12,174.22039794921875,47.68735122680664,49.23816680908203,32.963199615478516,80.02982330322266
2015-05-13,174.25363159179688,48.04308319091797,49.2297477722168,33.02550506591797,80.02251434326172
2015-05-14,176.07064819335938,48.61933898925781,49.75495147705078,33.35264587402344,80.14667510986328
2015-05-15,176.26153564453125,48.67625045776367,49.67931365966797,33.60968780517578,80.482635498046875
2015-05-18,176.80908203125,48.512611389160156,50.11207580566406,33.2669677734375,80.175872802734375
2015-05-19,176.7510223388672,48.3276481628418,49.99863052368164,33.32148742675781,79.89835357666016
2015-05-20,176.62657165527344,48.420143127441406,50.10368347167969,33.298118591308594,80.02251434326172
2015-05-21,177.14097595214844,48.67625045776367,50.12889862060547,33.18128967285156,80.27082824707031
2015-05-22,176.71783447265625,48.363224029541016,49.80537796020508,33.29033660888672,80.18317413330078
2015-05-26,174.81784057617188,47.495269775390625,49.23395538330078,32.76068115234375,80.38040924072266
2015-05-27,176.47723388671875,47.95771026611328,49.7171516418457,32.76846694946289,80.46074676513672
2015-05-28,176.27806091308594,47.87233352661133,49.771759033203125,32.3400764465332,80.43146514892578
2015-05-29,175.1829376220703,47.40990447998047,49.4188232421875,32.028507232666016,80.46074676513672
2015-06-01,175.53970336914062,47.28184127807617,49.56587600708008,31.903884887695312,80.23832702636719
2015-06-02,175.365478515625,47.502384185791016,49.77597427368164,32.028507232666016,79.923675537109375
2015-06-03,175.8300018310547,47.765625,50.24653244018555,31.864940643310547,79.60906219482422
2015-06-04,174.34490966796875,47.253379821777344,49.76336669921875,31.382020950317383,79.77727508544922
2015-06-05,174.0461883544922,46.69135284423828,50.002845764160156,31.2418155670166,79.42613983154297
2015-06-08,172.9758758544922,46.627323150634766,49.7171516418457,31.234024047851562,79.54313659667969
2015-06-09,172.9510498046875,46.3712043762207,49.66671371459961,31.04709815979004,79.31633758544922
2015-06-10,175.0252685546875,47.34586715698242,50.389381408691406,31.49886131286621,79.1187744140625
2015-06-11,175.5894317626953,47.47393798828125,50.448211669921875,31.34307098388672,79.54313659667969
2015-06-12,174.2452850341797,47.09687042236328,50.32216262817383,31.34307098388672,79.44805145263672
2015-06-15,173.49855041503906,46.81229782104492,50.03225326538086,30.992563247680664,79.54313659667969
2015-06-16,174.44447326660156,46.798072814941406,50.36418533325195,31.0003604888916,79.67487335205078
2015-06-17,174.7265625,46.69135284423828,50.24653244018555,31.187297821044922,79.68219757080078
2015-06-18,176.5436248779297,47.11109161376953,50.70870590209961,31.47549819946289,79.66026306152344
2015-06-19,175.75990295410156,46.99726104736328,50.72970962524414,31.20287322998047,79.90898895263672
2015-06-22,176.66030883789062,47.88656234741211,50.952396392822266,31.654640197753906,79.513885498046875
2015-06-23,176.785400390625,48.014610290527344,51.22549057006836,31.966203689575195,79.33098602294922
2015-06-24,175.50143432617188,47.601993560791016,50.906490325927734,31.740318298339844,79.45537567138672
2015-06-25,174.96783447265625,47.58100509643555,50.902286529541016,31.631244659423828,79.36756896972656
2015-06-26,174.93447875976562,47.559303283691406,50.88119125366211,31.33306312561035,79.17735290527344
2015-06-29,171.2660675048828,46.09794235229492,49.667545318603516,30.634675979614258,79.64561462402344
2015-06-30,171.62452697753906,45.93154525756836,49.62540054321289,31.08979606628418,79.59436798095703
2015-07-01,173.00021362304688,46.22816467285156,49.8403205871582,31.066259384155273,79.39350128173828
2015-07-02,172.84182739257812,46.28604507446289,49.498966217041016,31.215354919433594,79.50346374511719
2015-07-06,172.34988403320312,45.35279083251953,49.36833953857422,30.344337463378906,79.78941345214844
2015-07-07,173.4337921142578,45.36726760864258,49.292484283447266,29.889202117919922,79.89933776855469
2015-07-08,170.52403259277344,44.31103515625,48.66879653930664,28.861257553100586,80.08998107910156
2015-07-09,170.83248901367188,45.04171371459961,48.7025146484375,29.418386459350586,79.796722412109375
2015-07-10,172.98358154296875,46.517539978027344,49.27984619140625,30.163856506347656,79.45947265625
2015-07-13,174.89280700683594,46.6911735534668,49.69704055786133,30.367877960205078,79.342193603515625
2015-07-14,175.6514434814453,47.081825256347656,49.94989013671875,30.42281723022461,79.47410583496094
2015-07-15,175.59315490722656,46.908203125,49.50319290161133,30.077543258666992,79.6867904663086
2015-07-16,177.0021209716797,47.31333541870117,49.81081771850586,30.454195022583008,79.75270080566406
2015-07-17,177.1522674560547,47.2337532043457,49.40626907348633,30.414958953857422,79.76011657714844
2015-07-20,177.24388122558594,47.35673522949219,49.043861389160156,30.218778610229492,79.62080383300781
2015-07-21,176.54364013671875,47.21928405761719,48.892147064208984,30.226634979248047,79.75270080566406
2015-07-22,176.22677612304688,46.857566833496094,48.87949752807617,29.795045852661133,79.78941345214844
2015-07-23,175.23463439941406,46.73457336425781,48.26002883911133,29.50470542907715,80.0167236328125
2015-07-24,173.4170684814453,46.22093200683594,47.606834411621094,29.080974578857422,80.002044677734375
2015-07-27,172.4082794189453,45.880897521972656,47.24864196777344,28.531681060791016,80.10466003417969
2015-07-28,174.52593994140625,46.45966720581055,47.56048583984375,28.822023391723633,80.0240707397461
2015-07-29,175.7265167236328,46.62604904174805,47.85126495361328,29.10451889038086,79.95804595947266
2015-07-30,175.76821899414062,46.58989334106445,48.032470703125,28.814172744750977,79.96537017822266
2015-07-31,175.50143432617188,46.86479949951172,48.285316467285156,29.1280517578125,80.28059387207031
2015-08-03,174.90945434570312,46.74181365966797,47.952388763427734,28.641536712646484,80.363616943359375
2015-08-04,174.5676727294922,46.777984619140625,47.93552780151367,28.743553161621094,80.1285629272461
2015-08-05,175.14292907714844,47.023956298828125,48.095680236816406,28.751399993896484,79.98167419433594
2015-08-06,173.7089080810547,46.8286247253418,47.83019256591797,28.500301361083984,80.077178955078125
2015-08-07,173.37538146972656,46.74181365966797,47.450927734375,28.484596252441406,80.216705322265625
2015-08-10,175.5597686767578,47.31333541870117,48.146244049072266,28.963268280029297,80.11383819580078
2015-08-11,173.97564697265625,46.58989334106445,47.775413513183594,28.327661514282227,80.37831115722656
2015-08-12,174.18411254882812,46.257102966308594,47.619476318359375,27.88823127746582,80.32694244384766
2015-08-13,173.9674072265625,46.22816467285156,47.48883819580078,27.84114646911621,80.15797424316406
2015-08-14,174.6009979248047,46.300506591796875,47.910274505615234,27.880380630493164,80.1212158203125
2015-08-17,175.57644653320312,46.21369934082031,48.192604064941406,27.57434844970703,80.26078796386719
2015-08-18,175.06787109375,45.8664436340332,47.96503448486328,27.276159286499023,80.11383819580078
2015-08-19,173.68386840820312,45.461307525634766,47.51413345336914,26.93874168395996,80.363616943359375
2015-08-20,170.05709838867188,44.361671447753906,46.51960372924805,26.5150089263916,80.488494873046875
2015-08-21,164.93798828125,43.348854064941406,46.0307731628418,25.698917388916016,80.62805938720703
2015-08-24,157.99301147460938,41.851318359375,44.28611755371094,24.576791763305664,80.59869384765625
2015-08-25,156.1337432861328,42.24921798706055,43.696144104003906,24.890670776367188,80.40772247314453
2015-08-26,162.1282958984375,43.24756622314453,44.703311920166016,25.714611053466797,80.033050537109375
2015-08-27,166.13858032226562,43.77568054199219,45.45764923095703,26.85242462158203,80.14324188232422
2015-08-28,166.14691162109375,43.710575103759766,45.9001350402832,26.507156372070312,80.06977844238281
2015-08-31,164.8046417236328,43.3850212097168,46.05605697631836,26.55423355102539,80.0110092163086
2015-09-01,159.8855743408203,41.93089294433594,44.774959564208984,25.526275634765625,80.24806213378906
2015-09-02,162.9203338623047,42.553062438964844,45.30593490600586,25.895090103149414,80.1450424194336
2015-09-03,163.03707885742188,42.65433883666992,45.394432067871094,25.997098922729492,80.26275634765625
2015-09-04,160.56919860839844,41.677696228027344,44.91401290893555,25.220245361328125,80.43206787109375
2015-09-08,164.6044921875,42.90031433105469,45.790565490722656,26.02064323425293,80.24072265625
2015-09-09,162.4034423828125,42.7266960144043,45.30173873901367,25.887245178222656,80.2701416015625
2015-09-10,163.28720092773438,43.00883102416992,45.30593490600586,26.15404510498047,80.18180084228516
2015-09-11,164.02919006347656,43.00159454345703,45.35228729248047,26.256046295166016,80.2774658203125
2015-09-14,163.4205780029297,42.67604446411133,45.15843963623047,26.216812133789062,80.29955291748047
2015-09-15,165.46322631835938,42.965415954589844,45.735782623291016,26.467918395996094,79.93892669677734
2015-09-16,166.89727783203125,43.62376022338867,46.22039794921875,27.111371994018555,79.87266540527344
2015-09-17,166.52212524414062,43.64546585083008,46.15297317504883,27.048601150512695,80.37317657470703
2015-09-18,163.80087280273438,42.553062438964844,45.34807586669922,26.546390533447266,80.43944549560547
2015-09-21,164.6472625732422,42.5313606262207,45.57984924316406,26.499309539794922,80.22599792480469
2015-09-22,162.5102081298828,41.518531799316406,44.95195007324219,26.004953384399414,80.4173583984375
2015-09-23,162.25039672851562,41.32319641113281,44.82974624633789,25.58905601501465,80.3510971069336
2015-09-24,161.6637725830078,41.20745086669922,44.90559005737305,25.47920036315918,80.454132080078125
2015-09-25,161.62191772460938,41.569175720214844,44.91447830200195,25.424270629882812,80.31428527832031
2015-09-28,157.5655975341797,40.751686096191406,43.9755859375,24.882827758789062,80.5056381225586
2015-09-29,157.65777587890625,40.69379806518555,43.78950500488281,25.000532150268555,80.63079833984375
2015-09-30,160.59945678710938,41.467891693115234,44.318153381347656,25.722454071044922,80.66027069091797
2015-10-01,161.0184783935547,41.59811019897461,44.055931091308594,25.863698959350586,80.72293853759766
2015-10-02,163.42376708984375,42.30707931518555,44.52116012573242,26.55423355102539,80.96630859375
2015-10-05,166.3318328857422,43.146278381347656,45.85335922241211,27.12706756591797,80.66394805908203
2015-10-06,165.76197814941406,43.196922302246094,45.80683517456055,27.079984664916992,80.86305236816406
2015-10-07,167.11962890625,43.739501953125,46.453922271728516,27.80191421508789,80.80406951904297
2015-10-08,168.62818908691406,44.08675765991211,47.10944747924805,28.10009765625,80.693450927734375
2015-10-09,168.7287139892578,44.16634750366211,47.071380615234375,28.20210075378418,80.6270980834961
2015-10-12,168.88795471191406,44.079524993896484,47.10098648071289,27.990234375,80.83354187011719
2015-10-13,167.82359313964844,43.52248001098633,46.61037826538086,27.535112380981445,80.84095001220703
2015-10-14,167.01904296875,43.60929489135742,46.14940643310547,27.746980667114258,81.14324188232422
2015-10-15,169.58358764648438,44.35443878173828,47.033321380615234,28.42182159423828,81.03269958496094
2015-10-16,170.35458374023438,44.31826400756836,46.902217864990234,28.44536590576172,80.9515609741211
2015-10-19,170.4383544921875,44.16634750366211,46.87683868408203,28.155029296875,81.03269958496094
2015-10-20,170.22048950195312,43.98548126220703,47.143287658691406,28.14718246459961,80.870452880859375
2015-10-21,169.1645050048828,43.96377944946289,46.44969177246094,27.739137649536133,81.06219482421875
2015-10-22,172.02235412597656,44.45572280883789,46.89797592163086,28.311965942382812,81.07695007324219
2015-10-23,173.90798950195312,44.89702606201172,47.28707504272461,28.47675132751465,80.93678283691406
2015-10-26,173.48057556152344,44.730628967285156,47.04179000854492,28.21780014038086,80.97367095947266
2015-10-27,173.1453399658203,44.33997344970703,46.39893341064453,27.896066665649414,81.0916748046875
2015-10-28,175.1148223876953,44.62934875488281,47.72690963745117,27.57434844970703,80.84832763671875
2015-10-29,175.0142364501953,44.303794860839844,47.35051727294922,27.31539535522461,80.5017318725586
2015-10-30,174.2599639892578,44.209747314453125,47.22786331176758,27.36247444152832,80.71556091308594
2015-11-02,176.32159423828125,44.62934875488281,48.031429290771484,27.903913497924805,80.55667877197266
2015-11-03,176.83287048339844,44.614871978759766,48.34438705444336,28.27273178100586,80.40892791748047
2015-11-04,176.2964630126953,44.36891174316406,48.17521667480469,28.0451717376709,80.40892791748047
2015-11-05,176.12049865722656,44.289329528808594,48.3824462890625,28.092252731323242,80.37198638916016
2015-11-06,176.02833557128906,44.08675765991211,48.58967208862305,27.699893951416016,79.98773956298828
2015-11-09,174.38572692871094,43.6309928894043,47.90876770019531,27.009363174438477,79.935943603515625
2015-11-10,174.7879638671875,43.602054595947266,48.03987121582031,26.891658782958984,80.08378601074219
2015-11-11,174.10072326660156,43.826332092285156,47.62543487548828,26.946590423583984,79.98033142089844
2015-11-12,171.6703643798828,43.25479507446289,46.66960144042969,26.687639236450195,80.054229736328125
2015-11-13,169.7427215576172,42.89308547973633,46.360877990722656,26.318828582763672,80.20939636230469
2015-11-16,172.3240203857422,43.4356575012207,46.93181610107422,26.828882217407227,80.275909423828125
2015-11-17,172.1983184814453,43.55141067504883,46.707679748535156,26.75040626525879,80.33501434326172
2015-11-18,174.93038940429688,43.949302673339844,47.41394805908203,27.040752410888672,80.275909423828125
2015-11-19,174.77955627441406,44.173580169677734,47.2828483581543,27.284006118774414,80.31285858154297
2015-11-20,175.4165496826172,44.07229995727539,47.56620407104492,27.558645248413086,80.2611083984375
2015-11-23,175.2153778076172,43.79738998413086,47.743831634521484,27.299697875976562,80.28328704833984
2015-11-24,175.4500274658203,43.80461883544922,48.15829849243164,27.440946578979492,80.357208251953125
2015-11-25,175.42494201660156,43.90591049194336,48.3824462890625,27.229084014892578,80.39411926269531
2015-11-27,175.6260223388672,43.91313934326172,48.4670295715332,26.632705688476562,80.37198638916016
2015-11-30,174.89694213867188,43.87697219848633,48.39514923095703,26.67194366455078,80.4015121459961
2015-12-01,176.56466674804688,44.33997344970703,48.71232986450195,26.875965118408203,80.68328094482422
2015-12-02,174.76275634765625,43.86973571777344,48.23442459106445,26.55423355102539,80.58686065673828
2015-12-03,172.31573486328125,43.659934997558594,47.54506301879883,26.40514373779297,79.99372100830078
2015-12-04,175.67636108398438,44.0144157409668,47.90876770019531,26.58562660217285,80.25321960449219
2015-12-07,174.61199951171875,43.732276916503906,47.17710494995117,26.146194458007812,80.371856689453125
2015-12-08,173.43869018554688,43.088409423828125,46.74996566772461,25.855854034423828,80.40150451660156
2015-12-09,172.0894317626953,42.89308547973633,46.200164794921875,25.64398765563965,80.40150451660156
2015-12-10,172.53353881835938,42.90031433105469,46.22976303100586,25.471349716186523,80.386749267578125
2015-12-11,169.18966674804688,42.08283233642578,45.328941345214844,24.75727653503418,80.58686065673828
2015-12-14,170.04443359375,42.14792251586914,45.1217041015625,25.157474517822266,80.20874786376953
2015-12-15,171.82960510253906,42.35773468017578,45.696876525878906,25.541973114013672,80.21623229980469
2015-12-16,174.3438262939453,43.211387634277344,46.360877990722656,26.044187545776367,80.07526397705078
2015-12-17,171.68710327148438,42.66157913208008,45.86182403564453,25.706754684448242,80.1865234375
2015-12-18,168.6285400390625,42.21303939819336,45.113250732421875,25.620445251464844,80.35704803466797
2015-12-21,170.01953125,42.408626556396484,45.40082550048828,25.820476531982422,80.28289794921875
2015-12-22,171.56234741210938,42.729736328125,46.06483840942383,26.027671813964844,80.22355651855469
2015-12-23,173.68685913085938,43.44493865966797,46.77957534790039,26.394258499145508,80.20874786376953
2015-12-24,173.400146484375,43.371952056884766,46.8530387878418,26.298633575439453,80.24739074707031
2015-12-28,173.00396728515625,43.269798278808594,46.555755615234375,26.115339279174805,80.24739074707031
2015-12-29,174.85025024414062,43.700374603271484,46.97620391845703,26.13924217224121,80.04680633544922
2015-12-30,173.61097717285156,43.43763732910156,46.50053787231445,25.732810974121094,80.03193664550781
2015-12-31,171.87423706054688,42.85381317138672,45.93568420410156,25.65311622619629,80.24739074707031
2016-01-04,169.47149658203125,42.19698715209961,45.05654525756836,24.95182228088379,80.2176284790039
2016-01-05,169.75820922851562,42.13131332397461,45.1457405090332,25.007606506347656,80.25486755371094
2016-01-06,167.61685180664062,41.437992095947266,44.568145751953125,24.52944564819336,80.55943298339844
2016-01-07,163.595458984375,40.57683563232422,43.40871810913086,23.772371292114258,80.5519790649414
2016-01-08,161.79969787597656,40.087867736816406,42.60177230834961,23.517353057861328,80.73033142089844
2016-01-11,161.95993041992188,40.25571823120117,42.572059631347656,23.509382247924805,80.49998474121094
2016-01-12,163.26663208007812,40.445465087890625,42.53382873535156,23.55719757080078,80.67829895019531
2016-01-13,159.19467163085938,39.81784439086914,41.44658660888672,23.310152053833008,80.86399841308594
2016-01-14,161.80812072753906,40.328697204589844,42.032684326171875,23.61298370361328,80.83428192138672
2016-01-15,158.33474731445312,38.86909103393555,41.43810272216797,22.680574417114258,80.9309310913086
2016-01-19,158.54554748535156,39.226707458496094,40.915714263916016,23.015281677246094,80.84916687011719
2016-01-20,156.5137176513672,38.336341857910156,41.04737854003906,22.513219833374023,80.91606903076172
2016-01-21,157.39051818847656,38.62096405029297,41.013404846191406,22.60088539123535,80.80463409423828
2016-01-22,160.61941528320312,39.75946044921875,41.89251708984375,23.3739013671875,80.86399841308594
2016-01-25,158.19146728515625,39.226707458496094,40.94968032836914,22.97543716430664,80.81945037841797
2016-01-26,160.34963989257812,39.927310943603516,42.06665802001953,23.310152053833008,80.9234619140625
2016-01-27,158.6045379638672,39.671871185302734,41.57825469970703,23.230457305908203,80.93836212158203
2016-01-28,159.4307098388672,39.78864669799805,41.807586669921875,23.597042083740234,81.00518798828125
2016-01-29,163.3171844482422,40.489253997802734,43.247318267822266,24.362096786499023,81.24295806884766
2016-02-01,163.2581787109375,40.445465087890625,42.9840087890625,24.130985260009766,81.14469909667969
2016-02-02,160.31594848632812,39.504032135009766,42.09213638305664,23.349994659423828,81.39038848876953
2016-02-03,161.27700805664062,39.832435607910156,42.37244415283203,24.011445999145508,81.38291931152344
2016-02-04,161.5299835205078,39.883522033691406,42.6782341003418,24.194740295410156,81.46480560302734
2016-02-05,158.45277404785156,39.27049255371094,41.95197677612305,23.915815353393555,81.39038848876953
2016-02-08,156.31982421875,38.540687561035156,41.807586669921875,23.589075088500977,81.70304870605469
2016-02-09,156.32823181152344,38.095516204833984,41.47207260131836,23.262332916259766,81.69561004638672
2016-02-10,156.1934051513672,38.051727294921875,41.289451599121094,23.357967376708984,81.89665985107422
2016-02-11,154.1615753173828,37.49707794189453,40.703365325927734,22.967472076416016,81.94878387451172
2016-02-12,157.33998107910156,38.15390396118164,41.48056411743164,23.365934371948242,81.72535705566406
2016-02-16,159.99560546875,38.927490234375,42.368202209472656,23.883935928344727,81.52437591552734
2016-02-17,162.60903930664062,39.59890365600586,42.865089416503906,24.354129791259766,81.479705810546875
2016-02-18,161.94302368164062,39.39455795288086,42.82687759399414,24.210678100585938,81.72535705566406
2016-02-19,161.86715698242188,39.35076141357422,42.88633346557617,24.09910774230957,81.74028778076172
2016-02-22,164.2108612060547,39.79594421386719,43.39597702026367,24.696805953979492,81.76264190673828
2016-02-23,162.13697814941406,39.14643096923828,43.090187072753906,24.170833587646484,81.777496337890625
2016-02-24,162.87881469726562,39.007774353027344,43.57009506225586,24.115047454833984,81.80731964111328
2016-02-25,164.8516082763672,39.47483825683594,43.95232391357422,24.194740295410156,82.01575469970703
2016-02-26,164.47225952148438,39.37266159057617,44.075496673583984,23.955657958984375,81.86687469482422
2016-02-29,163.18235778808594,39.13912582397461,44.14768981933594,24.162860870361328,81.96361541748047
2016-03-01,167.0182342529297,40.16084289550781,44.89516830444336,25.023548126220703,81.71820068359375
2016-03-02,167.7686004638672,40.43817138671875,45.49399948120117,25.358251571655273,81.62867736816406
2016-03-03,168.42616271972656,40.8322639465332,46.12255859375,25.64515495300293,81.72570037841797
2016-03-04,168.97409057617188,41.131473541259766,46.4495735168457,26.155179977416992,81.59888458251953
2016-03-07,169.1090545654297,41.08039855957031,47.201297760009766,26.115339279174805,81.5764389038086
2016-03-08,167.2627410888672,40.67900466918945,46.020626068115234,25.669055938720703,81.777862548828125
2016-03-09,168.08895874023438,40.8322639465332,46.31792068481445,25.828447341918945,81.74060821533203
2016-03-10,168.2238006591797,40.766578674316406,45.995140075683594,25.868288040161133,81.777862548828125
2016-03-11,170.93850708007812,41.83208084106445,46.920989990234375,26.41020393371582,81.62867736816406
2016-03-14,170.71926879882812,41.74451446533203,46.721378326416016,26.250810623168945,81.6734619140625
2016-03-15,170.44105529785156,41.35042190551758,46.07583236694336,25.876258850097656,81.59888458251953
2016-03-16,171.42747497558594,41.7153205871582,46.41984558105469,26.394258499145508,81.949462890625
2016-03-17,172.51495361328125,42.03642272949219,47.50707244873047,26.976016998291016,82.1210708618164
2016-03-18,173.19296264648438,41.96345138549805,47.902042388916016,27.11946678161621,82.1882095336914
2016-03-21,173.4386749267578,41.89776611328125,47.7703971862793,27.175247192382812,82.0091781616211
2016-03-22,173.345458984375,41.824790954589844,47.56653594970703,27.111494064331055,81.95690155029297
2016-03-23,172.20143127441406,41.401512145996094,46.732398986816406,26.64928436279297,82.13599395751953
2016-03-24,172.1251678466797,41.124176025390625,46.99240493774414,26.585527420043945,82.14337921142578
2016-03-28,172.2268829345703,41.372310638427734,46.9710807800293,26.673187255859375,82.20313262939453
2016-03-29,173.81993103027344,41.81748580932617,48.232749938964844,27.039772033691406,82.44930267333984
2016-03-30,174.58265686035156,42.13131332397461,48.2583122253418,27.31869888305664,82.41943359375
2016-03-31,174.15896606445312,41.7153205871582,48.300933837890625,27.2947940826416,82.680572509765625
2016-04-01,175.34535217285156,41.27014923095703,48.29241943359375,27.215097427368164,82.60729217529297
2016-04-04,174.77755737304688,41.182559967041016,47.71273422241211,26.888364791870117,82.68951416015625
2016-04-05,173.03195190429688,40.37248611450195,47.05635070800781,26.362388610839844,82.80164337158203
2016-04-06,174.92161560058594,41.02931213378906,47.32487106323242,26.681150436401367,82.7867202758789
2016-04-07,172.82852172851562,40.43087387084961,46.63010025024414,26.147216796875,82.96612548828125
2016-04-08,173.29458618164062,41.20446014404297,46.941253662109375,26.601463317871094,82.88387298583984
2016-04-11,172.88784790039062,41.226356506347656,46.975341796875,26.944141387939453,82.94367218017578
2016-04-12,174.49794006347656,41.839385986328125,47.52946853637695,27.35854721069336,82.809112548828125
2016-04-13,176.260498046875,42.50350570678711,48.586524963378906,27.84467124938965,82.84651947021484
2016-04-14,176.26898193359375,42.64216232299805,48.51405334472656,27.709192276000977,82.7044906616211
2016-04-15,176.0740966796875,42.54729080200195,48.6717643737793,27.549806594848633,82.93622589111328
2016-04-18,177.3113250732422,42.91218948364258,49.00849151611328,27.677310943603516,82.92875671386719
2016-04-19,177.87063598632812,43.656578063964844,49.319637298583984,28.099689483642578,82.92131805419922
2016-04-20,178.04006958007812,43.69307327270508,49.30259323120117,27.972179412841797,82.719390869140625
2016-04-21,177.08251953125,43.43035125732422,48.91897201538086,27.693256378173828,82.60729217529297
2016-04-22,177.08251953125,43.45224380493164,49.485870361328125,27.525901794433594,82.61478424072266
2016-04-25,176.7774200439453,43.233299255371094,49.0894775390625,27.3505802154541,82.525054931640625
2016-04-26,177.04013061523438,43.386558532714844,49.83964920043945,27.645435333251953,82.48771667480469
2016-04-27,177.40447998046875,43.41575622558594,50.159332275390625,27.81279945373535,82.73436737060547
2016-04-28,175.79437255859375,42.824607849121094,49.55406188964844,27.525901794433594,82.8988265991211
2016-04-29,174.84542846679688,42.64216232299805,49.328155517578125,27.406360626220703,82.891357421875
2016-05-02,176.23507690429688,43.043556213378906,49.575382232666016,27.33463478088379,82.83518981933594
2016-05-03,174.70132446289062,42.33564376831055,48.84652328491211,26.561620712280273,82.98497772216797
2016-05-04,173.7267303466797,41.84668731689453,48.59078598022461,26.13127326965332,83.022430419921875
2016-05-05,173.69293212890625,41.75910949707031,48.25405502319336,26.123308181762695,83.23211669921875
2016-05-06,174.32846069335938,41.87587356567383,48.714393615722656,26.16314697265625,83.10481262207031
2016-05-09,174.47250366210938,41.78829574584961,48.47142791748047,25.828447341918945,83.1572265625
2016-05-10,176.64190673828125,42.38672637939453,49.01274490356445,26.322540283203125,83.19466400146484
2016-05-11,174.98939514160156,42.02183532714844,48.44160079956055,26.2587833404541,83.19466400146484
2016-05-12,175.04029846191406,42.00724411010742,48.2668571472168,26.187061309814453,83.11978912353516
2016-05-13,173.51492309570312,41.576656341552734,47.76388168334961,25.71687889099121,83.27706146240234
2016-05-16,175.2267303466797,42.07292938232422,48.22847366333008,26.027671813964844,83.13471984863281
2016-05-17,173.5912322998047,41.76640319824219,47.465518951416016,25.90813636779785,83.022430419921875
2016-05-18,173.64202880859375,41.781005859375,47.56354904174805,25.65311622619629,82.67789459228516
2016-05-19,173.0403594970703,41.48178482055664,47.22682189941406,25.414045333862305,82.73035430908203
2016-05-20,174.13356018066406,41.824790954589844,47.95143508911133,25.669055938720703,82.78276824951172
2016-05-23,173.8962860107422,41.68612289428711,47.84061813354492,25.62124252319336,82.767791748046875
2016-05-24,176.15036010742188,42.2918586730957,48.744224548339844,25.88422966003418,82.72285461425781
2016-05-25,177.34523010253906,42.737037658691406,49.102256774902344,26.19502830505371,82.737823486328125
2016-05-26,177.39605712890625,42.85381317138672,48.97865676879883,26.3703556060791,82.86518859863281
2016-05-27,178.15867614746094,42.81001281738281,49.413421630859375,26.362388610839844,82.850189208984375
2016-05-31,177.81971740722656,42.605674743652344,49.5455436706543,26.394258499145508,82.902587890625
2016-06-01,178.18408203125,42.569183349609375,49.873748779296875,26.378326416015625,82.85608673095703
2016-06-02,178.7264862060547,42.569183349609375,50.1124382019043,26.59349250793457,83.06615447998047
2016-06-03,178.1925811767578,42.84650802612305,49.88227081298828,26.999927520751953,83.51640319824219
2016-06-06,179.09934997558594,43.08733367919922,50.53866958618164,27.286821365356445,83.40385437011719
2016-06-07,179.3790283203125,43.401153564453125,50.730472564697266,27.53386688232422,83.47892761230469
2016-06-08,179.9636993408203,43.488731384277344,51.12687301635742,27.733102798461914,83.5088882446289
2016-06-09,179.71795654296875,42.95598220825195,50.84556579589844,27.41432762145996,83.568939208984375
2016-06-10,178.01466369628906,41.7080192565918,50.172119140625,26.721004486083984,83.68145751953125
2016-06-13,176.64190673828125,41.10228729248047,49.57963943481445,26.346450805664062,83.7490234375
2016-06-14,176.2944793701172,40.445465087890625,49.5498046875,26.2587833404541,83.71150970458984
2016-06-15,176.0487060546875,40.71548843383789,49.5583381652832,26.53771209716797,83.89156341552734
2016-06-16,176.57408142089844,40.803070068359375,49.5498046875,26.442075729370117,83.9441146850586
2016-06-17,175.91653442382812,41.20446014404297,49.664886474609375,26.513803482055664,83.88409423828125
2016-06-20,177.04933166503906,42.22618103027344,50.23604202270508,26.983991622924805,83.6514663696289
2016-06-21,177.55194091796875,42.569183349609375,50.11203384399414,27.191192626953125,83.5914306640625
2016-06-22,177.26235961914062,42.543113708496094,49.8640251159668,27.260265350341797,83.64399719238281
2016-06-23,179.57069396972656,43.719905853271484,50.791954040527344,27.91887855529785,83.50139617919922
2016-06-24,173.12252807617188,39.966094970703125,48.98313903808594,26.22414779663086,83.95159912109375
2016-06-27,170.02188110351562,39.198951721191406,47.366764068603516,25.886808395385742,84.28929138183594
2016-06-28,173.08843994140625,40.226783752441406,47.879905700683594,26.649837493896484,84.39430236816406
2016-06-29,176.03575134277344,40.96412658691406,48.88478088378906,27.324520111083984,84.3343276977539
2016-06-30,178.43780517578125,41.57487487792969,49.958091735839844,27.59760284423828,84.50689697265625
2016-07-01,178.8126220703125,41.57487487792969,50.137699127197266,27.862653732299805,84.68880462646484
2016-07-05,177.52638244628906,40.77048873901367,49.30813217163086,27.26828956604004,84.91434478759766
2016-07-06,178.59115600585938,40.696006774902344,49.54759216308594,27.19601058959961,85.07219696044922
2016-07-07,178.48043823242188,40.53213882446289,49.568965911865234,27.123720169067383,85.01210021972656
2016-07-08,181.1380615234375,41.150325775146484,50.80477523803711,27.71004867553711,85.13990783691406
2016-07-11,181.77691650390625,41.75362777709961,51.416259765625,27.9751033782959,84.91434478759766
2016-07-12,183.09725952148438,42.31967544555664,52.22443771362305,28.368669509887695,84.65872955322266
2016-07-13,183.07167053222656,42.274993896484375,52.18595504760742,28.320470809936523,84.77903747558594
2016-07-14,184.09390258789062,42.63994216918945,52.22017288208008,28.730104446411133,84.7038803100586
2016-07-15,183.8468780517578,42.4239387512207,52.382667541503906,28.66584014892578,84.3956527709961
2016-07-18,184.34091186523438,42.52821731567383,52.44253158569336,28.922861099243164,84.41068267822266
2016-07-19,184.15354919433594,42.193058013916016,52.1047248840332,28.62568473815918,84.5835952758789
2016-07-20,184.92013549804688,42.57291030883789,52.335628509521484,28.770261764526367,84.50838470458984
2016-07-21,184.2216339111328,42.4015998840332,52.09188461303711,28.68191146850586,84.5835952758789
2016-07-22,185.0479278564453,42.48353576660156,52.3997688293457,28.89073944091797,84.5986099243164
2016-07-25,184.54530334472656,42.431392669677734,52.207340240478516,28.601585388183594,84.500885009765625
2016-07-26,184.63050842285156,42.61014175415039,52.5537109375,28.82648277282715,84.500885009765625
2016-07-27,184.43460083007812,42.76655578613281,52.63067626953125,28.922861099243164,84.74901580810547
2016-07-28,184.64755249023438,42.72187042236328,52.33991241455078,28.930892944335938,84.74143981933594
2016-07-29,184.94570922851562,43.228336334228516,52.48529052734375,29.083505630493164,84.96699523925781
2016-08-01,184.79232788085938,42.94530487060547,52.4083251953125,29.02728271484375,84.76892852783203
2016-08-02,183.6083221435547,42.729312896728516,51.600135803222656,28.818458557128906,84.520355224609375
2016-08-03,184.1449737548828,42.58035659790039,51.90373229980469,28.91483497619629,84.61071014404297
2016-08-04,184.34091186523438,42.826141357421875,51.839599609375,29.07547950744629,84.76892852783203
2016-08-05,185.84860229492188,43.01979446411133,52.634952545166016,29.412813186645508,84.48270416259766
2016-08-08,185.7378692626953,43.10916519165039,52.724761962890625,29.621639251708984,84.53543853759766
2016-08-09,185.84860229492188,43.4517822265625,52.68627166748047,29.82244110107422,84.75382995605469
2016-08-10,185.38864135742188,43.600730895996094,52.46818161010742,29.830469131469727,84.85174560546875
2016-08-11,186.2489471435547,43.913551330566406,52.75468826293945,30.215993881225586,84.62581634521484
2016-08-12,186.08706665039062,43.80183792114258,52.64777374267578,30.103553771972656,84.8292007446289
2016-08-15,186.623779296875,43.97312545776367,53.16519546508789,30.416799545288086,84.67850494384766
2016-08-16,185.66122436523438,43.90610122680664,52.83164978027344,30.280254364013672,84.62581634521484
2016-08-17,186.0104217529297,43.891204833984375,52.7119140625,30.08749008178711,84.78395080566406
2016-08-18,186.4278564453125,44.114654541015625,53.03691482543945,30.368606567382812,84.90448760986328
2016-08-19,186.15524291992188,43.78694152832031,53.058292388916016,30.199939727783203,84.716156005859375
2016-08-22,186.146728515625,43.83162307739258,53.173736572265625,29.798337936401367,84.8442153930664
2016-08-23,186.5215301513672,44.017826080322266,53.5329475402832,29.677865982055664,84.866851806640625
2016-08-24,185.5675048828125,43.913551330566406,53.16091537475586,29.7581729888916,84.83667755126953
2016-08-25,185.43972778320312,43.73480224609375,53.36190414428711,29.78227996826172,84.74628448486328
2016-08-26,185.09051513671875,43.47411346435547,53.12244415283203,29.52526092529297,84.61071014404297
2016-08-29,186.00196838378906,43.60818099975586,53.408935546875,29.750144958496094,84.8442153930664
2016-08-30,185.69525146484375,43.5485954284668,53.387550354003906,29.669822692871094,84.79903411865234
2016-08-31,185.1671600341797,43.4592170715332,53.079681396484375,29.34052276611328,84.78395080566406
2016-09-01,185.17568969726562,43.757137298583984,53.041194915771484,29.5654239654541,84.85791778564453
2016-09-02,186.0104217529297,44.26359939575195,53.712547302246094,30.047334671020508,84.7447280883789
2016-09-06,186.57261657714844,44.56153106689453,53.63129425048828,30.689882278442383,84.92582702636719
2016-09-07,186.55560302734375,44.5838737487793,53.969120025634766,30.593503952026367,84.97111511230469
2016-09-08,186.1296844482422,44.45725631713867,53.86219787597656,30.51318359375,84.67684173583984
2016-09-09,181.67469787597656,43.593292236328125,52.14320373535156,29.48509979248047,84.30707550048828
2016-09-12,184.28125,43.950782775878906,52.724761962890625,29.68589210510254,84.37496185302734
2016-09-13,181.6321563720703,43.064476013183594,51.71559143066406,28.93893051147461,84.1410903930664
2016-09-14,181.56396484375,43.0048942565918,51.46757125854492,29.02728271484375,84.246673583984375
2016-09-15,183.3783416748047,43.37730026245117,52.100440979003906,29.52526092529297,84.29955291748047
2016-09-16,182.66944885253906,42.81869125366211,52.00209045410156,29.324464797973633,84.359893798828125
2016-09-19,182.70372009277344,43.04213333129883,52.382667541503906,29.557390213012695,84.29199981689453
2016-09-20,182.7123260498047,43.30280685424805,52.10900115966797,29.573453903198242,84.32220458984375
2016-09-21,184.76699829101562,44.06251525878906,52.938568115234375,30.400737762451172,84.53348541259766
2016-09-22,185.93128967285156,44.50939178466797,53.815162658691406,30.61759376525879,84.70698547363281
2016-09-23,184.9124755859375,44.136985778808594,53.408935546875,30.22403335571289,84.68437957763672
2016-09-26,183.41432189941406,43.727352142333984,52.852569580078125,29.78227996826172,84.79002380371094
2016-09-27,184.5529327392578,43.9359016418457,52.87830352783203,30.207975387573242,84.89564514160156
2016-09-28,185.46896362304688,44.24871063232422,53.513179779052734,30.481056213378906,84.91831970214844
2016-09-29,183.7909698486328,43.69755935668945,52.94265365600586,29.95095443725586,84.91831970214844
2016-09-30,185.1779022216797,44.04017639160156,53.53892135620117,30.07946014404297,84.82769775390625
2016-10-03,184.73268127441406,43.920997619628906,53.375911712646484,30.288286209106445,84.73172760009766
2016-10-04,183.7909698486328,43.913551330566406,53.03273391723633,29.95095443725586,84.4444808959961
2016-10-05,184.60427856445312,44.09230422973633,53.38019943237305,30.384674072265625,84.33104705810547
2016-10-06,184.73268127441406,43.853965759277344,53.345882415771484,30.408769607543945,84.33104705810547
2016-10-07,184.0991668701172,43.630531311035156,52.839717864990234,30.272228240966797,84.34618377685547
2016-10-10,185.05801391601562,43.757137298583984,53.397361755371094,30.60153579711914,84.30843353271484
2016-10-11,182.7208251953125,43.138954162597656,52.57804870605469,29.894731521606445,84.17993927001953
2016-10-12,182.9605712890625,43.04213333129883,52.728179931640625,29.8384952545166,84.2101058959961
2016-10-13,182.3612518310547,42.878273010253906,52.119041442871094,29.573453903198242,84.33104705810547
2016-10-14,182.45545959472656,42.95275115966797,52.06756591796875,29.621639251708984,84.187469482421875
2016-10-17,181.82192993164062,42.826141357421875,51.968902587890625,29.589513778686523,84.33104705810547
2016-10-18,182.9605712890625,43.250675201416016,52.2305793762207,30.111587524414062,84.46714782714844
2016-10-19,183.4485626220703,43.36984634399414,52.560882568359375,30.296323776245117,84.51248931884766
2016-10-20,183.10606384277344,43.43687057495117,52.247737884521484,30.207975387573242,84.4822769165039
2016-10-21,183.19171142578125,43.340049743652344,52.13191223144531,30.199939727783203,84.53519439697266
2016-10-24,183.97076416015625,43.332603454589844,52.5351448059082,30.328439712524414,84.40667724609375
2016-10-25,183.35435485839844,43.30280685424805,52.13191223144531,30.36058235168457,84.40667724609375
2016-10-26,182.98622131347656,43.10916519165039,51.86167526245117,30.039304733276367,84.2403793334961
2016-10-27,182.49826049804688,43.05702590942383,51.411251068115234,29.78227996826172,84.02870178222656
2016-10-28,181.95889282226562,43.04213333129883,51.243961334228516,29.661800384521484,84.02870178222656
2016-10-31,181.96751403808594,43.064476013183594,51.5356559753418,29.830469131469727,84.1345443725586
2016-11-01,180.64903259277344,42.878273010253906,50.823585510253906,29.589513778686523,84.08911895751953
2016-11-02,179.56178283691406,42.587806701660156,50.28308868408203,29.236112594604492,84.18754577636719
2016-11-03,178.73988342285156,42.543113708496094,50.23160171508789,29.155790328979492,84.07392883300781
2016-11-04,178.54296875,42.133480072021484,50.50185775756836,28.858612060546875,84.24816131591797
2016-11-07,182.48110961914062,42.714420318603516,51.724403381347656,29.902759552001953,84.1496810913086
2016-11-08,183.30300903320312,42.83359146118164,51.84880065917969,30.095523834228516,84.01337432861328
2016-11-09,185.24635314941406,42.87083053588867,53.50460433959961,29.11563491821289,83.23328399658203
2016-11-10,185.708740234375,42.75166702270508,54.61131286621094,28.288345336914062,82.89249420166016
2016-11-11,185.28062438964844,42.4909782409668,56.03118133544922,27.750207901000977,82.74100494384766
2016-11-14,185.42620849609375,42.260093688964844,57.01351547241211,27.54941177368164,82.40779876708984
2016-11-15,186.87303161621094,42.4462890625,57.16365051269531,28.10361671447754,82.46836853027344
2016-11-16,186.5220184326172,41.999412536621094,57.24946975708008,27.870691299438477,82.65013885498047
2016-11-17,187.4808807373047,42.31967544555664,57.37812805175781,27.910852432250977,82.33961486816406
2016-11-18,187.0613250732422,41.8578987121582,57.54973602294922,27.782339096069336,82.07453918457031
2016-11-21,188.4739227294922,42.21540069580078,57.81996536254883,28.055419921875,82.1427001953125
2016-11-22,188.84210205078125,42.31967544555664,58.76797866821289,28.481111526489258,82.2184066772461
2016-11-23,188.94479370117188,42.170711517333984,59.07682418823242,28.1759033203125,81.93067169189453
2016-11-25,189.64682006835938,42.297325134277344,59.2784423828125,28.31244468688965,81.92304229736328
2016-11-28,188.7564697265625,42.073890686035156,58.574951171875,28.424884796142578,82.21087646484375
2016-11-29,189.12457275390625,42.342018127441406,58.566375732421875,28.465051651000977,82.30174255371094
2016-11-30,188.6708221435547,42.297325134277344,58.41193389892578,28.513235092163086,81.97608184814453
2016-12-01,187.97744750976562,42.133480072021484,58.30897903442383,28.1759033203125,81.70594024658203
2016-12-02,188.07156372070312,42.23773956298828,58.424808502197266,28.208019256591797,81.96395111083984
2016-12-05,189.20164489746094,42.65483093261719,59.518646240234375,28.44094467163086,82.0322494506836
2016-12-06,189.8009033203125,42.94530487060547,60.1578254699707,28.59356117248535,82.01708221435547
2016-12-07,192.2836456298828,43.58584213256836,60.84846115112305,29.07547950744629,82.229522705078125
2016-12-08,192.75453186035156,43.5485954284668,61.847938537597656,29.203983306884766,82.0777359008789
2016-12-09,193.9187774658203,43.73480224609375,62.028106689453125,29.051376342773438,81.82735443115234
2016-12-12,193.69622802734375,43.5411491394043,61.354637145996094,28.858612060546875,81.75148010253906
2016-12-13,194.98898315429688,44.01038360595703,61.328880310058594,29.179887771606445,81.85772705078125
2016-12-14,193.3794708251953,43.36240005493164,60.48811340332031,28.31244468688965,81.41007232666016
2016-12-15,194.17568969726562,43.26557159423828,61.06293869018555,28.36063575744629,81.3114242553711
2016-12-16,193.79592895507812,43.29536437988281,60.724063873291016,28.232128143310547,81.3645248413086
2016-12-19,194.21792602539062,43.228336334228516,60.96425247192383,28.03936195373535,81.57695007324219
2016-12-20,194.9670867919922,43.37730026245117,61.62486267089844,28.135740280151367,81.50108337402344
2016-12-21,194.42457580566406,43.38933563232422,61.245113372802734,28.01875877380371,81.675628662109375
2016-12-22,194.0886688232422,43.291507720947266,60.54332733154297,27.685691833496094,81.67481994628906
2016-12-23,194.3728790283203,43.404388427734375,60.73710250854492,27.848161697387695,81.69767761230469
2016-12-27,194.85516357421875,43.3516960144043,61.098758697509766,27.970020294189453,81.6368179321289
2016-12-28,193.24481201171875,43.186153411865234,60.43571090698242,28.181230545043945,81.76612854003906
2016-12-29,193.20169067382812,43.291507720947266,60.54765319824219,28.644283294677734,82.01710510253906
2016-12-30,192.49559020996094,43.4420051574707,60.280704498291016,28.441184997558594,82.18437194824219
2017-01-03,193.9681396484375,43.712913513183594,60.741390228271484,28.782394409179688,82.268035888671875
2017-01-04,195.1221160888672,44.209556579589844,61.85649490356445,29.00172996520996,82.29088592529297
2017-01-05,194.9670867919922,44.585811614990234,60.79304885864258,29.318559646606445,82.63310241699219
2017-01-06,195.66470336914062,44.43531799316406,60.47015380859375,29.196701049804688,82.35930633544922
2017-01-09,195.01876831054688,44.36758804321289,59.83293151855469,29.17232894897461,82.4962387084961
2017-01-10,195.01876831054688,44.37510681152344,60.38833236694336,29.342927932739258,82.47339630126953
2017-01-11,195.5698699951172,44.60839080810547,60.599300384521484,29.692243576049805,82.57231903076172
2017-01-12,195.07907104492188,44.67611312866211,59.89323043823242,29.82223129272461,82.60270690917969
2017-01-13,195.52685546875,44.84166717529297,60.328060150146484,29.797853469848633,82.45819091796875
2017-01-17,194.83790588378906,44.67611312866211,59.60044860839844,29.78160858154297,82.7396011352539
2017-01-18,195.26849365234375,44.548187255859375,59.76835250854492,29.6191349029541,82.3821792602539
2017-01-19,194.54513549804688,44.43531799316406,59.11393356323242,29.529773712158203,82.16918182373047
2017-01-20,195.25987243652344,44.691165924072266,59.43252944946289,29.586639404296875,82.199615478515625
2017-01-23,194.75180053710938,44.80404281616211,59.1268424987793,30.02531623840332,82.42777252197266
2017-01-24,196.00050354003906,44.91691589355469,60.005165100097656,30.2121639251709,82.29845428466797
2017-01-25,197.6969757080078,45.38346862792969,60.68972396850586,30.54524040222168,82.07794952392578
2017-01-26,197.4902801513672,45.20286178588867,60.26349639892578,30.415252685546875,82.13117218017578
2017-01-27,197.1802520751953,45.12761688232422,59.98794937133789,30.43963050842285,82.199615478515625
2017-01-30,195.9574432373047,44.80404281616211,59.075172424316406,30.277156829833984,82.16162109375
2017-01-31,195.94021606445312,44.871761322021484,59.55308532714844,30.334020614624023,82.35930633544922
2017-02-01,196.0177001953125,45.052364349365234,59.46696472167969,30.35027313232422,82.24351501464844
2017-02-02,196.14686584472656,45.07494354248047,59.191410064697266,30.480247497558594,82.28919982910156
2017-02-03,197.4989471435547,45.25553894042969,60.11711502075195,30.667102813720703,82.31209564208984
2017-02-06,197.14584350585938,44.93196105957031,59.56600570678711,30.5939884185791,82.54833984375
2017-02-07,197.15444946289062,44.88681411743164,59.316280364990234,30.43963050842285,82.63214874267578
2017-02-08,197.4127960205078,44.962074279785156,59.20865249633789,30.626474380493164,82.86835479736328
2017-02-09,198.58399963378906,45.15019607543945,60.181671142578125,30.764577865600586,82.6702880859375
2017-02-10,199.3676300048828,45.25553894042969,60.70695495605469,31.048908233642578,82.65502166748047
2017-02-13,200.45272827148438,45.4361457824707,60.74569320678711,31.146398544311523,82.53311920166016
2017-02-14,201.2535400390625,45.3684196472168,60.9394416809082,31.17889404296875,82.35015869140625
2017-02-15,202.30421447753906,45.54149627685547,61.30111312866211,31.43072509765625,82.22064208984375
2017-02-16,202.1319122314453,45.6468391418457,61.05138397216797,31.31700325012207,82.39594268798828
2017-02-17,202.4506072998047,45.52643966674805,60.95235824584961,31.187013626098633,82.57880401611328
2017-02-21,203.65621948242188,45.676944732666016,61.49055862426758,31.52821159362793,82.57123565673828
2017-02-22,203.4753875732422,45.676944732666016,61.24943542480469,31.62569808959961,82.62454986572266
2017-02-23,203.6131591796875,45.77476501464844,60.857643127441406,31.63381576538086,82.7616958618164
2017-02-24,203.87152099609375,45.443668365478516,60.8619499206543,31.260135650634766,83.06654357910156
2017-02-27,204.19015502929688,45.47377014160156,61.40445327758789,31.16264533996582,82.91413879394531
2017-02-28,203.63897705078125,45.40604782104492,60.35822677612305,30.862070083618164,82.89128875732422
2017-03-01,206.4894256591797,45.880123138427734,61.464717864990234,31.34137535095215,82.5018310546875
2017-03-02,205.18911743164062,45.57911682128906,60.857643127441406,30.788957595825195,82.34907531738281
2017-03-03,205.31826782226562,45.85002136230469,60.56486511230469,31.02454376220703,82.41019439697266
2017-03-06,204.7068328857422,45.7070426940918,59.98794937133789,31.040790557861328,82.37203216552734
2017-03-07,204.09536743164062,45.549015045166016,59.50141525268555,31.073284149169922,82.26512145996094
2017-03-08,203.7164764404297,45.38346862792969,59.09671401977539,30.78083610534668,82.06654357910156
2017-03-09,203.9748992919922,45.55654525756836,58.71782302856445,30.537113189697266,81.8145523071289
2017-03-10,204.68959045410156,45.94031524658203,59.00197982788086,30.878313064575195,81.93672943115234
2017-03-13,204.79293823242188,46.18110275268555,59.14407730102539,31.308870315551758,81.79930114746094
2017-03-14,204.00927734375,45.82744598388672,59.00197982788086,31.130151748657227,81.829833984375
2017-03-15,205.77467346191406,46.48212432861328,59.858768463134766,31.94252586364746,82.30323791503906
2017-03-16,205.36993408203125,46.7078742980957,60.013763427734375,32.13749313354492,82.21160125732422
2017-03-17,205.00927734375,46.82826614379883,60.24196243286133,32.080631256103516,82.38724517822266
2017-03-20,204.78439331054688,46.73044204711914,59.86739730834961,32.454322814941406,82.5094985961914
2017-03-21,202.155029296875,46.519752502441406,58.373390197753906,32.09687042236328,82.67742919921875
2017-03-22,202.63076782226562,46.52727508544922,58.16242218017578,32.251216888427734,82.79194641113281
2017-03-23,202.41453552246094,46.63262176513672,58.61450958251953,32.25934600830078,82.814910888671875
2017-03-24,202.26748657226562,46.76055145263672,58.486061096191406,32.34058380126953,82.74615478515625
2017-03-27,202.05990600585938,46.88095474243164,58.55523681640625,32.251216888427734,82.94474029541016
2017-03-28,203.5303192138672,47.10669708251953,59.06992721557617,32.34058380126953,82.75379180908203
2017-03-29,203.72055053710938,47.10669708251953,59.299137115478516,32.3974494934082,82.93708038330078
2017-03-30,204.36927795410156,46.941139221191406,59.81813049316406,32.22685241699219,82.78436279296875
2017-03-31,203.89352416992188,46.8734130859375,59.965171813964844,31.999387741088867,82.84546661376953
2017-04-03,203.53892517089844,46.80569839477539,58.775821685791016,32.17811965942383,83.1530532836914
2017-04-04,203.6686553955078,46.79065704345703,58.80177688598633,32.19436264038086,83.07649993896484
2017-04-05,203.06321716308594,46.542320251464844,58.21357345581055,32.09687042236328,83.16835021972656
2017-04-06,203.63404846191406,46.549842834472656,58.853675842285156,32.040008544921875,83.16069030761719
2017-04-07,203.4264678955078,46.519752502441406,58.771484375,31.98313331604004,82.97703552246094
2017-04-10,203.5475311279297,46.46707534790039,59.0915412902832,31.853158950805664,83.08421325683594
2017-04-11,203.30538940429688,46.68529510498047,59.58890151977539,31.780044555664062,83.32139587402344
2017-04-12,202.41453552246094,46.647674560546875,58.684993743896484,31.934402465820312,83.50504302978516
2017-04-13,201.09983825683594,46.346675872802734,58.0059700012207,31.796289443969727,83.61219787597656
2017-04-17,202.88157653808594,46.63262176513672,58.62876510620117,32.129364013671875,83.56623840332031
2017-04-18,202.27613830566406,46.42191696166992,58.71959686279297,31.723182678222656,83.90294647216797
2017-04-19,201.9042510986328,46.23379898071289,58.992042541503906,31.52821159362793,83.77287292480469
2017-04-20,203.5475311279297,46.60252380371094,59.83110046386719,31.91815757751465,83.64278411865234
2017-04-21,202.89889526367188,46.63262176513672,59.580238342285156,31.91815757751465,83.665740966796875
2017-04-24,205.13034057617188,47.81406021118164,60.27657699584961,32.37308120727539,83.54329681396484
2017-04-25,206.32394409179688,48.15267562866211,60.79555130004883,32.65741729736328,83.267852783203125
2017-04-26,206.1941680908203,48.01723098754883,61.23670196533203,32.53556442260742,83.37500762939453
2017-04-27,206.3671875,48.0623779296875,61.16318130493164,32.494937896728516,83.45146942138672
2017-04-28,205.9174346923828,48.00969696044922,60.272239685058594,32.54367446899414,83.596893310546875
2017-05-01,206.43637084960938,48.205360412597656,60.427955627441406,32.730525970458984,83.3813705444336
2017-05-02,206.51416015625,48.45368194580078,60.27657699584961,32.96611785888672,83.49639892578125
2017-05-03,206.26339721679688,48.355857849121094,59.917598724365234,32.74678039550781,83.41203308105469
2017-05-04,206.50555419921875,48.81488800048828,59.76622009277344,32.38119888305664,83.34302520751953
2017-05-05,207.31857299804688,49.356689453125,60.2506103515625,32.64928436279297,83.3583984375
2017-05-08,207.2840118408203,48.987953186035156,60.03005599975586,32.641170501708984,83.19732666015625
2017-05-09,207.09368896484375,48.86756134033203,60.125179290771484,33.05546951293945,83.204986572265625
2017-05-10,207.46560668945312,48.94280242919922,60.5014533996582,33.27481460571289,83.22801971435547
2017-05-11,207.04185485839844,48.82240676879883,59.94356155395508,33.34792709350586,83.22029113769531
2017-05-12,206.69586181640625,49.09330368041992,59.37266540527344,33.486026763916016,83.52706146240234
2017-05-15,207.83750915527344,49.341636657714844,59.761898040771484,33.82722854614258,83.49639892578125
2017-05-16,207.6472625732422,49.657684326171875,59.64944839477539,33.85972213745117,83.6037368774414
2017-05-17,203.96275329589844,49.09330368041992,58.261165618896484,33.28293991088867,84.033203125
2017-05-18,204.78439331054688,49.17607879638672,58.33467483520508,32.730525970458984,83.9872055053711
2017-05-19,206.1163330078125,49.74798583984375,58.667686462402344,33.429176330566406,83.9872055053711
2017-05-22,207.16285705566406,49.808189392089844,59.160728454589844,33.4616584777832,83.93347930908203
2017-05-23,207.62127685546875,49.81570816040039,59.316429138183594,33.49415588378906,83.77247619628906
2017-05-24,208.1056365966797,49.8458137512207,59.26884841918945,33.62413787841797,83.918182373046875
2017-05-25,209.10025024414062,49.8458137512207,59.37699508666992,33.78661346435547,83.95654296875
2017-05-26,209.05706787109375,49.70283508300781,59.32939529418945,33.90846252441406,83.92585754394531
2017-05-30,208.87539672851562,49.65016174316406,58.957454681396484,33.72974395751953,84.08686828613281
2017-05-31,208.82351684570312,49.710357666015625,58.909889221191406,33.46978759765625,84.17127990722656
2017-06-01,210.484130859375,50.0339241027832,60.02571487426758,33.754112243652344,84.13282012939453
2017-06-02,211.18466186523438,50.5832633972168,60.228981018066406,33.924720764160156,84.40947723388672
2017-06-05,211.0290069580078,50.30482864379883,59.80516052246094,33.884090423583984,84.2788314819336
2017-06-06,210.35443115234375,50.161869049072266,59.597557067871094,33.90034103393555,84.44791412353516
2017-06-07,210.74363708496094,50.176918029785156,59.627830505371094,33.85972213745117,84.347991943359375
2017-06-08,210.8473663330078,50.08660888671875,60.44524002075195,34.06282043457031,84.26342010498047
2017-06-09,210.52737426757812,49.89848327636719,61.21074676513672,33.802860260009766,84.19429016113281
2017-06-12,210.484130859375,49.710357666015625,61.16318130493164,33.62413787841797,84.19429016113281
2017-06-13,211.51341247558594,50.09413146972656,61.38372802734375,33.78661346435547,84.2173843383789
2017-06-14,211.24525451660156,50.05651092529297,61.14588928222656,33.77849197387695,84.48631286621094
2017-06-15,210.83872985839844,49.53728485107422,60.85613250732422,33.429176330566406,84.43250274658203
2017-06-16,210.8848114013672,49.958683013916016,60.427955627441406,33.486026763916016,84.48631286621094
2017-06-19,212.64041137695312,50.161869049072266,60.61825942993164,33.8191032409668,84.3710708618164
2017-06-20,211.2063446044922,49.758113861083984,59.8570556640625,33.4453125,84.50172424316406
2017-06-21,211.1542205810547,49.696937561035156,59.411598205566406,33.518768310546875,84.517059326171875
2017-06-22,211.05865478515625,49.68928909301758,59.627830505371094,33.69015884399414,84.55547332763672
2017-06-23,211.31063842773438,49.8116340637207,60.120880126953125,33.86970901489258,84.57084655761719
2017-06-26,211.4497833251953,49.895755767822266,60.33277130126953,34.196163177490234,84.6477279663086
2017-06-27,209.74624633789062,49.88811111450195,60.036521911621094,33.7962532043457,84.39411926269531
2017-06-28,211.62362670898438,50.323978424072266,60.95615005493164,34.05741500854492,84.42481231689453
2017-06-29,209.7636260986328,49.82692337036133,60.6915283203125,33.6248664855957,84.26342010498047
2017-06-30,210.1547088623047,49.85751724243164,60.65248489379883,33.779937744140625,84.15587615966797
2017-07-03,210.51113891601562,49.79634094238281,61.32485580444336,33.97580337524414,84.00568389892578
2017-07-05,210.99778747558594,49.79634094238281,60.81732940673828,33.91050720214844,84.05193328857422
2017-07-06,209.06837463378906,49.574581146240234,59.984466552734375,33.502445220947266,83.890228271484375
2017-07-07,210.4241943359375,49.58223342895508,60.574405670166016,33.56774139404297,83.8593978881836
2017-07-10,210.65016174316406,49.70458221435547,60.26209259033203,33.88603210449219,83.89790344238281
2017-07-11,210.4937286376953,49.819271087646484,60.3011360168457,34.16352081298828,83.97492218017578
2017-07-12,212.07553100585938,50.216922760009766,60.782623291015625,34.82457733154297,84.22907257080078
2017-07-13,212.43185424804688,50.362205505371094,61.05158996582031,34.99597930908203,84.13661193847656
2017-07-14,213.4226531982422,50.713958740234375,61.14701461791992,35.43669128417969,84.221343994140625
2017-07-17,213.39662170410156,50.61455535888672,61.38993835449219,35.27346420288086,84.2598648071289
2017-07-18,213.50958251953125,50.660438537597656,61.151344299316406,35.37956237792969,84.45233917236328
2017-07-19,214.6654815673828,50.882198333740234,61.87577438354492,35.67337417602539,84.4754638671875
2017-07-20,214.7611541748047,51.08866882324219,61.99723815917969,35.6325569152832,84.49857330322266
2017-07-21,214.5699005126953,50.889835357666016,61.67625045776367,35.60808563232422,84.64488220214844
2017-07-24,214.5177764892578,50.752201080322266,61.55476379394531,35.71417236328125,84.5678482055664
2017-07-25,215.03921508789062,50.82102584838867,62.16208267211914,35.62440490722656,84.26753997802734
2017-07-26,215.04794311523438,51.134544372558594,61.61116409301758,35.91822052001953,84.42926788330078
2017-07-27,214.8479766845703,51.019832611083984,61.42029571533203,35.72234344482422,84.306060791015625
2017-07-28,214.59596252441406,51.073368072509766,61.28582763671875,35.70602035522461,84.4754638671875
2017-07-31,214.4742431640625,51.18042755126953,61.10797882080078,35.746826171875,84.43695831298828
2017-08-01,214.95228576660156,51.46336364746094,61.30317306518555,35.85292434692383,84.66845703125
2017-08-02,215.05657958984375,51.48630142211914,60.52667999267578,35.885562896728516,84.60674285888672
2017-08-03,214.6394500732422,51.51688766479492,60.23605728149414,35.73866653442383,84.77647399902344
2017-08-04,215.03057861328125,51.58572006225586,60.54405975341797,35.86924362182617,84.63758850097656
2017-08-07,215.43032836914062,51.608642578125,60.47030258178711,36.11408233642578,84.6298599243164
2017-08-08,214.900146484375,51.33336639404297,60.227378845214844,36.12224578857422,84.55269622802734
2017-08-09,214.89154052734375,51.24924087524414,59.74586868286133,35.79579162597656,84.6298599243164
2017-08-10,211.8582305908203,50.52280044555664,58.9520378112793,34.94700622558594,84.714752197265625
2017-08-11,212.17117309570312,50.4310302734375,58.82624435424805,35.028621673583984,84.78417205810547
2017-08-14,214.27442932128906,50.7980842590332,59.633094787597656,35.38772201538086,84.745635986328125
2017-08-15,214.2483367919922,50.75984573364258,59.03013229370117,35.428531646728516,84.62213134765625
2017-08-16,214.62210083007812,51.05043029785156,59.034454345703125,35.79579162597656,84.77647399902344
2017-08-17,211.2759246826172,50.47691345214844,57.910945892333984,35.3387565612793,84.89995574951172
2017-08-18,210.94564819335938,50.61455535888672,57.75045394897461,35.640724182128906,84.845977783203125
2017-08-21,211.11080932617188,50.59925079345703,57.62898635864258,35.77130889892578,84.90767669677734
2017-08-22,213.31834411621094,50.84395980834961,58.21893310546875,36.17121887207031,84.830535888671875
2017-08-23,212.55352783203125,50.851600646972656,58.01504135131836,36.34260177612305,85.02345275878906
2017-08-24,212.05810546875,50.73690414428711,58.162532806396484,36.45686721801758,84.91534423828125
2017-08-25,212.55352783203125,51.04277801513672,58.57464599609375,36.6690559387207,84.97711944580078
2017-08-28,212.56216430664062,51.04277801513672,58.609344482421875,36.538475036621094,85.00801086425781
2017-08-29,212.80560302734375,50.83632278442383,58.548606872558594,36.473182678222656,85.1314697265625
2017-08-30,213.81373596191406,50.76749801635742,58.80888366699219,36.530311584472656,85.11601257324219
2017-08-31,215.10008239746094,51.15748596191406,59.44654846191406,36.58744430541992,85.2317886352539
2017-09-01,215.404296875,51.22630310058594,59.97146987915039,36.85677719116211,85.03845977783203
2017-09-05,213.8572235107422,50.882198333740234,59.329429626464844,36.37525177001953,85.38642883300781
2017-09-06,214.58726501464844,51.19571304321289,59.53765869140625,36.61193084716797,85.293670654296875
2017-09-07,214.56117248535156,51.61628723144531,59.44222640991211,36.88125228881836,85.5024185180664
2017-09-08,214.30914306640625,51.62394332885742,59.49427032470703,36.63641357421875,85.40193939208984
2017-09-11,216.59495544433594,52.02922058105469,60.04953384399414,37.1260986328125,85.169891357421875
2017-09-12,217.3250732421875,52.1898078918457,60.54405975341797,37.085289001464844,85.04618835449219
2017-09-13,217.42929077148438,51.9068717956543,60.80000305175781,36.8894157409668,84.9610824584961
2017-09-14,217.3597412109375,51.998653411865234,60.74793243408203,36.98734664916992,85.00755310058594
2017-09-15,217.65243530273438,52.04452133178711,61.164371490478516,37.20771026611328,84.99205780029297
2017-09-18,218.11532592773438,52.113346099853516,61.52874755859375,37.338287353515625,84.95336151123047
2017-09-19,218.33367919921875,52.35804748535156,61.57648468017578,37.4199104309082,84.90699768066406
2017-09-20,218.4123077392578,52.24334716796875,61.893123626708984,37.24851608276367,84.83741760253906
2017-09-21,217.8270721435547,52.136287689208984,61.901798248291016,37.24851608276367,84.82193756103516
2017-09-22,217.8708038330078,52.29686737060547,62.339942932128906,37.036319732666016,84.88377380371094
2017-09-25,217.4252471923828,51.998653411865234,62.73468017578125,36.407901763916016,85.0848388671875
2017-09-26,217.55636596679688,51.88394546508789,63.15031814575195,36.30995178222656,85.05391693115234
2017-09-27,218.40359497070312,51.92216491699219,64.3080062866211,36.179378509521484,84.80645751953125
2017-09-28,218.66558837890625,52.05980682373047,64.47338104248047,36.1548957824707,84.814178466796875
2017-09-29,219.43421936035156,52.36569595336914,64.54734802246094,36.571128845214844,84.74462890625
2017-10-02,220.3862762451172,52.319801330566406,65.5309829711914,36.579280853271484,84.7965316772461
2017-10-03,220.85787963867188,52.49568557739258,65.644134521484375,37.15874099731445,84.86626434326172
2017-10-04,221.1199188232422,52.39627456665039,65.33946990966797,37.150577545166016,84.843017578125
2017-10-05,222.43014526367188,52.36569595336914,65.55271911621094,37.428070068359375,84.80425262451172
2017-10-06,222.1768035888672,52.327449798583984,65.326416015625,37.240360260009766,84.68030548095703
2017-10-09,221.80996704101562,52.34273910522461,64.96955108642578,37.21586990356445,84.7965316772461
2017-10-10,222.39517211914062,52.83979034423828,65.14360046386719,37.5831298828125,84.80425262451172
2017-10-11,222.74453735351562,52.96979522705078,65.034820556640625,37.75452423095703,84.81974029541016
2017-10-12,222.4126739501953,52.92389678955078,64.873779296875,37.73820114135742,84.92048645019531
2017-10-13,222.6834259033203,53.19919204711914,64.85639190673828,38.08098220825195,85.129730224609375
2017-10-16,222.98036193847656,53.16096115112305,64.7780532836914,38.056488037109375,85.04447937011719
2017-10-17,223.1375732421875,53.02332305908203,64.63440704345703,37.8606071472168,85.01346588134766
2017-10-18,223.3560028076172,53.17625427246094,65.12187194824219,37.95039367675781,84.88179016113281
2017-10-19,223.41712951660156,53.09212875366211,64.89555358886719,37.615779876708984,84.94373321533203
2017-10-20,224.57003784179688,53.02332305908203,65.25242614746094,37.75452423095703,84.6958236694336
2017-10-23,223.6965789794922,52.908626556396484,64.9085922241211,37.45254898071289,84.78874206542969
2017-10-24,224.0896759033203,52.99272537231445,65.034820556640625,37.45254898071289,84.610595703125
2017-10-25,222.98036193847656,52.78627014160156,64.75626373291016,37.370933532714844,84.55631256103516
2017-10-26,223.26861572265625,52.77862548828125,65.126220703125,37.11793518066406,84.46332550048828
2017-10-27,225.0941162109375,52.90096664428711,65.38734436035156,37.656585693359375,84.6492919921875
2017-10-30,224.25563049316406,53.02332305908203,64.49079132080078,37.4199104309082,84.88179016113281
2017-10-31,224.60494995117188,53.24506759643555,64.93035888671875,37.77084732055664,84.8275146484375
2017-11-01,224.90196228027344,53.29861068725586,64.56478118896484,37.96672058105469,84.86481475830078
2017-11-02,224.9893035888672,53.459197998046875,64.7737045288086,38.01568603515625,84.91136169433594
2017-11-03,225.74046325683594,53.37508010864258,64.3254165649414,37.81980895996094,84.98902893066406
2017-11-06,226.0898895263672,53.45154571533203,64.41680145263672,38.24420166015625,85.06670379638672
2017-11-07,225.93264770507812,53.252716064453125,63.70741271972656,37.99936294555664,85.08997344970703
2017-11-08,226.31692504882812,53.4286003112793,63.91631317138672,38.17890548706055,85.03563690185547
2017-11-09,225.49591064453125,53.12273025512695,63.811851501464844,37.942230224609375,84.9735336303711
2017-11-10,225.4259796142578,52.9774284362793,63.807498931884766,37.77900314331055,84.63184356689453
2017-11-13,225.6356658935547,52.75566864013672,63.73786163330078,37.69739532470703,84.63184356689453
2017-11-14,225.11163330078125,52.71743392944336,63.74657440185547,37.444393157958984,84.71724700927734
2017-11-15,223.9848175048828,52.46509552001953,63.359222412109375,37.24851608276367,84.8803482055664
2017-11-16,225.8889617919922,52.88566207885742,64.4342269897461,38.02385330200195,84.78717803955078
2017-11-17,225.2251434326172,52.69450759887695,64.72582244873047,38.21155548095703,84.8803482055664
2017-11-20,225.6094512939453,52.809200286865234,65.23937225341797,38.40742874145508,84.833740234375
2017-11-21,227.0855712890625,53.20683670043945,65.99229431152344,38.92158889770508,84.91914367675781
2017-11-22,226.88467407226562,53.35212326049805,65.89219665527344,39.01953887939453,85.06670379638672
2017-11-24,227.40872192382812,53.787994384765625,65.90960693359375,38.93792724609375,85.051177978515625
2017-11-27,227.2952117919922,53.46683883666992,65.60930633544922,38.36662292480469,85.051177978515625
2017-11-28,229.60110473632812,53.772705078125,66.81485748291016,38.65227127075195,85.051177978515625
2017-11-29,229.46133422851562,53.5586051940918,67.41544342041016,38.0401725769043,84.841522216796875
2017-11-30,231.47024536132812,53.61212921142578,67.3719482421875,37.623939514160156,84.70174407958984
2017-12-01,230.9897918701172,53.39801788330078,67.041168212890625,37.4117431640625,84.94374084472656
2017-12-04,230.71035766601562,53.20683670043945,67.20220184326172,37.48519515991211,84.935943603515625
2017-12-05,229.88052368164062,53.09212875366211,66.52762603759766,37.46071243286133,85.02153015136719
2017-12-06,229.9242401123047,52.98507308959961,66.13592529296875,36.954708099365234,85.1071548461914
2017-12-07,230.64918518066406,53.12273025512695,66.44928741455078,37.0608024597168,84.99820709228516
2017-12-08,231.90696716308594,53.4056510925293,66.4318618774414,37.49335479736328,84.96710205078125
2017-12-11,232.60569763183594,53.543296813964844,66.2925796508789,37.681068420410156,84.935943603515625
2017-12-12,233.01617431640625,53.61212921142578,66.12285614013672,37.428070068359375,84.89704895019531
2017-12-13,232.99002075195312,53.818603515625,66.318695068359375,37.87694549560547,85.1383285522461
2017-12-14,232.03797912597656,53.520362854003906,65.48744201660156,37.599456787109375,85.16161346435547
2017-12-15,233.97024536132812,53.505069732666016,66.523284912109375,37.681068420410156,85.18498992919922
2017-12-18,235.453857421875,54.139766693115234,67.585205078125,38.10546112060547,85.0760498046875
2017-12-19,234.54966735839844,53.941158294677734,66.93310546875,37.90412902832031,84.82698822021484
2017-12-20,234.42674255371094,53.848419189453125,67.13851165771484,37.9538459777832,84.632415771484375
2017-12-21,234.90956115722656,54.0416259765625,67.47505950927734,38.202396392822266,84.70722961425781
2017-12-22,234.84808349609375,54.18071365356445,67.36579895019531,38.5255126953125,84.7461166381836
2017-12-26,234.5672149658203,54.165252685546875,67.4925537109375,38.49237823486328,84.8161849975586
2017-12-27,234.6813507080078,54.26573181152344,67.30462646484375,38.591793060302734,85.080841064453125
2017-12-28,235.1642303466797,54.29663848876953,67.57994842529297,38.8569221496582,85.018585205078125
2017-12-29,234.27752685546875,54.33527374267578,67.12103271484375,39.0391845703125,85.104217529296875
2018-01-02,235.9542694091797,54.73714065551758,67.82472229003906,39.77656173706055,84.97962951660156
2018-01-03,237.44674682617188,54.999881744384766,67.65864562988281,40.15767288208008,84.98741149902344
2018-01-04,238.44757080078125,55.60265350341797,67.91651916503906,40.35650634765625,84.9329605102539
2018-01-05,240.0365447998047,55.91176986694336,67.9864273071289,40.704490661621094,84.87843322753906
2018-01-08,240.47549438476562,55.89632797241211,68.244293212890625,40.704490661621094,84.85509490966797
2018-01-09,241.01976013183594,55.958152770996094,67.86405181884766,40.63819885253906,84.62158203125
2018-01-10,240.6510772705078,55.849952697753906,67.93836975097656,40.38136291503906,84.62158203125
2018-01-11,242.40692138671875,56.23635482788086,69.25831604003906,40.629920959472656,84.6604995727539
2018-01-12,243.9871826171875,56.80050277709961,69.54241943359375,41.019309997558594,84.64495086669922
2018-01-16,243.15304565429688,56.746402740478516,68.786285400390625,40.86189270019531,84.66827392578125
2018-01-17,245.47080993652344,57.040061950683594,69.36759185791016,41.40041732788086,84.57488250732422
2018-01-18,245.0581817626953,56.97050857543945,68.6988525390625,41.45014190673828,84.38805389404297
2018-01-19,246.17311096191406,57.287357330322266,69.62105560302734,41.789825439453125,84.208984375
2018-01-22,248.17474365234375,57.58102035522461,69.782806396484375,42.030094146728516,84.17790985107422
2018-01-23,248.70140075683594,57.7664794921875,69.69102478027344,42.22892761230469,84.3802719116211
2018-01-24,248.60487365722656,57.866943359375,69.38069915771484,42.58518981933594,84.29468536376953
2018-01-25,248.71014404296875,57.64284133911133,69.36321258544922,42.560333251953125,84.51256561279297
2018-01-26,251.5897979736328,58.15289306640625,69.60797119140625,43.1485710144043,84.35694122314453
2018-01-29,249.92184448242188,57.61965560913086,69.19274139404297,42.49406051635742,84.208984375
2018-01-30,247.35824584960938,57.14052200317383,68.50655364990234,41.91409683227539,84.07666015625
2018-01-31,247.48118591308594,57.06324768066406,68.01265716552734,42.27863693237305,84.14678955078125
2018-02-01,247.20030212402344,57.225528717041016,68.21369934082031,41.706966400146484,83.883056640625
2018-02-02,241.8187255859375,56.066341400146484,66.79759979248047,40.63819885253906,83.63336944580078
2018-02-05,231.70526123046875,53.717037200927734,64.3150405883789,39.213172912597656,83.968841552734375
2018-02-06,236.2703857421875,54.7757682800293,65.00999450683594,40.48906707763672,83.72700500488281
2018-02-07,234.98858642578125,54.196170806884766,65.11924743652344,39.213172912597656,83.539764404296875
2018-02-08,226.1744384765625,52.78194808959961,63.567649841308594,37.85441970825195,83.39935302734375
2018-02-09,229.57188415527344,53.00606155395508,64.20575714111328,38.459228515625,83.29011535644531
2018-02-12,232.94305419921875,53.81748962402344,64.68653106689453,39.06404113769531,83.3134994506836
2018-02-13,233.52244567871094,53.65521240234375,64.76959228515625,39.362300872802734,83.33692169189453
2018-02-14,236.6741180419922,54.60575485229492,65.91033172607422,40.348228454589844,83.05607604980469
2018-02-15,239.6941375732422,54.94580078125,66.53971862792969,41.17673873901367,83.15750885009766
2018-02-16,239.76438903808594,55.19308090209961,66.9461898803711,41.04417419433594,83.321319580078125
2018-02-20,238.26324462890625,54.67531204223633,66.2556381225586,40.48078536987305,83.23553466796875
2018-02-21,237.0780487060547,54.41255569458008,66.1988296508789,40.4476432800293,82.97026824951172
2018-02-22,237.38534545898438,54.698486328125,66.24687957763672,40.472496032714844,82.97801971435547
2018-02-23,241.1690673828125,55.131248474121094,67.05110931396484,41.19330596923828,83.18871307373047
2018-02-26,243.9695281982422,55.64903259277344,67.54063415527344,41.57440948486328,83.25109100341797
2018-02-27,240.9231719970703,54.82213592529297,66.47415924072266,40.36478805541992,83.07167053222656
2018-02-28,238.4827117919922,54.30436325073242,65.26349639892578,39.78485107421875,83.29792022705078
2018-03-01,235.0149383544922,53.39246368408203,65.07115173339844,39.71027755737305,83.3722152709961
2018-03-02,236.22637939453125,53.64748764038086,65.792327880859375,39.8759765625,83.23930358886719
2018-03-05,238.95677185058594,53.93342208862305,66.43482208251953,39.93397521972656,83.19234466552734
2018-03-06,239.56248474121094,54.250267028808594,67.20845031738281,40.306800842285156,83.20796203613281
2018-03-07,239.47471618652344,54.23481369018555,67.5318603515625,40.348228454589844,83.19234466552734
2018-03-08,240.6335906982422,54.3507194519043,67.3089599609375,40.35650634765625,83.3252944946289
2018-03-09,244.8210906982422,54.698486328125,68.2792739868164,41.21815490722656,83.16887664794922
2018-03-12,244.5138397216797,54.760311126708984,68.585205078125,41.31757736206055,83.21582794189453
2018-03-13,242.93370056152344,54.39710235595703,68.4715805053711,40.94474411010742,83.3252944946289
2018-03-14,241.68704223632812,54.528465270996094,67.92523193359375,41.01103210449219,83.46602630615234
2018-03-15,241.42364501953125,54.497562408447266,67.654266357421875,40.86189270019531,83.4738540649414
2018-03-16,241.68544006347656,54.45892333984375,68.34483337402344,40.770755767822266,83.42692565917969
2018-03-19,238.4154052734375,54.01842498779297,67.68048095703125,40.33165740966797,83.3409423828125
2018-03-20,238.82081604003906,54.01069259643555,67.431365966796875,40.779048919677734,83.20796203613281
2018-03-21,238.36245727539062,54.095706939697266,67.85094451904297,41.019309997558594,83.20020294189453
2018-03-22,232.40406799316406,53.09107208251953,66.464202880859375,39.652278900146484,83.35655212402344
2018-03-23,227.45045471191406,52.50374221801758,65.0213394165039,38.8486328125,83.35655212402344
2018-03-26,233.67333984375,53.44655227661133,66.39842987060547,40.10795211791992,83.3252944946289
2018-03-27,229.6981201171875,53.05243682861328,65.39409637451172,39.37887191772461,83.56768798828125
2018-03-28,229.01942443847656,53.361568450927734,65.61779022216797,39.180030822753906,83.6146011352539
2018-03-29,231.94569396972656,53.848419189453125,66.15281677246094,40.000247955322266,83.85698699951172
2018-04-02,226.9392547607422,53.10653305053711,64.6266098022461,39.279457092285156,83.77313232421875
2018-04-03,229.84786987304688,53.44655227661133,65.66600799560547,39.668846130371094,83.679107666015625
2018-04-04,232.30714416503906,53.632041931152344,66.47736358642578,39.685428619384766,83.71043395996094
2018-04-05,234.14041137695312,53.98752212524414,67.21416473388672,39.78485107421875,83.5928726196289
2018-04-06,228.92247009277344,53.632041931152344,66.03002166748047,39.006046295166016,83.78099822998047
2018-04-09,230.05068969726562,54.07252883911133,65.79322052001953,39.0474739074707,83.85150146484375
2018-04-10,233.7085723876953,54.652137756347656,67.16153717041016,39.809696197509766,83.7887954711914
2018-04-11,232.4834442138672,54.44346237182617,67.27116394042969,39.826271057128906,83.859344482421875
2018-04-12,234.3960418701172,54.652137756347656,67.59571838378906,39.809696197509766,83.67121887207031
2018-04-13,233.7085723876953,54.70622253417969,67.44220733642578,39.41201400756836,83.69477844238281
2018-04-16,235.63006591796875,54.79122543334961,68.091278076171875,39.46173095703125,83.71043395996094
2018-04-17,238.15097045898438,55.03851318359375,68.70524597167969,39.54457473754883,83.73394775390625
2018-04-18,238.3272247314453,55.32445526123047,68.93330383300781,39.88426208496094,83.498870849609375
2018-04-19,237.0050811767578,55.11579513549805,68.50788879394531,39.652278900146484,83.29510498046875
2018-04-20,234.99539184570312,54.90715026855469,68.04741668701172,39.155174255371094,83.06785583496094
2018-04-23,234.9601593017578,54.83759307861328,68.10881805419922,38.84034729003906,83.02867126464844
2018-04-24,231.7959442138672,54.61347198486328,67.99919891357422,38.658077239990234,82.91893005371094
2018-04-25,232.36880493164062,54.520748138427734,67.98602294921875,38.35980987548828,82.8092269897461
2018-04-26,234.73101806640625,54.79122543334961,68.04305267333984,38.9149055480957,82.95024108886719
2018-04-27,234.95135498046875,54.84532928466797,67.94217681884766,39.155174255371094,83.05213928222656
2018-04-30,233.14450073242188,54.66757583618164,67.31941223144531,38.87348175048828,83.06785583496094
2018-05-01,233.5587921142578,54.47437286376953,67.39833068847656,38.68292999267578,82.99714660644531
2018-05-02,231.9898681640625,54.451202392578125,67.60009765625,38.37638473510742,82.99714660644531
2018-05-03,231.47860717773438,54.62120819091797,67.13520812988281,38.29353713989258,83.09141540527344
2018-05-04,234.4754180908203,54.81441116333008,67.98602294921875,38.46751403808594,83.146331787109375
2018-05-07,235.26866149902344,54.82213592529297,68.43334197998047,38.24382781982422,83.10710144042969
2018-05-08,235.26866149902344,54.829856872558594,69.00785827636719,38.459228515625,83.0128173828125
2018-05-09,237.54273986816406,54.96125030517578,69.5297622680664,38.533790588378906,82.918609619140625
2018-05-10,239.76385498046875,55.31672668457031,69.83673858642578,39.33744812011719,83.10710144042969
2018-05-11,240.49545288085938,55.46356201171875,69.86307525634766,39.27116775512695,83.146331787109375
2018-05-14,240.61004638671875,55.56401824951172,69.6481704711914,39.32087707519531,83.06785583496094
2018-05-15,238.95301818847656,55.16217041015625,69.806060791015625,38.50893783569336,82.6987075805664
2018-05-16,239.9578399658203,55.23944854736328,70.63932037353516,39.08890151977539,82.60438537597656
2018-05-17,239.7550811767578,55.32445526123047,71.086669921875,38.49237823486328,82.49446868896484
2018-05-18,239.15576171875,55.1235237121582,71.1524658203125,38.169254302978516,82.70654296875
2018-05-21,240.95379638671875,55.47129440307617,71.86289978027344,38.40123748779297,82.7143783569336
2018-05-22,240.2839813232422,55.401729583740234,71.26209259033203,38.533790588378906,82.7143783569336
2018-05-23,240.94505310058594,54.79122543334961,71.29278564453125,38.5172233581543,82.94218444824219
2018-05-24,240.4513702392578,54.62120819091797,71.29715728759766,38.31010437011719,83.169952392578125
2018-05-25,239.87850952148438,54.26573181152344,71.12175750732422,38.46751403808594,83.35060119628906
2018-05-29,237.11968994140625,53.16062927246094,71.05596923828125,37.572731018066406,83.90037536621094
2018-05-30,240.2839813232422,53.9720458984375,72.08220672607422,37.87099075317383,83.68833923339844
2018-05-31,238.8120574951172,53.632041931152344,71.2708511352539,37.85441970825195,83.61763000488281
2018-06-01,241.1565399169922,54.095706939697266,71.70064544677734,38.384666442871094,83.51453399658203
2018-06-04,242.3023681640625,54.25800323486328,72.36287689208984,38.7740592956543,83.31771087646484
2018-06-05,242.47866821289062,54.17298889160156,72.902313232421875,38.475807189941406,83.38067626953125
2018-06-06,244.50592041015625,54.65987014770508,73.32772064208984,39.055755615234375,83.19171905517578
2018-06-07,244.47955322265625,54.3507194519043,73.3540267944336,38.459228515625,83.372802734375
2018-06-08,245.2023162841797,54.41255569458008,73.4373779296875,38.384666442871094,83.25471496582031
2018-06-11,245.52841186523438,54.760311126708984,73.700469970703125,38.384666442871094,83.1680908203125
2018-06-12,245.84576416015625,54.41255569458008,73.57330322265625,38.285247802734375,83.19171905517578
2018-06-13,245.06124877929688,54.48984146118164,73.02071380615234,38.02840805053711,83.113006591796875
2018-06-14,245.67831420898438,54.37392044067383,73.14788818359375,37.77157211303711,83.32555389404297
2018-06-15,245.36488342285156,54.095706939697266,73.12158203125,37.47331237792969,83.35700225830078
2018-06-18,244.86016845703125,53.70929718017578,73.6785659790039,37.01763153076172,83.372802734375
2018-06-19,243.921630859375,53.21592330932617,73.75749969482422,36.6090202331543,83.45941162109375
2018-06-20,244.33778381347656,53.25533676147461,74.23991394042969,36.7674560546875,83.30194091796875
2018-06-21,242.8061065673828,52.87702178955078,73.55138397216797,36.250431060791016,83.32555389404297
2018-06-22,243.24876403808594,53.436614990234375,73.731201171875,36.62569046020508,83.40430450439453
2018-06-25,239.9375,52.69575500488281,72.69617462158203,36.1336784362793,83.35700225830078
2018-06-26,240.46868896484375,52.79033279418945,73.1080322265625,35.99190902709961,83.4909439086914
2018-06-27,238.4766387939453,52.29379653930664,72.15763092041016,35.29975509643555,83.64044952392578
2018-06-28,239.84007263183594,52.49082946777344,72.15763092041016,35.59996795654297,83.63260650634766
2018-06-29,240.18536376953125,52.78245162963867,71.8407974243164,36.1336784362793,83.70345306396484
2018-07-02,240.6988067626953,52.301673889160156,72.40840911865234,35.775089263916016,83.62379455566406
2018-07-03,239.84893798828125,52.45930099487305,72.68122100830078,35.800106048583984,83.79730987548828
2018-07-05,241.80560302734375,52.97948455810547,73.521636962890625,35.708377838134766,83.87626647949219
2018-07-06,243.85084533691406,53.26321792602539,74.09367370605469,36.20039367675781,83.96305847167969
2018-07-09,246.04647827148438,53.7755126953125,74.71849060058594,36.85084915161133,83.88411712646484
2018-07-10,246.93194580078125,53.75187301635742,74.38846588134766,36.7674560546875,83.82099151611328
2018-07-11,245.1258087158203,52.8533821105957,73.64485168457031,36.05028533935547,83.85255432128906
2018-07-12,247.34811401367188,53.26321792602539,73.574462890625,36.54229736328125,83.9551010131836
2018-07-13,247.54290771484375,53.42872619628906,73.4952392578125,36.567317962646484,84.03404998779297
2018-07-16,247.32154846191406,53.40508270263672,73.16084289550781,36.36717224121094,83.93936920166016
2018-07-17,248.32199096679688,53.499656677246094,73.42484283447266,36.634029388427734,83.90778350830078
2018-07-18,248.8444061279297,53.50754165649414,73.7548599243164,36.59233474731445,83.88411712646484
2018-07-19,247.90586853027344,53.39720153808594,74.26964569091797,36.14201736450195,84.01036834716797
2018-07-20,247.62255859375,53.649417877197266,73.9792709350586,36.6590461730957,83.84467315673828
2018-07-23,248.08302307128906,53.649417877197266,73.92205810546875,36.41720962524414,83.55278015136719
2018-07-24,249.3313446044922,53.96467590332031,73.45124053955078,36.95092010498047,83.6711196899414
2018-07-25,251.45619201660156,54.36662292480469,73.46443176269531,37.551334381103516,83.67900848388672
2018-07-26,250.8631134033203,54.12230682373047,74.19049835205078,37.13438034057617,83.63167572021484
2018-07-27,249.16314697265625,54.224769592285156,73.03761291503906,37.26780319213867,83.694793701171875
2018-07-30,247.86163330078125,54.21688461303711,73.05084228515625,37.20943069458008,83.6080093383789
2018-07-31,249.08343505859375,54.287811279296875,73.71965026855469,37.40957260131836,83.67900848388672
2018-08-01,248.66729736328125,54.011962890625,73.40724182128906,37.07600021362305,83.59275817871094
2018-08-02,250.02194213867188,53.657283782958984,73.8824691772461,36.58399200439453,83.624420166015625
2018-08-03,251.09323120117188,53.68882751464844,73.574462890625,36.86752700805664,83.80632781982422
2018-08-06,252.0140380859375,53.46025466918945,74.07606506347656,36.58399200439453,83.86168670654297
2018-08-07,252.84634399414062,53.87797927856445,73.99246978759766,36.959259033203125,83.71141052246094
2018-08-08,252.74005126953125,53.83068084716797,74.19486236572266,36.90922164916992,83.71141052246094
2018-08-09,252.3946990966797,53.67305374145508,74.2608871459961,36.80081558227539,83.83006286621094
2018-08-10,250.70359802246094,52.601165771484375,74.07606506347656,36.016929626464844,84.01197052001953
2018-08-13,249.76519775390625,52.41201400756836,73.78564453125,35.42485046386719,84.05941009521484
2018-08-14,251.35882568359375,52.40412521362305,74.76688385009766,35.64167022705078,83.98033905029297
2018-08-15,249.4818115234375,51.64750289916992,73.84288024902344,34.615943908691406,84.09893035888672
2018-08-16,251.50050354003906,52.01005554199219,74.4412612915039,34.832763671875,84.14637756347656
2018-08-17,252.3859100341797,52.31742858886719,74.89446258544922,35.199684143066406,84.1938247680664
2018-08-20,252.92601013183594,52.601165771484375,75.3213119506836,35.35813522338867,84.359893798828125
2018-08-21,253.5191650390625,52.924312591552734,76.19252014160156,35.808448791503906,84.28871154785156
2018-08-22,253.36875915527344,53.129234313964844,76.23213958740234,36.091976165771484,84.359893798828125
2018-08-23,253.0322265625,52.75092697143555,75.9065170288086,35.50823974609375,84.31243133544922
2018-08-24,254.55499267578125,53.05830383300781,76.02091217041016,36.16703414916992,84.40735626220703
2018-08-27,256.5649108886719,53.76763153076172,75.915313720703125,36.68406677246094,84.2966537475586
2018-08-28,256.6888732910156,53.7203483581543,75.88011932373047,36.55064010620117,84.1384506225586
2018-08-29,258.0700378417969,54.011962890625,75.99452209472656,36.77579116821289,84.12266540527344
2018-08-30,257.0252990722656,53.499656677246094,75.74810028076172,35.81678771972656,84.16221618652344
2018-08-31,257.0341491699219,53.074058532714844,76.03411102294922,36.00025177001953,84.154296875
2018-09-04,256.5914001464844,52.62480926513672,75.5984878540039,35.29975509643555,84.0607681274414
2018-09-05,255.9008026123047,52.14404296875,75.61609649658203,34.791072845458984,84.0211410522461
2018-09-06,255.13058471679688,51.98641586303711,75.057281494140625,34.82442855834961,84.1637954711914
2018-09-07,254.63485717773438,51.568695068359375,74.88566589355469,34.64929962158203,83.86260986328125
2018-09-10,255.07745361328125,51.88395309448242,74.80208587646484,34.307403564453125,83.9418716430664
2018-09-11,255.9185791015625,51.93124008178711,74.8109130859375,34.38245391845703,83.79920959472656
2018-09-12,255.9805145263672,52.151920318603516,74.63927459716797,34.55757141113281,83.8547134399414
2018-09-13,257.4944152832031,52.538116455078125,74.6128921508789,35.02456283569336,83.91020202636719
2018-09-14,257.538818359375,52.616939544677734,74.96929168701172,34.991214752197266,83.75165557861328
2018-09-17,256.1753234863281,52.664222717285156,74.38407897949219,34.674320220947266,83.75165557861328
2018-09-18,257.5654296875,53.21592330932617,74.529266357421875,35.00788497924805,83.569366455078125
2018-09-19,257.83978271484375,53.40508270263672,74.2608871459961,35.49156188964844,83.41084289550781
2018-09-20,259.9292297363281,54.067134857177734,74.934112548828125,35.88349914550781,83.52180480957031
2018-09-21,259.69183349609375,54.09077453613281,74.64808654785156,36.05028533935547,83.585205078125
2018-09-24,258.8291015625,53.84645462036133,74.04524993896484,35.64167022705078,83.50596618652344
2018-09-25,258.5890197753906,54.114437103271484,74.00125885009766,35.78342819213867,83.46634674072266
2018-09-26,257.81524658203125,54.138065338134766,73.437835693359375,35.858482360839844,83.66448974609375
2018-09-27,258.5355529785156,54.0277214050293,73.402496337890625,36.03360366821289,83.71996307373047
2018-09-28,258.5622253417969,53.586368560791016,73.71158599853516,35.79176712036133,83.6328125
2018-10-01,259.4605407714844,53.649417877197266,72.67832946777344,35.800106048583984,83.61051940917969
2018-10-02,259.3093566894531,53.37356185913086,71.93207550048828,35.349796295166016,83.70587921142578
2018-10-03,259.45166015625,53.27898406982422,72.65181732177734,35.05792999267578,83.30863952636719
2018-10-04,257.4238586425781,52.65634536743164,71.989471435546875,34.18231201171875,83.07029724121094
2018-10-05,255.98309326171875,52.34109115600586,71.34477233886719,34.057228088378906,82.88758087158203
2018-10-08,255.98309326171875,52.08887481689453,71.5964584350586,34.10725021362305,82.85578155517578
2018-10-09,255.60951232910156,51.954891204833984,71.43309020996094,33.98217010498047,82.97492980957031
2018-10-10,247.51611328125,50.851478576660156,69.56964874267578,32.97312545776367,82.95113372802734
2018-10-11,242.06419372558594,50.14213943481445,68.00205993652344,32.639556884765625,83.19744873046875
2018-10-12,245.42617797851562,50.32341003417969,67.7812728881836,33.598567962646484,83.22123718261719
2018-10-15,244.04751586914062,50.2051887512207,68.23167419433594,33.23998260498047,83.16563415527344
2018-10-16,249.3837890625,51.06428146362305,69.81251525878906,34.07389831542969,83.213287353515625
2018-10-17,249.4283447265625,50.77265548706055,69.45926666259766,33.656944274902344,83.04643249511719
2018-10-18,245.82626342773438,49.95298385620117,68.112457275390625,32.77298355102539,82.99083709716797
2018-10-19,245.69290161132812,50.236724853515625,67.60905456542969,33.081539154052734,82.91931915283203
2018-10-22,244.590087890625,50.01603698730469,67.4986801147461,33.44012451171875,82.9034194946289
2018-10-23,243.34494018554688,49.543148040771484,66.906982421875,33.07320022583008,83.0067367553711
2018-10-24,235.971923828125,48.14024353027344,64.615203857421875,32.00578308105469,83.22123718261719
2018-10-25,240.205322265625,48.74711990356445,66.05915832519531,32.62288284301758,83.14974212646484
2018-10-26,235.98077392578125,48.416080474853516,65.48512268066406,32.24761962890625,83.34038543701172
2018-10-29,234.67335510253906,48.282100677490234,65.34379577636719,31.688892364501953,83.25300598144531
2018-10-30,238.15093994140625,48.86533737182617,66.74357604980469,32.30599594116211,83.133880615234375
2018-10-31,240.694580078125,49.227882385253906,66.3858871459961,32.65625,83.0941162109375
2018-11-01,243.25592041015625,49.85840606689453,67.44568634033203,33.823726654052734,83.30406951904297
2018-11-02,241.81521606445312,49.9293327331543,67.8166275024414,34.0405387878418,83.05658721923828
2018-11-05,243.14926147460938,49.9293327331543,68.13011932373047,34.13227081298828,83.11249542236328
2018-11-06,244.68788146972656,50.13425827026367,68.31999206542969,34.07389831542969,83.120452880859375
2018-11-07,249.92645263671875,50.8041877746582,69.28263854980469,34.716007232666016,83.19232940673828
2018-11-08,249.47279357910156,50.30765151977539,69.048583984375,33.81538772583008,83.04060363769531
2018-11-09,247.0359649658203,49.97663497924805,67.9755630493164,33.18994140625,83.14441680908203
2018-11-12,242.4199676513672,49.156951904296875,66.84515380859375,32.722957611083984,83.28014373779297
2018-11-13,241.96632385253906,49.369754791259766,66.67293548583984,33.098209381103516,83.31205749511719
2018-11-14,240.3120880126953,49.40916442871094,66.1695327758789,33.29835891723633,83.32007598876953
2018-11-15,242.82022094726562,49.56678771972656,66.933441162109375,34.0405387878418,83.42386627197266
2018-11-16,243.45169067382812,49.62195587158203,67.06151580810547,34.10725021362305,83.55960845947266
2018-11-19,239.33377075195312,49.18848419189453,66.257843017578125,33.64859390258789,83.551605224609375
2018-11-20,234.90464782714844,48.3372802734375,64.92872619628906,32.92308807373047,83.51970672607422
2018-11-21,235.7050323486328,49.01508712768555,65.56459045410156,33.5318603515625,83.57555389404297
2018-11-23,234.13084411621094,48.69194412231445,65.387969970703125,33.139923095703125,83.551605224609375
2018-11-26,237.91079711914062,49.424930572509766,66.00175476074219,33.54853057861328,83.53560638427734
2018-11-27,238.711181640625,49.23576736450195,65.467437744140625,33.78202819824219,83.55960845947266
2018-11-28,244.20761108398438,49.937225341796875,66.75242614746094,34.59092712402344,83.71925354003906
2018-11-29,243.67398071289062,49.68501663208008,66.30644989013672,34.29071807861328,83.75920867919922
2018-11-30,245.15931701660156,49.47221755981445,66.765655517578125,34.25735855102539,83.7352066040039
2018-12-03,248.4054412841797,50.126380920410156,67.27348327636719,34.94951248168945,83.8720932006836
2018-12-04,240.35662841796875,48.82593536376953,64.23103332519531,34.20732879638672,84.09619903564453
2018-12-06,239.99197387695312,48.368797302246094,63.86011505126953,33.890438079833984,84.304229736328125
2018-12-07,234.41549682617188,47.880149841308594,62.74293899536133,33.256656646728516,84.41627502441406
2018-12-10,234.86016845703125,47.50971984863281,62.15566635131836,32.906410217285156,84.47234344482422
2018-12-11,234.9134979248047,47.65947341918945,62.084999084472656,33.156593322753906,84.49629974365234
2018-12-12,236.09637451171875,48.36092758178711,62.81801986694336,33.69864273071289,84.432281494140625
2018-12-13,236.01632690429688,48.274227142333984,61.70966720581055,33.69029998779297,84.45631408691406
2018-12-14,231.65841674804688,47.651588439941406,60.813270568847656,33.2149658203125,84.480316162109375
2018-12-17,227.11358642578125,47.27326965332031,59.52630615234375,32.906410217285156,84.6243667602539
2018-12-18,226.86459350585938,47.31150817871094,59.504119873046875,33.12987518310547,84.87294006347656
2018-12-19,223.46713256835938,46.8574333190918,58.168792724609375,32.579681396484375,84.953155517578125
2018-12-20,219.82957458496094,46.66624450683594,57.467864990234375,32.83362579345703,84.87294006347656
2018-12-21,215.3253173828125,45.85368728637695,56.14583969116211,32.605079650878906,84.83287048339844
2018-12-24,209.6358184814453,45.3199577331543,55.058956146240234,32.300357818603516,84.88899993896484
2018-12-26,220.2276153564453,46.37149429321289,57.587646484375,32.94365692138672,84.72859954833984
2018-12-27,221.9183807373047,46.506927490234375,57.8360710144043,32.901336669921875,84.86495208740234
2018-12-28,221.632080078125,46.753868103027344,58.19097900390625,33.21452331542969,85.17767333984375
2018-12-31,223.57334899902344,46.82556915283203,58.49263000488281,33.062156677246094,85.39420318603516
2019-01-02,223.8059539794922,46.729976654052734,59.09599685668945,33.14680480957031,85.45832061767578
2019-01-03,218.46533203125,46.30777359008789,58.15991973876953,32.54582977294922,85.81117248535156
2019-01-04,225.782958984375,47.72575759887695,60.32927703857422,33.59541702270508,85.55455017089844
2019-01-07,227.5631866455078,47.90898132324219,61.20768356323242,33.671600341796875,85.41024017333984
2019-01-08,229.70126342773438,48.21966552734375,62.0860710144043,33.7985725402832,85.3460464477539
2019-01-09,230.77468872070312,48.76136016845703,62.71156692504883,34.399539947509766,85.4182357788086
2019-01-10,231.5888214111328,48.95255661010742,62.813602447509766,34.64501953125,85.3219985961914
2019-01-11,231.67823791503906,48.61797332763672,63.02656173706055,34.47572326660156,85.44230651855469
2019-01-14,230.2648162841797,48.39491653442383,62.653900146484375,34.18792724609375,85.3219985961914
2019-01-15,232.90383911132812,48.649837493896484,62.84021759033203,34.4249382019043,85.33809661865234
2019-01-16,233.46746826171875,48.78527069091797,63.48348617553711,34.8481559753418,85.41024017333984
2019-01-17,235.2386474609375,48.96051788330078,64.002532958984375,35.00051498413086,85.3460464477539
2019-01-18,238.36973571777344,49.45442581176758,64.76560974121094,35.1698112487793,85.28192901611328
2019-01-22,235.14926147460938,48.689674377441406,63.74081039428711,34.560359954833984,85.35411071777344
2019-01-23,235.64129638671875,48.912723541259766,63.58552169799805,34.915870666503906,85.44230651855469
2019-01-24,235.7664794921875,48.96848678588867,63.949317932128906,35.25445556640625,85.5866470336914
2019-01-25,237.7614288330078,49.526126861572266,64.7566909790039,35.719993591308594,85.54656219482422
2019-01-28,235.95437622070312,49.25526809692383,64.49940490722656,35.34756088256836,85.49845123291016
2019-01-29,235.64129638671875,49.366798400878906,64.48607635498047,35.40681838989258,85.72296142578125
2019-01-30,239.37164306640625,49.908512115478516,65.13822937011719,36.17708206176758,85.91542053222656
2019-01-31,241.47384643554688,49.93239974975586,65.66170501708984,36.4818000793457,86.172027587890625
2019-02-01,241.59022521972656,49.91647720336914,65.74602508544922,36.19401168823242,85.99357604980469
2019-02-04,243.2899169921875,50.09968948364258,66.43363189697266,36.253257751464844,85.92120361328125
2019-02-05,244.30975341796875,50.49003982543945,66.5711669921875,36.752662658691406,86.10611724853516
2019-02-06,243.98770141601562,50.23512268066406,66.45579528808594,36.253257751464844,86.057891845703125
2019-02-07,241.6618194580078,49.56595993041992,65.83470916748047,35.889286041259766,86.098052978515625
2019-02-08,241.9569854736328,49.40663528442383,65.617340087890625,35.68614196777344,86.29100036621094
2019-02-11,242.09117126464844,49.35883331298828,66.1985092163086,35.5676383972168,86.20258331298828
2019-02-12,245.20428466796875,49.93239974975586,67.04583740234375,35.8638916015625,86.21862030029297
2019-02-13,246.00048828125,49.94037628173828,67.334197998046875,35.609962463378906,86.06590270996094
2019-02-14,245.45484924316406,49.956295013427734,67.4939193725586,35.67767333984375,86.19457244873047
2019-02-15,248.12960815429688,50.68122863769531,68.5852279663086,35.62689208984375,86.25886535644531
2019-02-19,248.55902099609375,50.87242126464844,69.0732421875,35.90622329711914,86.30712890625
2019-02-20,249.05996704101562,51.015811920166016,69.72535705566406,36.10935592651367,86.31514739990234
2019-02-21,248.17428588867188,50.91224670410156,69.22850799560547,36.03318405151367,86.12220001220703
2019-02-22,249.71298217773438,51.07954788208008,69.6055908203125,36.43101501464844,86.33924865722656
2019-02-25,250.05296325683594,51.23090362548828,69.40595245361328,36.83729934692383,86.31514739990234
2019-02-26,249.87391662597656,51.47785949707031,68.740509033203125,36.7103385925293,86.4115982055664
2019-02-27,249.7666778564453,51.270729064941406,68.74937438964844,36.39716720581055,86.2267074584961
2019-02-28,249.30152893066406,51.199031829833984,68.37676239013672,35.92314529418945,86.0739517211914
2019-03-01,250.85801696777344,51.47785949707031,68.767120361328125,35.96546936035156,85.93456268310547
2019-03-04,249.94561767578125,51.286651611328125,68.2214584350586,36.01625442504883,86.0393295288086
2019-03-05,249.60568237304688,51.3344612121582,67.84881591796875,36.371768951416016,86.09571838378906
2019-03-06,248.0937957763672,51.20700454711914,66.5356674194336,36.16861343383789,86.22464752197266
2019-03-07,246.01840209960938,50.55377197265625,65.71049499511719,35.49992370605469,86.46642303466797
2019-03-08,245.52638244628906,50.56174087524414,65.56854248046875,35.24598693847656,86.57926177978516
2019-03-11,249.0867919921875,50.999881744384766,66.611083984375,35.90622329711914,86.58733367919922
2019-03-12,250.02613830566406,50.968013763427734,66.42032623291016,36.092430114746094,86.74854278564453
2019-03-13,251.6810760498047,51.40615463256836,66.699798583984375,36.13474655151367,86.70819854736328
2019-03-14,251.52012634277344,51.398193359375,66.38481903076172,35.94007873535156,86.57926177978516
2019-03-15,252.76268005371094,51.955833435058594,66.42474365234375,36.46486282348633,86.79683685302734
2019-03-18,253.6791534423828,52.1390495300293,66.98817443847656,36.87117004394531,86.78072357177734
2019-03-19,253.7420196533203,52.242618560791016,66.3670883178711,36.888092041015625,86.73237609863281
2019-03-20,252.9783935546875,52.266510009765625,65.736541748046875,36.94734573364258,87.08698272705078
2019-03-21,255.83563232421875,52.23465347290039,66.5291748046875,36.99812698364258,87.10309600830078
2019-03-22,250.91171264648438,51.23090362548828,64.08000183105469,35.91468048095703,87.53831481933594
2019-03-25,250.7230224609375,51.30259704589844,64.364990234375,35.999324798583984,87.699493408203125
2019-03-26,252.5919647216797,51.557518005371094,65.028472900390625,36.10935592651367,87.71556854248047
2019-03-27,251.27117919921875,51.5814094543457,65.20661163330078,35.719993591308594,87.9009780883789
2019-03-28,252.22354125976562,51.453956604003906,65.75879669189453,35.95701217651367,87.90901184082031
2019-03-29,253.81390380859375,51.66904830932617,65.70088958740234,36.32944107055664,87.9009780883789
2019-04-01,256.8239440917969,52.33024978637695,66.75629425048828,36.930416107177734,87.49864196777344
2019-04-02,256.9497985839844,52.34617614746094,66.36885833740234,36.811912536621094,87.5955810546875
2019-04-03,257.3542175292969,52.75245666503906,66.6093521118164,37.06584930419922,87.43402099609375
2019-04-04,258.0370178222656,52.640933990478516,67.29066467285156,37.29439163208008,87.49864196777344
2019-04-05,259.2859802246094,52.7763557434082,67.88738250732422,37.58218002319336,87.56331634521484
2019-04-08,259.48358154296875,52.808223724365234,67.82502746582031,37.58218002319336,87.52288818359375
2019-04-09,258.1538391113281,52.473636627197266,66.885406494140625,37.50599670410156,87.57134246826172
2019-04-10,259.0343017578125,52.67279815673828,67.87845611572266,37.68375015258789,87.74102783203125
2019-04-11,258.96240234375,52.5612678527832,67.86956024169922,37.2774543762207,87.63599395751953
2019-04-12,260.7146301269531,52.92771530151367,68.2391586303711,37.548316955566406,87.466339111328125
2019-04-15,260.5439147949219,52.951622009277344,67.97643280029297,37.353641510009766,87.45013427734375
2019-04-16,260.7146301269531,52.991432189941406,68.53753662109375,37.63296127319336,87.29667663574219
2019-04-17,260.07659912109375,53.14280319213867,68.42620086669922,37.743003845214844,87.28862762451172
2019-04-18,260.5888366699219,53.110939025878906,68.207977294921875,37.717613220214844,87.4017333984375
2019-04-22,260.81341552734375,53.02329635620117,67.65580749511719,37.47214126586914,87.29667663574219
2019-04-23,263.1585998535156,53.126869201660156,68.4885482788086,37.55677795410156,87.45013427734375
2019-04-24,262.5744934082031,52.76042938232422,68.74683380126953,37.048919677734375,87.65215301513672
2019-04-25,262.4127502441406,52.7205924987793,67.82057189941406,36.99812698364258,87.64403533935547
2019-04-26,263.63482666015625,52.935672760009766,68.41727447509766,37.142024993896484,87.821807861328125
2019-04-29,264.0481262207031,53.1507682800293,68.764617919921875,37.218204498291016,87.66828155517578
2019-04-30,264.182861328125,53.18263244628906,68.53753662109375,37.184349060058594,87.724853515625
2019-05-01,262.197265625,52.87990951538086,67.798309326171875,36.90502166748047,87.78153991699219
2019-05-02,261.63104248046875,52.80025100708008,67.90966796875,36.98966979980469,87.587249755859375
2019-05-03,264.1917724609375,53.36585235595703,69.50383758544922,37.4298210144043,87.73296356201172
2019-05-06,263.1046142578125,52.76042938232422,69.49494934082031,36.659549713134766,87.8463134765625
2019-05-07,258.7108459472656,51.836334228515625,68.33267974853516,35.94007873535156,87.95158386230469
2019-05-08,258.3515319824219,51.900062561035156,67.78495788574219,35.889286041259766,87.93537902832031
2019-05-09,257.5697937011719,51.661075592041016,67.68696594238281,35.32216262817383,87.98395538330078
2019-05-10,258.8636169433594,52.04345703125,67.79387664794922,35.53377914428711,88.00016021728516
2019-05-13,252.35830688476562,50.83259582519531,65.66081237792969,34.3487663269043,88.14588928222656
2019-05-14,254.6405029296875,51.342430114746094,66.41783905029297,34.831233978271484,88.21881866455078
2019-05-15,256.1321716308594,51.525657653808594,66.377777099609375,34.89894485473633,88.37264251708984
2019-05-16,258.5041809082031,51.93989181518555,66.5380859375,34.729652404785156,88.26740264892578
2019-05-17,256.83294677734375,51.59734344482422,65.4826889038086,34.1032829284668,88.29173278808594
2019-05-20,255.134765625,51.39023208618164,64.96613311767578,33.95939636230469,88.1701889038086
2019-05-21,257.4350280761719,51.73276901245117,65.77215576171875,34.39107894897461,88.162139892578125
2019-05-22,256.6442565917969,51.525657653808594,64.97503662109375,34.2218017578125,88.3078842163086
2019-05-23,253.5084686279297,51.05564498901367,63.545623779296875,33.781639099121094,88.56707000732422
2019-05-24,254.0835418701172,51.60531234741211,64.01763153076172,33.81549835205078,88.59944152832031
2019-05-28,251.7204132080078,51.10344314575195,63.4565544128418,33.93400573730469,88.72898864746094
2019-05-29,250.03114318847656,50.776824951171875,62.92662048339844,34.15407180786133,88.75322723388672
2019-05-30,250.7140655517578,50.968013763427734,62.63270568847656,34.340293884277344,88.98809814453125
2019-05-31,247.3356170654297,50.50596618652344,61.69757843017578,34.45878982543945,89.40113067626953
2019-06-03,246.7066192626953,50.800724029541016,62.21858596801758,34.77198791503906,89.612152099609375
2019-06-04,252.06182861328125,51.38226318359375,64.09333801269531,34.8481559753418,89.53101348876953
2019-06-05,254.24525451660156,51.36632537841797,63.648033142089844,34.5688362121582,89.4823226928711
2019-06-06,255.8985137939453,51.57344436645508,63.4565544128418,34.58576202392578,89.4660415649414
2019-06-07,258.45928955078125,52.2266845703125,63.910736083984375,34.85661697387695,89.71771240234375
2019-06-10,259.64544677734375,52.370079040527344,64.41840362548828,35.22059631347656,89.4823226928711
2019-06-11,259.5824279785156,52.632957458496094,64.32042694091797,35.618431091308594,89.4660415649414
2019-06-12,259.1242370605469,52.242618560791016,64.08441162109375,35.23752212524414,89.5797119140625
2019-06-13,260.1934814453125,52.29041290283203,64.9216079711914,35.17827606201172,89.77449035644531
2019-06-14,259.9059753417969,51.90803146362305,64.2937240600586,34.788909912109375,89.75018310546875
2019-06-17,260.0047912597656,51.945472717285156,64.21508026123047,34.926231384277344,89.72579193115234
2019-06-18,262.72723388671875,52.63720703125,65.03741455078125,35.77059555053711,89.9693374633789
2019-06-19,263.3203430175781,52.96273422241211,65.0642318725586,36.06911087036133,90.27777862548828
2019-06-20,265.8360900878906,53.42660903930664,65.52457427978516,36.5979118347168,90.43199920654297
2019-06-21,265.44970703125,53.1987419128418,64.95698547363281,36.47850799560547,90.19658660888672
2019-06-24,265.12469482421875,53.31267166137695,64.25529479980469,36.42732620239258,90.35894775390625
2019-06-25,262.5243835449219,52.995277404785156,64.04524993896484,36.05205154418945,90.37516021728516
2019-06-26,262.262451171875,53.060386657714844,64.2686996459961,36.39321517944336,90.1722640991211
2019-06-27,263.1925048828125,53.19059753417969,65.5156478881836,36.64908981323242,90.42390441894531
2019-06-28,264.5468444824219,53.4917106628418,66.42289733886719,36.5979118347168,90.38331604003906
2019-07-01,266.94854736328125,53.743988037109375,66.61061096191406,37.03288650512695,90.44999694824219
2019-07-02,267.6437072753906,53.898616790771484,66.05643463134766,36.939064025878906,90.61271667480469
2019-07-03,269.78369140625,54.26481628417969,66.56143951416016,36.87083053588867,90.75914764404297
2019-07-05,269.4766540527344,53.84978485107422,66.8072738647461,36.61496353149414,90.37677001953125
2019-07-08,267.9958801269531,53.5405387878418,66.16368865966797,36.39321517944336,90.32798767089844
2019-07-09,268.33001708984375,53.31267166137695,65.91341400146484,36.2823371887207,90.30354309082031
2019-07-10,269.61199951171875,53.499847412109375,66.00279998779297,36.589378356933594,90.36865234375
2019-07-11,270.2440490722656,53.48357391357422,65.59160614013672,36.52113723754883,90.03508758544922
2019-07-12,271.45404052734375,53.54867935180664,66.32905578613281,36.54673385620117,90.1326904296875
2019-07-15,271.54425048828125,53.597511291503906,65.82848358154297,36.68319320678711,90.26285552978516
2019-07-16,270.6684265136719,53.377769470214844,65.97599792480469,36.63203430175781,90.16527557373047
2019-07-17,268.8265686035156,53.30453109741211,65.35475158691406,36.52113723754883,90.40116882324219
2019-07-18,269.8106689453125,53.467288970947266,65.32344055175781,36.74289321899414,90.5476303100586
2019-07-19,268.31195068359375,53.31267166137695,65.2832260131836,36.555267333984375,90.44184875488281
2019-07-22,268.9709777832031,53.36963653564453,65.08658599853516,36.56378936767578,90.55577850341797
2019-07-23,270.8941955566406,53.70328903198242,65.77483367919922,36.60643768310547,90.46627044677734
2019-07-24,272.16729736328125,53.743988037109375,67.05755615234375,36.6661376953125,90.59642791748047
2019-07-25,270.8670959472656,53.1987419128418,66.4854736328125,36.34203338623047,90.4581298828125
2019-07-26,272.6818542480469,53.30453109741211,67.1648178100586,36.41880416870117,90.47441864013672
2019-07-29,272.1852722167969,53.418460845947266,66.6150894165039,36.350563049316406,90.51509094238281
2019-07-30,271.5172119140625,52.79996109008789,67.4463882446289,36.06911087036133,90.506927490234375
2019-07-31,268.54669189453125,52.45002746582031,67.285491943359375,35.6255989074707,90.5476303100586
2019-08-01,266.2080993652344,52.30354309082031,65.95811462402344,34.926231384277344,91.25706481933594
2019-08-02,264.2036437988281,51.83967590332031,65.1491470336914,34.58506393432617,91.28968811035156
2019-08-05,256.25836181640625,50.54572296142578,63.280982971191406,33.30570983886719,91.68925476074219
2019-08-06,259.8517761230469,50.88751983642578,63.911155700683594,33.78334426879883,91.93387603759766
2019-08-07,260.0053405761719,51.082828521728516,64.02735137939453,33.93686294555664,91.88496398925781
2019-08-08,265.10662841796875,51.579254150390625,65.46648406982422,34.35478210449219,91.97468566894531
2019-08-09,263.3008728027344,51.2211799621582,64.60835266113281,34.00509262084961,91.85235595703125
2019-08-12,260.09552001953125,50.81427764892578,63.92901611328125,33.59569549560547,92.18669891357422
2019-08-13,264.14056396484375,51.29441833496094,64.53239440917969,34.022151947021484,92.05621337890625
2019-08-14,256.3304748535156,49.886531829833984,62.525665283203125,33.041324615478516,92.34162139892578
2019-08-15,257.0077209472656,50.057430267333984,62.141300201416016,33.26307678222656,92.765625
2019-08-16,260.7998046875,50.65965270996094,63.64300537109375,33.723636627197266,92.6922378540039
2019-08-19,263.9418640136719,50.968894958496094,64.36256408691406,33.860111236572266,92.44764709472656
2019-08-20,261.91943359375,50.79798889160156,63.77709197998047,33.9283332824707,92.700408935546875
2019-08-21,264.05029296875,51.15607833862305,64.291046142578125,34.252437591552734,92.6514663696289
2019-08-22,263.9689636230469,51.05841064453125,64.08991241455078,33.808929443359375,92.40686798095703
2019-08-23,257.1883239746094,50.42364501953125,62.092132568359375,33.30570983886719,92.78197479248047
2019-08-26,260.0323791503906,50.838687896728516,62.744659423828125,33.48482894897461,92.74120330810547
2019-08-27,259.01214599609375,50.79798889160156,61.792686462402344,33.54452896118164,93.03472900390625
2019-08-28,260.8359375,50.79798889160156,62.704429626464844,33.63835144042969,93.04291534423828
2019-08-29,264.1675109863281,51.23745346069336,63.80836486816406,34.01362609863281,92.98582458496094
2019-08-30,264.05029296875,51.4409065246582,63.82624053955078,34.27802658081055,93.0673828125
2019-09-03,262.5063171386719,51.343257904052734,62.92789840698242,34.06480026245117,93.04529571533203
2019-09-04,265.48583984375,52.06753158569336,63.58488464355469,34.6362419128418,93.208740234375
2019-09-05,268.898681640625,52.344234466552734,65.08211517333984,35.028568267822266,92.80828094482422
2019-09-06,269.10638427734375,52.51512908935547,64.84077453613281,35.182090759277344,92.90631866455078
2019-09-09,269.241943359375,52.66975784301758,66.35588073730469,35.2929801940918,92.51402282714844
2019-09-10,269.17864990234375,52.75928497314453,67.50447082519531,35.31855773925781,92.01546478271484
2019-09-11,271.0928649902344,53.05225372314453,68.85868835449219,35.56589889526367,92.03180694580078
2019-09-12,272.0318603515625,53.36149978637695,68.8631591796875,35.8217658996582,91.8846664428711
2019-09-13,271.8512268066406,53.6626091003418,69.10002136230469,36.026466369628906,91.33705139160156
2019-09-16,271.0114440917969,53.182464599609375,69.22962951660156,35.7450065612793,91.582275390625
2019-09-17,271.6977233886719,53.36149978637695,69.015106201171875,35.7450065612793,91.721221923828125
2019-09-18,271.8602294921875,53.29638671875,68.48772430419922,35.600013732910156,91.8274917602539
2019-09-19,271.8421936035156,53.47542953491211,68.11677551269531,35.45502471923828,91.958251953125
2019-09-20,270.5577697753906,53.353363037109375,67.84859466552734,35.489139556884766,92.29335021972656
2019-09-23,270.4942932128906,53.21501541137695,68.05418395996094,35.523258209228516,92.33419036865234
2019-09-24,268.3717956542969,53.011558532714844,67.41307830810547,35.14797592163086,92.58758544921875
2019-09-25,269.95916748046875,52.85693359375,68.38214874267578,35.12238693237305,92.20344543457031
2019-09-26,269.3967590332031,53.05225372314453,67.7406005859375,35.113861083984375,92.35872650146484
2019-09-27,267.94549560546875,52.873207092285156,67.36822509765625,34.66182327270508,92.4731674194336
2019-09-30,269.1881103515625,53.06852340698242,67.3816909790039,34.857994079589844,92.4976577758789
2019-10-01,265.9862060546875,52.54768371582031,66.085113525390625,34.610660552978516,92.66558837890625
2019-10-02,261.2875671386719,51.47346115112305,65.403167724609375,34.34625244140625,92.73114776611328
2019-10-03,263.4283447265625,51.81525802612305,65.3448486328125,34.789764404296875,93.09159088134766
2019-10-04,266.9930725097656,52.22215270996094,65.92809295654297,34.94328308105469,93.239044189453125
2019-10-07,265.841064453125,52.15705871582031,65.79798889160156,34.653297424316406,92.9851303100586
2019-10-08,261.7139587402344,51.66877746582031,64.62702941894531,34.40596008300781,93.01786804199219
2019-10-09,264.1993103027344,52.043121337890625,64.83789825439453,34.670352935791016,92.96870422363281
2019-10-10,265.9862060546875,52.409339904785156,64.99041748046875,35.028568267822266,92.64923858642578
2019-10-11,268.7435607910156,53.34522247314453,66.22869873046875,35.59148406982422,92.34611511230469
2019-10-14,268.44427490234375,53.125492095947266,66.04473876953125,35.43796920776367,92.50178527832031
2019-10-15,271.1020812988281,53.743988037109375,66.71768951416016,35.7535400390625,92.19871520996094
2019-10-16,270.66668701171875,53.82537078857422,66.910614013671875,35.855892181396484,92.36251068115234
2019-10-17,271.4648742675781,53.95557403564453,67.60601806640625,35.99234390258789,92.33792877197266
2019-10-18,270.276611328125,53.93115997314453,67.29195404052734,35.804710388183594,92.40349578857422
2019-10-21,272.10888671875,54.22413635253906,67.982879638671875,36.12881088256836,92.14952087402344
2019-10-22,271.219970703125,54.093929290771484,68.31935119628906,36.15439987182617,92.28880310058594
2019-10-23,272.00909423828125,54.38690185546875,68.57508087158203,36.162925720214844,92.36251068115234
2019-10-24,272.4535827636719,54.48454666137695,68.45394134521484,36.162925720214844,92.3871078491211
2019-10-25,273.5691833496094,54.54152297973633,68.98333740234375,36.41880416870117,92.2559814453125
2019-10-28,275.11114501953125,54.78565979003906,69.589019775390625,36.63203430175781,92.05943298339844
2019-10-29,275.029541015625,54.7693977355957,69.79090118408203,36.44438552856445,92.06763458251953
2019-10-30,275.8731384277344,54.99724197387695,69.3063735961914,36.60643768310547,92.3297348022461
2019-10-31,275.13836669921875,54.86703872680664,68.73211669921875,36.31644821166992,92.6902084350586
2019-11-01,277.6872863769531,55.35532760620117,69.91651916503906,36.862308502197266,92.71562194824219
2019-11-04,278.8028869628906,55.640167236328125,70.6836929321289,37.22905731201172,92.48575592041016
2019-11-05,278.4945983886719,55.53436279296875,70.9753189086914,37.44227981567383,92.14094543457031
2019-11-06,278.5580749511719,55.50994873046875,70.67472076416016,37.322872161865234,92.28047943115234
2019-11-07,279.5376892089844,55.680850982666016,70.93495178222656,37.59580993652344,91.845367431640625
2019-11-08,280.22705078125,55.64830017089844,70.86766815185547,37.25463104248047,91.79615783691406
2019-11-11,279.6918640136719,55.57506561279297,70.65229797363281,36.99024200439453,91.8125228881836
2019-11-12,280.28143310546875,55.59947967529297,70.665771484375,36.75143051147461,91.91106414794922
2019-11-13,280.3722229003906,55.4041633605957,70.217132568359375,36.46997833251953,92.075286865234375
2019-11-14,280.78033447265625,55.24952697753906,70.10047912597656,36.49555587768555,92.3379898071289
2019-11-15,282.8121643066406,55.59947967529297,70.30684661865234,36.78554916381836,92.2887191772461
2019-11-18,283.02069091796875,55.664581298828125,70.05110168457031,36.725833892822266,92.461151123046875
2019-11-19,282.9390869140625,55.59133529663086,69.99279022216797,36.80260467529297,92.52679443359375
2019-11-20,281.886962890625,55.24140167236328,69.52619934082031,36.64055252075195,92.74848175048828
2019-11-21,281.43341064453125,55.16815185546875,69.14485931396484,36.56378936767578,92.617095947265625
2019-11-22,282.0592956542969,55.32277297973633,69.29740905761719,36.56378936767578,92.66637420654297
2019-11-25,284.2453308105469,55.762237548828125,70.9483871459961,36.9305419921875,92.7566909790039
2019-11-26,284.8892822265625,55.72968673706055,70.79582977294922,36.81966018676758,92.88804626464844
2019-11-27,286.15924072265625,55.87617492675781,71.0964584350586,36.862308502197266,92.77310943603516
2019-11-29,285.0980224609375,55.48552703857422,70.59397888183594,36.2823371887207,92.65816497802734
2019-12-02,282.6762390136719,55.200706481933594,69.82232666015625,36.273807525634766,92.55610656738281
2019-12-03,280.78033447265625,54.99724197387695,69.37366485595703,36.08617401123047,92.97575378417969
2019-12-04,282.51287841796875,55.50181579589844,69.93895721435547,36.35909652709961,92.8194351196289
2019-12-05,283.02069091796875,55.39601516723633,70.24402618408203,36.52113723754883,92.71248626708984
2019-12-06,285.6059265136719,55.90059280395508,71.30730438232422,36.734371185302734,92.580810546875
2019-12-09,284.7078857421875,55.60761642456055,71.18169403076172,36.589378356933594,92.63020324707031
2019-12-10,284.3904724121094,55.632022857666016,71.091949462890625,36.717308044433594,92.59730529785156
2019-12-11,285.19757080078125,55.92499923706055,71.23106384277344,37.25463104248047,92.84410858154297
2019-12-12,287.6558837890625,56.29935836791992,72.038604736328125,37.90283966064453,92.44917297363281
2019-12-13,287.82830810546875,56.689979553222656,71.50921630859375,37.885780334472656,92.8194351196289
2019-12-16,289.8055725097656,57.29570770263672,71.77647399902344,38.20723342895508,92.63020324707031
2019-12-17,289.86907958984375,56.96649169921875,72.3814697265625,38.55567932128906,92.63843536376953
2019-12-18,289.8872375488281,56.89243698120117,72.6884765625,38.764747619628906,92.4574203491211
2019-12-19,291.0755310058594,56.89243698120117,72.729095458984375,38.78216552734375,92.55713653564453
2019-12-20,292.3515930175781,56.93357849121094,72.65234375,38.860565185546875,92.57361602783203
2019-12-23,292.7982482910156,57.02411651611328,72.5981674194336,38.91283416748047,92.50768280029297
2019-12-24,292.8074035644531,56.96649169921875,72.679443359375,38.82571792602539,92.623077392578125
2019-12-26,294.3659973144531,57.2133903503418,72.6884765625,39.10447692871094,92.70550537109375
2019-12-27,294.2931213378906,57.3121452331543,72.33631896972656,39.261287689208984,92.829132080078125
2019-12-30,292.670654296875,56.88420104980469,72.35437774658203,38.99994659423828,92.829132080078125
2019-12-31,293.3816833496094,57.14756393432617,72.5981674194336,39.08705520629883,92.6148452758789
2020-01-02,296.1252136230469,57.7236328125,72.57561492919922,39.87977981567383,92.87034606933594
2020-01-03,293.8829345703125,57.00764465332031,72.42662048339844,39.13932418823242,93.14231872558594
2020-01-06,295.00408935546875,57.22985076904297,72.48531341552734,39.04350280761719,93.0681381225586
2020-01-07,294.17474365234375,57.073490142822266,71.880340576171875,39.01736831665039,92.9692611694336
2020-01-08,295.7425231933594,57.23807907104492,71.880340576171875,39.24386215209961,92.8620834350586
2020-01-09,297.74774169921875,57.36975860595703,71.71778869628906,39.50518798828125,92.96099090576172
2020-01-10,296.89093017578125,57.15578079223633,71.32048034667969,39.71426010131836,93.11759948730469
2020-01-13,298.9327697753906,57.452056884765625,71.80809020996094,40.3327522277832,93.05987548828125
2020-01-14,298.4770202636719,57.50966262817383,72.05640411376953,40.106266021728516,93.14231872558594
2020-01-15,299.1513977050781,57.50966262817383,72.22795104980469,39.792667388916016,93.28241729736328
2020-01-16,301.6400451660156,57.748329162597656,73.15802001953125,40.045284271240234,93.28241729736328
2020-01-17,302.5789489746094,57.92115020751953,72.9503173828125,40.27178955078125,93.17530059814453
2020-01-21,301.9863586425781,57.460296630859375,72.0879898071289,39.252567291259766,93.43903350830078
2020-01-22,302.0228271484375,57.575496673583984,71.91644287109375,39.57487869262695,93.48848724365234
2020-01-23,302.3692321777344,57.43558883666992,71.997711181640625,39.16545486450195,93.61209869384766
2020-01-24,299.68017578125,57.18870544433594,70.69292449951172,38.85185623168945,93.7851791381836
2020-01-27,294.8765563964844,56.00361251831055,69.66353607177734,37.51032638549805,94.07366943359375
2020-01-28,297.9666442871094,56.530330657958984,70.142120361328125,37.82394027709961,93.99121856689453
2020-01-29,297.7204895019531,56.538543701171875,69.59581756591797,38.00687026977539,94.20549011230469
2020-01-30,298.6866455078125,56.489166259765625,69.523590087890625,37.440643310546875,94.2137680053711
2020-01-31,293.2630615234375,55.53453063964844,68.0201416015625,36.68277359008789,94.49400329589844
2020-02-03,295.44158935546875,55.666194915771484,68.56194305419922,37.092193603515625,94.46343994140625
2020-02-04,299.9445495605469,56.596153259277344,69.3339614868164,38.05042266845703,94.14958190917969
2020-02-05,303.40826416015625,57.13931655883789,70.900604248046875,38.26820755004883,94.0091323852539
2020-02-06,304.42919921875,57.29570770263672,70.49427032470703,38.30305099487305,94.06695556640625
2020-02-07,302.8067321777344,56.75252151489258,69.37909698486328,37.771671295166016,94.33953857421875
2020-02-10,305.0672607421875,56.86774444580078,69.27527618408203,37.980735778808594,94.44689178466797
2020-02-11,305.5959777832031,57.254547119140625,69.997650146484375,38.477272033691406,94.33125305175781
2020-02-12,307.5648193359375,57.452056884765625,70.548431396484375,38.99994659423828,94.2321548461914
2020-02-13,307.2366943359375,57.04879379272461,70.67939758300781,38.48598861694336,94.29823303222656
2020-02-14,307.7289123535156,56.95003128051758,70.31819915771484,38.5034065246582,94.39734649658203
2020-02-18,306.9359436035156,56.58793640136719,69.929931640625,38.25078582763672,94.52125549316406
2020-02-19,308.4034729003906,56.77720642089844,70.16016387939453,38.529544830322266,94.49649810791016
2020-02-20,307.1364440917969,56.43979263305664,70.54393768310547,37.9284782409668,94.71121978759766
2020-02-21,303.97357177734375,56.17644119262695,69.71319580078125,37.710693359375,94.90120697021484
2020-02-24,293.8920593261719,53.929710388183594,67.6815414428711,36.29948043823242,95.2067642211914
2020-02-25,284.9864807128906,53.04090118408203,65.243560791015625,36.01201248168945,95.3719711303711
2020-02-26,283.93829345703125,53.10673141479492,64.20514678955078,36.29948043823242,95.27287292480469
2020-02-27,271.1861267089844,51.53485107421875,61.86194610595703,35.42836380004883,95.28938293457031
2020-02-28,270.0466613769531,51.22211837768555,61.117008209228516,35.297698974609375,95.9914321899414
2020-03-02,281.7416076660156,51.8804931640625,62.498531341552734,36.06428527832031,95.95751190185547
2020-03-03,273.67462158203125,51.460777282714844,60.95445251464844,35.820369720458984,96.611358642578125
2020-03-04,285.1778564453125,52.99974822998047,62.69268035888672,36.45627975463867,96.53685760498047
2020-03-05,275.69805908203125,51.59245300292969,60.27275848388672,35.689697265625,96.83480072021484
2020-03-06,271.1405029296875,50.8188591003418,59.12146759033203,34.95796585083008,97.5466079711914
2020-03-09,249.9659881591797,46.87679672241211,52.75106430053711,32.57109069824219,97.42243957519531
2020-03-10,262.90045166015625,48.605045318603516,54.35833740234375,34.226219177246094,96.32164001464844
2020-03-11,250.08447265625,46.12788009643555,50.95416259765625,32.632076263427734,94.94775390625
2020-03-12,226.15707397460938,41.05834197998047,44.98558807373047,29.365386962890625,91.14885711669922
2020-03-13,245.49038696289062,43.543739318847656,48.87284851074219,31.48220443725586,92.58067321777344
2020-03-16,218.62796020507812,39.0502815246582,47.121089935302734,27.553457260131836,94.12841033935547
2020-03-17,230.43211364746094,40.951358795166016,45.16166305541992,29.45249366760254,91.69511413574219
2020-03-18,218.7646484375,38.605873107910156,40.78229904174805,26.908830642700195,88.20243072509766
2020-03-19,219.2294921875,39.20664596557617,42.62434005737305,27.11789894104004,90.17224884033203
2020-03-20,209.781982421875,38.72108459472656,40.89065933227539,27.31825828552246,91.06611633300781
2020-03-23,204.4182586669922,38.268455505371094,39.883846282958984,26.6649169921875,93.226226806640625
2020-03-24,222.93919372558594,41.510982513427734,43.157081604003906,28.668487548828125,93.99597930908203
2020-03-25,226.27662658691406,42.860660552978516,43.44901657104492,29.678979873657227,94.95604705810547
2020-03-26,239.48890686035156,44.778202056884766,46.39101791381836,30.802724838256836,95.24571228027344
2020-03-27,232.35557556152344,43.50259017944336,44.47053909301758,29.051780700683594,95.6512451171875
2020-03-30,239.90147399902344,44.38317108154297,45.27415084838867,29.530900955200195,95.74230194091797
2020-03-31,236.32562255859375,43.996376037597656,45.37403106689453,29.73125457763672,95.4857406616211
2020-04-01,225.68988037109375,42.045921325683594,42.25496292114258,28.45941925048828,95.161407470703125
2020-04-02,230.897705078125,42.868896484375,42.704429626464844,29.417648315429688,95.30245208740234
2020-04-03,227.56031799316406,41.88955307006836,41.11993408203125,28.860136032104492,95.3687744140625
2020-04-06,242.84463500976562,44.1115837097168,44.33887481689453,30.43685531616211,95.833282470703125
2020-04-07,243.09226989746094,44.35848617553711,44.72024917602539,30.593658447265625,95.96600341796875
2020-04-08,251.2525177001953,44.72060012817383,46.79055404663086,30.907262802124023,96.05721282958984
2020-04-09,255.0758056640625,45.73284912109375,49.66899490356445,30.79401397705078,97.25160217285156
2020-04-13,252.74703979492188,45.29668045043945,48.11174011230469,30.837574005126953,96.79541015625
2020-04-14,260.201171875,46.10320281982422,48.57481384277344,31.543167114257812,96.8451919555664
2020-04-15,254.67234802246094,44.662986755371094,46.22757339477539,30.7330379486084,97.243316650390625
2020-04-16,255.9010467529297,44.687679290771484,45.53293228149414,30.898555755615234,97.36772918701172
2020-04-17,262.81427001953125,45.872764587402344,47.75759506225586,31.586729049682617,97.25160217285156
2020-04-20,258.1840515136719,45.189693450927734,46.73152542114258,31.186025619506836,97.11063385009766
2020-04-21,250.34475708007812,44.30910110473633,45.88705825805664,30.3236083984375,97.160369873046875
2020-04-22,255.9010467529297,45.05801773071289,46.0550422668457,31.151174545288086,97.160369873046875
2020-04-23,255.8826446533203,44.91810989379883,46.72243881225586,31.03792953491211,97.39259338378906
2020-04-24,259.4494323730469,45.43658447265625,47.294498443603516,30.994375228881836,97.34284210205078
2020-04-27,263.1902160644531,46.03736114501953,49.51008224487305,31.62158203125,96.89495849609375
2020-04-28,261.9799499511719,46.38301086425781,50.87213134765625,31.682554244995117,97.27649688720703
2020-04-29,268.8381652832031,47.54341506958008,53.7324104309082,32.60594177246094,97.34284210205078
2020-04-30,266.33514404296875,46.55583572387695,51.67572784423828,31.91775894165039,97.12721252441406
2020-05-01,259.28424072265625,45.543575286865234,49.378421783447266,30.76787757873535,97.132171630859375
2020-05-04,259.99951171875,45.52711486816406,49.07423400878906,31.098909378051758,97.2153091430664
2020-05-05,262.4017333984375,45.60940933227539,48.84722900390625,31.27313232421875,97.1405029296875
2020-05-06,260.6229248046875,45.313140869140625,47.83932113647461,31.17730140686035,96.74989318847656
2020-05-07,263.767822265625,45.99620819091797,48.65654754638672,31.429931640625,97.04906463623047
2020-05-08,268.1321716308594,46.778038024902344,50.976539611816406,32.09197998046875,96.79142761230469
2020-05-11,268.1872253417969,46.73689270019531,49.832435607910156,31.882909774780273,96.50056457519531
2020-05-12,262.8417663574219,46.144344329833984,47.95281982421875,31.760955810546875,96.74989318847656
2020-05-13,258.1932067871094,45.790462493896484,45.97332763671875,31.69997787475586,96.90775299072266
2020-05-14,261.2831115722656,45.35429000854492,46.15946578979492,31.821935653686523,97.20697021484375
2020-05-15,262.4842529296875,45.39543533325195,46.68613052368164,31.386377334594727,97.265167236328125
2020-05-18,270.4793701171875,47.230674743652344,50.28644943237305,32.61465072631836,97.12389373779297
2020-05-19,267.7012939453125,46.58052062988281,49.065155029296875,32.35332107543945,97.23191833496094
2020-05-20,272.2490234375,47.5516357421875,50.649654388427734,32.7801628112793,97.48124694824219
2020-05-21,270.36944580078125,47.00023651123047,50.80402755737305,32.40558624267578,97.556060791015625
2020-05-22,270.8828125,46.868568420410156,50.88119888305664,31.73482322692871,97.60595703125
2020-05-26,274.2202453613281,48.210025787353516,53.16035079956055,32.43172073364258,97.44799041748047
2020-05-27,278.3004455566406,48.79433059692383,55.612022399902344,32.53626251220703,97.58927154541016
2020-05-28,277.7869873046875,49.25519943237305,53.81412887573242,32.30976104736328,97.522796630859375
2020-05-29,279.02471923828125,49.08237838745117,52.992366790771484,32.867279052734375,97.78045654296875
2020-06-01,280.1524963378906,50.176937103271484,53.618892669677734,33.62514877319336,97.7254638671875
2020-06-02,282.4721984863281,50.64603042602539,54.436126708984375,34.42658233642578,97.80876159667969
2020-06-03,286.2313537597656,51.85580825805664,56.53820037841797,35.228004455566406,97.567291259765625
2020-06-04,285.47955322265625,51.63360595703125,57.77766036987305,34.73146438598633,97.2759017944336
2020-06-05,292.7962341308594,52.52241897583008,60.81500244140625,35.64613342285156,97.33418273925781
2020-06-08,296.3354187011719,53.20549774169922,62.926151275634766,35.86391830444336,97.44242095947266
2020-06-09,294.125732421875,52.514190673828125,60.9466552734375,35.6200065612793,97.567291259765625
2020-06-10,292.4844665527344,52.39897155761719,58.11362838745117,35.8813362121582,97.96697235107422
2020-06-11,275.6231384277344,49.592620849609375,52.87885665893555,34.00844955444336,97.80046081542969
2020-06-12,278.92376708984375,50.448516845703125,54.42251968383789,34.73146438598633,97.90035247802734
2020-06-15,281.52777099609375,50.65550994873047,55.20641326904297,34.416046142578125,98.225067138671875
2020-06-16,286.9466247558594,51.2815055847168,56.81162643432617,34.63508987426758,98.0335693359375
2020-06-17,285.7546691894531,51.473480224609375,55.16537094116211,34.96803283691406,97.95032501220703
2020-06-18,285.86468505859375,51.19804382324219,55.065040588378906,34.98556137084961,98.05022430419922
2020-06-19,284.23101806640625,50.94764709472656,54.198604583740234,34.97679901123047,98.0835189819336
2020-06-22,286.0542907714844,51.55694580078125,54.40381622314453,35.406124114990234,98.05851745605469
2020-06-23,287.371337890625,51.84073257446289,54.517818450927734,35.747840881347656,98.04190826416016
2020-06-24,280.04083251953125,50.51362991333008,52.465702056884766,35.274696350097656,98.02523040771484
2020-06-25,283.04290771484375,51.23143005371094,53.30479049682617,35.42364501953125,98.14180755615234
2020-06-26,276.3203125,50.488582611083984,51.84550857543945,34.99432373046875,98.258392333984375
2020-06-29,280.3815002441406,50.897560119628906,54.130191802978516,35.15203857421875,98.34162902832031
2020-06-30,283.97308349609375,50.80574417114258,54.89175796508789,35.03813171386719,98.4249038696289
2020-07-01,285.96221923828125,50.99772262573242,53.83378219604492,35.43240737915039,98.47745513916016
2020-07-02,287.5370178222656,51.55694580078125,54.07548522949219,36.23849105834961,98.5942611694336
2020-07-06,291.97576904296875,52.39994812011719,54.70478057861328,37.79806900024414,98.58592987060547
2020-07-07,288.9644470214844,51.63206100463867,53.505435943603516,37.167232513427734,98.736053466796875
2020-07-08,291.17462158203125,52.06608963012695,53.58753204345703,38.13101577758789,98.70269012451172
2020-07-09,289.5169982910156,51.473480224609375,51.986873626708984,38.13101577758789,98.96129608154297
2020-07-10,292.4731140136719,52.024356842041016,53.39142990112305,37.88569259643555,98.8445053100586
2020-07-13,289.9405822753906,51.690494537353516,53.095027923583984,37.63160705566406,98.83616638183594
2020-07-14,293.6979675292969,52.45003128051758,54.002506256103516,37.68416213989258,98.99462890625
2020-07-15,296.3962707519531,53.042640686035156,56.3419189453125,37.79806900024414,99.00299072265625
2020-07-16,295.4200134277344,52.70042419433594,56.045501708984375,37.263614654541016,99.06971740722656
2020-07-17,296.2764892578125,53.009254455566406,55.7673225402832,37.4738883972168,99.16983795166016
2020-07-20,298.6708984375,53.26799392700195,55.08784866333008,37.955780029296875,99.278289794921875
2020-07-21,299.3063049316406,53.37649154663086,56.766021728515625,38.306251525878906,99.336669921875
2020-07-22,301.010009765625,53.51839828491211,56.53800582885742,38.1397705078125,99.42009735107422
2020-07-23,297.4183654785156,53.09272384643555,57.07155227661133,37.8331184387207,99.53690338134766
2020-07-24,295.5029602050781,52.80058288574219,56.15950012207031,37.79806900024414,99.50354766845703
2020-07-27,297.65789794921875,53.493350982666016,56.528892517089844,38.38511276245117,99.43680572509766
2020-07-28,295.7699890136719,53.15114974975586,56.18230056762695,38.06968688964844,99.50354766845703
2020-07-29,299.4076232910156,53.71036911010742,57.591426849365234,38.68300247192383,99.62032318115234
2020-07-30,298.33929443359375,52.917442321777344,56.880035400390625,38.192352294921875,99.69538116455078
2020-07-31,300.6968688964844,51.790645599365234,56.30543518066406,37.929500579833984,99.73710632324219
2020-08-03,302.7873229980469,52.80058288574219,56.9028205871582,38.192352294921875,99.77637481689453
2020-08-04,303.9570007324219,53.09272384643555,57.40901184082031,38.70052719116211,99.96857452392578
2020-08-05,305.84478759765625,53.26799392700195,58.923011779785156,39.121097564697266,99.77637481689453
2020-08-06,307.88916015625,53.32642364501953,58.49435043334961,39.24375534057617,99.918426513671875
2020-08-07,308.1102600097656,53.109413146972656,59.898921966552734,38.437679290771484,99.80145263671875
2020-08-10,309.0311279296875,53.28469467163086,60.956905364990234,38.5340576171875,99.70954132080078
2020-08-11,306.4801940917969,53.47665786743164,60.979679107666016,38.42892074584961,99.43376159667969
2020-08-12,310.75323486328125,54.66187286376953,61.17121887207031,38.945858001708984,99.23322296142578
2020-08-13,310.19146728515625,54.419830322265625,60.5510368347168,38.83195877075195,98.86555480957031
2020-08-14,310.20074462890625,54.08596420288086,60.842891693115234,38.761863708496094,98.773590087890625
2020-08-17,311.1861267089844,54.49494934082031,60.73799133300781,39.25252151489258,98.90729522705078
2020-08-18,311.85833740234375,54.46155548095703,59.69369125366211,39.208709716796875,99.04936218261719
2020-08-19,310.55987548828125,54.21950912475586,59.7620964050293,38.72681427001953,98.8989028930664
2020-08-20,311.52685546875,54.04423522949219,59.1875114440918,38.60416030883789,99.07442474365234
2020-08-21,312.63201904296875,53.7687873840332,58.70869064331055,38.79690933227539,99.17469787597656
2020-08-24,315.79986572265625,54.478248596191406,60.15428924560547,39.226234436035156,99.13292694091797
2020-08-25,316.9049072265625,54.51163864135742,60.113250732421875,39.62051010131836,98.92402648925781
2020-08-26,320.0821228027344,54.828819274902344,59.392730712890625,39.725650787353516,98.90729522705078
2020-08-27,320.7820129394531,54.26958465576172,59.825958251953125,39.392704010009766,98.56470489501953
2020-08-28,322.8541564941406,54.65353775024414,60.199886322021484,39.90964889526367,98.69840240478516
2020-08-31,321.6845397949219,54.236209869384766,59.1601448059082,39.02470779418945,98.915679931640625
2020-09-01,324.7143249511719,54.29463577270508,59.93539047241211,39.69060134887695,99.12071228027344
2020-09-02,329.4110107421875,55.020790100097656,60.46894073486328,39.58546829223633,99.321624755859375
2020-09-03,318.07452392578125,53.77714157104492,59.27415466308594,38.83195877075195,99.34673309326172
2020-09-04,315.47760009765625,53.852256774902344,59.32887649536133,38.849483489990234,98.8528823852539
2020-09-08,306.8577575683594,53.192874908447266,57.801204681396484,38.174827575683594,98.96173095703125
2020-09-09,312.91741943359375,54.18611526489258,58.2435302734375,38.74434280395508,98.95331573486328
2020-09-10,307.48406982421875,53.551788330078125,57.404449462890625,38.12225341796875,98.96173095703125
2020-09-11,307.6405334472656,54.08596420288086,56.92563247680664,38.49024963378906,99.07889556884766
2020-09-14,311.692626953125,54.37809753417969,58.04745864868164,39.11233901977539,99.08726501464844
2020-09-15,313.2673645019531,54.728660583496094,58.0018424987793,39.52413558959961,99.09559631347656
2020-09-16,312.02410888671875,54.728660583496094,58.5627555847168,39.471561431884766,99.04540252685547
2020-09-17,309.27984619140625,54.803775787353516,58.11585998535156,39.313846588134766,99.07050323486328
2020-09-18,305.7192077636719,54.36140060424805,57.805763244628906,39.0071907043457,98.95331573486328
2020-09-21,302.31658935546875,52.984214782714844,55.47547149658203,38.64795684814453,98.9700698852539
2020-09-22,305.39556884765625,52.967525482177734,55.580360412597656,38.35882568359375,99.04540252685547
2020-09-23,298.31304931640625,52.525150299072266,54.00749588012695,37.763023376464844,98.836151123046875
2020-09-24,299.1083068847656,52.475074768066406,54.31904602050781,37.587791442871094,98.844482421875
2020-09-25,303.9439392089844,52.650352478027344,54.77262878417969,37.622833251953125,98.8779525756836
2020-09-28,308.9922180175781,53.443275451660156,56.46780776977539,38.04340744018555,98.96173095703125
2020-09-29,307.3094177246094,53.38484573364258,55.91801452636719,38.01711654663086,98.97844696044922
2020-09-30,309.6394958496094,53.1261100769043,56.087528228759766,38.63043975830078,98.81938171386719
2020-10-01,311.6273193359375,53.43492889404297,56.90763473510742,38.98966598510742,98.95523834228516
2020-10-02,308.6686706542969,53.32642364501953,57.883514404296875,38.54281997680664,98.8546142578125
2020-10-05,314.142333984375,54.136043548583984,59.25796890258789,39.059757232666016,98.53601837158203
2020-10-06,309.6763916015625,53.56013107299805,59.18466567993164,39.12985610961914,98.61988067626953
2020-10-07,315.06683349609375,54.01919174194336,60.28425979614258,39.559181213378906,98.55279541015625
2020-10-08,317.85919189453125,54.39478302001953,61.269290924072266,39.883365631103516,98.67853546142578
2020-10-09,320.6977844238281,54.82046127319336,61.25553894042969,40.15497970581055,98.70369720458984
2020-10-12,325.8569641113281,55.137638092041016,61.59457778930664,40.505455017089844,98.89656066894531
2020-10-13,323.73040771484375,54.51998519897461,60.76530075073242,40.33897018432617,98.92169952392578
2020-10-14,321.69635009765625,54.42818069458008,60.444602966308594,40.06736373901367,98.98038482666016
2020-10-15,321.2986755371094,53.785484313964844,61.41590118408203,39.77822494506836,98.89656066894531
2020-10-16,321.10455322265625,54.035884857177734,60.948577880859375,39.91841506958008,98.8462142944336
2020-10-19,316.22265625,53.835575103759766,60.302574157714844,39.804500579833984,98.7288589477539
2020-10-20,317.4893798828125,54.102657318115234,60.843204498291016,40.242584228515625,98.64501953125
2020-10-21,316.88836669921875,53.84392166137695,60.6232795715332,40.356502532958984,98.5275650024414
2020-10-22,318.6265869140625,53.885643005371094,61.84196472167969,40.34773635864258,98.3515625
2020-10-23,319.7083435058594,54.236209869384766,62.190189361572266,40.58429718017578,98.49409484863281
2020-10-26,313.80023193359375,53.259647369384766,60.78822326660156,40.05859375,98.62821960449219
2020-10-27,312.71832275390625,52.84231948852539,59.83525466918945,40.233829498291016,98.8546142578125
2020-10-28,302.030029296875,51.26481628417969,57.84686279296875,39.226234436035156,98.71208953857422
2020-10-29,305.09967041015625,51.506858825683594,58.827308654785156,39.62051010131836,98.53601837158203
2020-10-30,301.9190979003906,51.23977279663086,58.140071868896484,39.17366027832031,98.2676773071289
2020-11-02,305.3031311035156,51.907501220703125,59.413753509521484,39.6730842590332,98.44572448730469
2020-11-03,310.6935119628906,53.26799392700195,60.98979568481445,39.84831237792969,98.40373992919922
2020-11-04,317.6371765136719,53.852256774902344,59.69780349731445,41.10124206542969,99.05884552001953
2020-11-05,323.83203125,55.1459846496582,61.484622955322266,41.80217742919922,99.15118408203125
2020-11-06,323.75811767578125,55.26283645629883,60.687435150146484,41.99493408203125,98.93287658691406
2020-11-09,327.8263854980469,56.87373352050781,64.6275634765625,42.28407287597656,98.470947265625
2020-11-10,327.3456115722656,57.382869720458984,66.5701675415039,41.80217742919922,98.311370849609375
2020-11-11,329.7773742675781,57.86697006225586,65.73632049560547,42.07379913330078,98.37016296386719
2020-11-12,326.5781555175781,57.02397155761719,64.31604766845703,41.75836944580078,98.78169250488281
2020-11-13,331.0995178222656,57.90035629272461,66.31360626220703,42.345401763916016,98.79847717285156
2020-11-16,335.232421875,58.50130844116211,68.53106689453125,42.87111282348633,98.79003143310547
2020-11-17,333.42938232421875,58.44290542602539,69.02588653564453,42.827301025390625,98.99161529541016
2020-11-18,329.41668701171875,58.13406753540039,68.16454315185547,42.67835235595703,99.05884552001953
2020-11-19,330.8036193847656,58.54304504394531,68.53106689453125,42.74844741821289,99.24357604980469
2020-11-20,328.5382995605469,58.71833038330078,68.36613464355469,42.985015869140625,99.34436798095703
2020-11-23,330.5076599121094,58.64320755004883,70.29039001464844,43.09891128540039,99.3191909790039
2020-11-24,335.83343505859375,59.51959991455078,72.553680419921875,43.67719268798828,99.18477630615234
2020-11-25,335.3156433105469,59.444480895996094,71.76566314697266,43.43185806274414,99.15118408203125
2020-11-27,336.2495422363281,59.85347366333008,71.41746520996094,43.843658447265625,99.3191909790039
2020-11-30,334.76080322265625,58.55139923095703,69.3099365234375,42.69588088989258,99.45352935791016
2020-12-01,338.4222412109375,59.928585052490234,70.31787109375,43.53699493408203,99.13890838623047
2020-12-02,339.13427734375,59.936920166015625,70.84934997558594,43.598331451416016,99.02953338623047
2020-12-03,339.0418395996094,60.03709411621094,71.3258285522461,44.097747802734375,99.19776916503906
2020-12-04,341.9635009765625,60.546241760253906,73.35088348388672,44.55335998535156,98.92854309082031
2020-12-07,341.2608642578125,60.05379104614258,72.81939697265625,44.55335998535156,99.07999420166016
2020-12-08,342.25946044921875,60.26244354248047,73.470001220703125,44.570884704589844,99.08837890625
2020-12-09,339.1897277832031,60.345909118652344,73.56163787841797,44.185367584228516,98.945404052734375
2020-12-10,339.07879638671875,60.42938995361328,73.87317657470703,44.754886627197266,99.18934631347656
2020-12-11,338.68115234375,60.245750427246094,72.9935302734375,44.43946075439453,99.2987289428711
2020-12-14,337.16485595703125,60.282833099365234,72.31543731689453,44.208412170410156,99.2398452758789
2020-12-15,341.7231750488281,60.89805603027344,74.35881042480469,44.68644332885742,99.2987289428711
2020-12-16,342.25946044921875,61.1340217590332,73.85485076904297,44.898895263671875,99.256683349609375
2020-12-17,344.17333984375,61.56382751464844,74.34965515136719,45.19102096557617,99.25245666503906
2020-12-18,342.7991027832031,61.24357223510742,73.47916412353516,45.137901306152344,99.201934814453125
2020-12-21,341.5733947753906,60.459808349609375,72.83773040771484,44.47399139404297,99.201934814453125
2020-12-22,340.9976806640625,60.308109283447266,72.78276824951172,44.1198844909668,99.3450927734375
2020-12-23,341.3041076660156,60.957035064697266,74.10225677490234,44.57135772705078,99.2777099609375
2020-12-24,342.6319885253906,60.982330322265625,74.1114273071289,44.37660598754883,99.370361328125
2020-12-28,345.5754089355469,61.47955322265625,74.679534912109375,44.50053787231445,99.3872299194336
2020-12-29,344.9161071777344,61.875640869140625,73.51581573486328,45.164459228515625,99.4040756225586
2020-12-30,345.4082946777344,61.959922790527344,74.33131408691406,45.76642608642578,99.46302032470703
2020-12-31,347.1632080078125,61.48798370361328,74.50543975830078,45.739864349365234,99.538818359375
2021-01-04,342.4368896484375,61.80823516845703,73.64410400390625,46.0319938659668,99.41246795654297
2021-01-05,344.79547119140625,62.448734283447266,75.394256591796875,47.13852310180664,99.31139373779297
2021-01-06,346.8568115234375,63.16507339477539,79.5634765625,46.740169525146484,98.82291412353516
2021-01-07,352.0101318359375,63.232513427734375,80.159088134765625,47.18279266357422,98.72188568115234
2021-01-08,354.0158996582031,63.822444915771484,79.37107849121094,48.43096160888672,98.603973388671875
2021-01-11,351.6295166015625,62.98809814453125,79.77423858642578,47.7758903503418,98.44396209716797
2021-01-12,351.70379638671875,63.2746467590332,81.46942138671875,48.24506378173828,98.52818298339844
2021-01-13,352.6509094238281,63.19036865234375,80.70886993408203,48.351295471191406,98.83980560302734
2021-01-14,351.4159240722656,63.69603729248047,82.62398529052734,48.80275344848633,98.64606475830078
2021-01-15,348.8531188964844,62.70156478881836,81.20366668701172,48.112281799316406,98.74715423583984
2021-01-19,351.5923767089844,63.15665817260742,81.67101287841797,48.90898895263672,98.88194274902344
2021-01-20,356.4579772949219,63.58646774291992,81.9275894165039,49.767662048339844,98.89032745361328
2021-01-21,356.7828369140625,63.63704299926758,80.86466217041016,49.85618209838867,98.74715423583984
2021-01-22,355.52008056640625,63.33363342285156,81.90923309326172,49.422420501708984,98.74715423583984
2021-01-25,356.92218017578125,63.257774353027344,81.91841125488281,49.79421615600586,98.99980926513672
2021-01-26,356.3650207519531,63.35049819946289,81.98255157470703,49.4312744140625,98.96611785888672
2021-01-27,347.6553649902344,61.90093231201172,81.90007781982422,48.05916976928711,98.9745101928711
2021-01-28,350.6451721191406,62.297035217285156,80.12242126464844,48.395545959472656,98.90718078613281
2021-01-29,343.6254577636719,61.00762176513672,79.1603012084961,47.19164276123047,98.79768371582031
2021-02-01,349.3453369140625,61.732391357421875,80.22322845458984,48.466373443603516,98.89216613769531
2021-02-02,354.2851257324219,62.35603332519531,80.19573211669922,49.094886779785156,98.74034881591797
2021-02-03,354.5637512207031,62.50772476196289,80.76383972167969,49.34275817871094,98.62223052978516
2021-02-04,358.5936584472656,62.57513427734375,82.284942626953125,49.36045837402344,98.5800552368164
2021-02-05,360.00494384765625,62.96281814575195,82.92635345458984,49.785369873046875,98.453521728515625
2021-02-08,362.6048583984375,63.401065826416016,85.07967376708984,49.8738899230957,98.55474090576172
2021-02-09,362.3633728027344,63.746578216552734,85.37288665771484,50.405029296875,98.59693145751953
2021-02-10,362.2055358886719,63.5274658203125,85.427886962890625,50.58207702636719,98.68971252441406
2021-02-11,362.79052734375,63.957275390625,85.47369384765625,51.122066497802734,98.57160186767578
2021-02-12,364.5826416015625,64.31124114990234,85.73027801513672,51.166324615478516,98.34381866455078
2021-02-16,364.2668762207031,64.7747573852539,85.95018768310547,51.29024887084961,97.87989044189453
2021-02-17,364.3505554199219,64.39552307128906,85.75774383544922,51.30795669555664,98.07389831542969
2021-02-18,362.7998046875,64.07526397705078,84.62151336669922,50.59977340698242,98.02330017089844
2021-02-19,362.1591491699219,64.26066589355469,86.17008972167969,50.927310943603516,97.7195816040039
2021-02-22,359.3735046386719,64.10054779052734,87.85611724853516,49.4312744140625,97.41590118408203
2021-02-23,359.8099365234375,64.1595458984375,88.00272369384766,49.652584075927734,97.44122314453125
2021-02-24,363.7747802734375,64.36180877685547,90.614227294921875,49.333892822265625,97.407470703125
2021-02-25,355.0093688964844,63.266212463378906,88.32342529296875,48.209659576416016,96.51326751708984
2021-02-26,353.1800842285156,62.372894287109375,87.7094955444336,47.56343460083008,97.29778289794922
2021-03-01,361.7413330078125,63.54432678222656,90.3943099975586,48.83816146850586,97.24710845947266
2021-03-02,358.9185791015625,63.4769172668457,89.01983642578125,48.360145568847656,97.264007568359375
2021-03-03,354.1643981933594,63.089237213134766,90.15606689453125,48.26277160644531,96.909149169921875
2021-03-04,349.7817687988281,62.49087142944336,89.30388641357422,47.13852310180664,96.63025665283203
2021-03-05,356.2165222167969,62.89539337158203,91.7870864868164,47.65195846557617,96.56267547607422
2021-03-08,354.4430236816406,62.67627716064453,94.69181060791016,46.368370056152344,96.18247985839844
2021-03-09,359.50347900390625,63.519046783447266,94.50855255126953,47.386390686035156,96.5457992553711
2021-03-10,361.7413330078125,63.78872299194336,96.74436950683594,47.17393112182617,96.70630645751953
2021-03-11,365.40911865234375,64.12583923339844,97.4957275390625,48.6611213684082,96.69788360595703
2021-03-12,365.90118408203125,64.28595733642578,98.90685272216797,47.79360580444336,96.14864349365234
2021-03-15,368.08319091796875,64.3365249633789,98.34790802001953,47.90867614746094,96.25006103515625
2021-03-16,367.6189270019531,64.44609069824219,96.49694061279297,48.112281799316406,96.21622467041016
2021-03-17,368.8725280761719,64.82532501220703,96.98259735107422,48.17424774169922,96.207794189453125
2021-03-18,363.5054626464844,64.23540496826172,95.2416000366211,47.28901672363281,95.83604431152344
2021-03-19,362.8328857421875,64.41236877441406,95.28740692138672,47.87327194213867,95.91206359863281
2021-03-22,365.73016357421875,64.47136688232422,93.34484100341797,47.73163604736328,96.09793853759766
2021-03-23,362.8515319824219,63.578033447265625,89.87201690673828,46.819847106933594,96.343017578125
2021-03-24,361.0070495605469,63.257774353027344,88.77241516113281,45.74871826171875,96.46128845214844
2021-03-25,363.0378723144531,63.72974395751953,91.44922637939453,45.96117401123047,96.41059112548828
2021-03-26,368.8882751464844,64.5556411743164,93.65614318847656,47.15623092651367,96.25006103515625
2021-03-29,368.70196533203125,64.30281829833984,91.228546142578125,46.828697204589844,96.08951568603516
2021-03-30,367.7237548828125,64.2185287475586,92.75501251220703,46.97918701171875,96.1655502319336
2021-03-31,369.2142639160156,63.940425872802734,92.63545227050781,47.218196868896484,96.18247985839844
2021-04-01,373.2013244628906,64.7747573852539,93.66536712646484,47.67851257324219,96.50569152832031
2021-04-05,378.55804443359375,65.7186508178711,93.8768539428711,47.86441421508789,96.31109619140625
2021-04-06,378.3345031738281,65.0191650390625,93.82167053222656,48.12998580932617,96.6495590209961
2021-04-07,378.7723083496094,65.15399932861328,92.78258514404297,47.42179870605469,96.49725341796875
2021-04-08,380.57037353515625,65.52483367919922,92.96649932861328,47.811302185058594,96.73421478271484
2021-04-09,383.3370056152344,65.7270736694336,93.20558166503906,47.404090881347656,96.624176025390625
2021-04-12,383.47686767578125,65.36470031738281,93.39868927001953,47.12082290649414,96.59882354736328
2021-04-13,384.6134033203125,65.74394226074219,92.442352294921875,47.31557846069336,96.87808990478516
2021-04-14,383.2998352050781,65.79450225830078,93.72972106933594,47.554588317871094,96.80188751220703
2021-04-15,387.41741943359375,66.34230041503906,93.950408935546875,47.988346099853516,97.18269348144531
2021-04-16,388.7123107910156,66.82268524169922,94.18029022216797,48.112281799316406,96.92881774902344
2021-04-19,386.8025817871094,66.70470428466797,93.42626953125,47.93523406982422,96.85266876220703
2021-04-20,383.9706115722656,65.50797271728516,91.145782470703125,47.54572677612305,97.00498962402344
2021-04-21,387.6037902832031,66.18217468261719,93.0860595703125,47.837860107421875,97.0980453491211
2021-04-22,384.063720703125,65.96305847167969,92.47913360595703,47.66966247558594,97.12346649169922
2021-04-23,388.2278747558594,66.63727569580078,94.34583282470703,48.360145568847656,97.10655212402344
2021-04-26,389.0383605957031,66.687835693359375,94.52973937988281,48.4221076965332,97.02193450927734
2021-04-27,388.9545593261719,66.46873474121094,94.980316162109375,48.395545959472656,96.78495788574219
2021-04-28,388.8426513671875,66.63727569580078,95.37571716308594,48.758506774902344,96.83576202392578
2021-04-29,391.32073974609375,66.66254425048828,95.6791763305664,48.6434211730957,96.78495788574219
2021-04-30,388.7495422363281,65.8282241821289,94.198699951171875,47.78474807739258,96.88652801513672
2021-05-03,389.5880432128906,66.5530014038086,95.8262939453125,47.78474807739258,96.94837951660156
2021-05-04,387.18450927734375,65.56696319580078,95.91826629638672,47.2447509765625,97.06705474853516
2021-05-05,387.3056640625,66.46028900146484,96.01940155029297,47.466060638427734,97.14331817626953
2021-05-06,390.39849853515625,67.00809478759766,96.89299011230469,47.91753005981445,97.16029357910156
2021-05-07,393.23980712890625,67.766571044921875,97.7021713256836,48.41326141357422,97.13484954833984
2021-05-10,389.3457946777344,67.4041976928711,96.12056732177734,47.54572677612305,96.98230743408203
2021-05-11,385.8710021972656,66.51927947998047,95.44010162353516,47.4129524230957,96.77040100097656
2021-05-12,377.6730651855469,65.45738983154297,92.47913360595703,46.102813720703125,96.431396484375
2021-05-13,382.2098693847656,65.94618225097656,94.95271301269531,46.04084014892578,96.6517562866211
2021-05-14,388.0787658691406,67.05022430419922,96.94815826416016,46.872955322265625,96.87213134765625
2021-05-17,387.09136962890625,66.923797607421875,97.48148345947266,46.828697204589844,96.78736114501953
2021-05-18,383.7562561035156,67.06708526611328,96.24010467529297,47.457210540771484,96.6687240600586
2021-05-19,382.7501220703125,66.47713470458984,95.47686004638672,47.31557846069336,96.53312683105469
2021-05-20,386.8677978515625,67.35362243652344,95.4584732055664,47.58999252319336,96.8636245727539
2021-05-21,386.5509948730469,67.446319580078125,96.17571258544922,47.04115676879883,96.90599822998047
2021-05-24,390.49169921875,67.8592758178711,96.460784912109375,47.4306526184082,96.99921417236328
2021-05-25,389.62530517578125,67.876129150390625,94.93431854248047,47.89982604980469,97.23657989501953
2021-05-26,390.39849853515625,67.83399200439453,96.9389419555664,48.25391387939453,97.20268249511719
2021-05-27,390.6034851074219,67.96039581298828,98.18952941894531,48.26277160644531,97.083953857421875
2021-05-28,391.3021240234375,68.12054443359375,97.86769104003906,48.57260513305664,97.083953857421875
2021-06-01,390.9573974609375,68.36493682861328,99.76195526123047,49.57291030883789,97.039031982421875
2021-06-02,391.57232666015625,68.59247589111328,99.77117156982422,49.652584075927734,97.16632843017578
2021-06-03,390.11895751953125,68.25536346435547,99.12748718261719,49.1214485168457,96.937164306640625
2021-06-04,393.6869812011719,68.8368911743164,99.348175048828125,49.564056396484375,97.33607482910156
2021-06-07,393.3049621582031,69.064422607421875,100.23094940185547,49.316192626953125,97.26818084716797
2021-06-08,393.3888854980469,69.03072357177734,101.55508422851562,49.077178955078125,97.4464111328125
2021-06-09,392.802001953125,68.84529876708984,100.69072723388672,48.935543060302734,97.64161682128906
2021-06-10,394.62786865234375,69.03495788574219,99.05757904052734,49.32763671875,97.84535217285156
2021-06-11,395.2799072265625,69.19728088378906,99.93312072753906,49.15871047973633,97.80289459228516
2021-06-14,396.1650390625,69.316864013671875,99.05757904052734,49.29207992553711,97.5567855834961
2021-06-15,395.43841552734375,69.40229797363281,99.463104248046875,48.9542236328125,97.59918975830078
2021-06-16,393.2304382324219,68.97515869140625,99.5552749633789,48.28738021850586,97.28514862060547
2021-06-17,393.10009765625,68.49674987792969,96.96544647216797,48.55411911010742,97.59071350097656
2021-06-18,387.7969970703125,67.078643798828125,94.255828857421875,48.216243743896484,97.85380554199219
2021-06-21,393.3486633300781,67.95857238769531,96.71662139892578,48.420753479003906,97.59918975830078
2021-06-22,395.4515686035156,67.96708679199219,97.18666076660156,48.1984748840332,97.70105743408203
2021-06-23,394.9749755859375,67.53141784667969,97.17744445800781,48.491878509521484,97.65015411376953
2021-06-24,397.3115539550781,68.18065643310547,98.71656036376953,48.936431884765625,97.68407440185547
2021-06-25,398.7228698730469,68.3259048461914,98.67970275878906,49.34542465209961,97.488861083984375
2021-06-28,399.526611328125,67.89021301269531,96.91938018798828,49.3898811340332,97.76896667480469
2021-06-29,399.7416076660156,67.90729522705078,96.51386260986328,49.35430908203125,97.8198471069336
2021-06-30,400.0780944824219,67.38619232177734,97.168212890625,49.03423309326172,97.88776397705078
2021-07-01,402.2931823730469,67.54850006103516,97.96085357666016,48.75861358642578,97.8333740234375
2021-07-02,405.36798095703125,67.77915954589844,96.76270294189453,48.705265045166016,98.04586029052734
2021-07-06,404.6296691894531,67.334930419921875,94.81803131103516,47.85171890258789,98.36033630371094
2021-07-07,406.0596618652344,67.70226287841797,94.0346450805664,47.798370361328125,98.53032684326172
2021-07-08,402.7510986328125,66.8309097290039,92.86417388916016,46.802581787109375,98.64079284667969
2021-07-09,407.0503845214844,67.96708679199219,95.51847839355469,47.611663818359375,98.3178482055664
2021-07-12,408.5084228515625,68.25756072998047,96.16363525390625,47.6561164855957,98.25833892822266
2021-07-13,407.1158447265625,67.89875793457031,94.19132232666016,47.70057678222656,98.04586029052734
2021-07-14,407.72332763671875,68.05252838134766,93.12223815917969,47.905067443847656,98.37733459472656
2021-07-15,406.3307189941406,67.40327453613281,92.73516082763672,48.02065658569336,98.58980560302734
2021-07-16,403.1435852050781,66.90778350830078,91.011688232421875,47.64722442626953,98.50483703613281
2021-07-19,397.1900634765625,65.6947021484375,88.63385772705078,46.84702682495117,99.02326965332031
2021-07-20,402.88189697265625,66.17310333251953,91.3158187866211,46.9981803894043,98.9298095703125
2021-07-21,406.14373779296875,67.18115997314453,93.04852294921875,47.300479888916016,98.6067886352539
2021-07-22,406.9942321777344,67.20677947998047,91.0946273803711,47.38938522338867,98.83626556396484
2021-07-23,411.1814880371094,67.67664337158203,91.592315673828125,46.686988830566406,98.76827239990234
2021-07-26,412.1908264160156,67.77061462402344,92.7812271118164,45.797882080078125,98.68330383300781
2021-07-27,410.3122253417969,67.49724578857422,92.03471374511719,44.87321472167969,98.912750244140625
2021-07-28,410.14404296875,67.78770446777344,92.5600357055664,46.09128952026367,99.00628662109375
2021-07-29,411.84503173828125,68.25756072998047,93.61991119384766,46.32246017456055,98.84478759765625
2021-07-30,409.8449401855469,67.90729522705078,92.92870330810547,45.87790298461914,98.98076629638672
2021-08-02,408.98504638671875,68.24900817871094,92.246673583984375,46.206878662109375,99.19095611572266
2021-08-03,412.3123474121094,68.7359619140625,93.09458923339844,46.4024772644043,99.22502899169922
2021-08-04,410.2841796875,68.53092956542969,91.011688232421875,46.64253616333008,99.21653747558594
2021-08-05,412.8824157714844,68.86409759521484,92.42179107666016,46.571407318115234,98.99523162841797
2021-08-06,413.564697265625,68.6078109741211,93.77660369873047,46.180206298828125,98.55265808105469
2021-08-09,413.2283020019531,68.573638916015625,92.92870330810547,46.33135223388672,98.3739013671875
2021-08-10,413.7423400878906,68.7274169921875,94.22820281982422,46.39358901977539,98.24623107910156
2021-08-11,414.7703857421875,69.19728088378906,95.251220703125,46.518062591552734,98.33985137939453
2021-08-12,416.0134582519531,69.1374740600586,94.67979431152344,46.109066009521484,98.34839630126953
2021-08-13,416.7705993652344,69.55606842041016,93.97935485839844,45.99348831176758,98.705841064453125
2021-08-16,417.75189208984375,69.19728088378906,93.3802719116211,45.57560729980469,98.75694274902344
2021-08-17,415.01336669921875,68.54801177978516,92.053131103515625,44.73984909057617,98.68029022216797
2021-08-18,410.4710998535156,68.2831802368164,91.242095947265625,44.81098556518555,98.68882751464844
2021-08-19,411.10662841796875,67.60829162597656,90.31123352050781,44.046348571777344,98.8590316772461
2021-08-20,414.37786865234375,67.87312316894531,91.6752700805664,44.01078414916992,98.8675537109375
2021-08-23,418.02294921875,68.50530242919922,92.7812271118164,44.677616119384766,98.8675537109375
2021-08-24,418.6865234375,68.65052795410156,93.51853942871094,45.69118881225586,98.7229232788086
2021-08-25,419.56512451171875,68.67615509033203,93.91484832763672,45.744544982910156,98.535614013671875
2021-08-26,417.0883483886719,68.3173599243164,92.7812271118164,45.308876037597656,98.54414367675781
2021-08-27,420.8174743652344,68.94098663330078,95.51847839355469,45.869014739990234,98.81648254394531
2021-08-30,422.6680908203125,68.92390441894531,94.62450408935547,45.966819763183594,98.92713928222656
2021-08-31,422.0419006347656,68.88971710205078,94.62450408935547,46.59808349609375,98.782440185546875
2021-09-01,422.26611328125,69.51335906982422,94.80884552001953,47.193782806396484,98.813995361328125
2021-09-02,423.5652770996094,69.79528045654297,95.01158142089844,46.98039627075195,98.9162826538086
2021-09-03,423.4625244140625,70.11136627197266,94.430938720703125,47.229347229003906,98.74578857421875
2021-09-07,421.9483642578125,70.16261291503906,93.70286560058594,47.50497055053711,98.4815444946289
2021-09-08,421.4343566894531,69.60733795166016,92.65220642089844,46.81147384643555,98.64351654052734
2021-09-09,419.6304931640625,69.48772430419922,92.44023895263672,46.72256088256836,98.9588851928711
2021-09-10,416.32196044921875,69.33396911621094,91.1867904663086,46.669212341308594,98.76287841796875
2021-09-13,417.3874206542969,69.880706787109375,92.191375732421875,46.79368591308594,98.89070129394531
2021-09-14,415.135009765625,69.59024810791016,90.891876220703125,46.4024772644043,99.11228942871094
2021-09-15,418.6023864746094,69.79528045654297,92.025482177734375,46.39358901977539,99.0185317993164
2021-09-16,417.9388122558594,69.6842269897461,91.601531982421875,45.869014739990234,98.84809112548828
2021-09-17,413.86761474609375,68.7701187133789,91.62918853759766,45.67340850830078,98.76287841796875
2021-09-20,406.9668273925781,67.49724578857422,90.053192138671875,44.44644546508789,98.95035552978516
2021-09-21,406.58233642578125,68.16358947753906,89.77668762207031,44.775413513183594,98.99298095703125
2021-09-22,410.54852294921875,68.50530242919922,91.32503509521484,45.33554458618164,99.0270767211914
2021-09-23,415.53662109375,69.24854278564453,93.21440887451172,45.69118881225586,98.541229248046875
2021-09-24,416.2210998535156,68.599273681640625,93.44318389892578,45.148834228515625,98.37080383300781
2021-09-27,415.03033447265625,68.55656433105469,95.5829086303711,45.44224548339844,98.234344482421875
2021-09-28,406.6666564941406,67.0615463256836,94.48060607910156,44.85542678833008,97.8252182006836
2021-09-29,407.3512268066406,66.90778350830078,95.00859832763672,44.43755340576172,97.89344787597656
2021-09-30,402.3724060058594,66.64295196533203,93.2486572265625,44.79319381713867,97.876373291015625
2021-10-01,407.1543273925781,66.805267333984375,95.11048889160156,44.748741149902344,98.17516326904297
2021-10-04,401.9036560058594,66.10475158691406,95.351318359375,44.09080505371094,98.106903076171875
2021-10-05,406.0853271484375,66.55753326416016,95.666290283203125,44.4019889831543,97.87638854980469
2021-10-06,407.77313232421875,66.11328887939453,94.75849914550781,44.15303421020508,97.91907501220703
2021-10-07,411.2985534667969,66.6258544921875,96.277618408203125,45.015472412109375,97.64588928222656
2021-10-08,410.54852294921875,66.6173324584961,95.92562103271484,45.18440628051758,97.43248748779297
2021-10-11,407.576171875,66.40376281738281,95.19384765625,45.09549331665039,97.27880859375
2021-10-12,406.57293701171875,66.43793487548828,95.42543029785156,44.864322662353516,97.637359619140625
2021-10-13,408.0356750488281,67.0957260131836,95.26795959472656,45.486698150634766,97.85930633544922
2021-10-14,414.8990478515625,67.7620849609375,96.43507385253906,45.62895584106445,98.04713439941406
2021-10-15,418.0588684082031,68.3259048461914,96.12940216064453,46.180206298828125,97.80809020996094
2021-10-18,419.2964782714844,68.03543853759766,96.31465148925781,46.06461715698242,97.73980712890625
2021-10-19,422.5314025878906,68.44549560546875,96.07383728027344,46.678096771240234,97.45806884765625
2021-10-20,424.1909484863281,68.68470764160156,97.0001220703125,46.669212341308594,97.3897705078125
2021-10-21,425.29736328125,68.36006927490234,97.05567169189453,46.366920471191406,97.18488311767578
2021-10-22,424.8565979003906,68.7701187133789,97.23167419433594,46.26911544799805,97.37272644042969
2021-10-25,427.1349792480469,68.63343811035156,98.11163330078125,46.5091667175293,97.46663665771484
2021-10-26,427.51947021484375,68.7701187133789,96.80558013916016,46.26911544799805,97.64588928222656
2021-10-27,425.6255187988281,68.49674987792969,94.69366455078125,45.89569091796875,97.97029876708984
2021-10-28,429.7322692871094,69.16310119628906,96.1572036743164,45.94014358520508,97.8934555053711
2021-10-29,430.6043395996094,68.76158142089844,95.9163589477539,45.27330780029297,97.86788177490234
2021-11-01,431.3450012207031,69.42792510986328,98.64888763427734,45.62895584106445,97.80799865722656
2021-11-02,433.0889587402344,69.28269958496094,98.33394622802734,45.21996307373047,98.00464630126953
2021-11-03,435.73309326171875,69.8465347290039,100.67743682861328,45.433353424072266,97.80799865722656
2021-11-04,437.7865295410156,69.8038101196289,100.07537841796875,45.326663970947266,98.13292694091797
2021-11-05,439.305419921875,69.90632629394531,102.59485626220703,45.27330780029297,98.5177001953125
2021-11-08,439.6804504394531,69.89778900146484,102.56704711914062,45.69118881225586,98.3381576538086
2021-11-09,438.2271728515625,69.74401092529297,102.32622528076172,45.51336669921875,98.61174011230469
2021-11-10,434.70166015625,68.89827728271484,101.46478271484375,45.326663970947266,97.9448013305664
2021-11-11,434.8423767089844,69.1460189819336,102.22433471679688,46.109066009521484,97.76526641845703
2021-11-12,438.1240234375,69.52190399169922,101.82601928710938,46.233551025390625,97.7481689453125
2021-11-15,438.2740173339844,69.39375305175781,101.98348999023438,46.0824089050293,97.38904571533203
2021-11-16,440.0086669921875,69.239990234375,101.92791748046875,46.14463806152344,97.35482025146484
2021-11-17,438.93975830078125,69.154571533203125,100.64965057373047,45.904579162597656,97.58568572998047
2021-11-18,440.43060302734375,69.222900390625,100.54777526855469,45.34443664550781,97.67120361328125
2021-11-19,439.64300537109375,68.63343811035156,99.0008544921875,45.27330780029297,97.85929107666016
2021-11-22,438.4053649902344,68.23193359375,100.17724609375,44.908775329589844,97.38904571533203
2021-11-23,438.98663330078125,68.16358947753906,100.54777526855469,44.864322662353516,97.0042724609375
2021-11-24,440.15869140625,67.71082305908203,100.08460998535156,44.80208969116211,97.22657775878906
2021-11-26,430.34173583984375,65.89117431640625,96.02750396728516,43.299495697021484,97.919158935546875
2021-11-29,435.62060546875,66.22434997558594,95.5829086303711,43.46843338012695,97.9704818725586
2021-11-30,427.1444396972656,65.64342498779297,93.4061279296875,43.423973083496094,98.13292694091797
2021-12-01,422.40008544921875,65.2675552368164,91.99817657470703,43.58401107788086,98.15171813964844
2021-12-02,428.86962890625,66.0791244506836,94.86040496826172,44.117469787597656,98.13463592529297
2021-12-03,425.1379089355469,65.80574035644531,93.980438232421875,43.4951057434082,98.52852630615234
2021-12-06,430.1730651855469,66.43793487548828,96.277618408203125,43.83295440673828,98.18596649169922
2021-12-07,439.07098388671875,67.83895111083984,97.18536376953125,44.52646255493164,98.0318603515625
2021-12-08,440.2336730957031,67.96708679199219,97.58367156982422,44.704288482666016,97.7750015258789
2021-12-09,437.2614440917969,67.40327453613281,96.24054718017578,44.490901947021484,97.78355407714844
2021-12-10,441.3775634765625,67.54850006103516,96.37023162841797,44.52646255493164,97.80925750732422
2021-12-13,437.4677734375,66.91576385498047,94.46601867675781,43.82032012939453,98.15171813964844
2021-12-14,434.4578857421875,66.55940246582031,94.21472930908203,43.721126556396484,97.96334075927734
2021-12-15,441.246337890625,67.46333312988281,95.1733627319336,43.59485626220703,97.88633728027344
2021-12-16,437.35516357421875,67.472015380859375,93.92621612548828,43.64897918701172,98.02088165283203
2021-12-17,432.700439453125,66.6202392578125,93.94483184814453,43.43253707885742,98.14086151123047
2021-12-20,428.0993957519531,66.47248840332031,92.2509765625,42.783203125,97.99518585205078
2021-12-21,435.7019958496094,67.2112808227539,95.00584411621094,43.50468063354492,97.91802978515625
2021-12-22,440.0584716796875,67.837066650390625,95.8992919921875,43.71211242675781,98.00376892089844
2021-12-23,442.7965393066406,68.23686981201172,96.50425720214844,43.93756103515625,97.88373565673828
2021-12-27,449.0630798339844,68.76704406738281,97.53733825683594,44.13596725463867,97.935211181640625
2021-12-28,448.6961364746094,68.79312896728516,97.48149108886719,43.99167251586914,97.89231872558594
2021-12-29,449.27008056640625,68.76704406738281,97.555938720703125,43.79327392578125,97.60089874267578
2021-12-30,448.028076171875,68.586761474609375,97.30467224121094,44.294960021972656,97.81514739990234
2021-12-31,446.8988952636719,68.52580261230469,97.24881744384766,44.07839584350586,97.78089904785156
2022-01-03,449.4864501953125,68.96997833251953,98.6821060180664,44.39421844482422,97.11235046386719
2022-01-04,449.3358459472656,69.36190032958984,99.78962707519531,44.240821838378906,97.1037826538086
2022-01-05,440.7076416015625,68.75225067138672,98.10506439208984,43.51896286010742,96.80376434326172
2022-01-06,440.2936096191406,68.40386199951172,98.700714111328125,43.717472076416016,96.7009506225586
2022-01-07,438.552978515625,68.60416412353516,98.42149353027344,44.11449432373047,96.41803741455078
2022-01-10,438.00732421875,67.96839141845703,98.11436462402344,44.11449432373047,96.33235168457031
2022-01-11,441.9967041015625,68.70868682861328,98.6634750366211,45.134117126464844,96.512359619140625
2022-01-12,443.19171142578125,69.37931823730469,98.08643341064453,45.8830451965332,96.512359619140625
2022-01-13,437.0850830078125,68.874176025390625,98.57039642333984,45.23337173461914,96.68379211425781
2022-01-14,437.263916015625,68.80448150634766,99.10089874267578,45.21532440185547,96.14375305175781
2022-01-18,429.52008056640625,67.79419708251953,96.96959686279297,44.41226577758789,95.5609130859375
2022-01-19,425.0602722167969,67.73323822021484,95.3594970703125,44.60174560546875,95.76665496826172
2022-01-20,420.3555603027344,67.40228271484375,93.30265045166016,44.86342239379883,95.8180923461914
2022-01-21,412.1037292480469,66.48779296875,92.13926696777344,44.21375274658203,96.19520568847656
2022-01-24,413.8538818359375,65.82586669921875,94.15887451171875,43.591148376464844,96.08378601074219
2022-01-25,408.8011474609375,65.42524719238281,93.56324005126953,43.50994110107422,95.98950958251953
2022-01-26,407.7754821777344,65.17266845703125,91.99034881591797,42.959529876708984,95.44950866699219
2022-01-27,405.7619934082031,64.867828369140625,90.35234069824219,42.4632453918457,95.76665496826172
2022-01-28,415.8392333984375,65.0855712890625,91.385406494140625,42.67078399658203,95.83518981933594
2022-01-31,423.32891845703125,66.0348892211914,92.96760559082031,44.06938171386719,95.82667541503906
2022-02-01,426.1893005371094,66.6619873046875,93.65631866455078,44.3400764465332,95.79315948486328
2022-02-02,430.32940673828125,67.158416748046875,93.26542663574219,44.267887115478516,95.89617919921875
2022-02-03,420.2144775390625,66.095855712890625,92.14859771728516,43.79868698120117,95.5099105834961
2022-02-04,422.1903991699219,66.25264739990234,91.89729309082031,43.90696334838867,94.90904998779297
2022-02-07,420.8354797363281,66.36585235595703,92.09272003173828,43.81673049926758,94.9948959350586
2022-02-08,424.298095703125,66.70552062988281,93.76799011230469,44.240821838378906,94.70307159423828
2022-02-09,430.508056640625,67.7854995727539,94.53117370605469,44.935611724853516,94.76312255859375
2022-02-10,422.7737121582031,66.92325592041016,93.40502166748047,44.63784408569336,93.887603759765625
2022-02-11,414.4372253417969,65.91295623779297,93.56324005126953,43.961097717285156,94.505615234375
2022-02-14,413.0823059082031,65.48621368408203,93.40502166748047,43.65431213378906,93.95626068115234
2022-02-15,419.7440185546875,66.68810272216797,95.42462921142578,44.60174560546875,93.8017578125
2022-02-16,420.2144775390625,66.94068145751953,95.927215576171875,44.926578521728516,93.91334533691406
2022-02-17,411.2381286621094,65.86071014404297,94.5218505859375,44.403236389160156,94.11077880859375
2022-02-18,408.5753173828125,65.58201599121094,93.991363525390625,43.961097717285156,94.30821228027344
2022-02-22,404.1905822753906,64.81556701660156,92.71631622314453,43.3385009765625,94.20519256591797
2022-02-23,397.02081298828125,64.28429412841797,91.53430938720703,42.83320999145508,93.78460693359375
2022-02-24,402.9956359863281,63.422080993652344,92.59532928466797,41.94893264770508,93.95626068115234
2022-02-25,411.8873596191406,65.00719451904297,94.76384735107422,42.724918365478516,94.0506820678711
2022-02-28,410.83349609375,63.77045440673828,95.08958435058594,42.16548156738281,94.72877502441406
2022-03-01,404.5764465332031,62.37693786621094,93.32125091552734,41.606040954589844,95.26263427734375
2022-03-02,412.01904296875,63.160797119140625,95.67594909667969,41.67823028564453,94.11933135986328
2022-03-03,409.96783447265625,61.915340423583984,95.51770782470703,41.09171676635742,94.43739318847656
2022-03-04,406.6369934082031,60.12120056152344,94.48463439941406,40.2615852355957,94.81560516357422
2022-03-07,394.649658203125,58.213829040527344,92.65116882324219,38.75471115112305,94.26545715332031
2022-03-08,391.6575622558594,58.71897506713867,92.9024429321289,38.88103485107422,93.930206298828125
2022-03-09,402.158203125,61.17502975463867,94.44739532470703,39.98186492919922,93.73249816894531
2022-03-10,400.34228515625,60.443450927734375,94.57771301269531,39.232933044433594,93.20813751220703
2022-03-11,395.2518615722656,59.79023742675781,93.60045623779297,38.411827087402344,93.19098663330078
2022-03-14,392.36322021484375,60.33892822265625,92.76283264160156,37.48243713378906,92.28834533691406
2022-03-15,400.9915466308594,60.91375732421875,93.33988189697266,37.53657531738281,92.4946517944336
2022-03-16,409.8831787109375,63.09981155395508,95.32225036621094,40.559349060058594,92.56342315673828
2022-03-17,415.0111999511719,63.63109588623047,96.24365997314453,40.3518180847168,92.7181625366211
2022-03-18,419.55670166015625,64.24945831298828,96.318115234375,40.92930221557617,92.9244613647461
2022-03-21,419.43402099609375,63.84883117675781,96.06682586669922,40.29767990112305,92.01325988769531
2022-03-22,424.342041015625,64.44978332519531,96.35533905029297,41.02855682373047,91.76396179199219
2022-03-23,418.87713623046875,63.613670349121094,94.78245544433594,40.75786209106445,92.14221954345703
2022-03-24,425.19146728515625,64.20591735839844,95.39471435546875,40.97441482543945,91.93590545654297
2022-03-25,427.2679138183594,64.24076080322266,96.5427017211914,40.64958190917969,91.20525360107422
2022-03-28,430.3071594238281,64.03173065185547,95.97338104248047,40.78493118286133,91.42874908447266
2022-03-29,435.6304016113281,65.45136260986328,98.0920181274414,41.47971725463867,91.85852813720703
2022-03-30,432.9404296875,65.1813735961914,96.45870208740234,41.36240768432617,92.10784912109375
2022-03-31,426.27679443359375,64.10140228271484,95.562713623046875,40.73981475830078,92.0648422241211
2022-04-01,427.4849853515625,64.7023696899414,96.47737884521484,41.41655349731445,91.90126037597656
2022-04-04,431.14703369140625,64.96363830566406,96.10404205322266,42.147438049316406,91.97879791259766
2022-04-05,425.7011413574219,64.083984375,93.95741271972656,41.37144088745117,91.04899597167969
2022-04-06,421.4444274902344,63.31755828857422,93.12675476074219,40.830047607421875,90.81654357910156
2022-04-07,423.5680236816406,63.4569091796875,92.86543273925781,40.505210876464844,90.61852264404297
2022-04-08,422.4354248046875,63.483028411865234,92.65074157714844,40.54130172729492,90.16226959228516
2022-04-11,415.21502685546875,62.81241989135742,92.24943542480469,40.03600311279297,89.77484893798828
2022-04-12,413.6766662597656,62.34209442138672,92.9120864868164,39.90968322753906,90.05892181396484
2022-04-13,418.4146728515625,63.012725830078125,94.42406463623047,40.43302536010742,90.23973846435547
2022-04-14,413.20465087890625,62.725303649902344,94.2000732421875,39.90968322753906,89.50797271728516
2022-04-18,413.37451171875,62.35951614379883,94.02274322509766,39.77433395385742,89.23246765136719
2022-04-19,420.0474548339844,62.655643463134766,95.61870574951172,39.57582092285156,88.69010162353516
2022-04-20,419.73602294921875,63.073692321777344,96.2253646850586,39.34121322631836,89.19801330566406
2022-04-21,413.45947265625,62.39435577392578,95.05873107910156,38.5832633972168,88.7072982788086
2022-04-22,402.1145324707031,61.37535095214844,92.8561019897461,38.24039077758789,88.62126159667969
2022-04-25,404.44580078125,61.079227447509766,92.77207946777344,37.960662841796875,89.21527099609375
2022-04-26,392.73272705078125,59.3721809387207,90.37345123291016,37.130523681640625,89.49073791503906
2022-04-27,393.8370056152344,59.64216613769531,90.10279846191406,37.56364059448242,89.1291732788086
2022-04-28,403.7851867675781,60.48698806762695,91.941436767578125,38.10503387451172,89.0947265625
2022-04-29,388.8629455566406,59.781524658203125,89.46812438964844,38.24039077758789,88.56098937988281
2022-05-02,391.2037048339844,59.63347625732422,89.97212219238281,38.18624496459961,88.07890319824219
2022-05-03,392.99700927734375,60.07765197753906,90.87744903564453,38.46596145629883,88.27723693847656
2022-05-04,404.9648742675781,61.13148880004883,93.0334243774414,38.88103485107422,88.846435546875
2022-05-05,390.5713195800781,59.16316223144531,90.10279846191406,37.44634246826172,87.966766357421875
2022-05-06,388.2400817871094,58.58833694458008,89.30013275146484,36.9320182800293,87.5959243774414
2022-05-09,375.8096923828125,56.820316314697266,87.09748840332031,35.867279052734375,88.02717590332031
2022-05-10,376.6780090332031,57.24708557128906,86.31352233886719,36.03871536254883,88.29449462890625
2022-05-11,370.6940612792969,56.907413482666016,85.286865234375,35.78607177734375,88.62220764160156
2022-05-12,370.3070373535156,56.768070220947266,86.15484619140625,35.55146789550781,88.78607940673828
2022-05-13,379.1602783203125,58.3444709777832,87.862823486328125,36.534996032714844,88.4066390991211
2022-05-16,377.6217346191406,58.396724700927734,87.9188232421875,36.390628814697266,88.604949951171875
2022-05-17,385.3896484375,59.485416412353516,90.55077362060547,37.28392028808594,88.12200927734375
2022-05-18,369.85400390625,58.065773010253906,88.46013641357422,36.390628814697266,88.47559356689453
2022-05-19,367.5887756347656,58.6231689453125,87.73217010498047,36.96811294555664,88.6998519897461
2022-05-20,367.749267578125,59.02379608154297,87.088165283203125,37.12150955200195,88.96717834472656
2022-05-23,374.6299133300781,60.02539825439453,88.114837646484375,37.401222229003906,88.67396545410156
2022-05-24,371.77001953125,59.92958068847656,87.5081558227539,36.75155258178711,89.35523986816406
2022-05-25,375.0545654296875,59.94699478149414,89.09481048583984,36.9320182800293,89.72611236572266
2022-05-26,382.54864501953125,60.60892105102539,90.756103515625,37.50950241088867,89.6571273803711
2022-05-27,391.93994140625,61.340518951416016,92.39876556396484,37.9426155090332,89.80371856689453
2022-05-31,389.74072265625,60.97471618652344,91.54012298583984,38.4749870300293,89.23455047607422
2022-06-01,386.5882873535156,60.33021926879883,91.31610870361328,38.204288482666016,88.8681869506836
2022-06-02,393.9502868652344,61.58436584472656,92.84674072265625,38.862979888916016,88.98052215576172
2022-06-03,387.4850158691406,60.704715728759766,91.99742889404297,38.231353759765625,88.83367156982422
2022-06-06,388.6648254394531,60.94860076904297,92.76274871826172,38.43889236450195,88.28936767578125
2022-06-07,392.39288330078125,61.13148880004883,93.62140655517578,38.556190490722656,88.62630462646484
2022-06-08,388.1267395019531,60.27796936035156,92.137451171875,38.76373291015625,88.26343536376953
2022-06-09,378.89599609375,59.012081146240234,90.49285888671875,37.84646224975586,88.16839599609375
2022-06-10,367.9096374511719,57.58774948120117,88.31197357177734,37.42786407470703,87.48584747314453
2022-06-13,353.9407653808594,55.68269729614258,84.45565032958984,36.11748123168945,86.05168151855469
2022-06-14,352.8742980957031,55.157470703125,84.03443908691406,36.617977142333984,85.54190826416016
2022-06-15,357.90496826171875,56.19011688232422,84.83003234863281,37.10026550292969,86.49229431152344
2022-06-16,346.05975341796875,54.952720642089844,80.68354034423828,35.9627799987793,86.69964599609375
2022-06-17,346.8056945800781,54.730167388916016,81.217071533203125,36.09927749633789,86.69098663330078
2022-06-21,355.5361328125,55.55807113647461,82.31221008300781,36.681671142578125,86.34539794921875
2022-06-22,354.8915100097656,55.18417739868164,82.22794342041016,36.0264778137207,87.07978057861328
2022-06-23,358.3703308105469,55.12186050415039,82.293487548828125,36.13568115234375,87.442657470703125
2022-06-24,369.76434326171875,56.76875305175781,84.9049301147461,36.99106979370117,87.3044204711914
2022-06-27,368.35198974609375,56.52839660644531,85.57884979248047,37.03657150268555,86.91563415527344
2022-06-28,360.8254699707031,56.145606994628906,84.418212890625,36.8090705871582,86.9501724243164
2022-06-29,360.5316467285156,55.93196105957031,83.5102767944336,36.66347122192383,87.4512939453125
2022-06-30,357.60247802734375,55.62929153442383,83.33243560791016,36.49057388305664,87.84873962402344
2022-07-01,361.384765625,55.7628173828125,84.2497329711914,36.26307678222656,88.58097839355469
2022-07-05,362.0672302246094,54.5699348449707,83.79106140136719,35.98098373413086,88.745452880859375
2022-07-06,363.2900390625,54.614444732666016,82.6397933959961,35.76258087158203,88.14820098876953
2022-07-07,368.7311096191406,55.44233703613281,83.95021057128906,36.48147201538086,87.94913482666016
2022-07-08,368.42779541015625,55.50465393066406,83.697479248046875,36.48147201538086,87.62022399902344
2022-07-11,364.2190856933594,54.60554122924805,82.71468353271484,35.50778579711914,88.02701568603516
2022-07-12,360.99609375,54.59663772583008,82.8176498413086,35.37128448486328,88.14820098876953
2022-07-13,359.1002197265625,54.5699348449707,82.49003601074219,35.28938674926758,88.46843719482422
2022-07-14,358.2282409667969,53.80435562133789,81.67572021484375,34.97089385986328,88.15685272216797
2022-07-15,365.07220458984375,54.658958435058594,83.36051940917969,35.15289306640625,88.50305938720703
2022-07-18,362.0577087402344,54.881507873535156,83.482208251953125,35.39858627319336,88.21745300292969
2022-07-19,371.84027099609375,56.3770637512207,86.280853271484375,35.98098373413086,88.09627532958984
2022-07-20,374.21014404296875,56.003173828125,87.207489013671875,35.8262825012207,88.0356674194336
2022-07-21,378.0207214355469,56.581809997558594,86.83309173583984,36.23577880859375,88.77137756347656
2022-07-22,374.513427734375,56.43938064575195,86.439971923828125,35.87178039550781,89.46385955810547
2022-07-25,374.9684143066406,56.87558364868164,87.21685028076172,35.999183654785156,89.13496398925781
2022-07-26,370.5322570800781,56.08329772949219,86.767578125,35.71709060668945,89.11762237548828
2022-07-27,380.1535339355469,57.409698486328125,88.6021499633789,36.381378173828125,89.42919921875
2022-07-28,384.9216613769531,57.70347595214844,89.69727325439453,36.53607940673828,90.06974029541016
2022-07-29,390.5332336425781,58.504661560058594,90.43670654296875,36.36317825317383,90.07840728759766
2022-08-01,389.3768005371094,58.584781646728516,90.820465087890625,36.053775787353516,90.39058685302734
2022-08-02,386.80792236328125,57.65006637573242,89.76277923583984,35.88087844848633,89.462677001953125
2022-08-03,392.8651428222656,57.988338470458984,90.38053894042969,36.16298294067383,89.86161041259766
2022-08-04,392.5997009277344,58.28212356567383,89.48197937011719,36.41777801513672,90.07840728759766
2022-08-05,391.9361877441406,57.87261962890625,89.949981689453125,36.45417785644531,89.072418212890625
2022-08-08,391.4812316894531,58.00614929199219,90.72686767578125,36.49967956542969,89.47997283935547
2022-08-09,389.9266052246094,57.694576263427734,89.96868896484375,36.36317825317383,89.28057098388672
2022-08-10,398.11663818359375,58.994285583496094,91.7283935546875,36.81817626953125,89.50604248046875
2022-08-11,398.11663818359375,58.97648620605469,92.46784210205078,36.96377182006836,89.02903747558594
2022-08-12,404.8563537597656,59.430484771728516,94.00288391113281,37.355064392089844,89.42796325683594
2022-08-15,406.5246276855469,59.07440185546875,94.31175994873047,37.182167053222656,89.54070281982422
2022-08-16,407.3209533691406,59.05659866333008,94.8359146118164,37.173065185546875,89.41062927246094
2022-08-17,404.4297790527344,58.584781646728516,93.67528533935547,37.01837158203125,88.881591796875
2022-08-18,405.6051330566406,58.38893508911133,94.3398666381836,36.8090705871582,89.072418212890625
2022-08-19,400.1546630859375,57.58774948120117,92.7205581665039,36.30857849121094,88.4480209350586
2022-08-22,391.8224182128906,56.608516693115234,90.72686767578125,35.99007797241211,88.06644439697266
2022-08-23,390.87451171875,56.63521957397461,90.6613540649414,36.18117904663086,88.03175354003906
2022-08-24,392.1257629394531,56.70643997192383,90.85792541503906,36.172080993652344,87.7975845336914
2022-08-25,397.6615905761719,57.32958984375,92.6082534790039,36.95467758178711,88.283233642578125
2022-08-26,384.2011413574219,55.82513427734375,89.83769226074219,36.40867614746094,88.11846160888672
2022-08-29,381.6607666015625,55.70050048828125,89.03269958496094,36.18117904663086,87.69352722167969
2022-08-30,377.470947265625,55.29990768432617,87.656768798828125,35.75347900390625,87.80628204345703
2022-08-31,374.5987854003906,54.92601776123047,86.673980712890625,35.88087844848633,87.33796691894531
2022-09-01,375.7741394042969,54.1871452331543,85.653717041015625,35.598785400390625,86.9590835571289
2022-09-02,371.8118591308594,53.831058502197266,85.223175048828125,35.27119445800781,87.21109771728516
2022-09-06,370.4089050292969,53.6975212097168,83.94084930419922,34.85260009765625,86.3942642211914
2022-09-07,377.0633239746094,54.169334411621094,85.49459075927734,35.161991119384766,86.99383544921875
2022-09-08,379.5279846191406,54.2049446105957,85.56949615478516,34.97089385986328,86.71576690673828
2022-09-09,385.4239501953125,55.584774017333984,87.27301025390625,35.489585876464844,86.70708465576172
2022-09-12,389.56640625,56.3592529296875,88.49918365478516,36.01737976074219,86.57672119140625
2022-09-13,372.6271057128906,54.400794982910156,85.06403350830078,34.907196044921875,86.090118408203125
2022-09-14,374.04888916015625,54.57884216308594,85.02660369873047,35.0800895690918,86.20307159423828
2022-09-15,369.8023376464844,54.098121643066406,84.37142181396484,34.70699691772461,85.94239044189453
2022-09-16,366.9811706542969,53.768741607666016,83.88468170166016,34.38850021362305,85.88157653808594
2022-09-19,369.8269958496094,53.955692291259766,84.91429901123047,34.49769973754883,85.75121307373047
2022-09-20,365.58197021484375,53.03877258300781,83.837890625,34.30660629272461,85.36885833740234
2022-09-21,359.20477294921875,52.34440231323242,82.78955078125,33.733306884765625,85.63826751708984
2022-09-22,356.1875305175781,52.193077087402344,81.20771026611328,33.56950759887695,84.7258071899414
2022-09-23,350.2196350097656,50.52837371826172,79.18595886230469,32.74142074584961,84.465118408203125
2022-09-26,346.75506591796875,49.78059768676758,77.9532699584961,32.341026306152344,83.378875732421875
2022-09-27,345.8699035644531,49.442317962646484,77.8873519897461,32.30462646484375,83.022613525390625
2022-09-28,352.67535400390625,50.63520431518555,79.9779052734375,32.586727142333984,84.3608169555664
2022-09-29,345.308349609375,50.03875732421875,78.254608154296875,31.85873031616211,83.91764068603516
2022-09-30,339.9686279296875,49.8607177734375,77.64250946044922,31.740432739257812,83.7177963256836
2022-10-03,348.9442138671875,50.84885025024414,79.6388931274414,32.259124755859375,84.39795684814453
2022-10-04,359.7568054199219,52.88743209838867,82.7464828491211,33.31471252441406,84.62437438964844
2022-10-05,358.91925048828125,52.32659912109375,82.24739837646484,33.332908630371094,84.18024444580078
2022-10-06,355.2166748046875,51.40968322753906,81.644683837890625,33.13271713256836,83.849273681640625
2022-10-07,345.308349609375,50.59069061279297,79.85548400878906,32.441123962402344,83.40514373779297
2022-10-10,342.6717834472656,50.30582046508789,79.968505859375,31.986129760742188,83.03065490722656
2022-10-11,340.5016784667969,49.75388717651367,80.27925109863281,31.476531982421875,83.08289337158203
2022-10-12,339.3785095214844,49.593658447265625,79.893157958984375,31.5129337310791,83.15259552001953
2022-10-13,348.3351135253906,50.61739730834961,82.01197052001953,31.603933334350586,82.89131927490234
2022-10-14,340.3969421386719,49.8607177734375,80.28865814208984,31.1307373046875,82.43843078613281
2022-10-17,349.14410400390625,51.08920669555664,82.4168930053711,31.986129760742188,82.61260986328125
2022-10-18,353.2464294433594,51.454200744628906,83.51866149902344,31.99522590637207,82.75194549560547
2022-10-19,350.7431335449219,50.8221435546875,82.539306640625,31.412839889526367,82.0378189086914
2022-10-20,347.8020935058594,50.706417083740234,81.47518157958984,31.613035202026367,81.5414047241211
2022-10-21,356.2541809082031,51.62333679199219,83.36800384521484,32.0953254699707,81.6633529663086
2022-10-24,360.6134338378906,51.63223648071289,84.05545806884766,30.875938415527344,81.55012512207031
2022-10-25,366.3719482421875,52.771705627441406,85.87291717529297,31.1307373046875,82.3513412475586
2022-10-26,363.6116943359375,53.270225524902344,86.38141632080078,31.64033317565918,82.71714782714844
2022-10-27,361.6699523925781,52.771705627441406,86.9181900024414,31.394634246826172,83.13516998291016
2022-10-28,370.27435302734375,53.296932220458984,88.70738983154297,31.203536987304688,82.9261474609375
2022-10-31,367.5997619628906,52.79841613769531,88.8204116821289,31.112533569335938,82.64745330810547
2022-11-01,365.9912109375,53.216819763183594,89.13115692138672,31.685832977294922,82.80107879638672
2022-11-02,356.80621337890625,52.44232940673828,86.37199401855469,31.42193603515625,82.66142272949219
2022-11-03,353.1322326660156,51.99722671508789,85.967071533203125,31.603933334350586,82.35591888427734
2022-11-04,358.2149658203125,54.08031463623047,87.54911804199219,32.94161605834961,82.34717559814453
2022-11-07,361.64141845703125,54.24945831298828,88.3683853149414,32.959815979003906,82.08534240722656
2022-11-08,363.59259033203125,54.863704681396484,88.27420806884766,33.1964225769043,82.4344711303711
2022-11-09,356.1018981933594,54.098121643066406,86.37199401855469,32.62311935424805,82.530487060546875
2022-11-10,375.6711730957031,57.13374328613281,90.9580307006836,33.80611038208008,84.30244445800781
2022-11-11,379.30706787109375,58.27320861816406,91.38179779052734,34.725196838378906,84.24132537841797
2022-11-14,376.08038330078125,57.658966064453125,90.39301300048828,34.51589584350586,84.005645751953125
2022-11-15,379.28802490234375,58.04175567626953,91.46654510498047,35.307586669921875,84.62540435791016
2022-11-16,376.39459228515625,57.908226013183594,90.14818572998047,34.74340057373047,85.14912414550781
2022-11-17,375.2427978515625,57.88151931762695,89.837432861328125,34.807098388671875,84.79125213623047
2022-11-18,376.9465637207031,57.99724578857422,90.51542663574219,34.606895446777344,84.66905212402344
2022-11-21,375.5758972167969,57.56104278564453,90.39301300048828,34.170101165771484,84.616668701171875
2022-11-22,380.6300354003906,58.36223220825195,91.45713806152344,34.25200271606445,85.05311584472656
2022-11-23,383.0286865234375,59.003177642822266,91.3912124633789,34.53409194946289,85.55936431884766
2022-11-25,382.9430236816406,59.30585861206055,91.56072235107422,34.37030029296875,85.57682037353516
2022-11-28,376.83233642578125,58.540287017822266,89.90332794189453,34.215606689453125,85.43717193603516
2022-11-29,376.1851501464844,58.709407806396484,90.35536193847656,34.95269775390625,85.13167572021484
2022-11-30,388.03515625,59.75096130371094,92.20106506347656,35.9627799987793,85.79505157470703
2022-12-01,387.7496337890625,60.329586029052734,91.91857147216797,35.844482421875,86.50896453857422
2022-12-02,387.30224609375,60.285091400146484,92.2669906616211,35.98098373413086,86.86766815185547
2022-12-05,380.3349914550781,59.492801666259766,89.790313720703125,35.57148742675781,86.18525695800781
2022-12-06,374.8525695800781,59.225730895996094,89.16883087158203,35.5259895324707,86.43898010253906
2022-12-07,374.2148742675781,59.225730895996094,88.61322021484375,35.31669235229492,87.20885467529297
2022-12-08,377.14642333984375,59.52840805053711,89.0934829711914,35.744384765625,86.94642639160156
2022-12-09,374.32904052734375,59.56401824951172,88.06706237792969,35.50778579711914,86.43022155761719
2022-12-12,379.7258605957031,59.74205780029297,89.0934829711914,35.39858627319336,86.44770050048828
2022-12-13,382.6003723144531,60.589359283447266,89.20490264892578,35.6517219543457,87.02513122558594
2022-12-14,380.1541442871094,60.53573989868164,88.610015869140625,35.670204162597656,87.2176284790039
2022-12-15,370.85498046875,58.989498138427734,86.65538787841797,34.84796905517578,87.34565734863281
2022-12-16,366.4765930175781,58.471107482910156,85.767791748046875,34.94960021972656,87.11766815185547
2022-12-19,363.36895751953125,58.32810974121094,84.88017272949219,34.9773063659668,86.5827407836914
2022-12-20,363.8662109375,58.56047821044922,85.1162338256836,34.968074798583984,85.99524688720703
2022-12-21,369.30694580078125,59.16824722290039,86.35321044921875,35.28218460083008,86.23200988769531
2022-12-22,364.038330078125,58.685611724853516,85.40895080566406,34.968074798583984,86.205718994140625
2022-12-23,366.13238525390625,58.891178131103516,86.06995391845703,34.92188262939453,85.9075698852539
2022-12-27,364.68853759765625,58.98055648803711,86.0982666015625,35.43923568725586,85.28498840332031
2022-12-28,360.15625,58.35491180419922,84.3419418334961,34.92188262939453,85.13591766357422
2022-12-29,366.6391906738281,59.27550506591797,86.52317810058594,35.503910064697266,85.45161437988281
2022-12-30,365.67340087890625,58.66773223876953,86.22103118896484,35.01426315307617,85.04822540283203
2023-01-03,364.13397216796875,59.18613052368164,86.25879669189453,35.309898376464844,85.54804992675781
2023-01-04,366.9450988769531,59.97265625,87.80738830566406,36.37233352661133,86.021575927734375
2023-01-05,362.75701904296875,59.37381362915039,87.09918212890625,36.261478424072266,85.95140838623047
2023-01-06,371.0758361816406,60.89324951171875,89.0821533203125,37.01903533935547,86.88966369628906
2023-01-09,370.865478515625,61.152442932128906,89.0538330078125,37.29619598388672,87.1088638305664
2023-01-10,373.46630859375,61.331207275390625,90.30025482177734,37.564117431640625,86.77568054199219
2023-01-11,378.1898193359375,61.79595947265625,91.54669952392578,37.72117233276367,87.3105697631836
2023-01-12,379.5667419433594,62.7076301574707,92.84978485107422,37.905941009521484,87.9419174194336
2023-01-13,381.03924560546875,63.03832244873047,93.350250244140625,38.15538024902344,87.61747741699219
2023-01-17,380.3412780761719,63.23495101928711,93.05751037597656,37.94289779663086,87.45964050292969
2023-01-18,374.33642578125,63.01151657104492,91.67889404296875,37.68421936035156,88.32772064208984
2023-01-19,371.611328125,62.91319274902344,90.96124267578125,37.970611572265625,88.12605285644531
2023-01-20,378.5340576171875,63.467342376708984,92.4720687866211,38.552642822265625,87.76655578613281
2023-01-23,383.07598876953125,63.72654342651367,93.62407684326172,38.829803466796875,87.54730224609375
2023-01-24,382.6647644042969,63.646087646484375,93.15193939208984,38.857521057128906,87.93317413330078
2023-01-25,382.8082580566406,64.06617736816406,93.58631134033203,38.89447021484375,88.03836822509766
2023-01-26,387.0154113769531,64.11978912353516,94.2283935546875,39.26401901245117,87.8892822265625
2023-01-27,387.9046630859375,63.99467086791992,94.870513916015625,39.079246520996094,87.757781982421875
2023-01-30,383.03778076171875,63.583534240722656,93.81292724609375,38.293968200683594,87.521026611328125
2023-01-31,388.6696472167969,63.94998550415039,96.522979736328125,38.2108154296875,87.88053894042969
2023-02-01,392.80035400390625,64.522003173828125,97.96772003173828,38.68198776245117,88.50022888183594
2023-02-02,398.518310546875,64.4326171875,100.62110137939453,38.45101547241211,88.59693908691406
2023-02-03,394.2824401855469,63.83378601074219,100.00733184814453,37.767364501953125,87.74427795410156
2023-02-06,391.872802734375,63.18132019042969,98.21321868896484,37.213043212890625,87.260833740234375
2023-02-07,396.9979553222656,63.717586517333984,98.8553237915039,37.360862731933594,87.11138916015625
2023-02-08,392.6569519042969,63.3243293762207,97.3350601196289,37.31467056274414,87.23445129394531
2023-02-09,389.25286865234375,63.440513610839844,96.11695098876953,37.49020767211914,86.891632080078125
2023-02-10,390.16131591796875,63.1634521484375,96.23970031738281,37.12990188598633,86.51365661621094
2023-02-13,394.7413635253906,63.798030853271484,97.54278564453125,37.43477249145508,86.777374267578125
2023-02-14,394.5596923828125,63.91423034667969,97.18396759033203,37.3701057434082,86.469696044921875
2023-02-15,395.8409729003906,63.628211975097656,98.19434356689453,37.055992126464844,86.30268096923828
2023-02-16,390.39080810546875,63.31538772583008,97.580535888671875,37.06523513793945,85.94231414794922
2023-02-17,389.41546630859375,63.47627639770508,97.73164367675781,36.65873718261719,86.14447021484375
2023-02-21,381.603515625,62.77912139892578,94.55889892578125,36.19680404663086,85.33576965332031
2023-02-22,381.0775451660156,62.43055725097656,95.02159881591797,36.02126693725586,85.5643081665039
2023-02-23,383.1046142578125,62.752315521240234,95.67314147949219,36.19680404663086,85.8719711303711
2023-02-24,379.01220703125,61.70658874511719,94.63443756103516,35.38380432128906,85.37969970703125
2023-02-27,380.3030090332031,62.439491271972656,94.75718688964844,35.568580627441406,85.546722412109375
2023-02-28,378.89752197265625,61.98365783691406,94.85163116455078,35.31913757324219,85.5379409790039
2023-03-01,377.4440612792969,62.314353942871094,95.13492584228516,36.076698303222656,85.04804229736328
2023-03-02,380.3795166015625,62.439491271972656,95.51261901855469,36.2060432434082,84.8718032836914
2023-03-03,386.4800109863281,63.35114288330078,96.66462707519531,36.529396057128906,85.54145812988281
2023-03-06,386.7476806640625,63.19025421142578,94.16230773925781,36.400054931640625,85.33000183105469
2023-03-07,380.8193054199219,62.13560104370117,93.23694610595703,35.790306091308594,85.215423583984375
2023-03-08,381.44091796875,62.475250244140625,93.37855529785156,35.9381217956543,85.12732696533203
2023-03-09,374.4033508300781,62.019412994384766,91.0745620727539,35.14360809326172,85.43572998046875
2023-03-10,369.0009460449219,61.35801315307617,88.64778900146484,34.958831787109375,86.431396484375
2023-03-13,368.47503662109375,60.93794250488281,86.23047637939453,35.01426315307617,87.11869812011719
2023-03-14,374.5659484863281,61.75127410888672,87.79796600341797,35.03273391723633,86.60765075683594
2023-03-15,372.22320556640625,59.83858871459961,86.43818664550781,34.43223571777344,87.47118377685547
2023-03-16,378.7539978027344,60.768123626708984,87.57133483886719,34.958831787109375,87.1275405883789
2023-03-17,374.32537841796875,60.044158935546875,84.94625091552734,34.746337890625,87.67383575439453
2023-03-20,377.9247131347656,60.982627868652344,85.98497009277344,34.87568664550781,87.32139587402344
2023-03-21,382.8871154785156,61.90322494506836,87.4013671875,35.189796447753906,87.0570068359375
2023-03-22,376.36016845703125,61.68870544433594,85.144561767578125,35.328372955322266,87.89410400390625
2023-03-23,377.3775939941406,61.69765853881836,84.1778564453125,35.81802749633789,88.10558319091797
2023-03-24,379.85400390625,61.50995635986328,85.21089172363281,35.72563552856445,88.25540924072266
2023-03-27,380.56427001953125,62.090911865234375,86.073333740234375,35.53162384033203,87.3037338256836
2023-03-28,379.71002197265625,62.117733001708984,86.31975555419922,36.03974533081055,87.17158508300781
2023-03-29,385.2290344238281,62.86850357055664,86.93578338623047,36.14137268066406,87.27729034423828
2023-03-30,387.4847106933594,63.601409912109375,87.00212097167969,36.50167465209961,87.37425994873047
2023-03-31,392.94610595703125,63.92314910888672,88.69855499267578,36.45547866821289,87.79720306396484
2023-04-03,394.4434509277344,64.4326171875,88.69855499267578,36.529396057128906,88.17881774902344
2023-04-04,392.25506591796875,64.4415512084961,87.07793426513672,36.529396057128906,88.505645751953125
2023-04-05,391.2280578613281,63.99467086791992,86.38610076904297,36.24299621582031,88.80599212646484
2023-04-06,392.754150390625,64.2985610961914,86.44295501708984,36.39081573486328,88.72650909423828
2023-04-10,393.1572265625,64.25386810302734,87.49494171142578,36.42776870727539,88.116973876953125
2023-04-11,393.26287841796875,64.46836853027344,88.3952865600586,36.64949417114258,88.16996002197266
2023-04-12,391.659912109375,64.8795166015625,87.46650695800781,36.39081573486328,88.2759780883789
2023-04-13,396.86224365234375,65.71073150634766,88.0067138671875,36.88970184326172,88.24063873291016
2023-04-14,395.89276123046875,65.442596435546875,87.28643035888672,36.69568634033203,87.80780792236328
2023-04-17,397.3133850097656,65.3263931274414,87.99723815917969,36.85274124145508,87.36610412597656
2023-04-18,397.572509765625,65.68390655517578,87.48545837402344,36.80654525756836,87.48979949951172
2023-04-19,397.5053405761719,65.47834014892578,87.97827911376953,36.43700408935547,87.35726165771484
2023-04-20,395.33612060546875,65.47834014892578,87.34330749511719,36.38157272338867,87.7547836303711
2023-04-21,395.64324951171875,65.80902862548828,87.10636901855469,36.03974533081055,87.6046142578125
2023-04-24,396.0559997558594,65.978851318359375,87.1727066040039,35.95659255981445,87.94915008544922
2023-04-25,389.76904296875,65.05826568603516,84.77494049072266,35.28218460083008,88.49681854248047
2023-04-26,388.1181335449219,65.01356506347656,84.02623748779297,35.48543167114258,88.16996002197266
2023-04-27,395.8448181152344,65.82691192626953,85.466796875,35.96583557128906,87.85196685791016
2023-04-28,399.2234191894531,65.80010223388672,86.57563781738281,36.150611877441406,88.30248260498047
2023-05-01,398.8203125,65.70178985595703,86.31975555419922,36.0305061340332,87.3982925415039
2023-05-02,394.3377990722656,65.04039001464844,84.45271301269531,35.679443359375,88.24848937988281
2023-05-03,391.6311340332031,65.21021270751953,84.35792541503906,35.6240119934082,88.63812255859375
2023-05-04,388.8572692871094,65.076141357421875,83.13536071777344,35.910404205322266,88.5318374633789
2023-05-05,396.0559997558594,66.03247833251953,85.16349792480469,36.39081573486328,88.24848937988281
2023-05-08,396.1614990234375,66.05036163330078,84.7559814453125,36.40928649902344,87.76139068603516
2023-05-09,394.4242858886719,65.7822265625,84.253692626953125,36.18756103515625,87.68167877197266
2023-05-10,396.2671203613281,65.648162841796875,84.253692626953125,36.16909408569336,88.24848937988281
2023-05-11,395.5760803222656,65.487274169921875,83.7134780883789,36.03974533081055,88.51414489746094
2023-05-12,395.0577392578125,65.37108612060547,83.42915344238281,35.614768981933594,88.0181884765625
2023-05-15,396.4206848144531,65.8716049194336,84.33898162841797,36.27070999145508,87.79682922363281
2023-05-16,393.7715759277344,65.24596405029297,83.01213836669922,36.01203155517578,87.59315490722656
2023-05-17,398.55157470703125,65.549835205078125,85.2867202758789,36.17832946777344,87.460296630859375
2023-05-18,402.390869140625,65.4515380859375,86.05438995361328,35.98431396484375,87.05293273925781
2023-05-19,401.80535888671875,65.83585357666016,85.11613464355469,36.01203155517578,86.85808563232422
2023-05-22,401.9685974121094,65.853729248046875,85.7037124633789,36.30766296386719,86.77838134765625
2023-05-23,397.4573669433594,64.88844299316406,85.7321548461914,35.74410629272461,86.87580108642578
2023-05-24,394.5777893066406,63.941043853759766,84.61383056640625,35.476192474365234,86.6544189453125
2023-05-25,397.994873046875,63.85166931152344,83.9693603515625,35.402286529541016,86.3355941772461
2023-05-26,403.1490478515625,64.47731018066406,84.86023712158203,36.0305061340332,86.40644073486328
2023-05-30,403.3026428222656,63.824851989746094,84.55696105957031,35.614768981933594,86.9820556640625
2023-05-31,401.06634521484375,63.1634521484375,83.41019439697266,35.28218460083008,87.292022705078125
2023-06-01,404.8768615722656,64.10192108154297,84.07362365722656,35.910404205322266,87.5566177368164
2023-06-02,410.7318115234375,64.933135986328125,87.8456039428711,36.529396057128906,87.09490966796875
2023-06-05,409.9447937011719,64.55775451660156,85.9690933227539,36.5201530456543,87.086029052734375
2023-06-06,410.8374328613281,65.0940170288086,88.70805358886719,36.843509674072266,87.19258117675781
2023-06-07,409.4168701171875,64.52153015136719,90.94844055175781,36.68522262573242,86.7308578491211
2023-06-08,411.89324951171875,65.20413970947266,90.215606689453125,36.94593048095703,87.19258117675781
2023-06-09,412.63226318359375,65.09491729736328,89.349517822265625,37.113521575927734,86.98835754394531
2023-06-12,416.3756103515625,65.37708282470703,89.53035736083984,37.18800735473633,87.13929748535156
2023-06-13,419.1207580566406,65.99598693847656,90.41548156738281,37.560447692871094,86.7308578491211
2023-06-14,419.619873046875,66.24173736572266,89.12110137939453,37.83978271484375,86.810760498046875
2023-06-15,424.8221740722656,66.94255828857422,90.0538101196289,38.193599700927734,87.41454315185547
2023-06-16,423.3750915527344,66.79693603515625,89.55890655517578,38.0632438659668,87.13929748535156
2023-06-20,421.1786193847656,65.91407012939453,89.15917205810547,37.318363189697266,87.29912567138672
2023-06-21,419.02056884765625,66.01419830322266,89.063995361328125,37.14145278930664,87.44122314453125
2023-06-22,420.53314208984375,65.6046142578125,87.931427001953125,37.011104583740234,86.98835754394531
2023-06-23,417.3539123535156,64.585235595703125,86.5133285522461,36.47106170654297,87.24585723876953
2023-06-26,415.6487121582031,64.667144775390625,87.24617004394531,36.592105865478516,87.35240173339844
2023-06-27,420.2055969238281,65.23145294189453,88.9212417602539,36.96455001831055,87.18370056152344
2023-06-28,420.4175720214844,65.27696228027344,88.940277099609375,36.74108123779297,87.44122314453125
2023-06-29,422.0745544433594,65.18595123291016,90.4630355834961,36.54555892944336,86.76639556884766
2023-06-30,427.0553283691406,65.98688507080078,90.501129150390625,36.83419418334961,86.97058868408203
2023-07-03,427.5466613769531,65.91407012939453,91.12928009033203,37.243873596191406,86.86823272705078
2023-07-05,426.91082763671875,65.17683410644531,89.87299346923828,37.020408630371094,86.47650909423828
2023-07-06,423.56781005859375,64.0482406616211,88.4929428100586,36.2662239074707,85.915679931640625
2023-07-07,422.4984436035156,64.53062438964844,89.54937744140625,36.67591094970703,85.93347930908203
2023-07-10,423.56781005859375,64.7126693725586,90.653411865234375,36.70383834838867,86.17384338378906
2023-07-11,426.2653503417969,65.29515838623047,91.6812744140625,37.07627487182617,86.36079406738281
2023-07-12,429.695068359375,66.5420913696289,92.66158294677734,37.90495300292969,87.0640869140625
2023-07-13,433.1054382324219,67.60697937011719,93.032745361328125,38.398441314697266,87.60710906982422
2023-07-14,432.83575439453125,67.2247085571289,92.11908721923828,38.18428039550781,87.18870544433594
2023-07-17,434.33856201171875,67.142791748046875,92.66158294677734,38.23084259033203,87.2866439819336
2023-07-18,437.5660095214844,67.579681396484375,94.0320816040039,37.95150375366211,87.35786437988281
2023-07-19,438.5390319824219,67.54326629638672,95.050445556640625,37.87702941894531,87.62494659423828
2023-07-20,435.62957763671875,67.1974105834961,94.365203857421875,37.59769058227539,87.1708984375
2023-07-21,435.62957763671875,67.33393859863281,93.84174346923828,37.54182815551758,87.23320770263672
2023-07-24,437.5756530761719,67.17010498046875,94.65069580078125,38.05392837524414,87.072967529296875
2023-07-25,438.770263671875,67.24290466308594,94.37470245361328,38.37049865722656,86.97502136230469
2023-07-26,438.837646484375,67.4249496459961,95.4882583618164,38.593971252441406,87.2599105834961
2023-07-27,435.92822265625,67.27022552490234,94.3556900024414,38.11910629272461,86.51213073730469
2023-07-28,440.1961364746094,67.75260162353516,95.13610076904297,39.0408935546875,86.85040283203125
2023-07-31,441.0342712402344,67.77080535888672,95.9546127319336,39.05951690673828,86.95723724365234
2023-08-01,439.7721862792969,66.92435455322266,95.56439208984375,38.56603240966797,86.38147735595703
2023-08-02,433.6546630859375,65.67742919921875,94.59361267089844,37.64425277709961,86.17618560791016
2023-08-03,432.411865234375,65.495391845703125,94.11773681640625,37.7932243347168,85.59595489501953
2023-08-04,430.4560546875,65.67742919921875,94.22242736816406,37.74666976928711,86.30116271972656
2023-08-07,434.21337890625,66.23262786865234,94.95526885986328,37.69080352783203,86.31901550292969
2023-08-08,432.3251037597656,65.83216094970703,94.3080825805664,37.23456573486328,86.52434539794922
2023-08-09,429.4349060058594,65.81394958496094,93.67994689941406,37.327674865722656,86.58680725097656
2023-08-10,429.589111328125,66.09610748291016,93.1850357055664,37.383541107177734,86.024444580078125
2023-08-11,429.33856201171875,65.65013122558594,93.17549896240234,36.83419418334961,85.75664520263672
2023-08-14,431.7085266113281,65.35887145996094,92.54736328125,36.657283782958984,85.69415283203125
2023-08-15,426.67962646484375,64.54882049560547,91.39575958251953,36.238285064697266,85.46208953857422
2023-08-16,423.5485534667969,64.02093505859375,90.30126190185547,35.912410736083984,85.25675964355469
2023-08-17,420.3211975097656,63.565853118896484,89.45421600341797,35.996212005615234,85.16747283935547
2023-08-18,420.52349853515625,63.565853118896484,89.82537841796875,35.754119873046875,85.35494232177734
2023-08-21,423.259521484375,63.802494049072266,89.14965057373047,35.837921142578125,84.92646789550781
2023-08-22,422.1130676269531,63.684173583984375,88.70233154296875,35.763431549072266,85.01573944091797
2023-08-23,426.8144836425781,64.37590026855469,89.66358947753906,36.33140182495117,85.82805633544922
2023-08-24,420.89923095703125,63.493045806884766,88.95929718017578,36.191734313964844,85.63166046142578
2023-08-25,423.8664245605469,63.92082595825195,88.81654357910156,36.22898483276367,85.5781021118164
2023-08-28,426.55438232421875,64.59434509277344,89.76830291748047,36.582801818847656,85.76557159423828
2023-08-29,432.72015380859375,65.39527893066406,90.88182067871094,37.048343658447266,86.31901550292969
2023-08-30,434.50244140625,65.35887145996094,91.23395538330078,36.927303314208984,86.28331756591797
2023-08-31,433.8666076660156,65.104034423828125,91.14830017089844,36.47106170654297,86.40827941894531
2023-09-01,434.6758117675781,65.06761932373047,92.195220947265625,36.89937210083008,85.96074676513672
2023-09-05,432.7971496582031,64.503326416015625,89.16869354248047,36.601417541503906,85.4953384399414
2023-09-06,429.8876953125,64.3667984008789,88.82606506347656,36.39657974243164,85.414764404296875
2023-09-07,428.5679016113281,64.15745544433594,88.17887878417969,35.9682731628418,85.68328094482422
2023-09-08,429.21331787109375,64.0664291381836,87.86479949951172,36.042762756347656,85.7280044555664
2023-09-11,432.0361022949219,64.73087310791016,87.87432861328125,36.489688873291016,85.62957000732422
2023-09-12,429.6661682128906,64.46691131591797,87.70301055908203,36.377952575683594,85.65643310546875
2023-09-13,430.1671142578125,64.26667022705078,87.16051483154297,36.33140182495117,85.78174591064453
2023-09-14,433.876220703125,65.113128662109375,88.96883392333984,36.573482513427734,85.6653823852539
2023-09-15,428.6487121582031,64.9675064086914,88.24549865722656,36.43382263183594,85.46849060058594
2023-09-18,428.90008544921875,64.73995208740234,87.4936294555664,36.38726806640625,85.59378814697266
2023-09-19,428.0106201171875,64.7945785522461,87.56024932861328,36.17311477661133,85.34314727783203
2023-09-20,424.07574462890625,64.63983917236328,86.846435546875,36.02413558959961,85.29838562011719
2023-09-21,417.0664978027344,63.565853118896484,85.60917663574219,35.40030288696289,84.71660614013672
2023-09-22,416.12872314453125,63.62046813964844,85.1142578125,35.819297790527344,85.07465362548828
2023-09-25,417.8785400390625,63.33830642700195,85.4188232421875,35.6610107421875,84.40338897705078
2023-09-26,411.7394104003906,62.5191650390625,83.8995590209961,35.15821838378906,84.29595184326172
2023-09-27,411.90374755859375,62.40083694458008,84.71327209472656,35.21408462524414,84.00057220458984
2023-09-28,414.2917785644531,62.91053009033203,85.76631927490234,35.30718994140625,84.251190185546875
2023-09-29,413.28631591796875,62.728511810302734,85.41212463378906,35.33512496948242,84.17066955566406
2023-10-02,413.1219177246094,61.809234619140625,84.1484603881836,35.15821838378906,83.58458709716797
2023-10-03,407.5918884277344,61.03559875488281,82.46357727050781,34.69266891479492,82.92940521240234
2023-10-04,410.5599670410156,61.144813537597656,82.6933364868164,34.59025192260742,83.512786865234375
2023-10-05,410.4053039550781,61.681800842285156,82.41571044921875,34.72060775756836,83.56663513183594
2023-10-06,415.2779541015625,62.36442565917969,82.65503692626953,35.22340393066406,83.24353790283203
2023-10-09,417.93658447265625,62.27341842651367,83.4017333984375,35.05580139160156,84.105133056640625
2023-10-10,420.1119384765625,63.12897491455078,84.36863708496094,35.55859375,84.02436065673828
2023-10-11,421.832763671875,63.39292907714844,84.5696792602539,35.78205490112305,84.4102783203125
2023-10-12,419.2611389160156,62.865028381347656,82.9039535522461,35.38167953491211,83.68329620361328
2023-10-13,417.1728515625,62.28252029418945,81.91791534423828,35.25132751464844,84.04229736328125
2023-10-16,421.5620422363281,62.73759460449219,83.56449890136719,35.51204299926758,83.5755844116211
2023-10-17,421.5426940917969,62.77401351928711,84.70372009277344,35.41893005371094,82.9742660522461
2023-10-18,415.9256896972656,61.681800842285156,83.14327239990234,34.87889099121094,82.58832550048828
2023-10-19,412.27117919921875,61.13570785522461,81.822174072265625,34.67405319213867,82.2741928100586
2023-10-20,407.20513916015625,60.58961486816406,80.89356231689453,34.25505828857422,82.5704116821289
2023-10-23,406.4994201660156,60.63512420654297,80.0128402709961,34.22711944580078,82.89347839355469
2023-10-24,409.5641784667969,60.980995178222656,80.36705017089844,34.664737701416016,83.1896743774414
2023-10-25,403.68603515625,60.544105529785156,79.21824645996094,34.208499908447266,82.5704116821289
2023-10-26,398.85205078125,60.10722732543945,79.67778015136719,34.0409049987793,83.12686920166016
2023-10-27,397.0441589355469,59.92519760131836,78.59600830078125,34.01296615600586,83.09992218017578
2023-10-30,401.7910461425781,60.68973159790039,79.26612854003906,34.36678695678711,82.90248107910156
2023-10-31,404.3144226074219,60.90817642211914,79.98411560058594,34.17125701904297,82.84861755371094
2023-11-01,408.6263427734375,61.48158264160156,80.4340591430664,34.487831115722656,83.764129638671875
2023-11-02,416.4573974609375,62.73759460449219,82.97096252441406,35.09304428100586,84.26822662353516
2023-11-03,420.2569885253906,63.40202331542969,85.52699279785156,35.80998611450195,84.78135681152344
2023-11-06,421.22369384765625,63.083465576171875,84.521820068359375,36.0986328125,84.3582534790039
2023-11-07,422.4224853515625,62.70119857788086,83.92826080322266,36.03345489501953,84.80839538574219
2023-11-08,422.73187255859375,62.61928176879883,83.12413024902344,35.79136276245117,85.09645080566406
2023-11-09,419.43511962890625,62.61017990112305,81.78388977050781,35.4561767578125,84.38525390625
2023-11-10,425.9803466796875,62.89232635498047,82.59758758544922,35.70756912231445,84.58330535888672
2023-11-13,425.5743408203125,63.05615997314453,82.319976806640625,35.69825744628906,84.57428741455078
2023-11-14,433.8307189941406,64.667144775390625,87.087432861328125,36.647972106933594,85.63654327392578
2023-11-15,434.7491455078125,64.56703186035156,87.49907684326172,36.955238342285156,85.105438232421875
2023-11-16,435.28094482421875,64.52153015136719,85.99607849121094,36.601417541503906,85.57356262207031
2023-11-17,435.82232666015625,65.39527893066406,87.0395736694336,36.647972106933594,85.74457550048828
2023-11-20,439.1770935058594,65.64102935791016,87.34590911865234,37.104209899902344,85.879608154296875
2023-11-21,438.2200012207031,65.38617706298828,86.18756103515625,36.87144088745117,85.969635009765625
2023-11-22,439.91192626953125,65.54090881347656,86.58006286621094,36.79695129394531,86.0506591796875
2023-11-24,440.18255615234375,66.04150390625,87.087432861328125,36.815574645996094,85.654571533203125
2023-11-27,439.3898620605469,65.81394958496094,86.84810638427734,36.666595458984375,86.14067077636719
2023-11-28,439.82489013671875,65.83216094970703,86.637481689453125,36.97385787963867,86.51875305175781
2023-11-29,439.5155029296875,65.96868896484375,87.00128173828125,36.75970458984375,86.94185638427734
2023-11-30,441.24603271484375,65.91407012939453,87.24060821533203,36.83419418334961,86.653778076171875
2023-12-01,443.8564758300781,66.60579681396484,90.102996826171875,36.99248123168945,87.415740966796875
2023-12-04,441.5264587402344,66.087005615234375,91.32836151123047,36.573482513427734,87.0816879272461
2023-12-05,441.43939208984375,65.85035705566406,89.84452056884766,36.35002517700195,87.65949249267578
2023-12-06,439.6605529785156,66.05060577392578,89.70091247558594,36.303466796875,87.88516998291016
2023-12-07,443.0152893066406,66.36915588378906,90.84969329833984,36.480377197265625,87.91226959228516
2023-12-08,444.919921875,66.56939697265625,91.38581085205078,36.32209014892578,87.46990966796875
2023-12-11,446.6504821777344,66.73322296142578,91.90276336669922,36.53624725341797,87.47891998291016
2023-12-12,448.6904296875,66.8515396118164,91.82616424560547,36.54555892944336,87.74076080322266
2023-12-13,454.8779296875,67.82542419433594,94.99491119384766,36.90868377685547,88.84210205078125
2023-12-14,456.33782958984375,68.32601165771484,98.04875183105469,37.4487190246582,89.55916595458984
2023-12-15,455.58642578125,67.66158294677734,96.9574203491211,37.22525405883789,89.3509292602539
2023-12-18,458.14910888671875,67.82542419433594,96.49788665771484,37.206634521484375,89.16986083984375
2023-12-19,460.93505859375,68.3988265991211,98.35509490966797,37.5232048034668,89.27850341796875
2023-12-20,454.5477294921875,67.70856475830078,96.5591812133789,36.84772491455078,89.60443878173828
2023-12-21,458.8577880859375,68.80523681640625,98.27643585205078,37.540279388427734,89.59540557861328
2023-12-22,459.7799072265625,68.8697509765625,98.76569366455078,37.36002731323242,89.477691650390625
2023-12-26,461.7213439941406,69.1830825805664,99.92652893066406,37.65412902832031,89.65876770019531
2023-12-27,462.55621337890625,69.551727294921875,100.28148651123047,37.87232971191406,90.2291488647461
2023-12-28,462.7309265136719,69.367401123046875,100.28148651123047,38.16642761230469,90.02996826171875
2023-12-29,461.39129638671875,69.44112396240234,98.88082122802734,38.14745330810547,89.857940673828125
2024-01-02,458.8092041015625,68.66699981689453,98.60260772705078,37.701568603515625,89.43241119384766
2024-01-03,455.062255859375,68.150909423828125,95.5230941772461,37.49284362792969,89.477691650390625
2024-01-04,453.596435546875,68.307586669921875,95.3407974243164,37.36951446533203,89.11554718017578
2024-01-05,454.21771240234375,68.35365295410156,95.4463119506836,37.41694641113281,88.90731048583984
2024-01-08,460.7021179199219,69.08170318603516,96.81819915771484,37.521305084228516,89.2422866821289
2024-01-09,460.0032043457031,68.4642562866211,95.54225158691406,36.99003219604492,89.224212646484375
2024-01-10,462.60467529296875,68.90660858154297,95.93560028076172,36.90464401245117,89.05217742919922
2024-01-11,462.4009094238281,68.89739990234375,94.8899154663086,37.05644607543945,89.55916595458984
2024-01-12,462.72119140625,69.1830825805664,94.55411529541016,37.18926239013672,89.722137451171875
2024-01-16,461.0224914550781,68.02189636230469,93.259002685546875,36.28799057006836,89.05217742919922
2024-01-17,458.4597473144531,67.37679290771484,91.98304748535156,35.74722671508789,88.80769348144531
2024-01-18,462.5367431640625,67.97581481933594,92.72175598144531,36.041324615478516,88.7262191772461
2024-01-19,468.3028259277344,68.132476806640625,93.7674560546875,36.42081069946289,88.74431610107422
2024-01-22,469.29296875,68.344451904296875,95.88761901855469,36.09824752807617,88.90731048583984
2024-01-23,470.6615905761719,68.150909423828125,95.43672943115234,36.411319732666016,88.69001007080078
2024-01-24,471.1761474609375,68.66699981689453,94.87071228027344,36.81926727294922,88.49085235595703
2024-01-25,473.73883056640625,68.86053466796875,95.75331115722656,36.86669921875,88.889190673828125
2024-01-26,473.13702392578125,69.16466522216797,95.94519805908203,36.89515686035156,88.78961181640625
2024-01-29,476.8839111328125,69.570159912109375,96.923736572265625,36.91413497924805,89.142669677734375
2024-01-30,476.51507568359375,69.47798156738281,96.18504333496094,36.62003707885742,89.31470489501953
2024-01-31,468.7396545410156,69.12779998779297,93.48924255371094,36.42081069946289,89.722137451171875
2024-02-01,474.8746032714844,69.80976104736328,94.56371307373047,36.771827697753906,90.233367919921875
2024-02-02,479.873779296875,69.2568130493164,93.90177154541016,36.66747283935547,89.40703582763672
2024-02-05,478.1264343261719,68.88817596435547,92.23248291015625,36.71491241455078,88.6715316772461
2024-02-06,479.5146484375,69.3121109008789,93.02875518798828,37.54977035522461,89.1346435546875
2024-02-07,483.5139465332031,69.2752456665039,92.30924224853516,37.59720230102539,88.95301055908203
2024-02-08,483.7275390625,69.15544128417969,93.556396484375,37.388484954833984,88.68061065673828
2024-02-09,486.5231628417969,69.39505767822266,94.44859313964844,37.54977035522461,88.65336608886719
2024-02-12,486.3096008300781,69.514862060546875,96.53041076660156,37.84386444091797,88.6715316772461
2024-02-13,479.61163330078125,68.44581604003906,92.731353759765625,37.1323356628418,87.85426330566406
2024-02-14,483.9701843261719,69.21073150634766,94.4677963256836,37.66361618041992,88.2447509765625
2024-02-15,487.3094482421875,69.99407958984375,97.153961181640625,37.84386444091797,88.45359802246094
2024-02-16,484.8826904296875,70.10466766357422,96.10828399658203,38.02412033081055,88.172088623046875
2024-02-20,482.21319580078125,70.3903579711914,95.26405334472656,38.0810432434082,88.25382232666016
2024-02-21,482.6499938964844,70.4456558227539,94.79396057128906,38.14745330810547,87.990478515625
2024-02-22,492.63873291015625,71.23821258544922,94.7555923461914,38.53642272949219,88.06312561035156
2024-02-23,492.9784240722656,71.33036804199219,94.92827606201172,38.51744842529297,88.39002227783203
2024-02-26,491.1729431152344,71.22899627685547,94.62128448486328,38.3466796875,88.1993637084961
2024-02-27,492.0853576660156,71.42253112792969,95.62859344482422,38.42258071899414,88.08129119873047
2024-02-28,491.43499755859375,71.0078125,94.957061767578125,37.91976547241211,88.25382232666016
2024-02-29,493.2016906738281,71.192138671875,95.705352783203125,37.93873977661133,88.39909362792969
2024-03-01,497.8320007324219,71.8833236694336,96.012359619140625,38.40360641479492,88.823516845703125
2024-03-04,497.298095703125,71.699005126953125,95.35037994384766,38.31822204589844,88.604949951171875
2024-03-05,492.3280944824219,71.56998443603516,95.40795135498047,37.9766845703125,89.087615966796875
2024-03-06,494.82281494140625,72.41783905029297,95.47510528564453,38.526939392089844,89.22423553466797
2024-03-07,499.734619140625,73.27490997314453,96.26177215576172,38.76411437988281,89.41547393798828
2024-03-08,496.73516845703125,73.03528594970703,96.52080535888672,38.72616195678711,89.4974365234375
2024-03-11,496.3079833984375,72.62059020996094,96.30974578857422,38.811546325683594,89.39727783203125
2024-03-12,501.64697265625,73.20117950439453,95.77252197265625,39.23846435546875,89.169586181640625
2024-03-13,500.860595703125,73.21039581298828,95.83967590332031,39.115135192871094,89.005645751953125
2024-03-14,499.8705139160156,72.6758804321289,94.08404541015625,38.91590881347656,88.44100189208984
2024-03-15,496.43817138671875,72.70352935791016,94.6116943359375,38.67872619628906,88.431884765625
2024-03-18,499.3885192871094,72.68510437011719,94.1128158569336,38.74513626098633,88.34081268310547
2024-03-19,502.1637268066406,72.814117431640625,94.6116943359375,38.55540084838867,88.55937194824219
2024-03-20,506.80828857421875,73.58824157714844,96.40569305419922,38.99180221557617,88.74152374267578
2024-03-21,508.48321533203125,73.55137634277344,97.45037078857422,39.03923797607422,88.80531311035156
2024-03-22,507.5191955566406,73.39469909667969,95.9098129272461,38.76411437988281,89.087615966796875
2024-03-25,506.1170349121094,73.238037109375,95.9868392944336,38.792572021484375,88.9236831665039
2024-03-26,505.1822509765625,73.32098388671875,95.77501678466797,38.76411437988281,89.01476287841797
2024-03-27,509.4276428222656,73.76335144042969,98.5672836303711,38.83052062988281,89.306182861328125
2024-03-28,509.33038330078125,73.59745788574219,98.94280242919922,38.97282791137695,89.19691467285156
2024-04-01,508.4442138671875,73.28411102294922,97.59480285644531,39.03923797607422,88.5483627319336
2024-04-02,505.21148681640625,72.768035888671875,95.79427337646484,39.162567138671875,88.48442077636719
2024-04-03,505.7664489746094,73.17353057861328,96.1505355834961,39.19103240966797,88.53922271728516
2024-04-04,499.5930480957031,72.54685974121094,95.33210754394531,39.04872512817383,88.74932098388672
2024-04-05,504.812255859375,72.77725982666016,95.457275390625,39.13410568237305,88.310882568359375
2024-04-08,505.0945739746094,73.13666534423828,96.32383728027344,39.3902587890625,88.22867584228516
2024-04-09,505.6788330078125,73.12744903564453,97.1904067993164,39.6558952331543,88.53009033203125
2024-04-10,500.6154479980469,72.15979766845703,93.753021240234375,39.115135192871094,87.47050476074219
2024-04-11,504.3935546875,72.35332489013672,94.19593048095703,39.35231018066406,87.48875427246094
2024-04-12,497.4313049316406,71.18292236328125,92.59759521484375,38.4510383605957,87.65320587158203
2024-04-15,491.199462890625,70.970947265625,91.66364288330078,38.20437240600586,87.12339782714844
2024-04-16,490.3036193847656,70.27055358886719,91.14369201660156,37.701568603515625,86.87677764892578
2024-04-17,487.40185546875,70.31663513183594,90.623748779296875,37.67310333251953,87.27870178222656
2024-04-18,486.3989562988281,70.12309265136719,90.999267578125,37.82489013671875,87.03205108642578
2024-04-19,482.1534729003906,70.15074920654297,92.05839538574219,37.67310333251953,87.12339782714844
2024-04-22,486.5937194824219,70.970947265625,92.847930908203125,38.0810432434082,87.17822265625
2024-04-23,492.3679504394531,71.745086669921875,94.48478698730469,38.39411926269531,87.36089324951172
2024-04-24,492.1341857910156,71.606842041015625,94.08039093017578,38.526939392089844,87.132537841796875
2024-04-25,490.2646179199219,71.27507019042969,93.09828186035156,38.61231994628906,86.88592529296875
2024-04-26,494.90936279296875,71.84645080566406,93.57971954345703,39.05820846557617,87.07775115966797
2024-04-29,496.662109375,72.12294006347656,94.31147766113281,39.43769073486328,87.342620849609375
2024-04-30,488.79437255859375,71.21056365966797,92.51094055175781,38.88744354248047,86.98637390136719
2024-05-01,487.2071533203125,71.05390167236328,92.81905364990234,38.92538833618164,87.2933349609375
2024-05-02,491.76416015625,72.01234436035156,94.378875732421875,39.93101501464844,87.68733215332031
2024-05-03,497.85980224609375,72.731170654296875,95.0528793334961,40.29153060913086,88.136322021484375
2024-05-06,503.0011291503906,73.22882843017578,96.04461669921875,40.3294792175293,88.20043182373047
2024-05-07,503.5561218261719,73.42236328125,95.97721099853516,40.10178756713867,88.38370513916016
2024-05-08,503.6047668457031,73.33941650390625,96.09275817871094,40.111270904541016,88.20043182373047
2024-05-09,506.5064392089844,73.9015884399414,97.22891998291016,40.2346076965332,88.365386962890625
2024-05-10,507.15899658203125,74.03981018066406,96.78600311279297,40.31999206542969,88.18212127685547
2024-05-13,507.22711181640625,74.03981018066406,97.200042724609375,40.623573303222656,88.22795104980469
2024-05-14,509.5543212890625,74.5927734375,98.26881408691406,40.841773986816406,88.4661865234375
2024-05-15,515.86407470703125,75.38533020019531,98.33619689941406,41.27817916870117,89.0526123046875
2024-05-16,514.80267333984375,74.979827880859375,98.220672607421875,41.363563537597656,88.9518051147461
2024-05-17,515.54278564453125,75.23787689208984,98.08586120605469,41.543819427490234,88.6677474975586
2024-05-20,516.1368408203125,75.29316711425781,97.44073486328125,41.39202880859375,88.585296630859375
2024-05-21,517.40264892578125,75.1733627319336,97.43111419677734,41.13587951660156,88.75020599365234
2024-05-22,515.91290283203125,74.4637451171875,96.91117858886719,41.00305938720703,88.6402587890625
2024-05-23,512.1444091796875,74.08589172363281,95.10101318359375,40.6994743347168,88.39287567138672
2024-05-24,515.5330810546875,74.69414520263672,95.8616714477539,40.81331253051758,88.4936752319336
2024-05-28,515.89337158203125,74.66648864746094,95.46690368652344,40.75638961791992,88.08134460449219
2024-05-29,512.28070068359375,73.48686218261719,93.99373626708984,40.14922332763672,87.74231719970703
2024-05-30,508.88238525390625,74.10433197021484,95.38024139404297,40.035377502441406,88.154632568359375
2024-05-31,513.517333984375,74.81394958496094,96.72823333740234,39.64641189575195,88.43866729736328
2024-06-03,513.93609619140625,75.025909423828125,96.51640319824219,40.06383514404297,88.97362518310547
2024-06-04,514.5106201171875,74.93375396728516,95.1299057006836,39.50409698486328,89.29534149169922
2024-06-05,520.62567138671875,75.45904541015625,95.96757507324219,40.13973617553711,89.5710678100586
2024-06-06,520.61590576171875,75.71710205078125,95.389862060546875,40.338966369628906,89.59864807128906
2024-06-07,519.9830322265625,74.896881103515625,94.359619140625,39.88358688354492,88.80818176269531
2024-06-10,521.58953857421875,74.84159088134766,93.6760025024414,40.120758056640625,88.73465728759766
2024-06-11,522.84576416015625,73.99113464355469,93.17288970947266,39.987022399902344,89.0379638671875
2024-06-12,527.139892578125,74.8631591796875,94.54676818847656,40.38823318481445,89.46077728271484
2024-06-13,528.20123291015625,73.794219970703125,93.50183868408203,40.292701721191406,89.9111557006836
2024-06-14,528.522705078125,72.97845458984375,92.18598937988281,40.34046936035156,90.0030746459961
2024-06-17,532.72918701171875,73.269134521484375,92.969696044921875,40.598388671875,89.6813735961914
2024-06-18,534.08258056640625,73.55980682373047,92.9503402709961,40.97093963623047,90.0030746459961
2024-06-20,532.6318359375,73.60669708251953,92.86328125,40.90407180786133,89.8468246459961
2024-06-21,531.91766357421875,73.090972900390625,93.05677032470703,40.760780334472656,89.85601043701172
2024-06-24,530.1885986328125,73.67232513427734,93.87916564941406,40.760780334472656,89.929534912109375
2024-06-25,532.23028564453125,73.8504867553711,92.76651763916016,40.66525650024414,89.92034149169922
2024-06-26,532.8946533203125,73.306640625,92.66975402832031,40.57928466796875,89.51593780517578
2024-06-27,533.73468017578125,73.36289978027344,93.1632080078125,40.607940673828125,89.6629867553711
2024-06-28,531.63433837890625,73.4472885131836,94.11136627197266,40.68436050415039,89.22178649902344
2024-07-01,532.728515625,73.57856750488281,93.10515594482422,40.779884338378906,88.7432632446289
2024-07-02,536.31365966796875,73.75672149658203,93.51152038574219,40.90407180786133,89.03831481933594
2024-07-03,538.7069091796875,74.600616455078125,93.37606048583984,41.505882263183594,89.51778411865234
2024-07-05,541.81341552734375,75.09757232666016,92.69879150390625,41.677825927734375,89.96955871582031
2024-07-08,542.43865966796875,74.72251892089844,93.34703826904297,41.6873779296875,89.99720764160156
2024-07-09,542.966064453125,74.4224624633789,92.82457733154297,41.85932540893555,89.91423034667969
2024-07-10,548.3389892578125,75.47264862060547,93.88884735107422,42.09813690185547,90.00643157958984
2024-07-11,543.61083984375,75.68830108642578,97.47837829589844,42.34651184082031,90.4674301147461
2024-07-12,547.03973388671875,76.49469757080078,98.17499542236328,42.51845169067383,90.71637725830078
2024-07-15,548.5440673828125,75.819580078125,99.47148132324219,42.069480895996094,90.40289306640625
2024-07-16,551.7969970703125,76.18526458740234,103.08036041259766,42.30829620361328,90.77168273925781
2024-07-17,544.06024169921875,75.7820816040039,103.37061309814453,41.62051010131836,90.83625030517578
2024-07-18,539.87921142578125,75.03193664550781,101.64842224121094,41.22885513305664,90.58729553222656
2024-07-19,536.29412841796875,74.5724868774414,100.93244171142578,40.82765197753906,90.40289306640625
2024-07-22,541.82330322265625,75.3601303100586,102.23860931396484,41.171539306640625,90.365997314453125
2024-07-23,540.97332763671875,74.93817138671875,102.98361206054688,40.80854415893555,90.356781005859375
2024-07-24,528.71356201171875,73.99113464355469,101.36782836914062,40.216285705566406,90.080169677734375
2024-07-25,525.95880126953125,73.52230072021484,102.88683319091797,40.053890228271484,90.32913970947266
2024-07-26,531.849365234375,74.45997619628906,104.7445068359375,40.46464920043945,90.6518325805664
2024-07-29,532.16192626953125,74.13178253173828,103.88340759277344,40.33091735839844,90.79936218261719
2024-07-30,529.46575927734375,74.30055236816406,104.76385498046875,40.149417877197266,90.89155578613281
2024-07-31,538.072021484375,75.35074615478516,105.20891571044922,41.028255462646484,91.38021087646484
2024-08-01,530.452392578125,73.35352325439453,102.40308380126953,40.31180953979492,91.76311492919922
2024-08-02,520.5762939453125,72.20020294189453,99.00706481933594,39.7386589050293,92.78968811035156
2024-08-05,505.4151306152344,70.62491607666016,95.88196563720703,38.611454010009766,92.71570587158203
2024-08-06,510.0747985839844,70.7468032836914,96.93656158447266,38.8311653137207,92.16082000732422
2024-08-07,506.6654968261719,71.08436584472656,96.31733703613281,39.06998062133789,91.88331604003906
2024-08-08,518.37823486328125,72.27520751953125,98.24272155761719,39.958370208740234,91.74462127685547
2024-08-09,520.66412353515625,72.55650329589844,97.94279479980469,40.17808151245117,92.068328857421875
2024-08-12,520.93768310546875,72.490875244140625,96.42378234863281,40.31180953979492,92.22551727294922
2024-08-13,529.5047607421875,73.73796081542969,98.27174377441406,40.760780334472656,92.59547424316406
2024-08-14,531.17523193359375,74.0098876953125,97.89441680908203,40.541072845458984,92.7619400024414
2024-08-15,540.27972412109375,74.91004943847656,100.30355072021484,40.99004364013672,92.3735122680664
2024-08-16,541.4910888671875,75.32261657714844,100.68090057373047,41.46767044067383,92.59547424316406
2024-08-19,546.66845703125,76.24153137207031,101.60004425048828,41.8688850402832,92.69721221923828
2024-08-20,545.77960205078125,76.00711822509766,100.28419494628906,41.54409408569336,92.97465515136719
2024-08-21,547.655029296875,76.710357666015625,101.15496826171875,41.706485748291016,93.15038299560547
2024-08-22,543.35687255859375,76.2602767944336,100.45836639404297,41.190643310546875,92.77118682861328
2024-08-23,549.130126953125,77.65740203857422,103.73826599121094,41.87843322753906,93.19660186767578
2024-08-26,547.8211669921875,77.31046295166016,103.6608657836914,41.52499008178711,93.1133804321289
2024-08-27,548.57342529296875,77.66678619384766,102.97393035888672,41.582298278808594,93.14112091064453
2024-08-28,545.3887939453125,77.39485931396484,102.82880401611328,41.32438278198242,93.05787658691406
2024-08-29,545.4376220703125,77.68553161621094,103.27386474609375,41.34348678588867,92.937652587890625
2024-08-30,550.64434814453125,77.80742645263672,103.75761413574219,41.42945861816406,92.71570587158203
2024-09-03,539.3126220703125,76.57908630371094,101.44523620605469,40.607940673828125,93.10722351074219
2024-09-04,538.20880126953125,76.24153137207031,101.22270202636719,40.598388671875,93.5154037475586
2024-09-05,536.89971923828125,76.2602767944336,100.93244171142578,40.655704498291016,93.7566146850586
2024-09-06,527.86370849609375,74.825653076171875,99.22959899902344,39.91060256958008,93.8772201538086
2024-09-09,533.773681640625,75.5757827758789,98.72648620605469,40.24494552612305,94.0163803100586
2024-09-10,536.09869384765625,75.20072174072266,98.47492980957031,40.092105865478516,94.3039779663086
2024-09-11,541.59844970703125,75.65080261230469,98.43621826171875,40.38823318481445,94.276153564453125
2024-09-12,546.16058349609375,76.26966094970703,99.54888153076172,40.72256851196289,94.1926498413086
2024-09-13,549.01287841796875,76.44781494140625,102.26763153076172,40.91362380981445,94.38746643066406
2024-09-16,549.8238525390625,77.0666732788086,102.88683319091797,41.047359466552734,94.61011505126953
2024-09-17,550.0484619140625,76.6353530883789,103.65119171142578,41.09511947631836,94.51734924316406
2024-09-18,548.4171142578125,76.39155578613281,103.74794006347656,40.95183181762695,94.22047424316406
2024-09-19,557.7755126953125,77.90119934082031,105.489501953125,41.82111740112305,94.2297592163086
2024-09-20,556.81121826171875,77.13231658935547,104.28976440429688,41.735145568847656,94.146270751953125
2024-09-23,558.2027587890625,77.42298889160156,104.1543197631836,42.05992889404297,94.10912322998047
2024-09-24,559.79998779296875,77.88243865966797,104.12530517578125,43.49281311035156,94.239044189453125
2024-09-25,558.5653076171875,77.46049499511719,102.63229370117188,43.0342903137207,93.8772201538086
2024-09-26,560.77978515625,79.16704559326172,103.59521484375,44.61046600341797,93.89576721191406
2024-09-27,559.96649169921875,78.68883514404297,104.33439636230469,44.52449035644531,94.1648178100586
2024-09-30,562.21038818359375,78.41690826416016,104.71372985839844,43.808048248291016,93.95142364501953
2024-10-01,557.17388916015625,77.83555603027344,103.02134704589844,44.123287200927734,94.19989776611328
2024-10-02,557.40911865234375,77.67615509033203,102.52529907226562,44.9925651550293,94.00447845458984
2024-10-03,556.3900146484375,76.95415496826172,101.72773742675781,44.45762252807617,93.6229476928711
2024-10-04,561.4461669921875,77.40422821044922,103.24506378173828,44.86838150024414,93.01807403564453
2024-10-07,556.37042236328125,76.97290802001953,102.15570831298828,45.24093246459961,92.70169830322266
2024-10-08,561.63238525390625,76.85100555419922,101.98062896728516,44.123287200927734,92.85990905761719
2024-10-09,565.5224609375,76.86976623535156,102.4474868774414,43.88447189331055,92.61795806884766
2024-10-10,564.53271484375,76.77598571777344,101.88336944580078,43.97044372558594,92.5621109008789
2024-10-11,567.91326904296875,77.1698226928711,103.70218658447266,44.285675048828125,92.59004974365234
2024-10-14,572.557861328125,77.39485931396484,104.3246841430664,44.10417556762695,92.50628662109375
2024-10-15,568.1092529296875,76.1102523803711,104.85963439941406,43.168025970458984,92.87850189208984
2024-10-16,570.5784912109375,76.30716705322266,106.56172180175781,43.50236892700195,92.99947357177734
2024-10-17,570.62750244140625,76.31654357910156,106.435302734375,43.43550109863281,92.54351806640625
2024-10-18,572.82244873046875,76.83226013183594,106.435302734375,43.865360260009766,92.608642578125
2024-10-21,571.88165283203125,75.92272186279297,104.21768951416016,43.5596809387207,91.9665756225586
2024-10-22,571.57794189453125,75.49140167236328,103.7800064086914,43.46415710449219,91.98516845703125
2024-10-23,566.35528564453125,74.73188781738281,103.08942413330078,43.20623779296875,91.752532958984375
2024-10-24,567.58013916015625,75.153839111328125,103.33259582519531,43.13936996459961,91.92933654785156
2024-10-25,567.38409423828125,74.90067291259766,102.8948974609375,43.101158142089844,91.74322509765625
2024-10-28,569.13812255859375,75.50077056884766,104.6261978149414,43.292213439941406,91.59435272216797
2024-10-29,570.0592041015625,75.2288589477539,104.30522155761719,43.158477783203125,91.69671630859375
2024-10-30,568.33465576171875,74.74125671386719,104.6261978149414,42.738162994384766,91.603668212890625
2024-10-31,557.19354248046875,74.28181457519531,102.87545013427734,42.46113586425781,91.58502960205078
2024-11-01,559.54510498046875,74.43183135986328,103.19642639160156,42.49934768676758,91.220977783203125
2024-11-04,558.33984375,74.48810577392578,103.7994613647461,42.738162994384766,91.60372161865234
2024-11-05,565.09130859375,75.2288589477539,105.8322525024414,43.320865631103516,91.81842041015625
2024-11-06,579.1427001953125,74.14115905761719,112.36835479736328,42.78592300415039,91.09962463378906
2024-11-07,583.62054443359375,75.266357421875,111.5999755859375,43.73162841796875,91.79039764404297
2024-11-08,586.148681640625,74.22554779052734,112.12520599365234,42.65218734741211,91.94910430908203
2024-11-11,586.7071533203125,74.24430084228516,113.88566589355469,42.3274040222168,91.74372863769531
2024-11-12,584.88470458984375,72.865936279296875,111.92093658447266,41.52499008178711,91.211639404296875
2024-11-13,585.16888427734375,72.43460845947266,111.04557800292969,41.257511138916016,91.192962646484375
2024-11-14,581.4061279296875,72.58463287353516,109.82978057861328,41.028255462646484,91.1556396484375
2024-11-15,573.95904541015625,72.32208251953125,108.96414184570312,41.028255462646484,91.16498565673828
2024-11-18,576.310791015625,72.715911865234375,108.86686706542969,41.49633026123047,91.24897766113281
2024-11-19,578.41748046875,72.62213897705078,108.93496704101562,41.46767044067383,91.379669189453125
2024-11-20,578.61346435546875,72.42523193359375,108.83769226074219,41.4199104309082,91.28630828857422
2024-11-21,581.71966552734375,72.44398498535156,110.60790252685547,41.33393478393555,91.23963928222656
2024-11-22,583.52264404296875,72.72528839111328,112.49480438232422,41.34348678588867,91.30496978759766
2024-11-25,585.50201416015625,73.10034942626953,114.81940460205078,41.37214660644531,92.12646484375
2024-11-26,588.5592041015625,72.67840576171875,113.76895141601562,41.200199127197266,91.9864501953125
2024-11-27,586.7757568359375,73.07222747802734,113.9051284790039,41.257511138916016,92.238494873046875
2024-11-29,590.42083740234375,74.047393798828125,113.9537582397461,41.32438278198242,92.60254669189453
2024-12-02,591.47918701171875,74.25367736816406,114.36225891113281,41.486778259277344,92.61377716064453
2024-12-03,591.75347900390625,74.675628662109375,113.37015533447266,41.57274627685547,92.43585205078125
2024-12-04,595.42791748046875,74.73188781738281,113.91485595703125,41.677825927734375,92.735504150390625
2024-12-05,594.44805908203125,75.09757232666016,112.5142593383789,41.95485305786133,92.75425720214844
2024-12-06,595.57501220703125,75.08820343017578,112.72822570800781,41.88798522949219,93.0164566040039
2024-12-09,592.50799560546875,75.04132080078125,112.94221496582031,42.74771499633789,92.74488830566406
2024-12-10,590.66583251953125,74.36619567871094,112.49480438232422,42.05992889404297,92.63249206542969
2024-12-11,595.2320556640625,74.83502960205078,113.06865692138672,42.231876373291016,92.41712951660156
2024-12-12,592.1650390625,74.17866516113281,112.34890747070312,42.02172088623047,92.042572021484375
2024-12-13,592.0474853515625,73.972381591796875,111.7264175415039,42.05992889404297,91.69605255126953
2024-12-16,594.57550048828125,73.72857666015625,112.05712127685547,41.83066940307617,91.78033447265625
2024-12-17,592.12579345703125,73.61167907714844,110.45943450927734,41.73061752319336,91.78033447265625
2024-12-18,574.47845458984375,71.80584716796875,105.87649536132812,40.75923538208008,91.08138275146484
2024-12-19,574.30206298828125,71.5777359008789,105.48562622070312,40.895225524902344,90.846527099609375
2024-12-20,581.199951171875,71.378143310546875,106.37486267089844,41.060359954833984,91.09078216552734
2024-12-23,584.68035888671875,71.84386444091797,106.13056945800781,41.293495178222656,90.80894470214844
2024-12-24,591.1790771484375,72.10047912597656,106.89276885986328,41.41977310180664,90.91227722167969
2024-12-26,591.2183837890625,72.44264221191406,107.68427276611328,41.274070739746094,90.978057861328125
2024-12-27,584.9949951171875,72.33809661865234,106.3944091796875,41.08950424194336,90.79015350341797
2024-12-30,578.3192138671875,71.86287689208984,105.72015380859375,40.75923538208008,91.14714813232422
2024-12-31,576.21533203125,71.86287689208984,106.13056945800781,40.62323760986328,91.034423828125
2025-01-02,574.79949951171875,71.61576080322266,105.67130279541016,40.56495666503906,91.0438232421875
2025-01-03,581.9864501953125,71.92940521240234,106.5507583618164,40.94379806518555,90.949859619140625
2025-01-06,585.339111328125,72.61372375488281,106.44326782226562,41.08950424194336,90.85591125488281
2025-01-07,578.72235107421875,72.55668640136719,105.7787857055664,40.79808807373047,90.53649139404297
2025-01-08,579.56787109375,72.44264221191406,105.49539947509766,40.60380935668945,90.63984680175781
2025-01-10,570.7193603515625,71.34012603759766,103.39448547363281,39.91413116455078,90.13252258300781
2025-01-13,571.604248046875,71.140533447265625,104.01988220214844,39.64214324951172,90.04796600341797
2025-01-14,572.39080810546875,71.39715576171875,105.53450012207031,40.0889778137207,90.0761489868164
2025-01-15,582.80255126953125,72.30957794189453,107.14683532714844,40.613529205322266,90.85591125488281
2025-01-16,581.68170166015625,72.68025207519531,107.45952606201172,40.56495666503906,91.053192138671875
2025-01-17,587.52178955078125,72.97489166259766,107.93833923339844,40.8855094909668,91.053192138671875
2025-01-21,592.89959716796875,74.44807434082031,109.66793060302734,41.322635650634766,91.35382080078125
2025-01-22,596.23260498046875,74.2770004272461,108.63212585449219,41.351776123046875,91.13775634765625
2025-01-23,599.48681640625,74.8852767944336,108.96437072753906,41.44891357421875,90.98744201660156
2025-01-24,597.73681640625,75.303466796875,109.05230712890625,41.72090530395508,91.13775634765625
2025-01-27,589.2816162109375,75.303466796875,109.35523986816406,40.96322250366211,91.64505767822266
2025-01-28,594.34490966796875,75.20842742919922,108.74939727783203,41.26435470581055,91.61688995361328
2025-01-29,591.68060302734375,75.19892120361328,108.03605651855469,41.274070739746094,91.56050109863281
2025-01-30,594.85614013671875,76.02580261230469,108.96437072753906,41.97346115112305,91.6920394897461
2025-01-31,591.6903076171875,75.3129653930664,107.94810485839844,41.49748611450195,91.50414276123047
2025-02-03,587.70849609375,74.42906188964844,106.04261779785156,41.19635772705078,91.59087371826172
2025-02-04,591.65106201171875,75.2939682006836,107.31295013427734,41.93460464477539,91.76053619384766
2025-02-05,594.04998779296875,76.02580261230469,108.05561065673828,41.827754974365234,92.25067901611328
2025-02-06,596.1146240234375,76.38697814941406,107.85038757324219,42.00260925292969,92.156402587890625
2025-02-07,590.6580810546875,75.66463470458984,106.07194519042969,41.963748931884766,91.86420440673828
2025-02-10,594.6693115234375,76.17787170410156,106.25759887695312,42.468868255615234,91.892486572265625
2025-02-11,595.12158203125,76.5390396118164,106.7559585571289,42.30373001098633,91.68512725830078
2025-02-12,593.2044677734375,76.82417297363281,105.12409210205078,42.536865234375,91.20440673828125
2025-02-13,599.4671630859375,77.75559997558594,106.52144622802734,42.8088493347168,91.75108337402344
2025-02-14,599.437744140625,77.869659423828125,106.44326782226562,43.139122009277344,92.0904312133789
2025-02-18,601.19757080078125,78.430419921875,107.14683532714844,43.411109924316406,91.72283935546875
2025-02-19,602.61334228515625,77.62254333496094,106.62892150878906,43.34311294555664,91.85478210449219
2025-02-20,600.1063232421875,77.98371124267578,105.7787857055664,43.74137878417969,91.99617767333984
2025-02-21,589.842041015625,77.49898529052734,103.55082702636719,43.61509704589844,92.392059326171875
2025-02-24,587.15789794921875,77.45146179199219,103.15996551513672,42.944847106933594,92.55228424072266
2025-02-25,584.2379150390625,78.15480041503906,103.33585357666016,42.9739875793457,93.12727355957031
2025-02-26,584.5328369140625,78.25933074951172,102.73001861572266,43.401397705078125,93.278076171875
2025-02-27,575.20257568359375,77.37543487548828,101.45970153808594,42.55629348754883,93.13670349121094
2025-02-28,584.17889404296875,77.53700256347656,102.1241683959961,41.97346115112305,93.55145263671875
2025-03-03,573.9442138671875,78.39240264892578,99.63238525390625,41.604339599609375,93.7537841796875
2025-03-04,567.15045166015625,78.3733901977539,97.96141815185547,41.95403289794922,93.51740264892578
2025-03-05,573.24603271484375,80.24576568603516,99.12425231933594,43.20711898803711,93.1959457397461
2025-03-06,563.0703125,79.41886901855469,98.35227966308594,42.93513107299805,93.10138702392578
2025-03-07,566.2261962890625,80.24576568603516,99.17310333251953,43.148834228515625,92.98793029785156
2025-03-10,551.14453125,78.35438537597656,96.91585540771484,42.119171142578125,93.43230438232422
2025-03-11,546.56292724609375,78.08826446533203,95.94844055175781,42.468868255615234,93.10138702392578
2025-03-12,549.46319580078125,78.649017333984375,95.36213684082031,42.70199966430664,92.82720947265625
2025-03-13,542.13861083984375,78.12628173828125,94.101593017578125,42.52715301513672,93.11083221435547
2025-03-14,553.33697509765625,79.56144714355469,96.15364837646484,43.30426025390625,92.92174530029297
2025-03-17,557.6038818359375,80.454864501953125,97.31648254394531,44.04250717163086,93.044677734375
2025-03-18,551.57708740234375,80.44535827636719,96.84476470947266,43.819091796875,93.13922882080078
2025-03-19,557.584228515625,80.68296813964844,97.81565856933594,43.92594528198242,93.41339874267578
2025-03-20,555.97186279296875,80.008148193359375,97.4920425415039,43.51796340942383,93.47013092041016
2025-03-21,556.15521240234375,79.51393127441406,96.638824462890625,43.30426025390625,93.3566665649414
2025-03-24,566.11517333984375,79.5044174194336,98.70811462402344,43.49853515625,92.997406005859375
2025-03-25,567.47607421875,79.941619873046875,98.10987854003906,43.37225341796875,93.08248138427734
2025-03-26,560.7012939453125,78.90563201904297,97.94315338134766,43.109981536865234,92.8555679321289
2025-03-27,559.21221923828125,79.07671356201172,97.5802993774414,43.32368469238281,92.80830383300781
2025-03-28,547.95068359375,78.3733901977539,95.31486511230469,42.51743698120117,93.34721374511719
2025-03-31,551.62890625,77.67957305908203,95.599273681640625,42.449440002441406,93.52684783935547
2025-04-01,553.18701171875,77.79362487792969,95.736572265625,42.58543395996094,93.87309265136719
2025-04-02,556.687744140625,77.974212646484375,97.16840362548828,42.64371871948242,93.76874542236328
2025-04-03,529.25372314453125,76.339447021484375,89.93077850341797,41.74032974243164,94.26200866699219
2025-04-04,498.26971435546875,71.30210876464844,86.09622955322266,39.41872787475586,94.347381591796875
2025-04-07,497.3822021484375,69.58180236816406,84.60555267333984,37.951934814453125,93.15214538574219
2025-04-08,489.591796875,69.344207763671875,81.92822265625,37.41767883300781,92.66838836669922
2025-04-09,541.0084228515625,74.69518280029297,88.9500732421875,40.01126480102539,92.8770751953125
2025-04-10,517.30194091796875,73.22200775146484,84.4780502319336,39.32158660888672,92.14665985107422
2025-04-11,526.53204345703125,75.05635070800781,85.30184173583984,40.555240631103516,92.05180358886719
2025-04-14,531.64019775390625,75.864227294921875,86.49830627441406,40.92436981201172,92.592498779296875
2025-04-15,530.151123046875,76.548553466796875,86.05699920654297,40.8855094909668,92.7822036743164
2025-04-16,518.366943359375,76.25391387939453,85.30184173583984,40.40953826904297,93.07628631591797
2025-04-17,519.10650634765625,77.08079528808594,86.32178497314453,40.72037887573242,92.83912658691406
2025-04-21,506.7503967285156,76.66260528564453,84.8703384399414,40.710662841796875,92.279449462890625
2025-04-22,519.93487548828125,78.24983978271484,86.978851318359375,41.322635650634766,92.4501953125
2025-04-23,527.991455078125,78.56348419189453,87.88111114501953,41.79861068725586,92.6778564453125
2025-04-24,539.10516357421875,79.60897064208984,89.78369140625,42.2843017578125,93.190093994140625
2025-04-25,543.0003662109375,79.95112609863281,89.65618133544922,42.20659637451172,93.53160095214844
2025-04-28,543.2073974609375,80.483367919921875,90.11711120605469,42.2843017578125,93.78771209716797
2025-04-29,546.62933349609375,80.64494323730469,90.63689422607422,42.400875091552734,94.01537322998047
2025-04-30,546.84625244140625,80.549896240234375,90.0484619140625,42.50772476196289,93.93001556396484
2025-05-01,550.72161865234375,80.29328918457031,90.2838363647461,42.498008728027344,93.67400360107422
2025-05-02,558.896728515625,81.83300018310547,92.05892181396484,43.71223831176758,93.21720123291016
2025-05-05,555.6917724609375,81.97557067871094,91.195892333984375,44.04250717163086,93.05540466308594
2025-05-06,551.047119140625,81.87100982666016,90.59766387939453,43.86766052246094,93.28382873535156
2025-05-07,553.36456298828125,81.59538269042969,90.62709045410156,43.36254119873047,93.42657470703125
2025-05-08,557.22027587890625,81.31025695800781,92.7258071899414,43.333396911621094,92.94121551513672
2025-05-09,556.51031494140625,81.709442138671875,92.696380615234375,43.624813079833984,93.036376953125
2025-05-12,574.90155029296875,82.12763977050781,96.54075622558594,44.567054748535156,92.7223129272461
2025-05-13,578.6981201171875,82.23218536376953,96.84476470947266,44.64476776123047,92.62714385986328
2025-05-14,579.437744140625,81.83300018310547,95.81501770019531,44.98474884033203,92.36067962646484
2025-05-15,582.267822265625,82.7264175415039,96.6093978881836,44.9653205871582,92.88410949707031
2025-05-16,585.95599365234375,82.91649627685547,97.16840362548828,44.936180114746094,92.94121551513672
2025-05-19,586.596923828125,83.70537567138672,96.44268035888672,45.03331756591797,92.91265869140625
2025-05-20,584.62469482421875,84.10455322265625,96.21711730957031,44.98474884033203,92.7508773803711
2025-05-21,574.77325439453125,83.6103286743164,93.118072509765625,44.868186950683594,92.14180755615234
2025-05-22,575.0001220703125,83.56279754638672,93.20634460449219,44.722476959228516,92.40825653076172
2025-05-23,571.07537841796875,83.6768569946289,92.60811614990234,44.90704345703125,92.54149627685547
2025-05-27,582.9483642578125,84.89341735839844,95.138336181640625,44.80018997192383,92.96025085449219
2025-05-28,579.57574462890625,83.91446685791016,93.99090576171875,44.596195220947266,92.7889404296875
2025-05-29,581.863525390625,84.28514099121094,94.45183563232422,44.76133346557617,93.13153839111328
2025-05-30,581.21282958984375,84.40869140625,93.89283752441406,44.21735763549805,93.3599624633789
2025-06-02,584.4866943359375,85.3116226196289,93.37306213378906,44.53791427612305,93.11456298828125
2025-06-03,587.81976318359375,84.665313720703125,95.09911346435547,44.64476776123047,93.0477294921875
2025-06-04,587.66192626953125,85.045501708984375,94.73624420166016,45.198455810546875,93.60150909423828
2025-06-05,584.8218994140625,84.98846435546875,94.62835693359375,45.43158721923828,93.3628158569336
2025-06-06,590.82745361328125,85.29261016845703,95.72675323486328,45.57728958129883,92.88539123535156
2025-06-09,591.35992431640625,85.2831039428711,97.0899429321289,45.96584701538086,92.99998474121094
2025-06-10,594.71282958984375,85.39715576171875,98.10987854003906,46.22812271118164,93.210052490234375
2025-06-11,593.01666259765625,85.25458526611328,97.42338562011719,46.42239761352539,93.5251235961914
2025-06-12,595.37353515625,85.91039276123047,97.06053161621094,46.50010299682617,93.868865966796875
2025-06-13,588.7171630859375,84.8078842163086,95.12853240966797,45.76185989379883,93.5346908569336
2025-06-16,594.31829833984375,85.1259994506836,96.27906036376953,46.32286834716797,93.343719482421875
2025-06-17,589.23980712890625,84.08174133300781,94.96895599365234,45.714778900146484,93.6301498413086
2025-06-18,589.1510009765625,84.226776123046875,95.51072692871094,45.7049674987793,93.6969985961914
2025-06-20,587.7674560546875,83.47259521484375,95.42208099365234,45.44015884399414,93.7829360961914
2025-06-23,593.57305908203125,84.10108184814453,96.663238525390625,45.81285858154297,93.973907470703125
2025-06-24,600.13037109375,85.1259994506836,97.56949615478516,46.99961853027344,94.3558349609375
2025-06-25,600.4666748046875,84.66188049316406,96.65338897705078,47.03884506225586,94.346282958984375
2025-06-26,605.16461181640625,85.60944366455078,98.06201934814453,47.35270309448242,94.604095458984375
2025-06-27,608.1712646484375,86.3829574584961,98.1900634765625,47.166351318359375,94.33673858642578
2025-06-30,611.07904052734375,86.431304931640625,98.0029067993164,47.313472747802734,94.71867370605469
2025-07-01,610.88128662109375,86.2862777709961,100.36703491210938,47.4017448425293,94.6314926147461
2025-07-02,613.650634765625,86.53767395019531,101.83476257324219,47.60770797729492,94.51654815673828
2025-07-03,618.487060546875,86.5570068359375,102.22879028320312,47.823482513427734,94.32496643066406
2025-07-07,613.87799072265625,85.619110107421875,100.5147933959961,47.14673614501953,93.98968505859375
2025-07-08,613.54180908203125,86.24759674072266,101.65745544433594,47.440975189208984,93.95137786865234
2025-07-09,617.22100830078125,86.89542388916016,102.26819610595703,47.362510681152344,94.34412384033203
2025-07-10,618.961669921875,86.83740997314453,103.39114379882812,47.490013122558594,94.31538391113281
2025-07-11,616.785888671875,86.00587463378906,102.15982818603516,47.33308792114258,93.92266082763672
2025-07-14,617.9627685546875,86.00587463378906,102.16968536376953,47.4017448425293,93.91307067871094
2025-07-15,615.32208251953125,85.106658935546875,99.82524871826172,47.745018005371094,93.6352767944336
2025-07-16,617.37921142578125,85.454742431640625,100.45569610595703,47.970603942871094,93.7693862915039
2025-07-17,621.15740966796875,85.67713165283203,101.61805725097656,48.24522399902344,93.80770111083984
2025-07-18,620.70245361328125,85.4354019165039,100.8201675415039,48.13733673095703,93.9801254272461
2025-07-21,621.87939453125,85.88984680175781,100.80046081542969,48.451194763183594,94.23876190185547
2025-07-22,621.9683837890625,86.3636245727539,102.41594696044922,48.48061752319336,94.42076110839844
2025-07-23,627.259765625,88.51014709472656,103.70636749267578,48.971012115478516,94.21000671386719
2025-07-24,627.46746826171875,87.8526611328125,101.87416076660156,48.70619583129883,94.15254974365234
2025-07-25,630.11810302734375,87.74629211425781,102.49475860595703,48.55907440185547,94.30580139160156
2025-07-28,629.95989990234375,86.3346176147461,102.18939208984375,48.23542022705078,94.18128204345703
2025-07-29,628.29827880859375,86.16057586669922,101.68701171875,48.255035400390625,94.68898010253906
2025-07-30,627.507080078125,85.54176330566406,100.40644836425781,47.90195083618164,94.42076110839844
2025-07-31,625.15313720703125,84.62320709228516,99.3524398803711,47.62732696533203,94.46864318847656
2025-08-01,614.90655517578125,84.40081787109375,97.51038360595703,47.27423858642578,95.285614013671875
2025-08-04,624.25311279296875,85.52242279052734,99.1357192993164,47.7646369934082,95.36249542236328
2025-08-05,621.088134765625,85.51275634765625,99.736602783203125,47.90195083618164,95.39134979248047
2025-08-06,625.845458984375,86.07355499267578,99.79570770263672,48.12752914428711,95.35289764404297
2025-08-07,625.3212890625,86.847076416015625,99.79570770263672,48.52965545654297,95.2760009765625
2025-08-08,630.19720458984375,87.378875732421875,100.23898315429688,48.490421295166016,95.0933837890625
2025-08-11,628.9510498046875,87.011444091796875,99.963165283203125,48.353111267089844,95.16065216064453
2025-08-12,635.6468505859375,88.07503509521484,103.37144470214844,48.94158935546875,95.16065216064453
2025-08-13,637.82275390625,88.6068344116211,106.10004425048828,49.53006362915039,95.50666809082031
2025-08-14,637.882080078125,88.61650848388672,104.73082733154297,48.921974182128906,95.23755645751953
2025-08-15,636.38861083984375,89.13863372802734,104.06098937988281,48.98081970214844,95.0933837890625
2025-08-18,636.25018310546875,89.04193878173828,104.15949249267578,49.2652473449707,94.98766326904297
2025-08-19,632.79840087890625,89.0516128540039,104.63231658935547,48.86312484741211,95.17027282714844
2025-08-20,631.11700439453125,89.37068939208984,103.92308044433594,48.79446792602539,95.22795867919922
2025-08-21,628.58514404296875,88.80988311767578,103.69651794433594,48.686580657958984,95.00688171386719
2025-08-22,638.23822021484375,90.14421844482422,108.07015228271484,49.65756607055664,95.5354995727539
2025-08-25,635.42926025390625,88.954925537109375,107.27226257324219,49.37313461303711,95.39134979248047
2025-08-26,638.08978271484375,88.85823059082031,107.37076568603516,49.245635986328125,95.50666809082031
2025-08-27,639.54364013671875,88.6455078125,108.39522552490234,48.95139694213867,95.602783203125
2025-08-28,641.80853271484375,88.97425842285156,108.05045318603516,49.13774871826172,95.718109130859375
2025-08-29,637.98095703125,88.45214080810547,107.91255187988281,48.90235900878906,95.59317779541016
2025-09-02,633.25341796875,87.58192443847656,107.08509826660156,48.86312484741211,95.33955383300781
2025-09-03,636.685302734375,87.71729278564453,106.9865951538086,49.049476623535156,95.68670654296875
2025-09-04,642.00640869140625,88.355438232421875,108.82864379882812,48.892547607421875,96.07242584228516
2025-09-05,640.14697265625,88.75187683105469,109.50833129882812,49.48102569580078,96.52562713623047
2025-09-08,641.7196044921875,89.64141845703125,109.21281433105469,49.93218994140625,96.8534927368164
2025-09-09,643.203125,89.34168243408203,108.19820404052734,50.206809997558594,96.66064453125
2025-09-10,645.0625,89.32234191894531,108.06029510498047,50.55009078979492,96.8534927368164
2025-09-11,650.42315673828125,90.26990509033203,110.25696563720703,51.28568649291992,97.0367202758789
2025-09-12,650.2054443359375,89.91215515136719,108.82864379882812,51.25625991821289,96.949920654296875
2025-09-15,653.6671142578125,90.51163482666016,108.98625183105469,51.628963470458984,97.1138687133789
2025-09-16,652.76715087890625,90.26023864746094,108.73983764648438,52.011470794677734,97.15242767333984
2025-09-17,651.9561767578125,89.92182159423828,108.81900024414062,52.23705291748047,96.9788589477539
2025-09-18,655.0023193359375,90.26990509033203,111.03575897216797,52.10955047607422,96.70885467529297
2025-09-19,658.24652099609375,89.92182159423828,109.80863189697266,51.991851806640625,96.70885467529297
2025-09-22,661.3607177734375,90.21189880371094,109.84821319580078,52.246864318847656,96.59313201904297
2025-09-23,657.7606201171875,90.03785705566406,109.56121826171875,52.276283264160156,96.74742126464844
2025-09-24,655.6678466796875,89.51573181152344,108.91796112060547,52.0997428894043,96.56420135498047
2025-09-25,652.6429443359375,88.8775634765625,107.82938385009766,51.79569625854492,96.42921447753906
2025-09-26,656.38201904296875,89.56407165527344,109.12579345703125,51.69761657714844,96.4967041015625
2025-09-29,658.2266845703125,89.91215515136719,109.25444030761719,52.16839599609375,96.679931640625
2025-09-30,660.70611572265625,90.27957916259766,109.44246673583984,52.374366760253906,96.67027282714844
2025-10-01,662.95751953125,91.02409362792969,110.21437072753906,52.78629684448242,96.91697692871094
2025-10-02,663.7210693359375,91.16912841796875,110.45188903808594,53.031494140625,97.02339935302734
2025-10-03,663.71124267578125,91.93297576904297,111.1842041015625,53.18842315673828,96.91697692871094
2025-10-06,666.09149169921875,92.14569854736328,110.68939208984375,53.433624267578125,96.70413970947266
2025-10-07,663.6219482421875,91.343170166015625,109.0960922241211,53.021690368652344,96.86861419677734
2025-10-08,667.57916259765625,91.61389923095703,110.03624725341797,53.44343185424805,96.87828063964844
2025-10-09,665.64520263671875,90.85972595214844,108.71015167236328,52.89418411254883,96.76219177246094
2025-10-10,647.65423583984375,89.18697357177734,104.81103515625,50.942405700683594,97.1588363647461
2025-10-13,657.5919189453125,89.9024887084961,107.23561096191406,52.42340850830078,97.34264373779297
2025-10-14,656.78857421875,90.30859375,108.8882827758789,51.9526252746582,97.49742126464844
2025-10-15,659.7044677734375,90.74369049072266,109.80863189697266,52.80591583251953,97.45873260498047
2025-10-16,655.211669921875,91.21746826171875,108.54190826416016,53.149192810058594,97.80701446533203
2025-10-17,658.93084716796875,91.38184356689453,108.06689453125,53.13938522338867,97.67157745361328
2025-10-20,665.7840576171875,92.13602447509766,109.9075927734375,53.865169525146484,97.836029052734375
2025-10-21,665.7740478515625,91.459197998046875,110.23416137695312,53.26688766479492,97.93278503417969
2025-10-22,662.31280517578125,91.3238296508789,109.71956634521484,53.21784591674805,97.92311096191406
2025-10-23,666.24029541015625,91.749267578125,111.07534790039062,53.688629150390625,97.74897003173828
2025-10-24,671.6851806640625,91.89430236816406,112.0055923461914,54.04171371459961,97.845703125
2025-10-27,679.6094970703125,92.53245544433594,111.88683319091797,54.63999557495117,97.913421630859375
2025-10-28,681.41455078125,92.49378204345703,111.25347900390625,54.62038040161133,97.97147369384766
2025-10-29,681.7418212890625,91.97166442871094,110.13520812988281,54.934234619140625,97.50709533691406
2025-10-30,674.24395751953125,91.5655517578125,108.82890319824219,54.36537551879883,97.32329559326172
2025-10-31,676.45562744140625,91.36250305175781,109.05651092529297,54.23787307739258,97.26525115966797
2025-11-03,677.72515869140625,91.40118408203125,109.3237075805664,54.581153869628906,97.1458740234375
2025-11-04,669.69171142578125,90.463287353515625,107.94813537597656,53.58074188232422,97.19438934326172
2025-11-05,672.012451171875,91.0434341430664,109.9075927734375,54.06132888793945,96.93233489990234
2025-11-06,664.80218505859375,90.84037780761719,108.00750732421875,53.65920639038086,97.29145812988281
2025-11-07,665.45672607421875,91.178802490234375,109.2346420288086,53.50227737426758,97.25263214111328
2025-11-10,675.84075927734375,92.13602447509766,110.6498031616211,54.4438362121582,97.21381378173828
2025-11-11,677.38787841796875,92.81285858154297,111.2040023803711,54.502685546875,97.5049819946289
2025-11-12,677.7647705078125,93.3639907836914,111.3524398803711,54.51249313354492,97.466156005859375
2025-11-13,666.5179443359375,92.36808013916016,108.97734832763672,53.87498092651367,97.17500305175781
2025-11-14,666.408935546875,92.107025146484375,109.0367202758789,53.90440368652344,97.05851745605469
2025-11-17,660.2003173828125,90.90806579589844,106.53297424316406,53.26688766479492,97.07792663574219
2025-11-18,654.65631103515625,89.72844696044922,106.27567291259766,53.0020751953125,97.13616180419922
2025-11-19,657.18536376953125,89.45770263671875,106.00847625732422,52.81571960449219,97.13616180419922
2025-11-20,647.1683349609375,88.22007751464844,103.63337707519531,52.08993911743164,97.25263214111328
2025-11-21,653.61492919921875,89.58341217041016,106.99810028076172,52.08012390136719,97.48558807373047
2025-11-24,663.235107421875,89.6607666015625,108.39346313476562,52.629371643066406,97.6796875
2025-11-25,669.47344970703125,90.73401641845703,111.33264923095703,52.81571960449219,97.834991455078125
2025-11-26,674.09521484375,91.72993469238281,112.01549530029297,53.19823455810547,97.99027252197266
2025-11-28,677.77471923828125,92.03934478759766,112.18372344970703,53.27669143676758,97.854400634765625
2025-12-01,674.68035888671875,91.58489227294922,111.95610809326172,53.237464904785156,97.431793212890625
2025-12-02,675.9300537109375,91.89430236816406,111.97589874267578,53.257080078125,97.55838775634766
2025-12-03,678.2706298828125,92.3874282836914,113.56920623779297,53.29631042480469,97.743377685546875
2025-12-04,678.7664794921875,92.6388168334961,113.0447006225586,53.28650665283203,97.50968933105469
2025-12-05,680.0557861328125,92.6388168334961,113.05459594726562,53.688629150390625,97.40258026123047
2025-12-08,678.01275634765625,92.34874725341797,112.65874481201172,53.5709342956543,97.24678039550781
2025-12-09,677.427490234375,92.223052978515625,113.23271942138672,53.482662200927734,97.1591567993164
2025-12-10,681.92041015625,93.24796295166016,115.86512756347656,54.0809440612793,97.470733642578125
2025-12-11,683.5072021484375,93.7990951538086,117.0031967163086,53.8259391784668,97.490234375
2025-12-12,676.1580810546875,93.30597686767578,115.855224609375,53.19823455810547,97.1883544921875
2025-12-15,675.13653564453125,93.87644958496094,115.47917175292969,53.04130935668945,97.285736083984375
2025-12-16,673.2918701171875,93.44133758544922,114.6181411743164,52.70604705810547,97.470733642578125
2025-12-17,665.88323974609375,92.68333435058594,114.6181411743164,52.32801055908203,97.44153594970703
2025-12-18,670.9114990234375,93.3428955078125,114.75733184814453,52.92491149902344,97.684967041015625
2025-12-19,676.9923095703125,93.9729232788086,114.75733184814453,53.442222595214844,97.54232025146484
2025-12-22,681.20989990234375,94.20918273925781,115.1351547241211,53.73072052001953,97.50324249267578
2025-12-23,684.32330322265625,94.79000091552734,114.39939880371094,54.029170989990234,97.50324249267578
2025-12-24,686.73052978515625,94.90813446044922,115.0158462524414,54.13859939575195,97.71817779541016
2025-12-26,686.660888671875,95.06563568115234,115.06556701660156,54.51663589477539,97.73771667480469
2025-12-29,684.2138671875,94.7801513671875,114.6181411743164,54.37736129760742,97.85496520996094
2025-12-30,683.37835693359375,94.93766021728516,114.1110610961914,54.596221923828125,97.815887451171875
2025-12-31,678.31524658203125,94.53404235839844,113.06710052490234,54.427101135253906,97.58140563964844
2026-01-02,679.55859375,95.52831268310547,114.0215835571289,55.94919204711914,97.55208587646484
2026-01-05,684.08453369140625,96.62102508544922,115.62234497070312,56.565982818603516,97.73771667480469
2026-01-06,688.1529541015625,96.76869201660156,117.53131866455078,56.98381042480469,97.71817779541016
2026-01-07,685.93475341796875,96.404449462890625,116.4177474975586,56.556034088134766,97.815887451171875
2026-01-08,685.8651123046875,96.41429901123047,118.82386016845703,56.575931549072266,97.6400375366211
2026-01-09,690.4010009765625,97.27073669433594,119.73857116699219,56.84453582763672,97.85496520996094
2026-01-12,691.4852294921875,97.86139678955078,119.27127075195312,57.64039611816406,97.80611419677734
2026-01-13,690.10260009765625,97.3002700805664,119.1718521118164,57.21261978149414,97.89404296875
2026-01-14,686.71063232421875,97.75311279296875,120.03685760498047,57.45138168334961,98.04059600830078
2026-01-15,688.5806884765625,97.71372985839844,121.85633850097656,57.78962326049805,97.91358184814453
2026-01-16,688.00372314453125,97.979522705078125,121.21007537841797,57.57075881958008,97.74749755859375
2026-01-20,673.9981689453125,96.4930419921875,119.24144744873047,57.01365661621094,97.37622833251953
2026-01-21,681.77685546875,97.48731231689453,122.71141052246094,57.958744049072266,97.69864654541016
2026-01-22,685.33795166015625,97.8712387084961,123.13893127441406,58.39646911621094,97.71817779541016
2026-01-23,685.5865478515625,98.41267395019531,120.90185546875,58.764556884765625,97.80611419677734
2026-01-26,689.06805419921875,98.9048843383789,120.68312072753906,58.864036560058594,97.9526596069336
2026-01-27,691.8134765625,100.49964141845703,120.53398132324219,60.02798843383789,97.88426971435547
2026-01-28,691.74383544921875,99.43647003173828,119.83799743652344,60.43586730957031,97.8451919555664
2026-01-29,690.37115478515625,100.10588073730469,120.8123779296875,60.127471923828125,97.8451919555664
2026-01-30,688.31207275390625,99.17066955566406,120.40472412109375,58.79439926147461,97.825653076171875
2026-02-02,691.73394775390625,99.82039642333984,121.60778045654297,58.97346878051758,97.71293640136719
2026-02-03,685.885009765625,99.86961364746094,121.81657409667969,59.291812896728516,97.72272491455078
2026-02-04,682.56268310546875,100.19447326660156,124.262451171875,58.49595260620117,97.66392517089844
2026-02-05,674.0379638671875,98.7670669555664,122.86054229736328,58.22734832763672,98.08540344238281
2026-02-06,686.96923828125,101.01154327392578,125.80355072021484,59.75938415527344,98.14420318603516
2026-02-09,690.28167724609375,102.37004089355469,125.35613250732422,60.19710922241211,98.173614501953125
2026-02-10,688.4613037109375,102.61614990234375,125.63452911376953,60.286643981933594,98.457855224609375
2026-02-11,688.30218505859375,103.30525207519531,125.31636810302734,61.24168014526367,98.232421875
2026-02-12,677.668701171875,102.52755737304688,122.76112365722656,60.5452995300293,98.673492431640625
2026-02-13,678.1461181640625,102.61614990234375,124.17296600341797,60.803955078125,98.98713684082031
2026-02-17,679.24029541015625,102.59646606445312,123.89457702636719,60.55524826049805,98.99695587158203
2026-02-18,682.662109375,102.71459197998047,124.68003845214844,60.873592376708984,98.8597183227539
2026-02-19,680.86163330078125,102.42911529541016,124.45136260986328,60.724369049072266,98.87933349609375
2026-02-20,685.78558349609375,103.265869140625,125.0180892944336,62.01764678955078,98.89893341064453
2026-02-23,678.78277587890625,102.84256744384766,121.80663299560547,61.331214904785156,99.094970703125
2026-02-24,683.71649169921875,103.02960968017578,122.88042449951172,62.296199798583984,99.08515930175781
2026-02-25,689.48590087890625,104.0140380859375,122.98979949951172,62.98263168334961,99.036163330078125
2026-02-26,685.65618896484375,103.92543029785156,123.73548889160156,62.38573455810547,99.19298553466797
2026-02-27,682.36370849609375,103.73838806152344,122.094970703125,62.25640869140625,99.38902282714844
2026-03-02,682.751708984375,101.6907958984375,122.70146942138672,61.18199157714844,98.99178314208984
2026-03-03,676.73370361328125,98.53079986572266,121.75691223144531,58.117916107177734,98.883636474609375
2026-03-04,681.50823974609375,99.80070495605469,122.52250671386719,58.744659423828125,98.84430694580078
2026-03-05,677.70849609375,97.61529541015625,120.59364318847656,57.33200454711914,98.55916595458984
2026-03-06,668.82568359375,96.748992919921875,118.01850891113281,57.02360534667969,98.44117736816406
2026-03-09,674.6845703125,97.44793701171875,117.92903137207031,58.147762298583984,98.75582122802734
2026-03-10,673.60028076171875,97.67435455322266,117.40206909179688,58.37657165527344,98.43135833740234
2026-03-11,672.75482177734375,97.4676284790039,117.32252502441406,58.52579879760742,97.98889923095703
2026-03-12,662.5390625,95.9417724609375,115.4234848022461,56.655517578125,97.6250991821289
2026-03-13,658.78900146484375,94.79984283447266,115.264404296875,56.50629425048828,97.54644012451172
2026-03-16,665.493408203125,96.5718002319336,115.68199157714844,58.078125,97.929901123046875
2026-03-17,667.2440185546875,96.83760070800781,116.58338928222656,58.44620895385742,98.126556396484375
2026-03-18,657.93353271484375,95.18376922607422,115.22881317138672,57.262367248535156,97.713592529296875
2026-03-19,656.31219482421875,95.01641082763672,115.63717651367188,57.322052001953125,97.821746826171875
2026-03-20,646.9034423828125,92.1320571899414,114.12323760986328,55.352291107177734,97.00566864013672
2026-03-23,653.6959228515625,94.34700012207031,116.2248306274414,57.01365661621094,97.36946105957031
2026-03-24,651.5015869140625,93.78588104248047,117.3503189086914,56.22774124145508,97.10399627685547
2026-03-25,655.1322021484375,95.15423583984375,118.58537292480469,57.123085021972656,97.44812774658203
2026-03-26,643.432373046875,93.185394287109375,118.01764678955078,55.18317413330078,96.89751434326172
2026-03-27,632.46063232421875,92.33879089355469,116.07542419433594,54.91456985473633,96.88768005371094
2026-03-30,630.3460693359375,92.60457611083984,115.44793701171875,54.466896057128906,97.3792953491211
2026-03-31,648.66888427734375,95.61690521240234,117.9778060913086,56.49634552001953,97.605438232421875
2026-04-01,653.5562744140625,97.07386016845703,118.19692993164062,56.9340705871582,97.671539306640625
2026-04-02,654.144775390625,96.473358154296875,118.45589447021484,56.29737854003906,97.89845275878906
2026-04-06,657.23681640625,96.95572662353516,119.05350494384766,56.814693450927734,97.72087097167969
2026-04-07,657.5260009765625,96.817901611328125,119.30250549316406,57.01365661621094,97.83924865722656
2026-04-08,674.27294921875,100.59809112548828,121.86225891113281,60.127471923828125,98.09576416015625
2026-04-09,678.162841796875,100.36182403564453,122.75867462158203,59.968299865722656,98.15496063232422
2026-04-10,677.71405029296875,100.58824157714844,122.39014434814453,60.24685287475586,97.98724365234375
2026-04-13,684.33697509765625,101.20842742919922,123.89412689208984,60.754215240478516,98.18455505371094
2026-04-14,692.675537109375,102.02549743652344,124.12321472167969,61.91816711425781,98.441070556640625
2026-04-15,698.14141845703125,101.70063781738281,124.09333038330078,61.87837219238281,98.2832260131836
2026-04-16,699.85699462890625,101.40531158447266,124.6511001586914,62.127079010009766,98.14509582519531
2026-04-17,708.31524658203125,102.69490814208984,126.95188903808594,63.3109245300293,98.5101318359375
2026-04-20,706.8988037109375,102.29129791259766,127.82837677001953,62.85330581665039,98.50025939941406
2026-04-21,702.27081298828125,100.04680633544922,127.19093322753906,61.9281120300293,98.1352310180664
2026-04-22,709.38250732421875,100.38151550292969,127.4200210571289,63.052268981933594,98.273345947265625
2026-04-23,706.62957763671875,99.66288757324219,127.49969482421875,62.02759552001953,98.11549377441406
2026-04-24,712.10546875,100.18462371826172,128.09730529785156,63.41040802001953,98.25361633300781
2026-04-27,713.332275390625,99.80070495605469,128.54551696777344,63.3109245300293,98.10564422607422
2026-04-28,709.8612060546875,99.38724517822266,128.18695068359375,62.66428756713867,98.06616973876953
2026-04-29,709.75152587890625,98.373291015625,127.1411361694336,62.36583709716797,97.63207244873047
2026-04-30,716.81329345703125,100.72605895996094,128.7745819091797,63.65911865234375,97.77019500732422
2026-05-01,718.7982177734375,100.50949096679688,128.85427856445312,63.79838943481445,97.89888000488281
2026-05-04,716.16497802734375,99.13129425048828,127.26065063476562,63.7685432434082,97.5920181274414
2026-05-05,721.91021728515625,100.45042419433594,128.7745819091797,65.06182861328125,97.77019500732422
2026-05-06,731.9443359375,103.1772689819336,129.65109252929688,67.1410140991211,98.18595123291016
2026-05-07,729.70013427734375,101.28718566894531,128.68495178222656,66.24566650390625,97.94837188720703
2026-05-08,735.724609375,102.34051513671875,129.26263427734375,67.58869171142578,98.1760482788086
2026-05-11,737.4002685546875,102.12393951416016,127.9578628540039,67.53894805908203,97.9186782836914
2026-05-12,736.28314208984375,101.53328704833984,126.60328674316406,65.47965240478516,97.63160705566406
2026-05-13,740.40252685546875,102.21253967285156,126.04552459716797,66.86246490478516,97.67121124267578
2026-05-14,746.24749755859375,101.84830474853516,126.87220764160156,67.031585693359375,97.64151763916016
2026-05-15,737.2706298828125,100.13540649414062,125.13914489746094,64.73352813720703,97.02778625488281
2026-05-18,736.751953125,101.0607681274414,125.70687103271484,64.63404846191406,97.01789093017578
2026-05-19,731.8446044921875,100.33229064941406,124.48178100585938,63.9277229309082,96.64173889160156
2026-05-20,739.34527587890625,102.00581359863281,127.16104888916016,65.12151336669922,97.22576904296875
2026-05-21,740.81146240234375,102.56693267822266,127.8084716796875,65.688568115234375,97.34455108642578
2026-05-22,743.7239990234375,102.3602066040039,128.9239959716797,65.539337158203125,97.44354248046875
2026-05-26,748.66131591796875,103.4922866821289,130.48773193359375,68.04631042480469,97.720703125
2026-05-27,748.5316162109375,103.13789367675781,130.94590759277344,68.03636169433594,97.799896240234375
2026-05-28,752.66094970703125,103.05914306640625,131.17498779296875,68.2552261352539,97.99787139892578
2026-05-29,754.5361328125,103.16743469238281,130.1690216064453,68.24527740478516,98.0572509765625
2026-06-01,756.5908203125,102.81304168701172,130.378173828125,69.7176284790039,98.00859832763672
2026-06-02,757.61822509765625,103.38399505615234,131.77259826660156,70.43390655517578,98.03839874267578
2026-06-03,752.3018798828125,102.4980239868164,130.1690216064453,69.5584487915039,97.82981872558594
2026-06-04,755.14459228515625,103.3150863647461,131.95187377929688,68.74269104003906,97.98873138427734
2026-06-05,735.65478515625,100.66699981689453,129.65109252929688,64.256011962890625,97.50205993652344
2026-06-08,737.3204345703125,101.27733612060547,130.60726928710938,65.4100112915039,97.50205993652344
2026-06-09,735.15606689453125,101.29702758789062,131.85227966308594,65.47965240478516,97.7007064819336
2026-06-10,723.56591796875,99.98774719238281,131.12518310546875,64.325653076171875,97.64111328125
2026-06-11,735.8642578125,103.09852600097656,133.49569702148438,67.15096282958984,98.20722961425781
2026-06-12,739.843994140625,103.38399505615234,134.92001342773438,67.52899932861328,98.08805847167969
2026-06-15,752.890380859375,104.08000183105469,134.27999877929688,69.75,98.17743682861328
2026-06-16,748.4019775390625,104.30999755859375,133.60000610351562,68.63999938964844,98.29662322998047
2026-06-17,739.0560302734375,103.77999877929688,131.2100067138672,68.55999755859375,97.93907165527344
2026-06-18,746.739990234375,104.41000366210938,133.32000732421875,70.79000091552734,98.22710418701172
2026-06-22,744.3900146484375,104.58000183105469,133.00999450683594,71.20999908447266,97.95893859863281
2026-06-23,733.58001708984375,102.45999908447266,132.7100067138672,67.16999816894531,98.03839874267578
2026-06-24,733.239990234375,102.26000213623047,134.0399932861328,67.25,98.51512908935547
2026-06-25,734.29998779296875,103.1500015258789,135.61000061035156,67.95999908447266,98.57472229003906
2026-06-26,728.989990234375,102.54000091552734,136.92999267578125,67.19000244140625,98.66410064697266
2026-06-29,741,103.44999694824219,136.33999633789062,67.43000030517578,98.69390106201172
2026-06-30,746.77001953125,103.87999725341797,136.67999267578125,68.410003662109375,98.30656433105469
2026-07-01,745.760009765625,103.0199966430664,136.5,66.4800033569336,98.15807342529297
2026-07-02,744.780029296875,104.37000274658203,135.4499969482422,65.69999694824219,98.26769256591797
2026-07-06,751.280029296875,105.45999908447266,135.3699951171875,67.56999969482422,98.31752014160156
2026-07-07,747.71002197265625,104.16000366210938,134.3300018310547,65.720001220703125,97.86907958984375
2026-07-08,745.4000244140625,103.36000061035156,132.66000366210938,66.2300033569336,97.699676513671875
2026-07-09,751.71002197265625,103.91999816894531,134.3300018310547,66.779998779296875,97.83918762207031
2026-07-10,754.95001220703125,104.33000183105469,134.99000549316406,66.9000015258789,97.739532470703125
2026-07-13,749.16998291015625,103.23999786376953,135.1699981689453,64.5,97.370819091796875
2026-07-14,751.83001708984375,103.95999908447266,135.39999389648438,65.66999816894531,97.6598129272461
2026-07-15,754.80999755859375,104.6500015258789,136.22999572753906,65.56999969482422,97.79932403564453
2026-07-16,750.719970703125,103.80999755859375,138.11000061035156,64.19000244140625,97.78936004638672
2026-07-17,743.28997802734375,103.33000183105469,136.94000244140625,63.290000915527344,97.85911560058594
2026-07-20,742.09002685546875,102.56999969482422,135.97000122070312,63.560001373291016,97.6099853515625
2026-07-21,748.280029296875,104.05999755859375,137.33999633789062,65.339996337890625,97.40071105957031
2026-07-22,747.40997314453125,104.25,136.99000549316406,64.98999786376953,97.24127197265625
2026-07-23,738.17999267578125,102.9000015258789,135.63999938964844,64.5999984741211,97.0020980834961
2026-07-24,738.92999267578125,103.41000366210938,135.8800048828125,63.33000183105469,97.1216812133789
2026-07-27,739.09002685546875,103.91000366210938,136.1999969482422,63.619998931884766,97.35089111328125
2026-07-28,740.8599853515625,103.88999938964844,137.25,62.36000061035156,97.58008575439453
2026-07-29,729.46002197265625,103.37000274658203,135.86000061035156,61.06999969482422,97.21138000488281
2026-07-30,741.69000244140625,106.23999786376953,135.83999633789062,63.59000015258789,97.28113555908203
2026-07-31,747.030029296875,105.58000183105469,135.9600067138672,64.089996337890625,97.03199768066406
2026-08-03,757.66998291015625,106.0199966430664,138.17999267578125,64.31999969482422,97.26000213623047
2026-08-04,771.33001708984375,107.31999969482422,140.27000427246094,66,97.660003662109375
2026-08-05,769.78997802734375,107.43000030517578,138.72999572753906,65.720001220703125,97.70999908447266
2026-08-06,768.55999755859375,107.36000061035156,137.86000061035156,65.0199966430664,97.43000030517578
2026-08-07,773.260009765625,108.55000305175781,139.19000244140625,65.63999938964844,97.5999984741211
2026-08-10,773.030029296875,108.01000213623047,138.14999389648438,65.16999816894531,97.23999786376953
2026-08-11,770.55999755859375,108.08999633789062,138.57000732421875,65.43000030517578,97.31999969482422
2026-08-12,772.489990234375,108.5,139.05999755859375,66.45999908447266,97.43000030517578
2026-08-13,777.8800048828125,108.69000244140625,140.24000549316406,66.68000030517578,97.69000244140625
2026-08-14,776.34002685546875,108.63999938964844,140.67999267578125,66.61000061035156,97.4800033569336
2026-08-17,772.66998291015625,108.44999694824219,139.77000427246094,67.31999969482422,97.25
2026-08-18,767.45001220703125,107.2699966430664,138.1300048828125,65.339996337890625,97.3499984741211
2026-08-19,769.05999755859375,107.66000366210938,138.67999267578125,66.11000061035156,97.81999969482422
2026-08-20,762.5999755859375,107.3499984741211,137.50999450683594,66.62000274658203,97.48999786376953
2026-08-21,765.719970703125,108.23999786376953,138.42999267578125,67.12000274658203,97.3499984741211
2026-08-24,763.469970703125,108.02999877929688,137.8699951171875,66.11000061035156,97.55000305175781
2026-08-25,765.90997314453125,108.80999755859375,137.7899932861328,67.25,98.01000213623047
2026-08-26,766.08001708984375,108.2699966430664,137.92999267578125,67.16999816894531,97.86000061035156
