Identifier (RIC),Company Name,Exchange Name,Market Cap,IPO Date,Ticker Symbol,Trading Symbol,"Price Close
(USD)"
NVDA.OQ,NVIDIA Corporation,Nasdaq Stock Exchange Global Select Market,5073772000000,22/01/1999,NVDA,NVDA,209.66
AAPL.OQ,Apple Inc.,Nasdaq Stock Exchange Global Select Market,4574545721000,12/12/1980,AAPL,AAPL,313.45
GOOGL.OQ,Alphabet Inc.,Nasdaq Stock Exchange Global Select Market,4166631700000,19/08/2004,GOOGL,GOOGL,342
MSFT.OQ,Microsoft Corporation,Nasdaq Stock Exchange Global Select Market,3685818015367.67,13/03/1986,MSFT,MSFT,496.37
AMZN.OQ,Amazon.com Inc,Nasdaq Stock Exchange Global Select Market,2807461696520.16,15/05/1997,AMZN,AMZN,260.28
AVGO.OQ,Broadcom Inc,Nasdaq Stock Exchange Global Select Market,1691747942606.82,06/08/2009,AVGO,AVGO,355.59
META.OQ,"Meta Platforms, Inc.",Nasdaq Stock Exchange Global Select Market,1467720236471.5,18/05/2012,META,META,576.14
TSLA.OQ,Tesla Inc,Nasdaq Stock Exchange Global Select Market,1365832479793.08,29/06/2010,TSLA,TSLA,345.82
LLY.N,Eli Lilly and Company,New York Stock Exchange,1119659506681.65,09/07/1970,LLY,LLY,1176.1
BRKa.N,Berkshire Hathaway Inc,New York Stock Exchange,1080652431704.01,17/03/1980,BRK.A,BRK A,756927.83
MU.OQ,"Micron Technology, Inc.",Nasdaq Stock Exchange Global Select Market,1059822532898.4,01/06/1984,MU,MU,938.4
JPM.N,JPMorgan Chase & Co,New York Stock Exchange,947643378517.5,05/03/1969,JPM,JPM,354.22
WMT.OQ,Walmart Inc,Nasdaq Stock Exchange Global Select Market,830345979032.7,25/08/1972,WMT,WMT,104.34
AMD.OQ,"Advanced Micro Devices, Inc.",Nasdaq Stock Exchange Global Select Market,785106221949.06,15/10/1979,AMD,AMD,480.93
V.N,Visa Inc.,New York Stock Exchange,716759443114,25/03/2008,V,V,379.66
JNJ.N,Johnson & Johnson,New York Stock Exchange,650672621190,25/09/1944,JNJ,JNJ,265.77
MA.N,Mastercard Incorporated,New York Stock Exchange,524265668791.8,25/05/2006,MA,MA,591.73
INTC.OQ,Intel Corp,Nasdaq Stock Exchange Global Select Market,466354533650.64,13/10/1971,INTC,INTC,88.24
ABBV.N,AbbVie Inc.,New York Stock Exchange,464575134226.5,02/01/2013,ABBV,ABBV,262.9
CSCO.OQ,Cisco Systems Inc,Nasdaq Stock Exchange Global Select Market,442859598959.4,16/02/1990,CSCO,CSCO,112.36
BAC.N,Bank of America Corporation,New York Stock Exchange,435158730753.95,05/06/1979,BAC,BAC,62.23
ORCL.N,Oracle Corporation,New York Stock Exchange,428815717770,12/03/1986,ORCL,ORCL,151.94
COST.OQ,Costco Wholesale Corp,Nasdaq Stock Exchange Global Select Market,424018954080.48,05/12/1985,COST,COST,956.12
CVX.N,Chevron Corporation,New York Stock Exchange,395569166767.54,24/06/1921,CVX,CVX,200.21
LRCX.OQ,Lam Research Corporation,Nasdaq Stock Exchange Global Select Market,391513314480,11/05/1984,LRCX,LRCX,312.88
KO.N,Coca-Cola Co,New York Stock Exchange,387573635809.44,26/01/1950,KO,KO,89.06
AMAT.OQ,Applied Materials Inc,Nasdaq Stock Exchange Global Select Market,380736309253.68,05/10/1972,AMAT,AMAT,479.76
CAT.N,Caterpillar Inc,New York Stock Exchange,377820581515.77,02/12/1929,CAT,CAT,821.93
MRK.N,Merck & Co Inc,New York Stock Exchange,377723977777.8,01/01/1941,MRK,MRK,149.54
GE.N,General Electric Company,New York Stock Exchange,367701778982.07,23/06/1892,GE,GE,354.39
UNH.N,UnitedHealth Group Inc,New York Stock Exchange,359944509595.47,17/10/1984,UNH,UNH,395.05
NFLX.OQ,"Netflix, Inc.",Nasdaq Stock Exchange Global Select Market,339194526006.96,23/05/2002,NFLX,NFLX,81.46
PG.N,The Procter & Gamble Company,New York Stock Exchange,337042793700,22/03/1950,PG,PG,143.14
MS.N,Morgan Stanley,New York Stock Exchange,336226831791.36,21/03/1986,MS,MS,214.86
HD.N,"The Home Depot, Inc.",New York Stock Exchange,334076371266.1,19/04/1984,HD,HD,334.85
GS.N,Goldman Sachs Group Inc,New York Stock Exchange,302952203167.68,04/05/1999,GS,GS,1040.46
PM.N,Philip Morris International Inc,New York Stock Exchange,302526868509.9,17/03/2008,PM,PM,190.48
BABA.N,Alibaba Group Holding Limited,New York Stock Exchange,297852277785.45,19/09/2014,BABA,BABA,119.83
RTX.N,RTX Corporation,New York Stock Exchange,285711248946.56,05/09/1934,RTX,RTX,212.08
PANW.OQ,"Palo Alto Networks, Inc.",Nasdaq Stock Exchange Global Select Market,276537650000,20/07/2012,PANW,PANW,339.31
WFC.N,Wells Fargo & Co,New York Stock Exchange,257735463407.28,10/12/1962,WFC,WFC,84.97
ANET.N,Arista Networks Inc,New York Stock Exchange,255082685058,06/06/2014,ANET,ANET,202.25
KLAC.OQ,KLA Corporation,Nasdaq Stock Exchange Global Select Market,240182495118.89,08/10/1980,KLAC,KLAC,183.83
TXN.OQ,Texas Instruments Inc,Nasdaq Stock Exchange Global Select Market,239060846764.22,01/10/1953,TXN,TXN,261.77
AMGN.OQ,Amgen Inc,Nasdaq Stock Exchange Global Select Market,238061897081.7,17/06/1983,AMGN,AMGN,440.34
TMO.N,Thermo Fisher Scientific Inc,New York Stock Exchange,234312552611.06,27/08/1980,TMO,TMO,630.7
AXP.N,American Express Company,New York Stock Exchange,227005400362.95,18/05/1977,AXP,AXP,336.15
C.N,Citigroup Inc,New York Stock Exchange,224038456737.48,30/10/1986,C,C,133.56
IBM.N,International Business Machines Corporation,New York Stock Exchange,216568432229.3,11/11/1915,IBM,IBM,229.87
MRVL.OQ,"Marvell Technology, Inc.",Nasdaq Stock Exchange Global Select Market,214943482112.43,27/06/2000,MRVL,MRVL,245.11
VZ.N,Verizon Communications Inc,New York Stock Exchange,208528167388.38,15/02/1984,VZ,VZ,49.43
APH.N,Amphenol Corp,New York Stock Exchange,198929550952.38,08/11/1991,APH,APH,161.34
ABT.N,Abbott Laboratories,New York Stock Exchange,197436734073.6,01/03/1937,ABT,ABT,114.1
PEP.OQ,"PepsiCo, Inc.",Nasdaq Stock Exchange Global Select Market,194073930632.02,18/12/1919,PEP,PEP,142.19
SHOP.OQ,Shopify Inc.,Nasdaq Stock Exchange Global Select Market,193369716389.99,21/05/2015,SHOP,SHOP,150.29
TMUS.OQ,T-Mobile US Inc,Nasdaq Stock Exchange Global Select Market,192662548410.93,19/04/2007,TMUS,TMUS,179.61
STX.OQ,Seagate Technology Holdings PLC,Nasdaq Stock Exchange Global Select Market,191825120699.66,11/12/2002,STX,STX,846.37
BLK.N,"BlackRock, Inc.",New York Stock Exchange,190618686177.06,01/10/1999,BLK,BLK,1173.21
DIS.N,The Walt Disney Company,New York Stock Exchange,189296685066.26,12/11/1957,DIS,DIS,109.63
SCHW.N,The Charles Schwab Corporation,New York Stock Exchange,189172033754.46,22/09/1987,SCHW,SCHW,108.05
MCD.N,McDonald's Corp,New York Stock Exchange,188890753869.83,21/04/1965,MCD,MCD,260.06
UNP.N,Union Pacific Corporation,New York Stock Exchange,184531731188.76,20/06/1969,UNP,UNP,307.67
GILD.OQ,"Gilead Sciences, Inc.",Nasdaq Stock Exchange Global Select Market,183624958903.95,22/01/1992,GILD,GILD,148.09
SCCO.N,Southern Copper Corp,New York Stock Exchange,180478462882.5,18/06/1905,SCCO,SCCO,216.28
ADI.OQ,"Analog Devices, Inc.",Nasdaq Stock Exchange Global Select Market,180161439887,03/04/1979,ADI,ADI,371.8
T.N,AT&T Inc,New York Stock Exchange,177271216765.5,21/11/1983,T,T,25.43
NEE.N,"NextEra Energy, Inc.",New York Stock Exchange,175681084761.98,15/02/1950,NEE,NEE,83.47
WELL.N,Welltower Inc.,New York Stock Exchange,174103150363.56,13/05/1998,WELL,WELL,239.6
QCOM.OQ,QUALCOMM Incorporated,Nasdaq Stock Exchange Global Select Market,171906000000,13/12/1991,QCOM,QCOM,163.72
DE.N,Deere & Co,New York Stock Exchange,171286093659.5,29/06/1933,DE,DE,634.54
BX.N,Blackstone Inc.,New York Stock Exchange,171052910651.2,22/06/2007,BX,BX,143.2
WDC.OQ,Western Digital Corp,Nasdaq Stock Exchange Global Select Market,169050437822.72,17/03/1980,WDC,WDC,468.88
CRM.N,"Salesforce, Inc.",New York Stock Exchange,168402780000,23/06/2004,CRM,CRM,205.62
BA.N,Boeing Co,New York Stock Exchange,167629577541.8,05/09/1934,BA,BA,212.09
IBKR.OQ,Interactive Brokers Group Inc,Nasdaq Stock Exchange Global Select Market,165304149442.74,04/05/2007,IBKR,IBKR,97.02
ETN.N,Eaton Corporation PLC,New York Stock Exchange,162910496000,03/12/2012,ETN,ETN,419.44
PFE.N,Pfizer Inc.,New York Stock Exchange,161300762568.7,17/01/1944,PFE,PFE,28.02
BKNG.OQ,Booking Holdings Inc.,Nasdaq Stock Exchange Global Select Market,156955872645,29/03/1999,BKNG,BKNG,208.89
COP.N,ConocoPhillips,New York Stock Exchange,156906688132.19,17/03/1980,COP,COP,130.61
DHR.N,Danaher Corporation,New York Stock Exchange,151395076589.44,10/12/1969,DHR,DHR,215.36
TJX.N,"The TJX Companies, Inc.",New York Stock Exchange,151156709346.18,17/11/1965,TJX,TJX,134.22
VRTX.OQ,Vertex Pharmaceuticals Incorporated,Nasdaq Stock Exchange Global Select Market,138716629095.96,24/07/1991,VRTX,VRTX,547.29
NEM.N,Newmont Corporation,New York Stock Exchange,138665902863.6,27/01/1940,NEM,NEM,132.29
BMY.N,Bristol-Myers Squibb Company,New York Stock Exchange,138026229305.92,17/03/1980,BMY,BMY,67.57
PLD.N,"Prologis, Inc.",New York Stock Exchange,135508035513.48,21/11/1997,PLD,PLD,141.85
COF.N,Capital One Financial Corp,New York Stock Exchange,133255041227.56,16/11/1994,COF,COF,217.21
CB.N,Chubb Limited,New York Stock Exchange,132626417528.43,25/03/1993,CB,CB,343.77
GLW.N,Corning Incorporated,New York Stock Exchange,131602909210.18,21/05/1945,GLW,GLW,152.78
PH.N,Parker-Hannifin Corp,New York Stock Exchange,131025083550.81,09/12/1964,PH,PH,1011.2
ISRG.OQ,Intuitive Surgical Inc,Nasdaq Stock Exchange Global Select Market,130861250835.96,13/06/2000,ISRG,ISRG,370.42
LMT.N,Lockheed Martin Corp,New York Stock Exchange,130539865711.86,11/10/1961,LMT,LMT,565.89
NOW.N,ServiceNow Inc,New York Stock Exchange,130059839600,29/06/2012,NOW,NOW,138.43
PGR.N,The Progressive Corporation,New York Stock Exchange,129300561000,06/01/1987,PGR,PGR,217.65
SPGI.N,S&P Global Inc,New York Stock Exchange,128677252000,14/02/1929,SPGI,SPGI,435.39
SYK.N,Stryker Corporation,New York Stock Exchange,126452526074.82,17/03/1980,SYK,SYK,322.12
SBUX.OQ,Starbucks Corp,Nasdaq Stock Exchange Global Select Market,123678600000,26/06/1992,SBUX,SBUX,108.49
CVS.N,CVS Health Corporation,New York Stock Exchange,120632485204.08,01/10/1952,CVS,CVS,94.32
LOW.N,Lowe's Companies Inc,New York Stock Exchange,117950333144.76,19/12/1979,LOW,LOW,206.74
MDT.N,Medtronic PLC,New York Stock Exchange,117783838829.22,21/11/1977,MDT,MDT,89.97
FTNT.OQ,"Fortinet, Inc.",Nasdaq Stock Exchange Global Select Market,115589248893.62,18/11/2009,FTNT,FTNT,157.54
MO.N,Altria Group Inc,New York Stock Exchange,115412700165.12,15/03/1923,MO,MO,67.67
FCX.N,Freeport-McMoRan Inc,New York Stock Exchange,113445384317,05/05/1988,FCX,FCX,79
ADP.OQ,Automatic Data Processing Inc,Nasdaq Stock Exchange Global Select Market,111785761564.43,01/09/1961,ADP,ADP,281.39
ACN.N,Accenture PLC,New York Stock Exchange,110994059730.42,19/07/2001,ACN,ACN,181.38
BNY.N,Bank of New York Mellon Corp,New York Stock Exchange,110650455477.36,02/07/2007,BNY,BNY,163.08
ADBE.OQ,Adobe Inc,Nasdaq Stock Exchange Global Select Market,108704325000,20/08/1986,ADBE,ADBE,273.47
HWM.N,Howmet Aerospace Inc.,New York Stock Exchange,107413168806.66,11/06/1951,HWM,HWM,269.34
EQIX.OQ,"Equinix, Inc.",Nasdaq Stock Exchange Global Select Market,106526938922.46,11/08/2000,EQIX,EQIX,1079.61
MCK.N,McKesson Corp,New York Stock Exchange,104540748983.95,10/11/1994,MCK,MCK,890.51
GD.N,General Dynamics Corp,New York Stock Exchange,103358259633.9,25/04/1952,GD,GD,382.02
SO.N,Southern Co,New York Stock Exchange,103256579828.16,30/09/1949,SO,SO,89.05
BN.N,Brookfield Corporation,New York Stock Exchange,102171278048.4,11/08/1997,BN,BN,41.67
TT.N,Trane Technologies PLC,New York Stock Exchange,101958740221.8,10/10/1906,TT,TT,454.31
MPC.N,Marathon Petroleum Corporation,New York Stock Exchange,101734386892.01,23/06/2011,MPC,MPC,363.54
CME.OQ,CME Group Inc.,Nasdaq Stock Exchange Global Select Market,101033699602.5,06/12/2002,CME,CME,280.98
VLO.N,Valero Energy Corp,New York Stock Exchange,100207394251.83,02/01/1980,VLO,VLO,346.59
MELI.OQ,"MercadoLibre, Inc.",Nasdaq Stock Exchange Global Select Market,98881070492.88,10/08/2007,MELI,MELI,1950.44
USB.N,U.S. Bancorp,New York Stock Exchange,97845630808.8,07/05/1984,USB,USB,62.4
PNC.N,"The PNC Financial Services Group, Inc.",New York Stock Exchange,97609547004.89,21/10/1987,PNC,PNC,243.51
KKR.N,KKR & Co Inc,New York Stock Exchange,97393462708.5,15/07/2010,KKR,KKR,109.32
PSX.N,Phillips 66,New York Stock Exchange,96654836482.68,12/04/2012,PSX,PSX,239.81
CMCSA.OQ,Comcast Corporation,Nasdaq Stock Exchange Global Select Market,96522914785.6,29/06/1972,CMCSA,CMCSA,27.2
CSX.OQ,CSX Corporation,Nasdaq Stock Exchange Global Select Market,95884101703.92,03/11/1980,CSX,CSX,51.76
DUK.N,Duke Energy Corp,New York Stock Exchange,95037900304.77,03/07/2012,DUK,DUK,121.89
INTU.OQ,Intuit Inc.,Nasdaq Stock Exchange Global Select Market,94610977560,12/03/1993,INTU,INTU,345.88
MAR.OQ,"Marriott International, Inc.",Nasdaq Stock Exchange Global Select Market,93529044516.96,23/03/1998,MAR,MAR,358.67
MNST.OQ,Monster Beverage Corporation,Nasdaq Stock Exchange Global Select Market,93517135478.2,09/12/1985,MNST,MNST,47.81
MMM.N,3M Company,New York Stock Exchange,92830035060,14/01/1946,MMM,MMM,178.83
HCA.N,"HCA Healthcare, Inc.",New York Stock Exchange,92480780740,28/12/2010,HCA,HCA,427.16
MRSH.N,Marsh & McLennan Companies Inc,New York Stock Exchange,92225849653.68,04/06/1969,MRSH,MRSH,190
CDNS.OQ,"Cadence Design Systems, Inc.",Nasdaq Stock Exchange Global Select Market,92168529240,01/06/1988,CDNS,CDNS,334.68
WMB.N,"The Williams Companies, Inc.",New York Stock Exchange,91015891591.52,04/12/1967,WMB,WMB,74.19
ICE.N,Intercontinental Exchange Inc,New York Stock Exchange,90900995335.04,16/11/2005,ICE,ICE,161.92
PWR.N,Quanta Services Inc,New York Stock Exchange,90862694602.67,12/02/1998,PWR,PWR,621.83
UPS.N,United Parcel Service Inc,New York Stock Exchange,89885074138.3,10/11/1999,UPS,UPS,105.68
MCO.N,Moody's Corporation,New York Stock Exchange,89110275317.2,19/06/1998,MCO,MCO,509.02
WM.N,Waste Management Inc,New York Stock Exchange,88432987308.16,22/06/1988,WM,WM,217.76
EMR.N,Emerson Electric Co,New York Stock Exchange,88294162000,05/09/1944,EMR,EMR,158.29
JCI.N,Johnson Controls International PLC,New York Stock Exchange,87426666365.1,22/08/1991,JCI,JCI,142.21
ELV.N,Elevance Health Inc,New York Stock Exchange,87298563996.6,30/10/2001,ELV,ELV,402.54
SHW.N,Sherwin-Williams Co,New York Stock Exchange,84640056927.66,11/02/1964,SHW,SHW,345.21
EPD.N,Enterprise Products Partners L.P,New York Stock Exchange,84521936394.66,28/07/1998,EPD,EPD,39.14
LITE.OQ,Lumentum Holdings Inc.,Nasdaq Stock Exchange Global Select Market,84230991000,23/07/2015,LITE,LITE,939.03
REGN.OQ,"Regeneron Pharmaceuticals, Inc.",Nasdaq Stock Exchange Global Select Market,83886694672.52,02/04/1991,REGN,REGN,814.79
CTAS.OQ,Cintas Corporation,Nasdaq Stock Exchange Global Select Market,82346892262.58,01/01/1983,CTAS,CTAS,205.78
AMT.N,American Tower Corporation,New York Stock Exchange,81883159235.04,05/06/1998,AMT,AMT,175.73
ECL.N,Ecolab Inc.,New York Stock Exchange,81463492031.8,01/01/1957,ECL,ECL,290.6
ITW.N,Illinois Tool Works Inc,New York Stock Exchange,81313248000,13/03/1973,ITW,ITW,281.67
MSI.N,Motorola Solutions Inc,New York Stock Exchange,80641813016.64,17/03/1980,MSI,MSI,486.54
MDLZ.OQ,Mondelez International Inc,Nasdaq Stock Exchange Global Select Market,80420170671.57,13/06/2001,MDLZ,MDLZ,63.01
CMI.N,Cummins Inc,New York Stock Exchange,79589346514.18,10/09/1964,CMI,CMI,578.14
SLB.N,SLB N.V.,New York Stock Exchange,79550077181.6,02/02/1962,SLB,SLB,55.01
FDX.N,FedEx Corp,New York Stock Exchange,79518899455.65,28/12/1978,FDX,FDX,335.99
NSC.N,Norfolk Southern Corp,New York Stock Exchange,79214880989.64,02/06/1982,NSC,NSC,347.93
NTES.OQ,"NetEase, Inc.",Nasdaq Stock Exchange Global Select Market,79026081692.28,30/06/2000,NTES,NTES,123.43
APO.N,"Apollo Global Management, Inc.",New York Stock Exchange,78937904063.53,29/03/2011,APO,APO,133.67
SNPS.OQ,"Synopsys, Inc.",Nasdaq Stock Exchange Global Select Market,78506523250,26/02/1992,SNPS,SNPS,410
NOC.N,Northrop Grumman Corp,New York Stock Exchange,78127561148.7,10/12/1951,NOC,NOC,545.13
RCL.N,Royal Caribbean Cruises Ltd.,New York Stock Exchange,77561104360,28/04/1993,RCL,RCL,284.8
TRV.N,"The Travelers Companies, Inc.",New York Stock Exchange,77412619415.3,17/03/1980,TRV,TRV,369.33
EOG.N,"EOG Resources, Inc.",New York Stock Exchange,75972805851.84,04/10/1989,EOG,EOG,144.84
ROST.OQ,Ross Stores Inc,Nasdaq Stock Exchange Global Select Market,75790944826.52,08/08/1985,ROST,ROST,236.27
GM.N,General Motors Co,New York Stock Exchange,75750391534.53,20/08/2010,GM,GM,86.33
AON.N,Aon PLC,New York Stock Exchange,75088161127.32,02/06/1980,AON,AON,353.98
HLT.N,Hilton Worldwide Holdings Inc,New York Stock Exchange,74847586469.6,12/12/2013,HLT,HLT,332.56
TGT.N,Target Corp,New York Stock Exchange,74521971262.44,08/09/1969,TGT,TGT,165.93
CI.N,The Cigna Group,New York Stock Exchange,74217225302.82,01/04/1982,CI,CI,280.87
ET.N,Energy Transfer LP,New York Stock Exchange,73789910449.43,03/02/2006,ET,ET,21.43
CL.N,Colgate-Palmolive Company,New York Stock Exchange,73387730637.74,31/03/1930,CL,CL,92.06
HPE.N,Hewlett Packard Enterprise Company,New York Stock Exchange,73135760464.83,19/10/2015,HPE,HPE,55.23
ORLY.OQ,"O'Reilly Automotive, Inc.",Nasdaq Stock Exchange Global Select Market,72442438923.6,23/04/1993,ORLY,ORLY,89.55
WBD.OQ,"Warner Bros. Discovery, Inc.",Nasdaq Stock Exchange Global Select Market,72182720277.5,06/07/2005,WBD,WBD,28.75
DLR.N,"Digital Realty Trust, Inc.",New York Stock Exchange,71762283763.61,03/11/2004,DLR,DLR,193.43
KMI.N,"Kinder Morgan, Inc.",New York Stock Exchange,71302202889.78,11/02/2011,KMI,KMI,31.54
SPG.N,Simon Property Group Inc,New York Stock Exchange,70248006301.65,14/12/1993,SPG,SPG,214.89
HON.OQ,Honeywell International Inc,Nasdaq Stock Exchange Global Select Market,69939152006.7,19/09/1985,HON,HON,220.67
BSX.N,Boston Scientific Corp,New York Stock Exchange,69809386267.42,19/05/1992,BSX,BSX,48.17
APD.N,"Air Products and Chemicals, Inc.",New York Stock Exchange,68288744629.8,13/11/1961,APD,APD,306.66
RSG.N,Republic Services Inc,New York Stock Exchange,68034399452.04,01/07/1998,RSG,RSG,219.27
PCAR.OQ,Paccar Inc,Nasdaq Stock Exchange Global Select Market,68022142876.19,17/03/1980,PCAR,PCAR,129.23
AJG.N,Arthur J. Gallagher & Co.,New York Stock Exchange,67927189000,21/06/1984,AJG,AJG,265.03
AEP.OQ,American Electric Power Company Inc,Nasdaq Stock Exchange Global Select Market,67156857342.72,01/09/1949,AEP,AEP,123.36
TDG.N,TransDigm Group Incorporated,New York Stock Exchange,66722082266.5,15/03/2006,TDG,TDG,1186.48
ALL.N,Allstate Corp,New York Stock Exchange,66200739889.5,03/06/1993,ALL,ALL,261.81
URI.N,"United Rentals, Inc.",New York Stock Exchange,65831390915.74,18/12/1997,URI,URI,1037.51
CRH.N,CRH PLC,New York Stock Exchange,64565861792.55,05/02/1973,CRH,CRH,97.05
MPWR.OQ,Monolithic Power Systems Inc,Nasdaq Stock Exchange Global Select Market,64076574840,19/11/2004,MPWR,MPWR,1303.88
TRGP.N,Targa Resources Corp.,New York Stock Exchange,63049153104.63,07/12/2010,TRGP,TRGP,288.95
GWW.N,WW Grainger Inc,New York Stock Exchange,62898126937.38,29/07/1975,GWW,GWW,1335.39
COR.N,"Cencora, Inc.",New York Stock Exchange,62551236415.35,28/05/1996,COR,COR,327.79
TFC.N,Truist Financial Corporation,New York Stock Exchange,61899798945.96,18/03/1980,TFC,TFC,50.3
BKR.OQ,Baker Hughes Company,Nasdaq Stock Exchange Global Select Market,61545792402,04/06/1987,BKR,BKR,62
MET.N,"MetLife, Inc.",New York Stock Exchange,61336232994.04,05/04/2000,MET,MET,96.25
CCZ.N,Comcast Holdings Corp,New York Stock Exchange,60712293684.23,24/11/1999,CCZ,CCZ,66.45
MPLX.N,MPLX LP,New York Stock Exchange,60142071449.32,26/10/2012,MPLX,MPLX,59.51
OKE.N,"ONEOK, Inc.",New York Stock Exchange,59822081398.3,24/05/1954,OKE,OKE,94.72
TEL.N,TE Connectivity PLC,New York Stock Exchange,59358897136.84,14/06/2007,TEL,TEL,203
PSA.N,Public Storage,New York Stock Exchange,59291406794.34,19/10/1984,PSA,PSA,311.2
O.N,Realty Income Corporation,New York Stock Exchange,58911534734.58,18/10/1994,O,O,61.8
AFL.N,Aflac Incorporated,New York Stock Exchange,58882770350.1,15/06/1974,AFL,AFL,117.45
D.N,"Dominion Energy, Inc.",New York Stock Exchange,58849081247.59,20/05/1983,D,D,66.91
FAST.OQ,Fastenal Company,Nasdaq Stock Exchange Global Select Market,58694500858.95,01/08/1987,FAST,FAST,51.15
LNG.N,Cheniere Energy Inc,New York Stock Exchange,58672223604.64,05/03/2001,LNG,LNG,280.8
OXY.N,Occidental Petroleum Corp,New York Stock Exchange,58598742688.02,03/03/1964,OXY,OXY,59.17
NBIS.OQ,Nebius Group NV,Nasdaq Stock Exchange Global Select Market,58157986786.74,01/05/2011,NBIS,NBIS,213.93
COHR.N,Coherent Corp.,New York Stock Exchange,57647138255.02,13/10/1987,COHR,COHR,294.37
NUE.N,Nucor Corporation,New York Stock Exchange,57354170892.8,12/07/1972,NUE,NUE,252.37
NKE.N,"NIKE, Inc.",New York Stock Exchange,57248214948.77,02/12/1980,NKE,NKE,38.44
CIEN.N,Ciena Corporation,New York Stock Exchange,57191627075.66,01/02/1997,CIEN,CIEN,404.03
FIX.N,"Comfort Systems USA, Inc.",New York Stock Exchange,56863125422.01,27/06/1997,FIX,FIX,1615.69
TER.OQ,"Teradyne, Inc.",Nasdaq Stock Exchange Global Select Market,56767326325,15/05/1979,TER,TER,363.1
NXPI.OQ,NXP Semiconductors NV,Nasdaq Stock Exchange Global Select Market,56270435428.1,06/08/2010,NXPI,NXPI,223.15
AME.N,AMETEK Inc,New York Stock Exchange,56214857028.8,01/07/1930,AME,AME,245.2
FANG.OQ,"Diamondback Energy, Inc.",Nasdaq Stock Exchange Global Select Market,55960066703.52,17/10/2012,FANG,FANG,199.84
SRE.N,Sempra,New York Stock Exchange,55764621677.44,29/06/1998,SRE,SRE,84.75
GRMN.N,Garmin Ltd.,New York Stock Exchange,55738239954.72,08/12/2000,GRMN,GRMN,289.02
NDAQ.OQ,Nasdaq Inc,Nasdaq Stock Exchange Global Select Market,55601479192.84,08/07/2002,NDAQ,NDAQ,99.47
CAH.N,"Cardinal Health, Inc.",New York Stock Exchange,55446053555.2,04/08/1983,CAH,CAH,238.4
F.N,Ford Motor Co,New York Stock Exchange,55427579771.3,07/03/1956,F,F,13.9
KEYS.N,"Keysight Technologies, Inc.",New York Stock Exchange,54814461000,20/10/2014,KEYS,KEYS,325.82
DAL.N,"Delta Air Lines, Inc.",New York Stock Exchange,54635321332.4,26/04/2007,DAL,DAL,83.08
ADSK.OQ,"Autodesk, Inc.",Nasdaq Stock Exchange Global Select Market,53756470000,30/04/1985,ADSK,ADSK,254.77
STT.N,State Street Corporation,New York Stock Exchange,53187755739.3,17/03/1980,STT,STT,193.37
PYPL.OQ,"PayPal Holdings, Inc.",Nasdaq Stock Exchange Global Select Market,52876036621.94,06/07/2015,PYPL,PYPL,61.81
EW.N,Edwards Lifesciences Corporation,New York Stock Exchange,52325592000,27/03/2000,EW,EW,90.78
BDX.N,Becton Dickinson and Co,New York Stock Exchange,51810693228,25/09/1963,BDX,BDX,190.21
VMRK.N,Vivmark Residential,New York Stock Exchange,51711658589.6,12/08/1993,VMRK,VMRK,65.5
DVN.N,Devon Energy Corporation,New York Stock Exchange,51513000000,22/07/1985,DVN,DVN,46.83
WAB.N,Westinghouse Air Brake Technologies Corp,New York Stock Exchange,50764467159.54,16/06/1995,WAB,WAB,297.28
ETR.N,Entergy Corp,New York Stock Exchange,50036895530.54,31/05/1949,ETR,ETR,107.23
FITB.N,Fifth Third Bancorp,New York Stock Exchange,49969780276.4,17/03/1980,FITB,FITB,55.1
XYZ.N,"Block, Inc.",New York Stock Exchange,49926064500,19/11/2015,XYZ,XYZ,84.85
AMP.N,Ameriprise Financial Inc,New York Stock Exchange,49491335941.32,15/09/2005,AMP,AMP,560.28
AXON.OQ,"Axon Enterprise, Inc.",Nasdaq Stock Exchange Global Select Market,49350104864.2,08/05/2001,AXON,AXON,607.48
LHX.N,"L3Harris Technologies, Inc.",New York Stock Exchange,48966995423.36,13/07/1955,LHX,LHX,261.98
AZO.N,"AutoZone, Inc.",New York Stock Exchange,48959739645,02/04/1991,AZO,AZO,2999
NTRA.OQ,"Natera, Inc.",Nasdaq Stock Exchange Global Select Market,48785594336.5,02/07/2015,NTRA,NTRA,338.45
XEL.OQ,Xcel Energy Inc,Nasdaq Stock Exchange Global Select Market,48521592890.08,28/02/1949,XEL,XEL,77.68
CCEP.OQ,Coca-Cola Europacific Partners PLC,Nasdaq Stock Exchange Global Select Market,48198432880.71,24/11/1986,CCEP,CCEP,108.99
MSTR.OQ,Strategy Inc,Nasdaq Stock Exchange Global Select Market,48047514603.77,16/09/1986,MSTR,MSTR,123.19
VTR.N,"Ventas, Inc.",New York Stock Exchange,47960484566.5,02/04/1992,VTR,VTR,92.89
ROK.N,Rockwell Automation Inc,New York Stock Exchange,47945265863,29/08/1956,ROK,ROK,433
CMG.N,"Chipotle Mexican Grill, Inc.",New York Stock Exchange,47250708120,26/01/2006,CMG,CMG,37.34
WDAY.OQ,"Workday, Inc.",Nasdaq Stock Exchange Global Select Market,47115250000,10/12/2012,WDAY,WDAY,190.75
HUM.N,Humana Inc.,New York Stock Exchange,46958605246.48,18/05/1971,HUM,HUM,391.06
ARES.N,Ares Management Corporation,New York Stock Exchange,46892618993.42,02/05/2014,ARES,ARES,141.98
EBAY.OQ,eBay Inc.,Nasdaq Stock Exchange Global Select Market,46369000000,23/09/1998,EBAY,EBAY,104.2
EXC.OQ,Exelon Corp,Nasdaq Stock Exchange Global Select Market,45873366293.48,06/07/1943,EXC,EXC,44.44
FERG.N,Ferguson Enterprises Inc,New York Stock Exchange,45602608978.41,20/07/2001,FERG,FERG,235.73
PAYX.OQ,"Paychex, Inc.",Nasdaq Stock Exchange Global Select Market,44417675556.8,26/08/1983,PAYX,PAYX,124.88
KDP.OQ,Keurig Dr Pepper Inc,Nasdaq Stock Exchange Global Select Market,43825402553.79,28/04/2008,KDP,KDP,32.21
A.N,Agilent Technologies Inc,New York Stock Exchange,43799545875.52,18/11/1999,A,A,155.08
TTWO.OQ,"Take-Two Interactive Software, Inc.",Nasdaq Stock Exchange Global Select Market,43650584418.35,15/04/1997,TTWO,TTWO,233.45
IDXX.OQ,IDEXX Laboratories Inc,Nasdaq Stock Exchange Global Select Market,43600620839.04,21/06/1991,IDXX,IDXX,553.44
CBRE.N,"CBRE Group, Inc.",New York Stock Exchange,43540541807.28,10/06/2004,CBRE,CBRE,150.36
IQV.N,IQVIA Holdings Inc.,New York Stock Exchange,43044546000,09/05/2013,IQV,IQV,262.38
TEAM.OQ,Atlassian Corp,Nasdaq Stock Exchange Global Select Market,42646296163.05,10/12/2015,TEAM,TEAM,168.47
LYV.N,"Live Nation Entertainment, Inc.",New York Stock Exchange,42547723993.2,14/12/2005,LYV,LYV,180.64
YUM.N,"Yum! Brands, Inc.",New York Stock Exchange,42138656534.85,17/09/1997,YUM,YUM,150.75
DHI.N,"D.R. Horton, Inc.",New York Stock Exchange,41745414099.75,05/06/1992,DHI,DHI,149.25
PRU.N,Prudential Financial Inc,New York Stock Exchange,41482800000,13/12/2001,PRU,PRU,120.37
ODFL.OQ,"Old Dominion Freight Line, Inc.",Nasdaq Stock Exchange Global Select Market,41353131125.46,24/10/1991,ODFL,ODFL,199.43
FLEX.OQ,Flex Ltd,Nasdaq Stock Exchange Global Select Market,41306640999.96,22/03/1994,FLEX,FLEX,111.82
MSCI.N,MSCI Inc,New York Stock Exchange,41018794000,15/11/2007,MSCI,MSCI,569.15
ROP.OQ,"Roper Technologies, Inc.",Nasdaq Stock Exchange Global Select Market,40873753206.72,13/02/1992,ROP,ROP,413.28
HEI.N,HEICO Corporation,New York Stock Exchange,40738818728.63,17/03/1980,HEI,HEI,346.15
WAT.N,Waters Corp,New York Stock Exchange,40691420132.87,17/11/1995,WAT,WAT,421.26
AIG.N,"American International Group, Inc.",New York Stock Exchange,40247087217.93,08/10/1984,AIG,AIG,76.97
MCHP.OQ,Microchip Technology Inc,Nasdaq Stock Exchange Global Select Market,40209793568.55,19/03/1993,MCHP,MCHP,74.05
PCG.N,PG&E Corp,New York Stock Exchange,40127125027.32,24/07/1919,PCG,PCG,17.95
EXPE.OQ,"Expedia Group, Inc.",Nasdaq Stock Exchange Global Select Market,40019249729.92,20/07/2005,EXPE,EXPE,333.44
ED.N,"Consolidated Edison, Inc.",New York Stock Exchange,39959983795.65,21/06/1948,ED,ED,108.05
SYY.N,Sysco Corporation,New York Stock Exchange,39894325252.32,20/01/1981,SYY,SYY,82.45
VEEV.N,Veeva Systems Inc.,New York Stock Exchange,39783986398.81,16/10/2013,VEEV,VEEV,282.13
ADM.N,Archer-Daniels-Midland Co,New York Stock Exchange,38600143002.47,24/12/1924,ADM,ADM,80.09
NTAP.OQ,NetApp Inc,Nasdaq Stock Exchange Global Select Market,38040012270.25,21/11/1995,NTAP,NTAP,193.85
EL.N,Estee Lauder Companies Inc,New York Stock Exchange,38010557449.02,17/11/1995,EL,EL,105.06
HIG.N,"The Hartford Insurance Group, Inc.",New York Stock Exchange,37884158199.72,09/12/1985,HIG,HIG,139.86
MLM.N,"Martin Marietta Materials, Inc.",New York Stock Exchange,37795094712.76,17/02/1994,MLM,MLM,528.59
UAL.OQ,"United Airlines Holdings, Inc.",Nasdaq Stock Exchange Global Select Market,37271954538.76,25/01/2006,UAL,UAL,114.83
HSY.N,The Hershey Company,New York Stock Exchange,37241570524.95,01/12/1927,HSY,HSY,185.35
PEG.N,Public Service Enterprise Group Incorporated,New York Stock Exchange,36898034820.9,31/03/1948,PEG,PEG,73.33
KMB.OQ,Kimberly-Clark Corporation,Nasdaq Stock Exchange Global Select Market,36696771052.92,09/05/1929,KMB,KMB,110.34
P.N,Everpure Inc,New York Stock Exchange,36198897094.8,07/10/2015,P,P,99.24
IRM.N,Iron Mountain Inc,New York Stock Exchange,36150052461.16,01/02/1996,IRM,IRM,122.69
UI.N,Ubiquiti Inc.,New York Stock Exchange,36123337780.8,14/10/2011,UI,UI,592.85
KR.N,Kroger Co,New York Stock Exchange,35845992469.82,26/01/1928,KR,KR,56.93
TKO.N,TKO Group Holdings Inc,New York Stock Exchange,35563779072.7,19/10/1999,TKO,TKO,184.34
VMC.N,Vulcan Materials Co,New York Stock Exchange,35470884013.86,02/01/1957,VMC,VMC,273.85
CCL.N,Carnival Corporation Ltd,New York Stock Exchange,35049320955.21,31/07/1987,CCL,CCL,25.59
WEC.N,"WEC Energy Group, Inc.",New York Stock Exchange,35035325660.16,21/11/1947,WEC,WEC,106.28
MTB.N,M&T Bank Corporation,New York Stock Exchange,34882303923.48,17/03/1980,MTB,MTB,238.68
HBAN.OQ,Huntington Bancshares Inc,Nasdaq Stock Exchange Global Select Market,34427868635.04,17/03/1980,HBAN,HBAN,17.04
ACGL.OQ,Arch Capital Group Ltd.,Nasdaq Stock Exchange Global Select Market,34368597570.72,13/09/1995,ACGL,ACGL,100.72
NTRS.OQ,Northern Trust Corporation,Nasdaq Stock Exchange Global Select Market,34333457841.98,17/03/1980,NTRS,NTRS,187.66
EQT.N,EQT Corporation,New York Stock Exchange,34272021640,05/06/1950,EQT,EQT,54.79
RMD.N,ResMed Inc.,New York Stock Exchange,33998826001.14,01/06/1995,RMD,RMD,235.76
RJF.N,"Raymond James Financial, Inc.",New York Stock Exchange,33988390716.59,01/07/1983,RJF,RJF,176.11
ILMN.OQ,Illumina Inc,Nasdaq Stock Exchange Global Select Market,33950840000,28/06/2000,ILMN,ILMN,224.84
STLD.OQ,Steel Dynamics Inc,Nasdaq Stock Exchange Global Select Market,33811095959.2,22/11/1996,STLD,STLD,235.9
EME.N,EMCOR Group Inc,New York Stock Exchange,33681879304.59,16/11/2000,EME,EME,763.59
DXCM.OQ,Dexcom Inc,Nasdaq Stock Exchange Global Select Market,33570013654.4,14/04/2005,DXCM,DXCM,88.96
BIDU.OQ,"Baidu, Inc.",Nasdaq Stock Exchange Global Select Market,33195684367.2,05/08/2005,BIDU,BIDU,93.26
CQP.N,Cheniere Energy Partners LP,New York Stock Exchange,33177315032.16,21/03/2007,CQP,CQP,68.54
BIIB.OQ,Biogen Inc.,Nasdaq Stock Exchange Global Select Market,32663976337.86,17/09/1991,BIIB,BIIB,221.07
JBL.N,Jabil Inc.,New York Stock Exchange,32579353840.99,05/05/1998,JBL,JBL,312.22
CNC.N,Centene Corp,New York Stock Exchange,32341852650,13/12/2001,CNC,CNC,65.47
CCI.N,Crown Castle Inc,New York Stock Exchange,32138903862.06,18/08/1998,CCI,CCI,75.54
ZTS.N,Zoetis Inc,New York Stock Exchange,32033093627.04,01/02/2013,ZTS,ZTS,75.02
ALNY.OQ,"Alnylam Pharmaceuticals, Inc.",Nasdaq Stock Exchange Global Select Market,31980379202,28/05/2004,ALNY,ALNY,239
WTW.OQ,Willis Towers Watson Public Limited Company,Nasdaq Stock Exchange Global Select Market,31866219023.44,12/06/2001,WTW,WTW,343.12
EXR.N,Extra Space Storage Inc.,New York Stock Exchange,30441830612.22,12/08/2004,EXR,EXR,144.09
BAP.N,Credicorp Ltd,New York Stock Exchange,30381920926.35,25/10/1995,BAP,BAP,382.55
CPRT.OQ,Copart Inc,Nasdaq Stock Exchange Global Select Market,30246261116.94,17/03/1994,CPRT,CPRT,32.67
LVS.N,Las Vegas Sands Corp.,New York Stock Exchange,29943225736.32,15/12/2004,LVS,LVS,44.24
CASY.OQ,Caseys General Stores Inc,Nasdaq Stock Exchange Global Select Market,29867406187.68,21/10/1983,CASY,CASY,807.12
AEE.N,Ameren Corporation,New York Stock Exchange,29829860295.25,15/12/1952,AEE,AEE,107.75
CFG.N,Citizens Financial Group Inc,New York Stock Exchange,29688751786.12,24/09/2014,CFG,CFG,70.49
KHC.OQ,The Kraft Heinz Company,Nasdaq Stock Exchange Global Select Market,29396570960.82,06/07/2015,KHC,KHC,24.79
TDY.N,Teledyne Technologies Inc,New York Stock Exchange,29369100185.88,23/11/1999,TDY,TDY,626.5
ATI.N,ATI Inc,New York Stock Exchange,28985227725.38,08/05/1987,ATI,ATI,212.86
HAL.N,Halliburton Company,New York Stock Exchange,28693009839.48,15/09/1948,HAL,HAL,34.44
EIX.N,Edison International,New York Stock Exchange,28672489575.29,27/05/1926,EIX,EIX,74.51
DTE.N,DTE Energy Company,New York Stock Exchange,28655807981.99,16/11/1949,DTE,DTE,137.71
ATO.N,Atmos Energy Corporation,New York Stock Exchange,28636800191.38,28/12/1983,ATO,ATO,169.46
ON.OQ,ON Semiconductor Corp,Nasdaq Stock Exchange Global Select Market,28505404211.62,27/04/2000,ON,ON,73.22
LPLA.OQ,LPL Financial Holdings Inc.,Nasdaq Stock Exchange Global Select Market,28366516261.05,18/11/2010,LPLA,LPLA,360.25
MTD.N,Mettler-Toledo International Inc.,New York Stock Exchange,28020326299.14,14/11/1997,MTD,MTD,1407.43
CTSH.OQ,Cognizant Technology Solutions Corporation,Nasdaq Stock Exchange Global Select Market,27968080936.81,24/06/1998,CTSH,CTSH,62.09
WSM.N,Williams-Sonoma Inc,New York Stock Exchange,27956577849.73,08/07/1983,WSM,WSM,238.4
HPQ.N,HP Inc,New York Stock Exchange,27911232498.8,17/03/1961,HPQ,HPQ,30.52
FISV.OQ,Fiserv Inc,Nasdaq Stock Exchange Global Select Market,27891164516.45,25/09/1986,FISV,FISV,52.45
QSR.N,Restaurant Brands International Inc.,New York Stock Exchange,27642564231.9,10/12/2014,QSR,QSR,78.07
DOV.N,Dover Corp,New York Stock Exchange,27563654848.5,03/12/1956,DOV,DOV,204.66
AWK.N,"American Water Works Company, Inc.",New York Stock Exchange,27323248697.61,23/04/2008,AWK,AWK,137.49
LH.N,Labcorp Holdings Inc.,New York Stock Exchange,27226892000,24/04/1991,LH,LH,336.54
INSM.OQ,Insmed Incorporated,Nasdaq Stock Exchange Global Select Market,27164475158.17,15/02/1991,INSM,INSM,124.39
DG.N,Dollar General Corp,New York Stock Exchange,27083628518.66,13/11/2009,DG,DG,122.78
DGX.N,Quest Diagnostics Inc,New York Stock Exchange,27041473200,17/12/1996,DGX,DGX,245
FE.N,FirstEnergy Corp,New York Stock Exchange,27039844022.36,13/09/1946,FE,FE,46.73
ES.N,Eversource Energy,New York Stock Exchange,26996279619.18,20/02/1967,ES,ES,71.67
CPAY.N,"Corpay, Inc.",New York Stock Exchange,26718860621.07,15/12/2010,CPAY,CPAY,406.93
XYL.N,Xylem Inc,New York Stock Exchange,26482074217.04,13/10/2011,XYL,XYL,112.65
VRSN.OQ,"VeriSign, Inc.",Nasdaq Stock Exchange Global Select Market,26456997000,29/01/1998,VRSN,VRSN,292.99
CINF.OQ,Cincinnati Financial Corporation,Nasdaq Stock Exchange Global Select Market,26456545397.1,17/03/1980,CINF,CINF,172.38
PPL.N,PPL Corp,New York Stock Exchange,26354120331.82,17/09/1948,PPL,PPL,34.44
RF.N,Regions Financial Corporation,New York Stock Exchange,26154235834.2,17/03/1980,RF,RF,30.4
CNP.N,"CenterPoint Energy, Inc.",New York Stock Exchange,26078736201.92,16/08/1943,CNP,CNP,39.59
SW.N,Smurfit WestRock PLC,New York Stock Exchange,25995355320.48,14/03/2007,SW,SW,48.63
TPR.N,"Tapestry, Inc.",New York Stock Exchange,25970766059.5,05/10/2000,TPR,TPR,123.24
INCY.OQ,Incyte Corp,Nasdaq Stock Exchange Global Select Market,25969635217.52,06/12/1993,INCY,INCY,128.12
SYF.N,Synchrony Financial,New York Stock Exchange,25958085615.2,31/07/2014,SYF,SYF,79.93
WRB.N,W. R. Berkley Corporation,New York Stock Exchange,25492194416.43,19/10/1973,WRB,WRB,68.34
TPL.N,Texas Pacific Land Corporation,New York Stock Exchange,25479247900.2,17/03/1980,TPL,TPL,369.71
PPG.N,"PPG Industries, Inc.",New York Stock Exchange,25435566000,17/12/1945,PPG,PPG,113.47
DLTR.OQ,Dollar Tree Inc,Nasdaq Stock Exchange Global Select Market,25401637041.84,06/03/1995,DLTR,DLTR,132.18
TSEM.OQ,Tower Semiconductor Ltd.,Nasdaq Stock Exchange Global Select Market,25005848130,01/01/1994,TSEM,TSEM,221.23
HUBB.N,Hubbell Inc,New York Stock Exchange,24961276494.66,29/10/2009,HUBB,HUBB,472.46
ECHO.OQ,EchoStar Corporation,Nasdaq Stock Exchange Global Select Market,24868909511.88,31/12/2007,ECHO,ECHO,85.61
DRI.N,Darden Restaurants Inc,New York Stock Exchange,24844071630.36,09/05/1995,DRI,DRI,218.81
JBHT.OQ,"J.B. Hunt Transport Services, Inc.",Nasdaq Stock Exchange Global Select Market,24759734517.96,01/01/1983,JBHT,JBHT,263.64
EXPD.N,Expeditors International of Washington Inc,New York Stock Exchange,24721616491.96,06/06/2005,EXPD,EXPD,190.18
WST.N,"West Pharmaceutical Services, Inc.",New York Stock Exchange,24625886639.04,27/07/1923,WST,WST,346.09
GPN.N,Global Payments Inc,New York Stock Exchange,24598925534.4,12/01/2001,GPN,GPN,92.96
FICO.N,Fair Isaac Corporation,New York Stock Exchange,24485238799.5,22/07/1987,FICO,FICO,1133.7
VRSK.OQ,"Verisk Analytics, Inc.",Nasdaq Stock Exchange Global Select Market,24452409974.44,07/10/2009,VRSK,VRSK,187.87
NRG.N,NRG Energy Inc,New York Stock Exchange,24413845495.62,05/02/2004,NRG,NRG,114.41
CHD.N,Church & Dwight Co Inc,New York Stock Exchange,24398793874.02,17/03/1980,CHD,CHD,102.86
PHM.N,"PulteGroup, Inc.",New York Stock Exchange,24374453776.2,29/06/1983,PHM,PHM,126.75
BRO.N,Brown & Brown Inc,New York Stock Exchange,24352941782.46,08/12/1997,BRO,BRO,72.78
FCNCA.OQ,"First Citizens BancShares, Inc. (Delaware)",Nasdaq Stock Exchange Global Select Market,24193353065.7,22/10/1986,FCNCA,FCNCA,2177.22
SMCI.OQ,Super Micro Computer Inc,Nasdaq Stock Exchange Global Select Market,24185062576.03,29/03/2007,SMCI,SMCI,37.39
OMC.N,Omnicom Group Inc,New York Stock Exchange,24112267039.63,17/03/1980,OMC,OMC,87.89
PFG.OQ,Principal Financial Group Inc,Nasdaq Stock Exchange Global Select Market,24024681766.61,26/10/2001,PFG,PFG,112.21
TROW.OQ,"T. Rowe Price Group, Inc.",Nasdaq Stock Exchange Global Select Market,24008698917.5,04/01/1986,TROW,TROW,112.55
CRS.N,Carpenter Technology Corporation,New York Stock Exchange,23971478374.2,22/05/1981,CRS,CRS,483.7
KEY.N,KeyCorp,New York Stock Exchange,23572869757.86,17/03/1980,KEY,KEY,22.02
ULTA.OQ,Ulta Beauty Inc,Nasdaq Stock Exchange Global Select Market,23351363842.09,25/10/2007,ULTA,ULTA,543.19
AER.N,AerCap Holdings N.V.,New York Stock Exchange,23138256638.95,20/11/2006,AER,AER,149.83
STE.N,STERIS plc,New York Stock Exchange,23085101044.7,03/11/2015,STE,STE,232.97
STZ.N,"Constellation Brands, Inc.",New York Stock Exchange,22961160451.3,07/07/1986,STZ,STZ,131.43
CW.N,Curtiss-Wright Corporation,New York Stock Exchange,22879410680.24,17/03/1980,CW,CW,619.46
L.N,Loews Corporation,New York Stock Exchange,22683299811.2,13/03/1959,L,L,109.82
FFIV.OQ,F5 Inc,Nasdaq Stock Exchange Global Select Market,22627655655.38,04/06/1999,FFIV,FFIV,399.59
RGLD.OQ,"Royal Gold, Inc.",Nasdaq Stock Exchange Global Select Market,22549471861.98,09/06/1981,RGLD,RGLD,266.14
XPO.N,"XPO, Inc.",New York Stock Exchange,22534461053.9,12/05/2004,XPO,XPO,191.61
MKL.N,Markel Group Inc.,New York Stock Exchange,22494836046.06,12/12/1986,MKL,MKL,1805.82
EFX.N,Equifax Inc.,New York Stock Exchange,22387921781.76,11/05/1971,EFX,EFX,190.56
IFF.N,International Flavors & Fragrances Inc.,New York Stock Exchange,22228664776.56,02/03/1964,IFF,IFF,87.12
UTHR.OQ,United Therapeutics Corporation,Nasdaq Stock Exchange Global Select Market,22160762742.56,17/06/1999,UTHR,UTHR,516.68
FSLR.OQ,"First Solar, Inc.",Nasdaq Stock Exchange Global Select Market,22131253442.84,17/11/2006,FSLR,FSLR,205.93
THC.N,Tenet Healthcare Corp,New York Stock Exchange,22077504610,22/05/1981,THC,THC,267.75
CDE.N,"Coeur Mining, Inc.",New York Stock Exchange,22038926357.12,17/03/1980,CDE,CDE,21.44
PKG.N,Packaging Corp of America,New York Stock Exchange,21978768397.32,28/01/2000,PKG,PKG,243.69
IP.N,International Paper Co,New York Stock Exchange,21918897954.05,06/10/1941,IP,IP,39.88
ENTG.OQ,Entegris Inc,Nasdaq Stock Exchange Global Select Market,21767888000,11/07/2000,ENTG,ENTG,142.46
BG.N,Bunge Global SA,New York Stock Exchange,21757490679.75,07/08/2001,BG,BG,113.25
CMS.N,CMS Energy Corporation,New York Stock Exchange,21708945125.28,03/02/1947,CMS,CMS,69.23
RL.N,Ralph Lauren Corporation,New York Stock Exchange,21587836834.48,12/06/1997,RL,RL,351.9
GIS.N,General Mills Inc,New York Stock Exchange,21427949237.76,30/11/1928,GIS,GIS,40.08
FIS.N,Fidelity National Information Services Inc,New York Stock Exchange,20958288466.88,20/06/2001,FIS,FIS,40.64
LEN.N,Lennar Corp,New York Stock Exchange,20947212351.24,27/07/1972,LEN,LEN,85.11
MTSI.OQ,"MACOM Technology Solutions Holdings, Inc.",Nasdaq Stock Exchange Global Select Market,20823298046.46,15/03/2012,MTSI,MTSI,272.66
BR.N,Broadridge Financial Solutions Inc,New York Stock Exchange,20706358516.8,22/03/2007,BR,BR,181.6
FTAI.OQ,FTAI Aviation Ltd.,Nasdaq Stock Exchange Global Select Market,20671856205.57,14/05/2015,FTAI,FTAI,201.27
SNA.N,Snap-On Inc,New York Stock Exchange,20560497247.52,27/02/1978,SNA,SNA,395.84
WWD.OQ,"Woodward, Inc.",Nasdaq Stock Exchange Global Select Market,20424539596.2,28/10/1993,WWD,WWD,345.91
SNX.N,TD SYNNEX Corporation,New York Stock Exchange,20403074747.84,25/11/2003,SNX,SNX,260.13
LYB.N,LyondellBasell Industries N.V.,New York Stock Exchange,20228636554.24,28/04/2010,LYB,LYB,63.06
WES.N,Western Midstream Partners LP,New York Stock Exchange,20051362998.29,07/12/2012,WES,WES,47.81
MTZ.N,MasTec Inc,New York Stock Exchange,19974249716.04,17/03/1980,MTZ,MTZ,251.13
RS.N,"Reliance, Inc.",New York Stock Exchange,19970499733.8,16/09/1994,RS,RS,391.69
LUV.N,Southwest Airlines Co,New York Stock Exchange,19896097534.67,27/06/1977,LUV,LUV,39.76
TSN.N,Tyson Foods Inc,New York Stock Exchange,19894375503.6,17/03/1980,TSN,TSN,55.35
BURL.N,"Burlington Stores, Inc.",New York Stock Exchange,19763223261.94,02/10/2013,BURL,BURL,313.99
SBAC.OQ,SBA Communications Corp,Nasdaq Stock Exchange Global Select Market,19730266697.8,16/06/1999,SBAC,SBAC,185.98
NI.N,NiSource Inc.,New York Stock Exchange,19724306913,19/12/1962,NI,NI,40.96
SSNC.OQ,"SS&C Technologies Holdings, Inc.",Nasdaq Stock Exchange Global Select Market,19488097417.8,31/03/2010,SSNC,SSNC,83.05
VTRS.OQ,Viatris Inc.,Nasdaq Stock Exchange Global Select Market,19353756058.4,01/02/1973,VTRS,VTRS,16.85
ZBH.N,"Zimmer Biomet Holdings, Inc.",New York Stock Exchange,19336986910.82,25/07/2001,ZBH,ZBH,99.48
GPC.N,Genuine Parts Co,New York Stock Exchange,19230057643.42,20/08/1986,GPC,GPC,139.49
CF.N,CF Industries Holdings Inc,New York Stock Exchange,19023202941,11/08/2005,CF,CF,125.7
EVRG.OQ,"Evergy, Inc.",Nasdaq Stock Exchange Global Select Market,18959538553.56,17/03/1980,EVRG,EVRG,82.23
ITT.N,ITT Inc,New York Stock Exchange,18809760000,15/12/1995,ITT,ITT,207.95
NDSN.OQ,Nordson Corporation,Nasdaq Stock Exchange Global Select Market,18635893876.28,18/03/1980,NDSN,NDSN,334.58
ESS.N,"Essex Property Trust, Inc.",New York Stock Exchange,18520236066.63,07/06/1994,ESS,ESS,288.17
BBY.N,"Best Buy Co., Inc.",New York Stock Exchange,18429477497.44,20/07/1987,BBY,BBY,87.44
TSCO.OQ,Tractor Supply Company,Nasdaq Stock Exchange Global Select Market,18241615196.37,17/02/1994,TSCO,TSCO,35.01
PAA.OQ,Plains All American Pipeline LP,Nasdaq Stock Exchange Global Select Market,18083668369.8,18/11/1998,PAA,PAA,25.63
EWBC.OQ,"East West Bancorp, Inc.",Nasdaq Stock Exchange Global Select Market,17870456378.08,08/02/1999,EWBC,EWBC,130.43
LNT.OQ,Alliant Energy Corp,Nasdaq Stock Exchange Global Select Market,17869901455.08,30/03/1976,LNT,LNT,68.92
OVV.N,Ovintiv Inc.,New York Stock Exchange,17854234028.48,21/08/2001,OVV,OVV,65.18
BEN.N,"Franklin Templeton, Inc.",New York Stock Exchange,17787772619.1,05/12/1986,BEN,BEN,35.01
BIP.N,Brookfield Infrastructure Partners LP,New York Stock Exchange,17781973437.9,10/01/2008,BIP,BIP,38.85
JLL.N,Jones Lang LaSalle Incorporated,New York Stock Exchange,17762653974.24,17/07/1997,JLL,JLL,378.75
GEN.OQ,Gen Digital Inc.,Nasdaq Stock Exchange Global Select Market,17742119628.48,23/06/1989,GEN,GEN,29.64
J.N,Jacobs Solutions Inc,New York Stock Exchange,17733690338.72,15/12/1989,J,J,150.62
CHRW.OQ,"C.H. Robinson Worldwide, Inc.",Nasdaq Stock Exchange Global Select Market,17729841376.34,15/10/1997,CHRW,CHRW,151.73
CDW.OQ,CDW Corporation,Nasdaq Stock Exchange Global Select Market,17684965081.96,27/06/2013,CDW,CDW,141.46
ROL.N,Rollins Inc,New York Stock Exchange,17658036326.8,17/03/1980,ROL,ROL,35.94
CHTR.OQ,"Charter Communications, Inc.",Nasdaq Stock Exchange Global Select Market,17632330397.77,02/12/2009,CHTR,CHTR,153.89
NWSA.OQ,News Corporation,Nasdaq Stock Exchange Global Select Market,17523738925.96,19/06/2013,NWSA,NWSA,30.96
JHX.N,James Hardie Industries PLC,New York Stock Exchange,17502753013.2,15/10/2001,JHX,JHX,29.77
CG.OQ,Carlyle Group Inc,Nasdaq Stock Exchange Global Select Market,17456743774.02,03/05/2012,CG,CG,48.99
WY.N,Weyerhaeuser Company,New York Stock Exchange,17355322880,06/12/1963,WY,WY,23.7
IEX.N,IDEX Corporation,New York Stock Exchange,17316066371.44,02/06/1989,IEX,IEX,234.89
LDOS.N,"Leidos Holdings, Inc.",New York Stock Exchange,17246394282.87,13/10/2006,LDOS,LDOS,139.86
NLY.N,Annaly Capital Management Inc,New York Stock Exchange,17229912144.12,08/10/1997,NLY,NLY,23.06
DINO.N,HF Sinclair Corporation,New York Stock Exchange,17159697105.48,17/03/1980,DINO,DINO,96.52
ZBRA.OQ,Zebra Technologies Corp,Nasdaq Stock Exchange Global Select Market,17024267894.4,15/08/1991,ZBRA,ZBRA,359.84
FLUT.N,Flutter Entertainment PLC,New York Stock Exchange,17017244342.12,30/11/2000,FLUT,FLUT,98.06
NVR.N,"NVR, Inc.",New York Stock Exchange,16970148263.2,25/06/1987,NVR,NVR,6365.45
BALL.N,Ball Corp,New York Stock Exchange,16954250015.85,17/12/1973,BALL,BALL,64.05
LSCC.OQ,Lattice Semiconductor Corporation,Nasdaq Stock Exchange Global Select Market,16949892660.48,09/11/1989,LSCC,LSCC,119.34
WCC.N,"WESCO International, Inc.",New York Stock Exchange,16939540050.4,12/05/1999,WCC,WCC,350.66
H.N,Hyatt Hotels Corp,New York Stock Exchange,16733617211.52,05/11/2009,H,H,177.57
CLH.N,Clean Harbors Inc,New York Stock Exchange,16557776080.16,24/11/1987,CLH,CLH,313.67
PTC.OQ,PTC Inc.,Nasdaq Stock Exchange Global Select Market,16450634230.21,08/12/1989,PTC,PTC,151.61
ASND.OQ,Ascendis Pharma A/S,Nasdaq Stock Exchange Global Select Market,16434739321,28/01/2015,ASND,ASND,250.25
RBC.N,RBC Bearings Incorporated,New York Stock Exchange,16271268967.75,10/08/2005,RBC,RBC,509
WPC.N,W. P. Carey Inc.,New York Stock Exchange,16209170940.85,21/01/1998,WPC,WPC,70.38
TRU.N,TransUnion,New York Stock Exchange,16190200000,25/06/2015,TRU,TRU,84.67
JAZZ.OQ,Jazz Pharmaceuticals PLC,Nasdaq Stock Exchange Global Select Market,16182554900.33,18/01/2012,JAZZ,JAZZ,249.29
PFGC.N,Performance Food Group Company,New York Stock Exchange,16142409789.04,01/10/2015,PFGC,PFGC,102.12
KIM.N,Kimco Realty Corp,New York Stock Exchange,16119068633.19,22/11/1991,KIM,KIM,23.81
TIGO.OQ,Millicom International Cellular S.A.,Nasdaq Stock Exchange Global Select Market,16110785255.04,01/01/2004,TIGO,TIGO,96.16
RGA.N,"Reinsurance Group of America, Incorporated",New York Stock Exchange,16100125505.75,03/05/1993,RGA,RGA,246.02
NBIX.OQ,"Neurocrine Biosciences, Inc.",Nasdaq Stock Exchange Global Select Market,15917245252.79,23/05/1996,NBIX,NBIX,156.59
GWRE.N,"Guidewire Software, Inc.",New York Stock Exchange,15907793469.48,24/11/2011,GWRE,GWRE,191.07
ALB.N,Albemarle Corp,New York Stock Exchange,15872860217.07,22/02/1994,ALB,ALB,134.51
LECO.OQ,"Lincoln Electric Holdings, Inc.",Nasdaq Stock Exchange Global Select Market,15813210220.84,27/10/1993,LECO,LECO,290.12
ARMK.N,Aramark,New York Stock Exchange,15690962618.88,12/12/2013,ARMK,ARMK,59.52
FN.N,Fabrinet,New York Stock Exchange,15688503459.2,25/06/2010,FN,FN,437.8
AKAM.OQ,Akamai Technologies Inc,Nasdaq Stock Exchange Global Select Market,15530016768.54,29/10/1999,AKAM,AKAM,108.06
LAMR.OQ,Lamar Advertising Co,Nasdaq Stock Exchange Global Select Market,15433520974.32,02/08/1996,LAMR,LAMR,151.98
HST.OQ,"Host Hotels & Resorts, Inc.",Nasdaq Stock Exchange Global Select Market,15367340269.57,29/12/1998,HST,HST,22.43
PNFP.N,"Pinnacle Financial Partners, Inc.",New York Stock Exchange,15350021971.2,18/08/2000,PNFP,PNFP,100.98
MAA.N,Mid-America Apartment Communities Inc,New York Stock Exchange,15256887345.5,28/01/1994,MAA,MAA,128.79
SUI.N,Sun Communities Inc,New York Stock Exchange,15254351854.68,09/12/1993,SUI,SUI,123.19
STRL.OQ,"Sterling Infrastructure, Inc.",Nasdaq Stock Exchange Global Select Market,15215034738.38,12/07/1991,STRL,STRL,497.41
SWK.N,Stanley Black & Decker Inc,New York Stock Exchange,15065420106.16,15/06/1966,SWK,SWK,99.24
DOC.N,"Healthpeak Properties, Inc",New York Stock Exchange,14879998270.8,23/05/1985,DOC,DOC,21.58
MKC.N,"McCormick & Company, Incorporated",New York Stock Exchange,14808541774.5,17/03/1980,MKC,MKC,54.54
TLN.OQ,Talen Energy Corp,Nasdaq Stock Exchange Global Select Market,14675658389.11,04/06/2015,TLN,TLN,306.29
EG.N,"Everest Group, Ltd.",New York Stock Exchange,14561803518.52,03/10/1995,EG,EG,379.78
IVZ.N,Invesco Ltd,New York Stock Exchange,14560662744.4,25/08/1995,IVZ,IVZ,33.31
QXO.N,QXO Inc,New York Stock Exchange,14545619740.18,05/03/2004,QXO,QXO,13.86
CSL.N,Carlisle Companies Incorporated,New York Stock Exchange,14524252720.76,06/01/1960,CSL,CSL,365.72
MAS.N,Masco Corporation,New York Stock Exchange,14512994848,05/05/1969,MAS,MAS,72.79
UNM.N,Unum Group,New York Stock Exchange,14486655084.98,06/11/1986,UNM,UNM,92.45
TYL.N,"Tyler Technologies, Inc.",New York Stock Exchange,14441819426.1,17/03/1980,TYL,TYL,369.88
APA.OQ,APA Corporation,Nasdaq Stock Exchange Global Select Market,14430978696.9,27/05/1969,APA,APA,41.19
CNH.N,CNH Industrial N.V.,New York Stock Exchange,14382375631.96,30/09/2013,CNH,CNH,11.62
TXT.N,Textron Inc,New York Stock Exchange,14328230055.27,22/12/1947,TXT,TXT,82.35
ONTO.N,Onto Innovation Inc.,New York Stock Exchange,14323791214.36,28/11/1984,ONTO,ONTO,292.62
ARCC.OQ,Ares Capital Corp,Nasdaq Stock Exchange Global Select Market,14288654615.5,08/10/2012,ARCC,ARCC,19.9
PAG.N,Penske Automotive Group Inc,New York Stock Exchange,14264602530.52,23/10/1996,PAG,PAG,217.85
W.N,Wayfair Inc.,New York Stock Exchange,14244679280,02/10/2014,W,W,105.01
OHI.N,"Omega Healthcare Investors, Inc.",New York Stock Exchange,14232520610,07/08/1992,OHI,OHI,46.29
AIZ.N,Assurant Inc,New York Stock Exchange,14230400017.17,04/02/2004,AIZ,AIZ,288.51
FIVE.OQ,"Five Below, Inc.",Nasdaq Stock Exchange Global Select Market,14230258579.85,19/07/2012,FIVE,FIVE,257.35
COO.OQ,"The Cooper Companies, Inc.",Nasdaq Stock Exchange Global Select Market,14174826188.4,21/01/1983,COO,COO,72.68
MLI.N,Mueller Industries Inc,New York Stock Exchange,14173303343.04,25/02/1991,MLI,MLI,64.18
RVTY.N,"Revvity, Inc.",New York Stock Exchange,14098941766.35,06/07/1965,RVTY,RVTY,129.71
CRL.N,"Charles River Laboratories International, Inc.",New York Stock Exchange,14087741127.2,23/06/2000,CRL,CRL,295.1
BWXT.N,BWX Technologies Inc,New York Stock Exchange,14032822456.8,10/07/2010,BWXT,BWXT,153.16
SJM.N,The J. M. Smucker Company,New York Stock Exchange,13990682321,20/10/1965,SJM,SJM,131.84
REG.OQ,Regency Centers Corp,Nasdaq Stock Exchange Global Select Market,13986747379.86,29/10/1993,REG,REG,76.38
TRMB.OQ,Trimble Inc,Nasdaq Stock Exchange Global Select Market,13916173328.64,20/07/1990,TRMB,TRMB,59.68
HL.N,Hecla Mining Co,New York Stock Exchange,13905606521.7,17/03/1980,HL,HL,20.7
EXEL.OQ,Exelixis Inc,Nasdaq Stock Exchange Global Select Market,13900552921.2,11/04/2000,EXEL,EXEL,56.1
AVY.N,Avery Dennison Corp,New York Stock Exchange,13818451930.86,01/01/1961,AVY,AVY,182.33
CACI.N,CACI International Inc,New York Stock Exchange,13806465994.86,16/08/2002,CACI,CACI,624.74
RNR.N,RenaissanceRe Holdings Ltd.,New York Stock Exchange,13784009464.89,24/07/1996,RNR,RNR,330.41
BAX.N,Baxter International Inc.,New York Stock Exchange,13700393973.5,15/05/1961,BAX,BAX,26.5
TOL.N,Toll Brothers Inc,New York Stock Exchange,13687090240,16/07/1986,TOL,TOL,145.13
RPM.N,RPM International Inc,New York Stock Exchange,13657879617.8,09/01/1998,RPM,RPM,105.7
ALLE.N,Allegion PLC,New York Stock Exchange,13629696060.08,18/11/2013,ALLE,ALLE,160.28
LII.N,Lennox International Inc,New York Stock Exchange,13607228961,28/07/1999,LII,LII,391.15
HAS.OQ,"Hasbro, Inc.",Nasdaq Stock Exchange Global Select Market,13581171727.43,10/10/1968,HAS,HAS,96.29
GL.N,Globe Life Inc.,New York Stock Exchange,13490920420.85,31/12/1980,GL,GL,175.55
ERIE.OQ,Erie Indemnity Co,Nasdaq Stock Exchange Global Select Market,13452614340.36,02/10/1995,ERIE,ERIE,257.27
TXRH.OQ,Texas Roadhouse Inc,Nasdaq Stock Exchange Global Select Market,13382871992.88,05/10/2004,TXRH,TXRH,203.88
CNA.N,CNA Financial Corp,New York Stock Exchange,13381215889.6,22/05/1981,CNA,CNA,49.45
SEIC.OQ,SEI Investments Company,Nasdaq Stock Exchange Global Select Market,13295724981.96,25/03/1981,SEIC,SEIC,110.78
SGI.N,Somnigroup International Inc.,New York Stock Exchange,13217263799.53,18/12/2003,SGI,SGI,62.48
LULU.OQ,lululemon athletica inc.,Nasdaq Stock Exchange Global Select Market,13211998359.3,01/05/2007,LULU,LULU,116.35
CHKP.OQ,Check Point Software Technologies Ltd.,Nasdaq Stock Exchange Global Select Market,13176086817.7,28/06/1996,CHKP,CHKP,129.05
BWA.N,BorgWarner Inc.,New York Stock Exchange,13175176440.26,13/08/1993,BWA,BWA,64.69
SMTC.OQ,Semtech Corporation,Nasdaq Stock Exchange Global Select Market,13115684454.4,17/03/1980,SMTC,SMTC,140.8
HRL.N,Hormel Foods Corp,New York Stock Exchange,13047967677.89,16/01/1990,HRL,HRL,23.71
ICLR.OQ,ICON PLC,Nasdaq Stock Exchange Global Select Market,13033660526.37,15/05/1998,ICLR,ICLR,168.93
CSGP.OQ,"CoStar Group, Inc.",Nasdaq Stock Exchange Global Select Market,13023050478.32,01/07/1998,CSGP,CSGP,32.14
BFb.N,Brown-Forman Corporation,New York Stock Exchange,12989832470.4,17/03/1980,BF.B,BF B,28.07
WSO.N,"Watsco, Inc.",New York Stock Exchange,12978678578.74,16/06/1994,WSO,WSO,313.05
CCK.N,Crown Holdings Inc,New York Stock Exchange,12951201649.88,17/03/1980,CCK,CCK,119.08
ALLY.N,Ally Financial Inc,New York Stock Exchange,12940654940.22,10/04/2014,ALLY,ALLY,42.54
COKE.OQ,Coca-Cola Consolidated Inc,Nasdaq Stock Exchange Global Select Market,12914804321.88,10/05/1972,COKE,COKE,194.02
GGG.N,Graco Inc.,New York Stock Exchange,12891524390.4,17/03/1980,GGG,GGG,79.6
TTMI.OQ,TTM Technologies Inc,Nasdaq Stock Exchange Global Select Market,12820956748.8,21/09/2000,TTMI,TTMI,121.7
AGNC.OQ,AGNC Investment Corp.,Nasdaq Stock Exchange Global Select Market,12815054442.07,15/05/2008,AGNC,AGNC,10.81
FNF.N,Fidelity National Financial Inc,New York Stock Exchange,12733795425.96,27/02/1987,FNF,FNF,47.48
PEN.N,"Penumbra, Inc.",New York Stock Exchange,12724752777.1,18/09/2015,PEN,PEN,321
BMRN.OQ,BioMarin Pharmaceutical Inc.,Nasdaq Stock Exchange Global Select Market,12700374327.99,23/07/1999,BMRN,BMRN,65.61
WTS.N,"Watts Water Technologies, Inc.",New York Stock Exchange,12623466527,21/08/1986,WTS,WTS,372.37
CLX.N,The Clorox Company,New York Stock Exchange,12604638651.15,01/08/1928,CLX,CLX,104.23
ARWR.OQ,"Arrowhead Pharmaceuticals, Inc.",Nasdaq Stock Exchange Global Select Market,12588598099.04,14/12/1993,ARWR,ARWR,89.12
MANH.OQ,"Manhattan Associates, Inc.",Nasdaq Stock Exchange Global Select Market,12587460405.08,23/04/1998,MANH,MANH,215.89
AIT.N,"Applied Industrial Technologies, Inc.",New York Stock Exchange,12567156248.64,06/05/1905,AIT,AIT,342.44
ELS.N,Equity LifeStyle Properties Inc,New York Stock Exchange,12546277618.35,25/02/1993,ELS,ELS,64.65
MDGL.OQ,"Madrigal Pharmaceuticals, Inc.",Nasdaq Stock Exchange Global Select Market,12450351418.88,06/02/2007,MDGL,MDGL,538.88
GLPI.OQ,"Gaming and Leisure Properties, Inc.",Nasdaq Stock Exchange Global Select Market,12384466230.51,14/10/2013,GLPI,GLPI,42.57
AMH.N,American Homes 4 Rent,New York Stock Exchange,12291281049.04,01/08/2013,AMH,AMH,34.16
JEF.N,Jefferies Financial Group Inc,New York Stock Exchange,12249242158.23,07/10/1968,JEF,JEF,52.84
JKHY.OQ,Jack Henry & Associates Inc,Nasdaq Stock Exchange Global Select Market,12248443964.2,21/11/1985,JKHY,JKHY,172.39
SF.N,Stifel Financial Corp.,New York Stock Exchange,12196410055.18,19/07/1983,SF,SF,80.81
GNRC.N,Generac Holdings Inc.,New York Stock Exchange,12191894309.82,11/02/2010,GNRC,GNRC,206.62
UDR.N,"UDR, Inc.",New York Stock Exchange,12185551940.46,17/03/1980,UDR,UDR,37.08
IT.N,"Gartner, Inc.",New York Stock Exchange,12185226408.96,05/10/1993,IT,IT,196.6
DECK.N,Deckers Outdoor Corporation,New York Stock Exchange,12184190745.79,01/10/1993,DECK,DECK,89.47
MOGa.N,Moog Inc,New York Stock Exchange,12165810308.44,22/05/1981,MOG.A,MOG A,383.23
HALO.OQ,"Halozyme Therapeutics, Inc.",Nasdaq Stock Exchange Global Select Market,12151095880,30/01/2003,HALO,HALO,107.06
GDDY.N,GoDaddy Inc.,New York Stock Exchange,12099921640.16,02/04/2015,GDDY,GDDY,95.54
AMKR.OQ,"Amkor Technology, Inc.",Nasdaq Stock Exchange Global Select Market,12025099644.8,01/05/1998,AMKR,AMKR,48.4
AFG.N,"American Financial Group, Inc.",New York Stock Exchange,12021124926.02,17/03/1980,AFG,AFG,144.97
EVR.N,Evercore Inc.,New York Stock Exchange,11961155842.38,11/08/2006,EVR,EVR,291.42
PNW.N,Pinnacle West Capital Corporation,New York Stock Exchange,11960955023.46,28/08/1961,PNW,PNW,97.89
UHAL.N,U-Haul Holding Company,New York Stock Exchange,11947628504.7,31/03/1994,UHAL,UHAL,68.41
EHC.N,Encompass Health Corp,New York Stock Exchange,11915355719.52,24/09/1986,EHC,EHC,120.78
AR.N,Antero Resources Corporation,New York Stock Exchange,11845624670,10/10/2013,AR,AR,38.53
HUBS.N,"HubSpot, Inc.",New York Stock Exchange,11822278933.08,09/10/2014,HUBS,HUBS,237.08
HII.N,"HUNTINGTON INGALLS INDUSTRIES, INC.",New York Stock Exchange,11679522847.2,19/03/2011,HII,HII,296.4
NVMI.OQ,Nova Ltd.,Nasdaq Stock Exchange Global Select Market,11652187082.35,11/04/2000,NVMI,NVMI,366.35
FHN.N,First Horizon Corporation,New York Stock Exchange,11640704772.06,28/07/1999,FHN,FHN,24.57
SCI.N,Service Corporation International,New York Stock Exchange,11636575698.06,22/05/1981,SCI,SCI,83.47
DKS.N,"DICK'S Sporting Goods, Inc.",New York Stock Exchange,11604898947.42,16/10/2002,DKS,DKS,129.66
WTRG.N,Essential Utilities Inc,New York Stock Exchange,11566815939.8,22/05/1981,WTRG,WTRG,40.55
OC.N,Owens Corning,New York Stock Exchange,11518183599.93,23/10/2006,OC,OC,143.68
DVA.N,DaVita Inc,New York Stock Exchange,11487190000,31/10/1995,DVA,DVA,180.05
DPZ.OQ,"Domino's Pizza, Inc.",Nasdaq Stock Exchange Global Select Market,11398642611.6,13/07/2004,DPZ,DPZ,344.56
TECH.OQ,Bio-Techne Corporation,Nasdaq Stock Exchange Global Select Market,11350504066.44,09/02/1989,TECH,TECH,72.38
AEIS.OQ,"Advanced Energy Industries, Inc.",Nasdaq Stock Exchange Global Select Market,11336678112.52,17/11/1995,AEIS,AEIS,283.06
KNX.N,Knight-Swift Transportation Holdings Inc.,New York Stock Exchange,11319679800,16/12/2010,KNX,KNX,68.9
ALGN.OQ,"Align Technology, Inc.",Nasdaq Stock Exchange Global Select Market,11305282047.28,26/01/2001,ALGN,ALGN,159.14
BXP.N,"BXP, Inc.",New York Stock Exchange,11224207386.8,18/06/1997,BXP,BXP,70.3
GMED.N,"Globus Medical, Inc.",New York Stock Exchange,11157165053.4,08/03/2012,GMED,GMED,83.1
DCI.N,"Donaldson Company, Inc.",New York Stock Exchange,11039368973.44,17/05/1980,DCI,DCI,95.24
NYT.N,The New York Times Company,New York Stock Exchange,11035022954.12,17/03/1980,NYT,NYT,68.12
CYTK.OQ,"Cytokinetics, Incorporated",Nasdaq Stock Exchange Global Select Market,11010654705.6,29/04/2004,CYTK,CYTK,79.2
RRX.N,Regal Rexnord Corporation,New York Stock Exchange,11005637859.09,22/05/1905,RRX,RRX,163.92
MGM.N,MGM Resorts International,New York Stock Exchange,10934221175.76,13/12/1989,MGM,MGM,42.97
UMBF.OQ,UMB Financial Corp,Nasdaq Stock Exchange Global Select Market,10886677300.2,17/03/1980,UMBF,UMBF,143.34
BPOP.OQ,"Popular, Inc.",Nasdaq Stock Exchange Global Select Market,10826400544.75,17/03/1980,BPOP,BPOP,169.75
TX.N,Ternium SA,New York Stock Exchange,10822442288.14,01/02/2006,TX,TX,55.83
CPT.N,Camden Property Trust,New York Stock Exchange,10819039453.5,22/07/1993,CPT,CPT,107.61
EGP.N,"EastGroup Properties, Inc.",New York Stock Exchange,10796606587.26,17/03/1980,EGP,EGP,200.78
WMS.N,Advanced Drainage Systems Inc,New York Stock Exchange,10666839679.32,25/07/2014,WMS,WMS,138.81
GKOS.N,Glaukos Corporation,New York Stock Exchange,10650729504.09,25/06/2015,GKOS,GKOS,180.57
SANM.OQ,Sanmina Corporation,Nasdaq Stock Exchange Global Select Market,10646578795.84,14/04/1993,SANM,SANM,198.64
LFUS.OQ,"Littelfuse, Inc.",Nasdaq Stock Exchange Global Select Market,10634963343.84,22/09/1992,LFUS,LFUS,418.72
ALSN.N,"Allison Transmission Holdings, Inc.",New York Stock Exchange,10634399733.64,15/03/2012,ALSN,ALSN,128.78
GSAT.OQ,"Globalstar, Inc.",Nasdaq Stock Exchange Global Select Market,10600876569.8,02/11/2006,GSAT,GSAT,81.82
MOH.N,Molina Healthcare Inc,New York Stock Exchange,10566846000,02/07/2003,MOH,MOH,198.75
ARW.N,"Arrow Electronics, Inc.",New York Stock Exchange,10542513103.3,26/02/1979,ARW,ARW,207.1
UHS.N,Universal Health Services Inc,New York Stock Exchange,10531365865.35,10/07/1981,UHS,UHS,172.58
IONS.OQ,"Ionis Pharmaceuticals, Inc.",Nasdaq Stock Exchange Global Select Market,10529438641.92,17/05/1991,IONS,IONS,63.36
ENSG.OQ,"The Ensign Group, Inc.",Nasdaq Stock Exchange Global Select Market,10527556053.42,12/11/2007,ENSG,ENSG,180.63
FLS.N,Flowserve Corporation,New York Stock Exchange,10524938184,23/07/1997,FLS,FLS,82.8
AES.N,The AES Corporation,New York Stock Exchange,10508951019.9,26/06/1991,AES,AES,14.73
FDS.N,FactSet Research Systems Inc.,New York Stock Exchange,10507839679.35,28/06/1996,FDS,FDS,295.45
PAYC.N,"Paycom Software, Inc.",New York Stock Exchange,10470587809.89,15/04/2014,PAYC,PAYC,237.04
HUT.OQ,Hut 8 Corp,Nasdaq Stock Exchange Global Select Market,10457986900,10/04/2012,HUT,HUT,85
CGNX.OQ,Cognex Corporation,Nasdaq Stock Exchange Global Select Market,10382775528.24,20/07/1989,CGNX,CGNX,61.72
WTFC.OQ,Wintrust Financial Corp,Nasdaq Stock Exchange Global Select Market,10329039547.7,16/09/1974,WTFC,WTFC,153.1
SSB.N,SouthState Bank Corp,New York Stock Exchange,10314211436.24,28/01/1997,SSB,SSB,106.05
SPXC.N,SPX Technologies Inc,New York Stock Exchange,10302160543.4,02/08/1972,SPXC,SPXC,205.28
DRS.OQ,Leonardo DRS Inc,Nasdaq Stock Exchange Global Select Market,10302012479,24/06/1985,DRS,DRS,38.6
BIO.N,"Bio-Rad Laboratories, Inc.",New York Stock Exchange,10272286276.72,17/03/1980,BIO,BIO,388.64
ORI.N,Old Republic International Corporation,New York Stock Exchange,10248827538.9,19/09/1990,ORI,ORI,42.24
AYI.N,Acuity Inc.,New York Stock Exchange,10218498968.45,14/11/2001,AYI,AYI,341.35
FRT.N,Federal Realty Investment Trust,New York Stock Exchange,10216424258.14,17/12/1984,FRT,FRT,117.58
VIRT.N,Virtu Financial Inc,New York Stock Exchange,10202862922.98,16/04/2015,VIRT,VIRT,67.04
RGEN.OQ,Repligen Corporation,Nasdaq Stock Exchange Global Select Market,10175342466.3,29/04/1986,RGEN,RGEN,180.3
CFR.N,Cullen/Frost Bankers Inc,New York Stock Exchange,10147032126.95,14/08/1997,CFR,CFR,163.27
HSIC.OQ,"Henry Schein, Inc.",Nasdaq Stock Exchange Global Select Market,10072538465.96,03/11/1995,HSIC,HSIC,90.38
EAT.N,Brinker International Inc,New York Stock Exchange,10062443859.3,09/01/1984,EAT,EAT,240.93
PNR.N,Pentair PLC,New York Stock Exchange,10034841537,17/03/1980,PNR,PNR,62.1
SWKS.OQ,"Skyworks Solutions, Inc.",Nasdaq Stock Exchange Global Select Market,10024496736.84,02/06/1998,SWKS,SWKS,66.62
WYNN.OQ,"Wynn Resorts, Limited",Nasdaq Stock Exchange Global Select Market,10005972988.47,25/10/2002,WYNN,WYNN,97.17
ZION.OQ,"Zions Bancorporation, National Association",Nasdaq Stock Exchange Global Select Market,9971533213.6,01/01/1966,ZION,ZION,68.32
MOD.N,Modine Manufacturing Company,New York Stock Exchange,9948010208.4,20/09/1982,MOD,MOD,186.31
PODD.OQ,Insulet Corporation,Nasdaq Stock Exchange Global Select Market,9944005052.62,15/05/2007,PODD,PODD,143.38
KTOS.OQ,"Kratos Defense & Security Solutions, Inc.",Nasdaq Stock Exchange Global Select Market,9936089838.11,05/11/1999,KTOS,KTOS,52.93
EDU.N,New Oriental Education & Technology Group Inc.,New York Stock Exchange,9894471317.64,07/09/2006,EDU,EDU,57.72
DDS.N,"Dillard's, Inc.",New York Stock Exchange,9872274004.55,22/05/1981,DDS,DDS,632.05
DAR.N,Darling Ingredients Inc.,New York Stock Exchange,9862682250,12/09/1997,DAR,DAR,62.5
ONB.OQ,Old National Bancorp,Nasdaq Stock Exchange Global Select Market,9862654600,20/06/1984,ONB,ONB,25.78
VSAT.OQ,Viasat Inc,Nasdaq Stock Exchange Global Select Market,9850917973.1,03/12/1996,VSAT,VSAT,71.51
MUSA.N,Murphy USA Inc.,New York Stock Exchange,9771727679.08,19/08/2013,MUSA,MUSA,509.08
RMBS.OQ,Rambus Inc.,Nasdaq Stock Exchange Global Select Market,9764798118.09,14/05/1997,RMBS,RMBS,90.03
OSK.N,Oshkosh Corp,New York Stock Exchange,9722775672.52,02/10/1985,OSK,OSK,156.71
RRC.N,Range Resources Corporation,New York Stock Exchange,9709383848.25,11/10/1996,RRC,RRC,41.64
MTCH.OQ,"Match Group, Inc.",Nasdaq Stock Exchange Global Select Market,9657209938.95,28/12/1992,MTCH,MTCH,42.07
GLXY.OQ,Galaxy Digital Inc,Nasdaq Stock Exchange Global Select Market,9631507177.6,16/02/2006,GLXY,GLXY,24.64
OGE.N,OGE Energy Corp.,New York Stock Exchange,9616358909.85,27/09/1950,OGE,OGE,46.03
SIRI.OQ,Sirius XM Holdings Inc.,Nasdaq Stock Exchange Global Select Market,9609777062.41,16/01/1968,SIRI,SIRI,28.51
APTV.N,APTIV PLC,New York Stock Exchange,9607194225.37,17/11/2011,APTV,APTV,46.27
MSGS.N,Madison Square Garden Sports Corp.,New York Stock Exchange,9594652491.45,17/09/2015,MSGS,MSGS,393.65
AMG.N,"Affiliated Managers Group, Inc.",New York Stock Exchange,9583432570.47,21/11/1997,AMG,AMG,370.59
R.N,"Ryder System, Inc.",New York Stock Exchange,9572912127.52,19/09/1960,R,R,248.09
VIAV.OQ,Viavi Solutions Inc.,Nasdaq Stock Exchange Global Select Market,9568958329.84,01/11/1993,VIAV,VIAV,38.78
TTC.N,The Toro Company,New York Stock Exchange,9556283736.9,01/01/1978,TTC,TTC,99.45
WLK.N,Westlake Corp,New York Stock Exchange,9534900446.28,11/08/2004,WLK,WLK,73.93
FCFS.OQ,Firstcash Holdings Inc (Texas),Nasdaq Stock Exchange Global Select Market,9533989076,10/06/1991,FCFS,FCFS,219.82
CTRE.N,"CareTrust REIT, Inc.",New York Stock Exchange,9437550368.06,20/05/2014,CTRE,CTRE,39.94
TTEK.OQ,"Tetra Tech, Inc.",Nasdaq Stock Exchange Global Select Market,9368665620.52,07/01/1977,TTEK,TTEK,36.59
DY.N,Dycom Industries Inc,New York Stock Exchange,9337079674.05,24/09/1990,DY,DY,310.91
SAIA.OQ,Saia Inc,Nasdaq Stock Exchange Global Select Market,9331592809.5,11/09/2002,SAIA,SAIA,349.83
PRI.N,"Primerica, Inc.",New York Stock Exchange,9266752311.5,01/04/2010,PRI,PRI,291.44
ARE.N,"Alexandria Real Estate Equities, Inc",New York Stock Exchange,9229893782.9,28/05/1997,ARE,ARE,52.97
VMI.N,"Valmont Industries, Inc.",New York Stock Exchange,9208031168.84,30/08/2002,VMI,VMI,480.53
VOYA.N,"Voya Financial, Inc.",New York Stock Exchange,9199153277.46,05/02/2013,VOYA,VOYA,101.16
FRO.N,Frontline PLC,New York Stock Exchange,9172063026.8,07/07/1997,FRO,FRO,41.2
ADC.N,Agree Realty Corporation,New York Stock Exchange,9163023767.7,15/04/1994,ADC,ADC,73.67
AAL.OQ,American Airlines Group Inc.,Nasdaq Stock Exchange Global Select Market,9161664121.84,09/12/2013,AAL,AAL,13.84
CUBE.N,CubeSmart,New York Stock Exchange,9110064756.38,22/10/2004,CUBE,CUBE,40.46
VICR.OQ,Vicor Corporation,Nasdaq Stock Exchange Global Select Market,9093630752.36,16/01/1952,VICR,VICR,197.23
HLI.N,Houlihan Lokey Inc,New York Stock Exchange,9071267700,13/08/2015,HLI,HLI,129.8
KMX.N,Carmax Inc,New York Stock Exchange,9059604368.64,07/02/1997,KMX,KMX,62.64
BRX.N,Brixmor Property Group Inc,New York Stock Exchange,9015908644.08,30/10/2013,BRX,BRX,29.38
ALV.N,"Autoliv, Inc.",New York Stock Exchange,9014055129.75,28/04/1997,ALV,ALV,123.53
RHP.N,Ryman Hospitality Properties Inc,New York Stock Exchange,8994739658.45,01/10/1997,RHP,RHP,129.18
QGEN.N,QIAGEN N.V.,New York Stock Exchange,8953623200,01/09/1996,QGEN,QGEN,43.74
MHK.N,"Mohawk Industries, Inc.",New York Stock Exchange,8952950624.65,01/04/1992,MHK,MHK,129.8
SIMO.OQ,Silicon Motion Technology Corporation,Nasdaq Stock Exchange Global Select Market,8941443413.7,30/06/2005,SIMO,SIMO,263.11
BAH.N,Booz Allen Hamilton Holding Corporation,New York Stock Exchange,8929956395.52,17/11/2010,BAH,BAH,74.24
IDCC.OQ,InterDigital Inc,Nasdaq Stock Exchange Global Select Market,8885524330.24,12/11/1981,IDCC,IDCC,344.32
PB.N,"Prosperity Bancshares, Inc.",New York Stock Exchange,8782518424.68,12/11/1998,PB,PB,72.69
ESI.N,Element Solutions Inc,New York Stock Exchange,8777746722.28,21/05/2013,ESI,ESI,36.02
NNN.N,"NNN REIT, Inc.",New York Stock Exchange,8763587724,10/10/1984,NNN,NNN,45.33
IBRX.OQ,Immunitybio Inc,Nasdaq Stock Exchange Global Select Market,8743649252.25,28/07/2015,IBRX,IBRX,8.25
TKR.N,Timken Co,New York Stock Exchange,8741796239.85,01/01/1922,TKR,TKR,124.54
HQY.OQ,"HealthEquity, Inc.",Nasdaq Stock Exchange Global Select Market,8729737233.94,31/07/2014,HQY,HQY,104.42
BRKR.OQ,Bruker Corporation,Nasdaq Stock Exchange Global Select Market,8693622570.96,04/08/2000,BRKR,BRKR,57.06
COLB.OQ,Columbia Banking System Inc,Nasdaq Stock Exchange Global Select Market,8687928650.28,16/06/1992,COLB,COLB,30.71
WAL.N,Western Alliance Bancorp,New York Stock Exchange,8684428774.4,30/06/2005,WAL,WAL,78.71
ATR.N,"AptarGroup, Inc.",New York Stock Exchange,8598711885.96,23/04/1993,ATR,ATR,135.24
NEU.N,NewMarket Corporation,New York Stock Exchange,8509710363.98,17/03/1980,NEU,NEU,923.53
AOS.N,A. O. Smith Corporation,New York Stock Exchange,8491567641.04,30/09/1983,AOS,AOS,62.48
FORM.OQ,FormFactor Inc,Nasdaq Stock Exchange Global Select Market,8444850372.5,12/06/2003,FORM,FORM,108.1
SM.N,SM Energy Co,New York Stock Exchange,8410519844.48,16/12/1992,SM,SM,36.81
BOKF.OQ,BOK Financial Corp,Nasdaq Stock Exchange Global Select Market,8407703718.12,24/10/1990,BOKF,BOKF,138.36
QRVO.OQ,"Qorvo, Inc.",Nasdaq Stock Exchange Global Select Market,8392965055.46,03/06/1997,QRVO,QRVO,95.14
CBSH.OQ,"Commerce Bancshares, Inc.",Nasdaq Stock Exchange Global Select Market,8390782413,17/03/1980,CBSH,CBSH,58.5
ACM.N,AECOM,New York Stock Exchange,8379424231.75,10/05/2007,ACM,ACM,65.11
SNEX.OQ,StoneX Group Inc,Nasdaq Stock Exchange Global Select Market,8351502731.4,13/02/1995,SNEX,SNEX,69.24
EMN.N,Eastman Chemical Co,New York Stock Exchange,8341545313.53,14/12/1993,EMN,EMN,72.93
FR.N,"First Industrial Realty Trust, Inc.",New York Stock Exchange,8333535385.56,24/06/1994,FR,FR,62.86
PRMB.N,Primo Brands Corp,New York Stock Exchange,8317466340.9,16/06/1992,PRMB,PRMB,22.44
REXR.N,"Rexford Industrial Realty, Inc.",New York Stock Exchange,8310767381.48,19/07/2013,REXR,REXR,37.12
LNC.N,Lincoln National Corp,New York Stock Exchange,8293498595.52,20/08/1969,LNC,LNC,43.51
PBF.N,PBF Energy Inc.,New York Stock Exchange,8265574480.77,13/12/2012,PBF,PBF,68.59
UGI.N,UGI Corporation,New York Stock Exchange,8247331481.15,12/04/1905,UGI,UGI,38.23
ALKS.OQ,Alkermes Plc,Nasdaq Stock Exchange Global Select Market,8247242451.52,16/07/1991,ALKS,ALKS,49.16
ZWS.N,Zurn Elkay Water Solutions Corp,New York Stock Exchange,8163830854.34,29/03/2012,ZWS,ZWS,48.55
LAD.N,Lithia Motors Inc,New York Stock Exchange,8137050387.4,18/12/1996,LAD,LAD,371.04
SFM.OQ,Sprouts Farmers Market Inc,Nasdaq Stock Exchange Global Select Market,8096691278.75,01/08/2013,SFM,SFM,86.83
PCTY.OQ,Paylocity Holding Corp,Nasdaq Stock Exchange Global Select Market,8066780654.52,19/03/2014,PCTY,PCTY,152.04
GME.N,GameStop Corp.,New York Stock Exchange,8062981888.29,12/02/2002,GME,GME,17.97
IDA.N,"IDACORP, Inc.",New York Stock Exchange,7989721399.59,17/03/1980,IDA,IDA,138.13
MORN.OQ,"Morningstar, Inc.",Nasdaq Stock Exchange Global Select Market,7969383023.24,03/05/2005,MORN,MORN,212.44
THG.N,"The Hanover Insurance Group, Inc.",New York Stock Exchange,7953286678.61,11/10/1995,THG,THG,227.66
NFG.N,National Fuel Gas Company,New York Stock Exchange,7938166668.48,25/07/1955,NFG,NFG,82.87
Z.OQ,"Zillow Group, Inc.",Nasdaq Stock Exchange Global Select Market,7908427746.87,20/07/2011,Z,Z,34.95
NCLH.N,Norwegian Cruise Line Holdings Ltd.,New York Stock Exchange,7847520288.14,18/01/2013,NCLH,NCLH,16.65
AXTA.N,Axalta Coating Systems Ltd.,New York Stock Exchange,7835272090.17,12/11/2014,AXTA,AXTA,36.61
APLD.OQ,Applied Digital Corporation,Nasdaq Stock Exchange Global Select Market,7831775039.44,22/07/2002,APLD,APLD,26.87
AGCO.N,AGCO Corporation,New York Stock Exchange,7812739687.24,16/06/1992,AGCO,AGCO,111.56
VLY.OQ,Valley National Bancorp,Nasdaq Stock Exchange Global Select Market,7786207634.34,01/12/1993,VLY,VLY,14.09
CAG.N,"Conagra Brands, Inc.",New York Stock Exchange,7772294783.99,09/01/1973,CAG,CAG,16.19
CBC.OQ,"Central Bancompany, Inc.",Nasdaq Stock Exchange Global Select Market,7750386103.88,06/07/2009,CBC,CBC,32.36
MOS.N,Mosaic Co,New York Stock Exchange,7680358807.36,25/10/2004,MOS,MOS,23.76
CHRD.OQ,Chord Energy Corporation,Nasdaq Stock Exchange Global Select Market,7665359782.08,17/06/2010,CHRD,CHRD,140.14
GAP.N,"The Gap, Inc.",New York Stock Exchange,7613554432.95,30/07/1976,GAP,GAP,21.15
SSD.N,"Simpson Manufacturing Co., Inc.",New York Stock Exchange,7579297242.26,26/05/1994,SSD,SSD,182.48
CMC.N,Commercial Metals Co,New York Stock Exchange,7567810757.35,22/05/1981,CMC,CMC,68.41
FAF.N,First American Financial Corp,New York Stock Exchange,7517623000,22/05/2010,FAF,FAF,73.63
AWI.N,"Armstrong World Industries, Inc.",New York Stock Exchange,7513485206.28,11/10/2006,AWI,AWI,177.78
ETSY.N,"Etsy, Inc.",New York Stock Exchange,7502240081.52,16/04/2015,ETSY,ETSY,81.74
AUGO.OQ,Aura Minerals Inc,Nasdaq Stock Exchange Global Select Market,7486630079.9,31/07/2007,AUGO,AUGO,89.3
TEX.N,Terex Corporation,New York Stock Exchange,7470648000,19/03/1991,TEX,TEX,64.54
AVAV.OQ,"AeroVironment, Inc.",Nasdaq Stock Exchange Global Select Market,7464825691.2,23/01/2007,AVAV,AVAV,146.88
PPC.OQ,Pilgrims Pride Corp,Nasdaq Stock Exchange Global Select Market,7450415715.96,14/11/1986,PPC,PPC,31.29
TAP.N,Molson Coors Beverage Company,New York Stock Exchange,7442681212.1,17/03/1980,TAP,TAP,41.66
FSS.N,Federal Signal Corp,New York Stock Exchange,7413604171.68,17/03/1980,FSS,FSS,121.53
AVT.OQ,Avnet Inc,Nasdaq Stock Exchange Global Select Market,7410369273.91,30/12/1960,AVT,AVT,90.29
BLDR.N,Builders FirstSource Inc,New York Stock Exchange,7388648702.19,22/06/2005,BLDR,BLDR,68.67
TRNO.N,Terreno Realty Corporation,New York Stock Exchange,7363123846.7,10/02/2010,TRNO,TRNO,67.11
MSA.N,MSA Safety Incorporated,New York Stock Exchange,7350623445.28,12/07/2004,MSA,MSA,191.67
KEX.N,Kirby Corp,New York Stock Exchange,7340256000,22/05/1981,KEX,KEX,139.86
ESE.N,ESCO Technologies Inc.,New York Stock Exchange,7337800201.41,01/10/1990,ESE,ESE,283.23
SLAB.OQ,Silicon Laboratories Inc.,Nasdaq Stock Exchange Global Select Market,7301648309.63,24/03/2000,SLAB,SLAB,218.83
AXS.N,AXIS Capital Holdings Limited,New York Stock Exchange,7297361363.17,01/07/2003,AXS,AXS,100.01
VNO.N,Vornado Realty Trust,New York Stock Exchange,7272764682.45,31/01/1962,VNO,VNO,38.72
OMF.N,"OneMain Holdings, Inc.",New York Stock Exchange,7262567937.97,16/10/2013,OMF,OMF,63.89
NOV.N,Nov Inc,New York Stock Exchange,7211552468.75,29/10/1996,NOV,NOV,20.76
CHE.N,Chemed Corp,New York Stock Exchange,7169657806.16,27/05/1971,CHE,CHE,548.56
STAG.N,"STAG Industrial, Inc.",New York Stock Exchange,7168613672.22,15/04/2011,STAG,STAG,37.07
HXL.N,Hexcel Corporation,New York Stock Exchange,7156247262.76,17/03/1980,HXL,HXL,94.63
PDI.N,PIMCO Dynamic Income Fund,New York Stock Exchange,7112707619.74,25/05/2012,PDI,PDI,15.48
URBN.OQ,"Urban Outfitters, Inc.",Nasdaq Stock Exchange Global Select Market,7103430134.85,01/11/1993,URBN,URBN,82.95
POWL.OQ,Powell Industries Inc,Nasdaq Stock Exchange Global Select Market,6985944147,17/03/1980,POWL,POWL,191.75
PJT.N,PJT Partners Inc.,New York Stock Exchange,6969500081.02,18/09/2015,PJT,PJT,178.66
ENS.N,EnerSys,New York Stock Exchange,6958784970.8,30/07/2004,ENS,ENS,192.95
FLR.N,Fluor Corp,New York Stock Exchange,6958547716.01,17/03/1980,FLR,FLR,52.03
CPB.OQ,Campbell's Co,Nasdaq Stock Exchange Global Select Market,6927331024.89,16/11/1954,CPB,CPB,23.23
MAC.N,The Macerich Company,New York Stock Exchange,6856465687.5,10/03/1994,MAC,MAC,23.92
POOL.OQ,Pool Corporation,Nasdaq Stock Exchange Global Select Market,6845869919.86,13/10/1995,POOL,POOL,188.38
MSM.N,"MSC Industrial Direct Co., Inc.",New York Stock Exchange,6841171505,15/12/1995,MSM,MSM,122.01
MTDR.N,Matador Resources Company,New York Stock Exchange,6837420434,02/02/2012,MTDR,MTDR,56.74
WEX.N,WEX Inc.,New York Stock Exchange,6767926312.38,16/02/2005,WEX,WEX,198.43
VIPS.N,Vipshop Holdings Limited,New York Stock Exchange,6762209203.2,23/03/2012,VIPS,VIPS,13.47
MATX.N,Matson Inc,New York Stock Exchange,6628101465.7,17/03/1980,MATX,MATX,222.07
INGR.N,Ingredion Inc,New York Stock Exchange,6605321160.46,11/12/1997,INGR,INGR,103.5
HR.N,Healthcare Realty Trust Inc,New York Stock Exchange,6600782577.6,06/06/2012,HR,HR,19.26
CLF.N,Cleveland-Cliffs Inc,New York Stock Exchange,6584032142.38,27/07/1960,CLF,CLF,11.54
AAON.OQ,"AAON, Inc.",Nasdaq Stock Exchange Global Select Market,6578151319.42,03/01/1991,AAON,AAON,79.78
ANF.N,Abercrombie & Fitch Co.,New York Stock Exchange,6564785152.5,26/09/1996,ANF,ANF,147.75
SWX.N,"Southwest Gas Holdings, Inc.",New York Stock Exchange,6564318740.33,17/03/1980,SWX,SWX,89.42
IBP.N,"Installed Building Products, Inc.",New York Stock Exchange,6538477542,13/02/2014,IBP,IBP,246
NPO.N,Enpro Inc.,New York Stock Exchange,6535098155.13,24/05/2002,NPO,NPO,308.63
PLXS.OQ,Plexus Corp,Nasdaq Stock Exchange Global Select Market,6516971247.48,05/02/1986,PLXS,PLXS,244.52
FNB.N,FNB Corp,New York Stock Exchange,6516397943.12,02/09/1986,FNB,FNB,18.46
LKQ.OQ,LKQ Corp,Nasdaq Stock Exchange Global Select Market,6514803714.5,03/10/2003,LKQ,LKQ,25.75
DOX.OQ,Amdocs Limited,Nasdaq Stock Exchange Global Select Market,6499833750,19/06/1998,DOX,DOX,62.25
AN.N,"AutoNation, Inc.",New York Stock Exchange,6498762635.42,20/06/1997,AN,AN,196.57
HRB.N,H & R Block Inc,New York Stock Exchange,6492416111.74,13/10/1969,HRB,HRB,52.67
TAL.N,TAL Education Group,New York Stock Exchange,6469652999.04,20/10/2010,TAL,TAL,11.72
UBSI.OQ,"United Bankshares, Inc.",Nasdaq Stock Exchange Global Select Market,6463286493.95,16/09/1970,UBSI,UBSI,47.45
MTG.N,MGIC Investment Corporation,New York Stock Exchange,6418356243.6,06/08/1991,MTG,MTG,31.08
AGX.N,"Argan, Inc.",New York Stock Exchange,6380860272.05,17/07/1970,AGX,AGX,455.15
VSEC.OQ,VSE Corp,Nasdaq Stock Exchange Global Select Market,6367942146.8,22/10/1982,VSEC,VSEC,226.9
ORA.N,Ormat Technologies Inc,New York Stock Exchange,6362473515.86,11/11/2004,ORA,ORA,104.93
GATX.N,GATX Corporation,New York Stock Exchange,6300697000,22/05/1981,GATX,GATX,178.49
LUMN.N,"Lumen Technologies, Inc.",New York Stock Exchange,6281502510.36,24/10/1978,LUMN,LUMN,6.14
AMRX.OQ,"Amneal Pharmaceuticals, Inc.",Nasdaq Stock Exchange Global Select Market,6265845345.83,18/11/2009,AMRX,AMRX,17.99
RIG.N,Transocean Ltd.,New York Stock Exchange,6254528476,19/12/2008,RIG,RIG,5.74
ESNT.N,Essent Group Ltd.,New York Stock Exchange,6254505147.87,31/10/2013,ESNT,ESNT,69.59
JBTM.N,JBT Marel Corporation,New York Stock Exchange,6221586662.81,18/07/2008,JBTM,JBTM,117.99
G.N,Genpact Limited,New York Stock Exchange,6197108930.16,02/08/2007,G,G,36.88
ST.N,Sensata Technologies Holding PLC,New York Stock Exchange,6196917003.96,11/03/2010,ST,ST,42.49
RYN.N,Rayonier Inc.,New York Stock Exchange,6195350998.62,17/02/1994,RYN,RYN,20.63
LSTR.OQ,"Landstar System, Inc.",Nasdaq Stock Exchange Global Select Market,6163963687.75,05/03/1993,LSTR,LSTR,181.63
CACC.OQ,Credit Acceptance Corp,Nasdaq Stock Exchange Global Select Market,6162327511.2,05/06/1992,CACC,CACC,593.64
GBCI.N,Glacier Bancorp Inc,New York Stock Exchange,6143399942.54,04/03/2014,GBCI,GBCI,47.18
EXP.N,Eagle Materials Inc,New York Stock Exchange,6137519026,12/04/1994,EXP,EXP,200.08
LEA.N,Lear Corporation,New York Stock Exchange,6136987136.88,06/04/1994,LEA,LEA,123.57
QLYS.OQ,"Qualys, Inc.",Nasdaq Stock Exchange Global Select Market,6111898826.67,28/09/2012,QLYS,QLYS,176.67
CHDN.OQ,Churchill Downs Incorporated,Nasdaq Stock Exchange Global Select Market,6103650279.51,29/03/1993,CHDN,CHDN,87.57
IFS.N,Intercorp Financial Services Inc,New York Stock Exchange,6094520640,16/05/2007,IFS,IFS,54.87
DLB.N,"Dolby Laboratories, Inc.",New York Stock Exchange,6083788235.25,17/02/2005,DLB,DLB,64.95
PTCT.OQ,"PTC Therapeutics, Inc.",Nasdaq Stock Exchange Global Select Market,6066765697.38,20/06/2013,PTCT,PTCT,72.69
CZR.OQ,Caesars Entertainment Inc,Nasdaq Stock Exchange Global Select Market,6042346233.52,19/09/2014,CZR,CZR,29.66
HWC.OQ,Hancock Whitney Corporation,Nasdaq Stock Exchange Global Select Market,6035180653.34,28/06/1991,HWC,HWC,75.23
M.N,Macy's Inc,New York Stock Exchange,6002526110.28,05/02/1992,M,M,22.51
RUSHA.OQ,"Rush Enterprises, Inc.",Nasdaq Stock Exchange Global Select Market,5984990290.93,07/06/1996,RUSHA,RUSHA,76.97
CWST.OQ,"Casella Waste Systems, Inc.",Nasdaq Stock Exchange Global Select Market,5965617912.04,29/10/1997,CWST,CWST,93.74
HOMB.N,Home BancShares Inc,New York Stock Exchange,5965479966.6,23/06/2006,HOMB,HOMB,29.82
RLI.N,RLI Corp,New York Stock Exchange,5952394834.2,17/03/1980,RLI,RLI,64.22
TXNM.N,TXNM Energy Inc,New York Stock Exchange,5929273226.94,17/03/1980,TXNM,TXNM,57.51
CROX.OQ,"Crocs, Inc.",Nasdaq Stock Exchange Global Select Market,5927929073,08/02/2006,CROX,CROX,123.64
POR.N,Portland General Electric Co,New York Stock Exchange,5902732470.6,03/04/2006,POR,POR,49.84
ENVA.N,"Enova International, Inc.",New York Stock Exchange,5891452546.02,30/10/2014,ENVA,ENVA,236.62
STWD.N,Starwood Property Trust Inc (Maryland),New York Stock Exchange,5889387994.5,12/08/2009,STWD,STWD,15.94
DFTX.OQ,Definium Therapeutics Inc,Nasdaq Stock Exchange Global Select Market,5881241401.5,04/05/2015,DFTX,DFTX,43.77
TFX.N,Teleflex Incorporated,New York Stock Exchange,5878746359.78,17/03/1980,TFX,TFX,137.71
BYD.N,Boyd Gaming Corporation,New York Stock Exchange,5858206030.82,15/10/1993,BYD,BYD,80.63
SXT.N,Sensient Technologies Corporation,New York Stock Exchange,5829402594.56,22/05/1981,SXT,SXT,133.64
ASB.N,Associated Banc-Corp,New York Stock Exchange,5826011980.15,17/03/1980,ASB,ASB,30.85
MCY.N,Mercury General Corporation,New York Stock Exchange,5819683038.89,21/11/1985,MCY,MCY,102.64
AUB.N,Atlantic Union Bankshares Corporation,New York Stock Exchange,5812566267.2,06/10/1993,AUB,AUB,40.7
ABCB.N,Ameris Bancorp,New York Stock Exchange,5761156468.15,19/05/1994,ABCB,ABCB,85.85
CAKE.OQ,Cheesecake Factory Inc,Nasdaq Stock Exchange Global Select Market,5739889131.9,18/09/1992,CAKE,CAKE,115.35
BCPC.OQ,Balchem Corporation,Nasdaq Stock Exchange Global Select Market,5731349395.59,03/06/1986,BCPC,BCPC,179.79
MKTX.OQ,MarketAxess Holdings Inc.,Nasdaq Stock Exchange Global Select Market,5719548645.32,05/11/2004,MKTX,MKTX,162.52
NXST.OQ,Nexstar Media Group Inc,Nasdaq Stock Exchange Global Select Market,5715556001.52,24/11/2003,NXST,NXST,185.52
MXL.OQ,"MaxLinear, Inc.",Nasdaq Stock Exchange Global Select Market,5713671033,24/03/2010,MXL,MXL,63
SON.N,Sonoco Products Company,New York Stock Exchange,5690256422.65,17/03/1980,SON,SON,56.71
EXLS.OQ,"ExlService Holdings, Inc.",Nasdaq Stock Exchange Global Select Market,5685468712.5,20/10/2006,EXLS,EXLS,37.5
BGC.OQ,Bgc Group Inc,Nasdaq Stock Exchange Global Select Market,5658051611.8,16/05/1969,BGC,BGC,11.9
FLG.N,Flagstar Bank NA,New York Stock Exchange,5649413497.96,23/11/1993,FLG,FLG,13.61
EPAM.N,"EPAM Systems, Inc.",New York Stock Exchange,5641552242.16,08/02/2012,EPAM,EPAM,109.36
RITM.N,Rithm Capital Corp,New York Stock Exchange,5628742872.48,02/05/2013,RITM,RITM,10.01
BKH.N,Black Hills Corp,New York Stock Exchange,5625956742.98,17/03/1980,BKH,BKH,73.78
AIR.N,AAR CORP.,New York Stock Exchange,5579070047.2,22/05/1981,AIR,AIR,138.58
PAGP.OQ,Plains GP Holdings LP,Nasdaq Stock Exchange Global Select Market,5567043008.12,16/10/2013,PAGP,PAGP,28.13
CVLT.OQ,"Commvault Systems, Inc.",Nasdaq Stock Exchange Global Select Market,5566419390.84,22/09/2006,CVLT,CVLT,134.31
AX.N,"Axos Financial, Inc.",New York Stock Exchange,5564553303.36,15/03/2005,AX,AX,98.08
MMYT.OQ,MakeMyTrip Limited,Nasdaq Stock Exchange Global Select Market,5564510443.92,12/08/2010,MMYT,MMYT,59.16
PEGA.OQ,Pegasystems Inc.,Nasdaq Stock Exchange Global Select Market,5561819289.35,19/07/1996,PEGA,PEGA,33.83
AROC.N,"Archrock, Inc.",New York Stock Exchange,5552960318.95,24/05/2000,AROC,AROC,31.67
CRUS.OQ,"Cirrus Logic, Inc.",Nasdaq Stock Exchange Global Select Market,5529971680.74,09/06/1989,CRUS,CRUS,110.34
NJR.N,New Jersey Resources Corp,New York Stock Exchange,5528988377.54,17/03/1980,NJR,NJR,53.78
FBIN.N,"Fortune Brands Innovations, Inc.",New York Stock Exchange,5528093099.87,16/09/2011,FBIN,FBIN,46.31
RNG.N,RingCentral Inc,New York Stock Exchange,5516417061.72,27/09/2013,RNG,RNG,68.53
GVA.N,Granite Construction Incorporated,New York Stock Exchange,5508490463.07,20/04/1990,GVA,GVA,123.99
SIGI.OQ,"Selective Insurance Group, Inc.",Nasdaq Stock Exchange Global Select Market,5502995213.22,17/03/1980,SIGI,SIGI,92.38
MAIN.N,Main Street Capital Corp,New York Stock Exchange,5463699376.23,08/10/2007,MAIN,MAIN,58.59
VFC.N,VF Corp,New York Stock Exchange,5460639177.3,19/03/1951,VFC,VFC,13.64
NOVT.OQ,Novanta Inc.,Nasdaq Stock Exchange Global Select Market,5444246169.2,24/03/1999,NOVT,NOVT,143.96
PSMT.OQ,"PriceSmart, Inc.",Nasdaq Stock Exchange Global Select Market,5413553120.08,19/08/1997,PSMT,PSMT,175.42
CPA.N,"Copa Holdings, S.A.",New York Stock Exchange,5407348964.81,15/12/2005,CPA,CPA,132.47
MMSI.OQ,Merit Medical Systems Inc,Nasdaq Stock Exchange Global Select Market,5406181426.8,16/09/1954,MMSI,MMSI,90.54
MRCY.OQ,Mercury Systems Inc,Nasdaq Stock Exchange Global Select Market,5397819298.08,30/01/1998,MRCY,MRCY,89.76
OZK.OQ,Bank Ozk,Nasdaq Stock Exchange Global Select Market,5394090962.46,17/07/1997,OZK,OZK,49.47
SAIC.OQ,Science Applications International Corp,Nasdaq Stock Exchange Global Select Market,5393676568.02,16/09/2013,SAIC,SAIC,127.58
OUT.N,OUTFRONT Media Inc.,New York Stock Exchange,5386215975.58,28/03/2014,OUT,OUT,30.07
SBRA.OQ,"Sabra Health Care REIT, Inc.",Nasdaq Stock Exchange Global Select Market,5367272503.56,06/11/2010,SBRA,SBRA,21.01
ACIW.OQ,"ACI Worldwide, Inc.",Nasdaq Stock Exchange Global Select Market,5354665982.64,02/11/1993,ACIW,ACIW,53.04
CNX.N,CNX Resources Corporation,New York Stock Exchange,5334847550.22,30/04/1999,CNX,CNX,36.06
MTN.N,"Vail Resorts, Inc.",New York Stock Exchange,5299417986.72,04/02/1997,MTN,MTN,144.61
CSW.N,"CSW Industrials, Inc.",New York Stock Exchange,5263285105.61,16/09/2015,CSW,CSW,323.03
KRG.N,Kite Realty Group Trust,New York Stock Exchange,5261110460.58,11/08/2004,KRG,KRG,26.01
PIPR.N,Piper Sandler Companies,New York Stock Exchange,5260696462.04,19/12/2003,PIPR,PIPR,74.64
MC.N,Moelis & Company,New York Stock Exchange,5260464060.28,16/04/2014,MC,MC,68.63
GLNG.OQ,Golar LNG Limited,Nasdaq Stock Exchange Global Select Market,5226499000,12/07/2001,GLNG,GLNG,51.19
HRI.N,Herc Holdings Inc.,New York Stock Exchange,5223328810.56,16/11/2006,HRI,HRI,156.24
MIDD.OQ,The Middleby Corporation,Nasdaq Stock Exchange Global Select Market,5220467968.56,10/08/1987,MIDD,MIDD,115.44
UNF.N,UniFirst Corporation,New York Stock Exchange,5207880140.54,24/10/1950,UNF,UNF,285.75
BC.N,Brunswick Corp,New York Stock Exchange,5162411088.76,31/12/1907,BC,BC,79.67
HASI.N,HA Sustainable Infrastructure Capital Inc,New York Stock Exchange,5125478823.18,18/04/2013,HASI,HASI,40.06
OGS.N,"ONE Gas, Inc.",New York Stock Exchange,5097643497,16/01/2014,OGS,OGS,79.61
ACAD.OQ,Acadia Pharmaceuticals Inc.,Nasdaq Stock Exchange Global Select Market,5096797222.44,27/05/2004,ACAD,ACAD,29.58
WTM.N,"White Mountains Insurance Group, Ltd.",New York Stock Exchange,5090255345.54,23/10/1985,WTM,WTM,2127.57
CAR.OQ,Avis Budget Group Inc,Nasdaq Stock Exchange Global Select Market,5086908576,15/09/1983,CAR,CAR,144
CNO.N,"CNO Financial Group, Inc.",New York Stock Exchange,5063694634.83,15/11/1985,CNO,CNO,54.73
SLM.OQ,SLM Corp,Nasdaq Stock Exchange Global Select Market,5033219535.24,23/09/1983,SLM,SLM,26.78
GNTX.OQ,Gentex Corporation,Nasdaq Stock Exchange Global Select Market,5029011110.97,08/12/1981,GNTX,GNTX,23.87
TFSL.OQ,TFS Financial Corp,Nasdaq Stock Exchange Global Select Market,5025534169.6,23/04/2007,TFSL,TFSL,17.92
IRDM.OQ,Iridium Communications Inc.,Nasdaq Stock Exchange Global Select Market,5001330077.6,15/02/2008,IRDM,IRDM,47.2
LPX.N,Louisiana-Pacific Corporation,New York Stock Exchange,4979945260.2,27/12/1972,LPX,LPX,70.72
MUR.N,Murphy Oil Corp,New York Stock Exchange,4973891226.25,04/12/1961,MUR,MUR,35.95
SKY.N,Champion Homes Inc,New York Stock Exchange,4949262618.12,17/03/1980,SKY,SKY,90.03
SR.N,Spire Inc,New York Stock Exchange,4945377433.62,17/03/1980,SR,SR,82.54
CHH.N,"Choice Hotels International, Inc.",New York Stock Exchange,4944647212.92,16/10/1996,CHH,CHH,109.86
OII.N,Oceaneering International Inc,New York Stock Exchange,4938660984.9,17/12/1991,OII,OII,51.21
GHC.N,Graham Holdings Co,New York Stock Exchange,4926237646.72,17/03/1980,GHC,GHC,1163.24
MTRN.N,Materion Corporation,New York Stock Exchange,4917800786.25,17/03/1980,MTRN,MTRN,246.15
CE.N,Celanese Corp,New York Stock Exchange,4905776992.2,21/01/2005,CE,CE,44.7
CUZ.N,Cousins Properties Inc,New York Stock Exchange,4872220916.8,17/03/1980,CUZ,CUZ,29.6
MYRG.OQ,MYR Group Inc,Nasdaq Stock Exchange Global Select Market,4870528477.5,09/09/2008,MYRG,MYRG,312.83
RDN.N,Radian Group Inc.,New York Stock Exchange,4870011515.58,30/10/1992,RDN,RDN,36.52
FHI.N,Federated Hermes Inc,New York Stock Exchange,4859637690.29,13/05/1998,FHI,FHI,65.09
HAE.N,Haemonetics Corp,New York Stock Exchange,4849985636.6,17/10/1979,HAE,HAE,106.6
IEP.OQ,Icahn Enterprises LP,Nasdaq Stock Exchange Global Select Market,4841331783.33,23/07/1987,IEP,IEP,6.81
BOOT.N,"Boot Barn Holdings, Inc.",New York Stock Exchange,4837095283.68,30/10/2014,BOOT,BOOT,159.72
FFIN.OQ,First Financial Bankshares Inc,Nasdaq Stock Exchange Global Select Market,4825837160.69,01/11/1993,FFIN,FFIN,33.67
ALK.N,Alaska Air Group Inc,New York Stock Exchange,4798934160,23/02/1983,ALK,ALK,43
KBR.N,KBR Inc,New York Stock Exchange,4781749947.15,16/11/2006,KBR,KBR,38.19
UFPI.OQ,"UFP Industries, Inc.",Nasdaq Stock Exchange Global Select Market,4762643132.94,10/11/1993,UFPI,UFPI,86.34
VRNS.OQ,"Varonis Systems, Inc.",Nasdaq Stock Exchange Global Select Market,4755224079,28/02/2014,VRNS,VRNS,41.4
TREX.N,"Trex Company, Inc.",New York Stock Exchange,4755067069.2,08/04/1999,TREX,TREX,46.07
SFBS.N,ServisFirst Bancshares Inc,New York Stock Exchange,4735732816.2,14/05/2014,SFBS,SFBS,43.19
MTH.N,Meritage Homes Corp,New York Stock Exchange,4707524737.39,21/07/1988,MTH,MTH,70.53
VSH.N,Vishay Intertechnology Inc,New York Stock Exchange,4702605260.22,28/02/1973,VSH,VSH,31.74
CVSA.N,Covista Inc.,New York Stock Exchange,4689868619.6,14/11/1995,CVSA,CVSA,137.78
CRC.N,California Resources Corporation,New York Stock Exchange,4666597178.22,13/11/2014,CRC,CRC,52.54
TPC.N,Tutor Perini Corporation,New York Stock Exchange,4651841163.33,22/05/1981,TPC,TPC,91.95
BOX.N,Box Inc,New York Stock Exchange,4625604649.26,23/01/2015,BOX,BOX,33.39
BDC.N,Belden Inc.,New York Stock Exchange,4614743575.19,30/09/1993,BDC,BDC,118.09
EPR.N,Epr Properties,New York Stock Exchange,4596535320,18/11/1997,EPR,EPR,60
BCO.N,The Brink's Company,New York Stock Exchange,4593467983.68,03/01/1996,BCO,BCO,111.52
NNI.N,"Nelnet, Inc.",New York Stock Exchange,4571896587.64,11/12/2003,NNI,NNI,127.38
CHEF.OQ,"The Chefs' Warehouse, Inc.",Nasdaq Stock Exchange Global Select Market,4569569256.83,28/07/2011,CHEF,CHEF,112.01
GFF.N,Griffon Corporation,New York Stock Exchange,4566613267.12,22/05/1981,GFF,GFF,100.82
RHI.N,Robert Half Inc,New York Stock Exchange,4559195819.12,17/03/1980,RHI,RHI,44.97
FULT.OQ,Fulton Financial Corporation,Nasdaq Stock Exchange Global Select Market,4543766599.4,03/09/1985,FULT,FULT,23.8
SLGN.N,Silgan Holdings Inc.,New York Stock Exchange,4541156399.4,14/02/1997,SLGN,SLGN,41.85
FELE.OQ,"FRANKLIN ELECTRIC CO., INC.",Nasdaq Stock Exchange Global Select Market,4533443518.56,17/03/1980,FELE,FELE,102.54
TNL.N,Travel + Leisure Co,New York Stock Exchange,4502795348.24,19/07/2006,TNL,TNL,71.69
ICUI.OQ,"ICU Medical, Inc.",Nasdaq Stock Exchange Global Select Market,4491013954.42,31/03/1992,ICUI,ICUI,179.59
PTEN.OQ,Patterson-UTI Energy Inc,Nasdaq Stock Exchange Global Select Market,4481272269.5,02/11/1993,PTEN,PTEN,11.75
DX.N,"Dynex Capital, Inc.",New York Stock Exchange,4475714412.4,10/02/1988,DX,DX,12.88
NSIT.OQ,Insight Enterprises Inc,Nasdaq Stock Exchange Global Select Market,4456035895.5,24/01/1995,NSIT,NSIT,151.83
KLIC.OQ,Kulicke and Soffa Industries Inc,Nasdaq Stock Exchange Global Select Market,4441695281.2,17/03/1980,KLIC,KLIC,84.88
CVCO.OQ,"Cavco Industries, Inc.",Nasdaq Stock Exchange Global Select Market,4439591585.73,20/06/2003,CVCO,CVCO,577.37
GEF.N,Greif Inc,New York Stock Exchange,4436135367.79,07/10/2002,GEF,GEF,85.51
BRC.N,Brady Corporation,New York Stock Exchange,4432842411.1,29/06/1984,BRC,BRC,94.09
TDW.N,Tidewater Inc.,New York Stock Exchange,4418850875.11,22/05/1981,TDW,TDW,93.04
LIVN.OQ,LivaNova PLC,Nasdaq Stock Exchange Global Select Market,4405827754.79,19/10/2015,LIVN,LIVN,79.97
IBOC.OQ,International Bancshares Corp,Nasdaq Stock Exchange Global Select Market,4401293445.78,16/09/1986,IBOC,IBOC,70.77
NWE.OQ,"NorthWestern Energy Group, Inc.",Nasdaq Stock Exchange Global Select Market,4397295918,02/11/2004,NWE,NWE,71.48
SKT.N,Tanger Inc.,New York Stock Exchange,4372294321.34,28/05/1993,SKT,SKT,37.66
CBT.N,Cabot Corp,New York Stock Exchange,4366950572.06,17/03/1980,CBT,CBT,84.58
MAT.OQ,Mattel Inc,Nasdaq Stock Exchange Global Select Market,4351211000,12/08/1963,MAT,MAT,15.23
CENX.OQ,Century Aluminum Company,Nasdaq Stock Exchange Global Select Market,4350755315.25,28/03/1996,CENX,CENX,43.95
DK.N,Delek US Holdings Inc,New York Stock Exchange,4337687206.16,04/05/2006,DK,DK,70.84
ITRI.OQ,"Itron, Inc.",Nasdaq Stock Exchange Global Select Market,4328758401.58,04/11/1993,ITRI,ITRI,98.86
KFY.N,Korn Ferry,New York Stock Exchange,4313401610.67,11/02/1999,KFY,KFY,84.65
GEO.N,"The GEO Group, Inc.",New York Stock Exchange,4313173767.68,27/07/1994,GEO,GEO,32.77
CNK.N,Cinemark Holdings Inc,New York Stock Exchange,4300329820.5,24/04/2007,CNK,CNK,37.1
FBP.N,First BanCorp,New York Stock Exchange,4293031696.16,13/01/1987,FBP,FBP,28.12
CNS.N,Cohen & Steers Inc,New York Stock Exchange,4284956344.89,13/08/2004,CNS,CNS,83.33
TCBI.OQ,"Texas Capital Bancshares, Inc.",Nasdaq Stock Exchange Global Select Market,4283964321.26,13/08/2003,TCBI,TCBI,98.54
KRC.N,Kilroy Realty Corporation,New York Stock Exchange,4283660028.04,29/01/1997,KRC,KRC,36.69
AXTI.OQ,"AXT, Inc.",Nasdaq Stock Exchange Global Select Market,4274061958.16,21/05/1998,AXTI,AXTI,65.18
MDU.N,"MDU Resources Group, Inc.",New York Stock Exchange,4267990462.24,22/05/1981,MDU,MDU,20.18
CRK.N,"Comstock Resources, Inc.",New York Stock Exchange,4257497946,17/12/1996,CRK,CRK,14.5
ITGR.N,Integer Holdings Corp,New York Stock Exchange,4255464489.12,29/09/2000,ITGR,ITGR,125.3
OPLN.N,"OPENLANE, Inc.",New York Stock Exchange,4254931815.75,11/12/2009,OPLN,OPLN,35.51
UCB.N,United Community Banks Inc,New York Stock Exchange,4246669215.66,16/05/2001,UCB,UCB,35.23
CDP.N,COPT Defense Properties,New York Stock Exchange,4232478292.56,31/12/1991,CDP,CDP,37.32
AZZ.N,AZZ Inc,New York Stock Exchange,4228546705.71,17/03/1980,AZZ,AZZ,140.71
PRIM.N,Primoris Services Corporation,New York Stock Exchange,4208611324.86,04/10/2006,PRIM,PRIM,77
CLMT.OQ,"Calumet, Inc.",Nasdaq Stock Exchange Global Select Market,4200656602.86,26/01/2006,CLMT,CLMT,47.79
FCN.N,FTI Consulting Inc,New York Stock Exchange,4194750474,09/05/1996,FCN,FCN,151.92
DNP.N,DNP Select Income Fund Inc,New York Stock Exchange,4170616791.15,22/01/1987,DNP,DNP,11.01
LAZ.N,"Lazard, Inc.",New York Stock Exchange,4169909975.88,05/05/2005,LAZ,LAZ,43.22
DIOD.OQ,Diodes Incorporated,Nasdaq Stock Exchange Global Select Market,4169521370.7,17/03/1980,DIOD,DIOD,90.54
VEON.OQ,VEON Ltd,Nasdaq Stock Exchange Global Select Market,4160593401.9,16/04/2010,VEON,VEON,60.42
SLG.N,SL Green Realty Corp,New York Stock Exchange,4157472542.76,15/08/1997,SLG,SLG,57.84
CATY.OQ,Cathay General Bancorp,Nasdaq Stock Exchange Global Select Market,4138925392.8,14/12/1990,CATY,CATY,62.04
HP.N,"Helmerich & Payne, Inc.",New York Stock Exchange,4137472323,20/03/1963,HP,HP,41.4
BFH.N,"Bread Financial Holdings, Inc.",New York Stock Exchange,4132376466.08,08/06/2001,BFH,BFH,107.56
CECO.OQ,CECO Environmental Corp.,Nasdaq Stock Exchange Global Select Market,4119216143.9,02/12/1980,CECO,CECO,70.33
AVNT.N,Avient Corp,New York Stock Exchange,4107201449,01/09/2000,AVNT,AVNT,44.78
WK.N,Workiva Inc.,New York Stock Exchange,4054028356,12/12/2014,WK,WK,77.6
THO.N,"THOR Industries, Inc.",New York Stock Exchange,4052666488.05,11/01/1984,THO,THO,76.31
QTWO.N,Q2 Holdings Inc,New York Stock Exchange,4052431628.05,20/03/2014,QTWO,QTWO,65.68
MANU.N,Manchester United PLC,New York Stock Exchange,4052207389.5,10/08/2012,MANU,MANU,22.52
PLNT.N,Planet Fitness Inc,New York Stock Exchange,4025158525.97,06/08/2015,PLNT,PLNT,51.7
CVI.N,CVR Energy Inc,New York Stock Exchange,4024239877.97,23/10/2007,CVI,CVI,40.03
WSFS.OQ,WSFS Financial Corporation,Nasdaq Stock Exchange Global Select Market,4016743365.1,26/11/1986,WSFS,WSFS,78.62
OLED.OQ,Universal Display Corp,Nasdaq Stock Exchange Global Select Market,3991759951.4,14/05/1992,OLED,OLED,86.84
BMI.N,"Badger Meter, Inc.",New York Stock Exchange,3975546066.05,17/03/1980,BMI,BMI,137.15
VAC.N,Marriott Vacations Worldwide Corporation,New York Stock Exchange,3947894829.6,08/11/2011,VAC,VAC,111.44
MWA.N,"Mueller Water Products, Inc.",New York Stock Exchange,3945295908.33,26/05/2006,MWA,MWA,24.72
CVBF.OQ,CVB Financial Corp,Nasdaq Stock Exchange Global Select Market,3942342544,04/04/1983,CVBF,CVBF,22.4
JOE.N,St Joe Co,New York Stock Exchange,3936740686.65,23/03/1990,JOE,JOE,67.91
INDB.OQ,Independent Bank Corp (Massachusetts),Nasdaq Stock Exchange Global Select Market,3921214015.22,16/09/1974,INDB,INDB,82.78
HHH.N,Howard Hughes Holdings Inc,New York Stock Exchange,3921179874.92,05/11/2010,HHH,HHH,65.66
SKYW.OQ,"SkyWest, Inc.",Nasdaq Stock Exchange Global Select Market,3918942842.25,26/06/1986,SKYW,SKYW,100.93
IRT.N,"Independence Realty Trust, Inc.",New York Stock Exchange,3915717257.87,13/08/2013,IRT,IRT,16.4
APLE.N,Apple Hospitality REIT Inc,New York Stock Exchange,3907168651.9,18/05/2015,APLE,APLE,16.55
CALM.OQ,"Cal-Maine Foods, Inc.",Nasdaq Stock Exchange Global Select Market,3879399778.58,12/12/1996,CALM,CALM,83.06
WSBC.OQ,"Wesbanco, Inc.",Nasdaq Stock Exchange Global Select Market,3878434151.16,08/05/1987,WSBC,WSBC,40.44
LOPE.OQ,Grand Canyon Education Inc,Nasdaq Stock Exchange Global Select Market,3877695554.49,20/11/2008,LOPE,LOPE,148.77
OTTR.OQ,Otter Tail Corporation,Nasdaq Stock Exchange Global Select Market,3876528601.4,17/03/1980,OTTR,OTTR,92.33
MHO.N,M/I Homes Inc,New York Stock Exchange,3850352790.99,03/11/1993,MHO,MHO,150.96
DORM.OQ,"Dorman Products, Inc.",Nasdaq Stock Exchange Global Select Market,3840024969.2,12/03/1991,DORM,DORM,129.4
TDS.N,"Telephone and Data Systems, Inc.",New York Stock Exchange,3831060480,15/12/1981,TDS,TDS,33.15
BBWI.N,"Bath & Body Works, Inc.",New York Stock Exchange,3809518246.8,10/06/1982,BBWI,BBWI,18.9
PARR.N,Par Pacific Holdings Inc,New York Stock Exchange,3796048737.79,05/09/2012,PARR,PARR,77.04
PFSI.N,"PennyMac Financial Services, Inc.",New York Stock Exchange,3787269598.8,09/05/2013,PFSI,PFSI,73.59
ABG.N,Asbury Automotive Group Inc,New York Stock Exchange,3767927859.13,14/03/2002,ABG,ABG,209.89
BANF.OQ,BancFirst Corp,Nasdaq Stock Exchange Global Select Market,3756339691,01/04/1993,BANF,BANF,111.8
WT.N,"WisdomTree, Inc.",New York Stock Exchange,3751439868.36,04/12/1991,WT,WT,25.04
RNST.N,Renasant Corp,New York Stock Exchange,3751239243.6,21/04/1992,RNST,RNST,41.27
STNG.N,Scorpio Tankers Inc.,New York Stock Exchange,3748589197.2,31/03/2010,STNG,STNG,77.44
GNW.N,Genworth Financial Inc,New York Stock Exchange,3744503776.67,25/05/2004,GNW,GNW,9.91
LEU.N,Centrus Energy Corp.,New York Stock Exchange,3743754746.54,23/07/1998,LEU,LEU,194.78
SYNA.OQ,Synaptics Incorporated,Nasdaq Stock Exchange Global Select Market,3742538560.2,29/01/2002,SYNA,SYNA,95.7
IPAR.OQ,Interparfums Inc,Nasdaq Stock Exchange Global Select Market,3736447869.27,16/09/1984,IPAR,IPAR,116.67
ACLS.OQ,"Axcelis Technologies, Inc.",Nasdaq Stock Exchange Global Select Market,3716896016.04,11/07/2000,ACLS,ACLS,120.36
SXI.N,Standex International Corp,New York Stock Exchange,3698012355.45,17/03/1980,SXI,SXI,303.14
CSTM.N,Constellium SE,New York Stock Exchange,3683643647.04,23/05/2013,CSTM,CSTM,27.18
JOYY.OQ,JOYY Inc.,Nasdaq Stock Exchange Global Select Market,3663707759.43,21/11/2012,JOYY,JOYY,74.81
LBTYA.OQ,Liberty Global Ltd,Nasdaq Stock Exchange Global Select Market,3662804567.48,02/06/2004,LBTYA,LBTYA,10.78
PII.N,Polaris Inc,New York Stock Exchange,3627030619.76,16/09/1987,PII,PII,63.85
BFAM.N,Bright Horizons Family Solutions Inc,New York Stock Exchange,3621384884.76,25/01/2013,BFAM,BFAM,74.46
PVH.N,PVH Corp.,New York Stock Exchange,3619946302.92,25/03/1920,PVH,PVH,76.16
KAI.N,Kadant Inc,New York Stock Exchange,3612645072.64,03/11/1992,KAI,KAI,305.86
NHI.N,"National Health Investors, Inc.",New York Stock Exchange,3604214751.26,24/07/1991,NHI,NHI,72.56
HNI.N,HNI Corporation,New York Stock Exchange,3603315456,02/07/1998,HNI,HNI,49.92
POST.N,"Post Holdings, Inc.",New York Stock Exchange,3603139305.85,27/01/2012,POST,POST,81.49
OPCH.OQ,Option Care Health Inc,Nasdaq Stock Exchange Global Select Market,3600837241.72,15/08/1996,OPCH,OPCH,24.04
LXP.N,LXP Industrial Trust,New York Stock Exchange,3595803531.36,22/10/1993,LXP,LXP,61.06
BELFA.OQ,Bel Fuse Inc.,Nasdaq Stock Exchange Global Select Market,3589709259.67,06/12/1983,BELFA,BELFA,210.7
NIC.N,Nicolet Bankshares Inc,New York Stock Exchange,3582686847.35,26/04/2013,NIC,NIC,171.41
SMG.N,Scotts Miracle-Gro Co,New York Stock Exchange,3571813809.9,29/12/1995,SMG,SMG,60.59
AWR.N,American States Water Company,New York Stock Exchange,3560468283.58,17/03/1980,AWR,AWR,89.83
CRVL.OQ,CorVel Corporation,Nasdaq Stock Exchange Global Select Market,3554345935.56,28/06/1991,CRVL,CRVL,70.36
MCHB.OQ,Mechanics Bancorp,Nasdaq Stock Exchange Global Select Market,3553895469.45,10/02/2012,MCHB,MCHB,16.05
FIBK.OQ,"First Interstate BancSystem, Inc.",Nasdaq Stock Exchange Global Select Market,3545331380.4,24/03/2010,FIBK,FIBK,37.2
QURE.OQ,uniQure N.V.,Nasdaq Stock Exchange Global Select Market,3534218691.4,05/02/2014,QURE,QURE,50.95
APAM.N,Artisan Partners Asset Management Inc,New York Stock Exchange,3529093281.57,07/03/2013,APAM,APAM,43.53
LRN.N,Stride Inc,New York Stock Exchange,3515131690.1,14/12/2007,LRN,LRN,85.3
HIW.N,"Highwoods Properties, Inc.",New York Stock Exchange,3475748708.61,08/06/1994,HIW,HIW,31.51
TOWN.OQ,TowneBank,Nasdaq Stock Exchange Global Select Market,3469170930.75,05/05/1999,TOWN,TOWN,37.53
KEN.N,Kenon Holdings Ltd,New York Stock Exchange,3449575881.4,06/01/2015,KEN,KEN,68.87
WIX.OQ,Wix.com Ltd.,Nasdaq Stock Exchange Global Select Market,3443796260.19,06/11/2013,WIX,WIX,82.29
FFBC.OQ,First Financial Bancorp.,Nasdaq Stock Exchange Global Select Market,3439832163.8,21/12/1983,FFBC,FFBC,32.77
KBH.N,KB Home,New York Stock Exchange,3438249546.24,01/08/1986,KBH,KBH,54.72
AB.N,AllianceBernstein Holding LP,New York Stock Exchange,3433506820.15,15/04/1988,AB,AB,36.85
GBDC.OQ,Golub Capital BDC Inc,Nasdaq Stock Exchange Global Select Market,3404032331.79,15/04/2010,GBDC,GBDC,13.11
ASH.N,Ashland Inc.,New York Stock Exchange,3403363258.4,17/03/1980,ASH,ASH,74.32
NEA.N,Nuveen AMT-Free Quality Municipal Income Fund,New York Stock Exchange,3398934431.25,22/11/2002,NEA,NEA,11.28
AAMI.N,Acadian Asset Management Inc.,New York Stock Exchange,3394630743.2,09/10/2014,AAMI,AAMI,95.65
GPK.N,Graphic Packaging Holding Company,New York Stock Exchange,3390019510.85,10/12/1992,GPK,GPK,11.45
USLM.OQ,United States Lime & Minerals Inc,Nasdaq Stock Exchange Global Select Market,3387808786.67,17/03/1980,USLM,USLM,118.09
ARLP.OQ,Alliance Resource Partners LP,Nasdaq Stock Exchange Global Select Market,3369573998.19,17/08/1999,ARLP,ARLP,26.19
OSIS.OQ,"OSI Systems, Inc.",Nasdaq Stock Exchange Global Select Market,3364392926.72,02/10/1997,OSIS,OSIS,211.04
CXW.N,"CoreCivic, Inc.",New York Stock Exchange,3361389691.11,02/10/1986,CXW,CXW,33.99
FSK.N,FS KKR Capital Corp.,New York Stock Exchange,3360297804.8,16/04/2014,FSK,FSK,12.16
MGNI.OQ,"Magnite, Inc.",Nasdaq Stock Exchange Global Select Market,3353256790.66,04/02/2014,MGNI,MGNI,23.38
EXPO.OQ,"Exponent, Inc.",Nasdaq Stock Exchange Global Select Market,3344391548.56,17/08/1990,EXPO,EXPO,70.34
CSQ.OQ,Calamos Strategic Total Return Fund,Nasdaq Stock Exchange Global Select Market,3342103193.4,26/03/2004,CSQ,CSQ,20.84
AGO.N,Assured Guaranty Ltd,New York Stock Exchange,3336692065.36,23/04/2004,AGO,AGO,75.91
SBCF.OQ,Seacoast Banking Corporation of Florida,Nasdaq Stock Exchange Global Select Market,3330704285.6,02/02/1984,SBCF,SBCF,34.4
ATRO.OQ,Astronics Corporation,Nasdaq Stock Exchange Global Select Market,3326593449.04,20/04/1972,ATRO,ATRO,77.51
CBU.N,Community Financial System Inc,New York Stock Exchange,3323220559.8,26/11/1985,CBU,CBU,63.16
UCTT.OQ,Ultra Clean Holdings Inc,Nasdaq Stock Exchange Global Select Market,3308845279.32,25/03/2004,UCTT,UCTT,73.08
BKU.N,"BankUnited, Inc.",New York Stock Exchange,3308025643.56,28/01/2011,BKU,BKU,46.44
SBLK.OQ,Star Bulk Carriers Corp.,Nasdaq Stock Exchange Global Select Market,3303239597.88,27/02/2006,SBLK,SBLK,29.58
HTGC.N,"Hercules Capital, Inc.",New York Stock Exchange,3301572960,09/06/2005,HTGC,HTGC,17.64
SHOO.OQ,"Steven Madden, Ltd.",Nasdaq Stock Exchange Global Select Market,3301018755.45,13/12/1993,SHOO,SHOO,45.11
SFNC.OQ,Simmons First National Corporation,Nasdaq Stock Exchange Global Select Market,3294914389.2,14/03/1985,SFNC,SFNC,22.8
SIG.N,Signet Jewelers Limited,New York Stock Exchange,3294262624.08,14/07/1988,SIG,SIG,81.84
DAN.N,Dana Inc,New York Stock Exchange,3235906504.32,02/01/2008,DAN,DAN,30.08
CPK.N,Chesapeake Utilities Corporation,New York Stock Exchange,3234604131.9,17/03/1980,CPK,CPK,134.18
AGYS.OQ,Agilysys Inc,Nasdaq Stock Exchange Global Select Market,3232665362.68,08/01/1971,AGYS,AGYS,114.61
TNET.N,"TriNet Group, Inc.",New York Stock Exchange,3231693555.2,27/03/2014,TNET,TNET,69.53
ADX.N,"Adams Diversified Equity Fund, Inc.",New York Stock Exchange,3219372088.56,17/03/1980,ADX,ADX,25.77
AVA.N,Avista Corporation,New York Stock Exchange,3195170464.5,22/05/1981,AVA,AVA,38.15
GRBK.N,"Green Brick Partners, Inc.",New York Stock Exchange,3173329150.88,19/06/2007,GRBK,GRBK,73.78
DKL.N,"Delek Logistics Partners, LP",New York Stock Exchange,3160934391.69,02/11/2012,DKL,DKL,54.69
IPGP.OQ,IPG Photonics Corp,Nasdaq Stock Exchange Global Select Market,3156488139.19,13/12/2006,IPGP,IPGP,74.21
BSM.N,"Black Stone Minerals, L.P.",New York Stock Exchange,3148116450.8,01/05/2015,BSM,BSM,14.8
GPI.N,Group 1 Automotive Inc,New York Stock Exchange,3131133951.75,20/12/1995,GPI,GPI,262.63
FUL.N,H.B. Fuller Company,New York Stock Exchange,3122359208.55,17/03/1980,FUL,FUL,58.05
SHAK.N,Shake Shack Inc,New York Stock Exchange,3121754537.72,30/01/2015,SHAK,SHAK,70.55
ARCB.OQ,ArcBest Corporation,Nasdaq Stock Exchange Global Select Market,3108849827.86,13/05/1992,ARCB,ARCB,139.09
CWT.N,California Water Service Group,New York Stock Exchange,3108033216.26,17/03/1980,CWT,CWT,50.26
MZTI.OQ,The Marzetti Company,Nasdaq Stock Exchange Global Select Market,3096163950,17/03/1980,MZTI,MZTI,113.45
MMS.N,"Maximus, Inc.",New York Stock Exchange,3087537284.11,13/06/1997,MMS,MMS,59.54
FIZZ.OQ,National Beverage Corp.,Nasdaq Stock Exchange Global Select Market,3085454881.92,13/09/1991,FIZZ,FIZZ,32.96
AD.N,Array Digital Infrastructure Inc,New York Stock Exchange,3083841140,04/05/1988,AD,AD,35.66
PFS.N,Provident Financial Services Inc,New York Stock Exchange,3068844201.54,16/01/2003,PFS,PFS,23.56
POWI.OQ,"Power Integrations, Inc.",Nasdaq Stock Exchange Global Select Market,3067444060.2,12/12/1997,POWI,POWI,54.9
WING.OQ,Wingstop Inc.,Nasdaq Stock Exchange Global Select Market,3057703363.04,12/06/2015,WING,WING,112.24
AMBA.OQ,"Ambarella, Inc.",Nasdaq Stock Exchange Global Select Market,3054980403.4,10/10/2012,AMBA,AMBA,69.64
UTF.N,Cohen & Steers Infrastructure Fund Inc,New York Stock Exchange,3053530362.63,26/03/2004,UTF,UTF,27.21
BOH.N,Bank of Hawaii Corporation,New York Stock Exchange,3047543091,17/03/1980,BOH,BOH,77.25
EXG.N,Eaton Vance Tax-Managed Global Diversified Equity Income Fund,New York Stock Exchange,3044063458.7,23/02/2007,EXG,EXG,9.95
TR.N,Tootsie Roll Industries Inc,New York Stock Exchange,3027081458.46,17/03/1980,TR,TR,40.88
MGEE.OQ,"MGE Energy, Inc.",Nasdaq Stock Exchange Global Select Market,2999672712.68,17/03/1980,MGEE,MGEE,79.39
DBRG.N,DigitalBridge Group Inc,New York Stock Exchange,2994299637.57,27/06/2014,DBRG,DBRG,15.97
BANC.N,"Banc of California, Inc.",New York Stock Exchange,2981612137,23/08/2002,BANC,BANC,18.82
EXTR.OQ,"Extreme Networks, Inc.",Nasdaq Stock Exchange Global Select Market,2980406514.52,09/04/1999,EXTR,EXTR,22.84
COLM.OQ,Columbia Sportswear Company,Nasdaq Stock Exchange Global Select Market,2977396163.04,01/01/1998,COLM,COLM,58.16
CBZ.N,"CBIZ, Inc.",New York Stock Exchange,2970404736.46,27/04/1995,CBZ,CBZ,54.74
DXPE.OQ,"DXP Enterprises, Inc.",Nasdaq Stock Exchange Global Select Market,2960671838.4,27/12/1996,DXPE,DXPE,190.8
DHT.N,"DHT Holdings, Inc.",New York Stock Exchange,2953835697.36,17/07/2012,DHT,DHT,18.32
KN.N,Knowles Corporation,New York Stock Exchange,2950072660.04,14/02/2014,KN,KN,34.96
AEO.N,"American Eagle Outfitters, Inc.",New York Stock Exchange,2947614927.47,13/04/1994,AEO,AEO,17.59
PPLI.OQ,People Incorporated,Nasdaq Stock Exchange Global Select Market,2924198334.75,19/01/1993,PPLI,PPLI,39.27
CXT.N,"Crane NXT, Co.",New York Stock Exchange,2914904434.56,26/10/1936,CXT,CXT,50.64
BKD.N,Brookdale Senior Living Inc,New York Stock Exchange,2913570474.4,22/11/2005,BKD,BKD,12.2
WDFC.OQ,WD-40 Company,Nasdaq Stock Exchange Global Select Market,2906740971.68,17/01/1973,WDFC,WDFC,216.58
UNFI.N,United Natural Foods Inc,New York Stock Exchange,2903708337.2,01/11/1996,UNFI,UNFI,47.26
HOG.N,"Harley-Davidson, Inc.",New York Stock Exchange,2898419319.95,01/07/1987,HOG,HOG,27.85
SPSC.OQ,"SPS Commerce, Inc.",Nasdaq Stock Exchange Global Select Market,2897294003.52,22/04/2010,SPSC,SPSC,80.48
AKR.N,Acadia Realty Trust,New York Stock Exchange,2894973779.76,27/05/1993,AKR,AKR,21.08
IMAX.N,Imax Corp,New York Stock Exchange,2893469934.64,10/06/1994,IMAX,IMAX,52.76
DNOW.N,DNOW Inc.,New York Stock Exchange,2890766397.09,20/05/2014,DNOW,DNOW,15.99
DGII.OQ,Digi International Inc.,Nasdaq Stock Exchange Global Select Market,2887093197.84,06/10/1989,DGII,DGII,76.08
TNK.N,Teekay Tankers Ltd,New York Stock Exchange,2885385318.4,13/12/2007,TNK,TNK,88.2
ADEA.OQ,Adeia Inc.,Nasdaq Stock Exchange Global Select Market,2881620319.5,13/11/2003,ADEA,ADEA,26.13
MAN.N,ManpowerGroup Inc,New York Stock Exchange,2881485117.2,03/05/1988,MAN,MAN,62.21
ACHC.OQ,"Acadia Healthcare Company, Inc.",Nasdaq Stock Exchange Global Select Market,2847006409.5,01/11/2011,ACHC,ACHC,30.58
WOR.N,"Worthington Enterprises, Inc.",New York Stock Exchange,2836285668.48,19/04/2000,WOR,WOR,57.79
KWR.N,Quaker Chemical Corp,New York Stock Exchange,2834452673.44,17/03/1980,KWR,KWR,164.31
VECO.OQ,Veeco Instruments Inc,Nasdaq Stock Exchange Global Select Market,2822355478.8,01/01/1994,VECO,VECO,46.17
RH.N,RH,New York Stock Exchange,2811868653.97,11/02/2012,RH,RH,144.8
JPC.N,Nuveen Preferred & Income Opportunities Fund,New York Stock Exchange,2810446455.04,26/03/2003,JPC,JPC,7.47
CALY.N,Callaway Golf Co,New York Stock Exchange,2809755600.54,28/02/1992,CALY,CALY,15.74
NTCT.OQ,"NetScout Systems, Inc.",Nasdaq Stock Exchange Global Select Market,2799231512,12/08/1999,NTCT,NTCT,38.5
DCO.N,Ducommun Incorporated,New York Stock Exchange,2798895035.44,17/03/1980,DCO,DCO,185.36
ABM.N,ABM Industries Inc,New York Stock Exchange,2798410691.71,08/11/1971,ABM,ABM,47.77
BCC.N,Boise Cascade Co,New York Stock Exchange,2789214598.94,06/02/2013,BCC,BCC,79.94
MGRC.OQ,McGrath RentCorp,Nasdaq Stock Exchange Global Select Market,2788189431.45,13/11/1984,MGRC,MGRC,114.15
SPNT.N,SIRIUSPOINT LTD.,New York Stock Exchange,2785637083.68,15/08/2013,SPNT,SPNT,24.07
ALRM.OQ,"Alarm.com Holdings, Inc.",Nasdaq Stock Exchange Global Select Market,2783906829.88,26/06/2015,ALRM,ALRM,56.71
FCPT.N,Four Corners Property Trust Inc,New York Stock Exchange,2776837071.8,29/10/2015,FCPT,FCPT,25.3
NOG.N,"Northern Oil and Gas, Inc.",New York Stock Exchange,2772408310.56,21/02/2006,NOG,NOG,26.08
VC.OQ,Visteon Corporation,Nasdaq Stock Exchange Global Select Market,2768049033.01,08/01/2011,VC,VC,103.69
NAD.N,Nuveen Quality Municipal Income Fund,New York Stock Exchange,2734728363.9,26/05/1999,NAD,NAD,11.75
UE.N,Urban Edge Properties,New York Stock Exchange,2707943795.7,05/01/2015,UE,UE,21.32
TBBK.OQ,Bancorp Inc,Nasdaq Stock Exchange Global Select Market,2704165436.7,02/02/2004,TBBK,TBBK,66.3
WLY.N,"John Wiley & Sons, Inc.",New York Stock Exchange,2702097629.21,12/07/1995,WLY,WLY,54.04
DAC.N,Danaos Corporation,New York Stock Exchange,2690123131.26,06/10/2006,DAC,DAC,147.78
PATK.OQ,"Patrick Industries, Inc.",Nasdaq Stock Exchange Global Select Market,2687013966.24,17/03/1980,PATK,PATK,83.66
GDV.N,Gabelli Dividend & Income Trust,New York Stock Exchange,2686462749.96,25/11/2003,GDV,GDV,30.47
TRMK.OQ,Trustmark Corporation,Nasdaq Stock Exchange Global Select Market,2685183480.48,17/03/1980,TRMK,TRMK,46.24
WAFD.OQ,WaFd Inc,Nasdaq Stock Exchange Global Select Market,2680107520.36,09/11/1982,WAFD,WAFD,36.22
NBTB.OQ,NBT Bancorp Inc.,Nasdaq Stock Exchange Global Select Market,2676462742.11,17/03/1992,NBTB,NBTB,51.51
HTO.OQ,H2O America(Dover),Nasdaq Stock Exchange Global Select Market,2665441278.72,18/03/1980,HTO,HTO,63.68
AAP.N,Advance Auto Parts Inc,New York Stock Exchange,2660620000,29/11/2001,AAP,AAP,44.05
BBT.N,Beacon Financial Corporation,New York Stock Exchange,2657808087.06,28/06/2000,BBT,BBT,31.71
PGEN.OQ,"Precigen, Inc.",Nasdaq Stock Exchange Global Select Market,2656621532.74,08/08/2013,PGEN,PGEN,7.42
CUBI.N,"Customers Bancorp, Inc.",New York Stock Exchange,2653379573.46,16/05/2013,CUBI,CUBI,78.54
FBNC.OQ,First Bancorp (North Carolina),Nasdaq Stock Exchange Global Select Market,2642571495.27,30/04/1987,FBNC,FBNC,63.87
NVG.N,Nuveen AMT-Free Municipal Credit Income Fund,New York Stock Exchange,2639496125.59,25/03/2002,NVG,NVG,12.28
EEFT.OQ,Euronet Worldwide Inc,Nasdaq Stock Exchange Global Select Market,2638823627.25,07/03/1997,EEFT,EEFT,70.55
FRME.OQ,First Merchants Corporation,Nasdaq Stock Exchange Global Select Market,2617563310.64,20/06/1989,FRME,FRME,41.68
WHR.N,Whirlpool Corporation,New York Stock Exchange,2617103032.92,19/09/1955,WHR,WHR,39.75
RARE.OQ,Ultragenyx Pharmaceutical Inc.,Nasdaq Stock Exchange Global Select Market,2606689802.12,31/01/2014,RARE,RARE,26.44
BHE.N,Benchmark Electronics Inc,New York Stock Exchange,2597729554.56,27/06/1990,BHE,BHE,72.32
DRH.OQ,Diamondrock Hospitality Co,Nasdaq Stock Exchange Global Select Market,2582123694.22,26/05/2005,DRH,DRH,12.62
NEOG.OQ,Neogen Corporation,Nasdaq Stock Exchange Global Select Market,2551840258.5,23/08/1989,NEOG,NEOG,11.7
VISN.OQ,Vistance Networks Inc,Nasdaq Stock Exchange Global Select Market,2548421852.6,25/10/2013,VISN,VISN,11.05
IVT.N,InvenTrust Properties Corp.,New York Stock Exchange,2547555340.77,20/02/2014,IVT,IVT,32.64
KALU.OQ,Kaiser Aluminum Corporation,Nasdaq Stock Exchange Global Select Market,2542283806,11/07/1991,KALU,KALU,155.5
NWL.OQ,Newell Brands Inc,Nasdaq Stock Exchange Global Select Market,2538364000,28/06/1979,NWL,NWL,5.96
TDC.N,Teradata Corporation,New York Stock Exchange,2516580000,12/09/2007,TDC,TDC,28.55
BCRX.OQ,"BioCryst Pharmaceuticals, Inc.",Nasdaq Stock Exchange Global Select Market,2511910082.15,04/03/1994,BCRX,BCRX,9.83
KYN.N,Kayne Anderson Energy Infrastructure Fund Inc,New York Stock Exchange,2508139143.54,28/09/2004,KYN,KYN,14.78
LCII.N,LCI Industries,New York Stock Exchange,2503842105.93,23/09/2014,LCII,LCII,102.3
PTY.N,Pimco Corporate & Income Opportunity Fund,New York Stock Exchange,2492907343.92,24/12/2002,PTY,PTY,11.78
HURN.OQ,Huron Consulting Group Inc.,Nasdaq Stock Exchange Global Select Market,2491039973.04,13/10/2004,HURN,HURN,156.57
BUSE.OQ,First Busey Corporation,Nasdaq Stock Exchange Global Select Market,2488043684.28,27/10/1993,BUSE,BUSE,30.13
SYBT.OQ,Stock Yards Bancorp Inc,Nasdaq Stock Exchange Global Select Market,2484710107.14,24/03/1993,SYBT,SYBT,79.98
HWKN.OQ,Hawkins Inc,Nasdaq Stock Exchange Global Select Market,2475162622.69,18/03/1980,HWKN,HWKN,118.57
PBH.N,Prestige Consumer Healthcare Inc.,New York Stock Exchange,2470581322.3,10/02/2005,PBH,PBH,51.21
HLIO.N,Helios Technologies Inc,New York Stock Exchange,2468986734.61,09/01/1997,HLIO,HLIO,74.93
ATHM.N,Autohome Inc,New York Stock Exchange,2467433799.25,11/12/2013,ATHM,ATHM,22.17
SAH.N,Sonic Automotive Inc,New York Stock Exchange,2467219148.08,12/11/1997,SAH,SAH,79.29
UNIT.OQ,Uniti Group Inc (Delaware),Nasdaq Stock Exchange Global Select Market,2466087371.6,20/04/2015,UNIT,UNIT,10.16
CENT.OQ,Central Garden & Pet Co,Nasdaq Stock Exchange Global Select Market,2457300961.64,16/07/1993,CENT,CENT,44.18
HUBG.OQ,"Hub Group, Inc.",Nasdaq Stock Exchange Global Select Market,2446140400,13/03/1996,HUBG,HUBG,40
VVX.N,"V2X, Inc.",New York Stock Exchange,2444937924,16/09/2014,VVX,VVX,78.45
MPT.N,Medical Properties Trust Inc,New York Stock Exchange,2436576000,08/07/2005,MPT,MPT,4.03
NMM.N,Navios Maritime Partners L.P.,New York Stock Exchange,2427462462.6,13/11/2007,NMM,NMM,88.4
COHU.OQ,"Cohu, Inc.",Nasdaq Stock Exchange Global Select Market,2417100388.98,16/01/1964,COHU,COHU,51.06
CALX.N,"Calix, Inc.",New York Stock Exchange,2415298618.04,24/03/2010,CALX,CALX,38.36
HIMX.OQ,"Himax Technologies, Inc.",Nasdaq Stock Exchange Global Select Market,2413696000,31/03/2006,HIMX,HIMX,13.84
COTY.N,Coty Inc,New York Stock Exchange,2413080911.36,13/06/2013,COTY,COTY,2.74
NZF.N,Nuveen Municipal Credit Income Fund,New York Stock Exchange,2401812838.78,25/09/2001,NZF,NZF,12.24
PENN.OQ,"PENN Entertainment, Inc.",Nasdaq Stock Exchange Global Select Market,2393088649.35,26/05/1994,PENN,PENN,17.85
BANR.OQ,Banner Corp,Nasdaq Stock Exchange Global Select Market,2391178197.24,01/11/1995,BANR,BANR,70.36
CC.N,The Chemours Company,New York Stock Exchange,2374874141.1,19/06/2015,CC,CC,15.78
IOSP.OQ,Innospec Inc,Nasdaq Stock Exchange Global Select Market,2356205956.02,13/05/1998,IOSP,IOSP,95.66
TRN.N,Trinity Industries Inc,New York Stock Exchange,2351046531.86,22/05/1981,TRN,TRN,29.48
BXMT.N,Blackstone Mortgage Trust Inc,New York Stock Exchange,2346126786.72,29/12/1980,BXMT,BXMT,13.92
WERN.OQ,"Werner Enterprises, Inc.",Nasdaq Stock Exchange Global Select Market,2332511596.84,20/06/1986,WERN,WERN,38.89
PBI.N,Pitney Bowes Inc.,New York Stock Exchange,2331904506.12,18/09/1950,PBI,PBI,17.27
RVT.N,Royce Small-Cap Trust Inc,New York Stock Exchange,2330906062.24,19/11/1986,RVT,RVT,18.83
AMC.N,AMC Entertainment Holdings Inc,New York Stock Exchange,2329698105.18,18/12/2013,AMC,AMC,2.61
HCI.N,Hci Group Inc,New York Stock Exchange,2327063238.36,15/09/2008,HCI,HCI,187.08
DBD.N,Diebold Nixdorf Inc,New York Stock Exchange,2300899734.64,17/03/1980,DBD,DBD,67.78
ETY.N,Eaton Vance Tax-Managed Diversified Equity Income Fund,New York Stock Exchange,2300011979.52,28/11/2006,ETY,ETY,14.44
ARR.N,"ARMOUR Residential REIT, Inc.",New York Stock Exchange,2295990406.12,03/12/2007,ARR,ARR,16.22
EFSC.OQ,Enterprise Financial Services Corp,Nasdaq Stock Exchange Global Select Market,2292796142,18/06/2001,EFSC,EFSC,63.35
RAMP.N,Liveramp Holdings Inc,New York Stock Exchange,2287715172.66,14/12/1983,RAMP,RAMP,37.75
KMT.N,Kennametal Inc.,New York Stock Exchange,2287332850.22,22/05/1981,KMT,KMT,30.21
BKE.N,"The Buckle, Inc.",New York Stock Exchange,2275461543.32,08/05/1992,BKE,BKE,44.17
AGM.N,Federal Agricultural Mortgage Corporation,New York Stock Exchange,2271631599.12,09/12/1988,AGM,AGM,218.14
WU.N,The Western Union Company,New York Stock Exchange,2264241402.06,20/09/2006,WU,WU,7.21
ALGT.OQ,Allegiant Travel Company,Nasdaq Stock Exchange Global Select Market,2258098563,08/12/2006,ALGT,ALGT,82.6
ADUS.OQ,Addus Homecare Corp,Nasdaq Stock Exchange Global Select Market,2254174753,28/10/2009,ADUS,ADUS,120.71
ROG.N,Rogers Corporation,New York Stock Exchange,2253911776.9,17/03/1980,ROG,ROG,129.33
PLUS.OQ,ePlus inc.,Nasdaq Stock Exchange Global Select Market,2247950414.88,15/11/1996,PLUS,PLUS,86.16
NWBI.OQ,Northwest Bancshares Inc,Nasdaq Stock Exchange Global Select Market,2243753749.04,07/11/1994,NWBI,NWBI,15.32
MTX.N,Minerals Technologies Inc.,New York Stock Exchange,2243449877.34,23/10/1992,MTX,MTX,72.29
TILE.OQ,"Interface, Inc.",Nasdaq Stock Exchange Global Select Market,2236877802,15/04/1983,TILE,TILE,38.7
MCRI.OQ,"Monarch Casino & Resort, Inc.",Nasdaq Stock Exchange Global Select Market,2226335558.62,06/08/1993,MCRI,MCRI,124.22
ANDE.OQ,Andersons Inc,Nasdaq Stock Exchange Global Select Market,2216566186.8,20/02/1996,ANDE,ANDE,65.24
HTH.N,Hilltop Holdings Inc.,New York Stock Exchange,2213547152.88,12/02/2004,HTH,HTH,38.64
OFG.N,OFG Bancorp,New York Stock Exchange,2207949406.56,26/03/1987,OFG,OFG,52.09
RUN.OQ,Sunrun Inc,Nasdaq Stock Exchange Global Select Market,2198932945.66,05/08/2015,RUN,RUN,9.13
MD.N,Pediatrix Medical Group Inc,New York Stock Exchange,2189775653.45,20/09/1995,MD,MD,26.8
UAA.N,Under Armour Inc,New York Stock Exchange,2185346251.6,18/11/2005,UAA,UAA,5.07
LTC.N,"LTC Properties, Inc.",New York Stock Exchange,2184792468.39,18/08/1992,LTC,LTC,40.69
XRAY.OQ,DENTSPLY SIRONA Inc.,Nasdaq Stock Exchange Global Select Market,2178937864.68,12/08/1987,XRAY,XRAY,10.93
EVT.N,Eaton Vance Tax-Advantaged Dividend Income Fund,New York Stock Exchange,2165467817.1,26/09/2003,EVT,EVT,29.05
GOF.N,Guggenheim Strategic Opportunities Fund,New York Stock Exchange,2165208726.57,27/07/2007,GOF,GOF,9.69
NMZ.N,Nuveen Municipal High Income Opportunity Fund,New York Stock Exchange,2162291848.56,20/11/2003,NMZ,NMZ,10.01
NGL.N,NGL Energy Partners LP,New York Stock Exchange,2146805770.8,12/05/2011,NGL,NGL,17.52
BLKB.OQ,"Blackbaud, Inc.",Nasdaq Stock Exchange Global Select Market,2137419667.73,22/07/2004,BLKB,BLKB,47.09
STC.N,Stewart Information Services Corp,New York Stock Exchange,2133501710.1,06/01/1994,STC,STC,69.93
ECPG.OQ,"Encore Capital Group, Inc.",Nasdaq Stock Exchange Global Select Market,2124118004.9,09/07/1999,ECPG,ECPG,100.15
NWN.N,Northwest Natural Holding Company,New York Stock Exchange,2121093379.82,17/03/1980,NWN,NWN,49.56
HAPN.OQ,"Happen, Inc.",Nasdaq Stock Exchange Global Select Market,2118881039.04,22/10/2014,HAPN,HAPN,18.36
GNL.N,Global Net Lease Inc,New York Stock Exchange,2114245212.98,02/06/2015,GNL,GNL,9.14
STGW.OQ,Stagwell Inc.,Nasdaq Stock Exchange Global Select Market,2112267896.64,01/10/1998,STGW,STGW,8.64
BRSL.N,Brightstar Lottery PLC,New York Stock Exchange,2106900763.56,07/04/2015,BRSL,BRSL,11.47
FCF.N,First Commonwealth Financial Corp,New York Stock Exchange,2103984358.5,10/06/1992,FCF,FCF,20.82
PRDO.OQ,Perdoceo Education Corporation,Nasdaq Stock Exchange Global Select Market,2093828260.3,29/01/1998,PRDO,PRDO,33.46
SHO.N,Sunstone Hotel Investors Inc,New York Stock Exchange,2088150457.43,21/10/2004,SHO,SHO,11.19
NVCR.OQ,NovoCure Limited,Nasdaq Stock Exchange Global Select Market,2083216077.6,01/10/2015,NVCR,NVCR,17.89
EZPW.OQ,EZCORP Inc,Nasdaq Stock Exchange Global Select Market,2082930480.3,27/08/1991,EZPW,EZPW,33.9
HMN.N,Horace Mann Educators Corp,New York Stock Exchange,2082564196.68,15/11/1991,HMN,HMN,51.42
SRCE.OQ,1st Source Corp,Nasdaq Stock Exchange Global Select Market,2075130946.42,12/08/1983,SRCE,SRCE,86.17
PEB.N,Pebblebrook Hotel Trust,New York Stock Exchange,2072920692.92,09/12/2009,PEB,PEB,18.28
GTY.N,Getty Realty Corp.,New York Stock Exchange,2059262241.75,17/03/1980,GTY,GTY,33.25
MLCO.OQ,Melco Resorts & Entertainment Ltd,Nasdaq Stock Exchange Global Select Market,2057120380.83,07/12/2011,MLCO,MLCO,5.41
SRPT.OQ,"Sarepta Therapeutics, Inc.",Nasdaq Stock Exchange Global Select Market,2055501828.66,04/06/1997,SRPT,SRPT,19.46
GRC.N,The Gorman-Rupp Company,New York Stock Exchange,2049963061.66,17/03/1980,GRC,GRC,77.62
LPG.N,Dorian LPG Ltd.,New York Stock Exchange,2049290419.9,08/05/2014,LPG,LPG,49.28
PRGO.N,Perrigo Company PLC,New York Stock Exchange,2048234056.2,17/12/1991,PRGO,PRGO,14.37
SPB.N,"Spectrum Brands Holdings, Inc.",New York Stock Exchange,2044078528.44,17/03/1980,SPB,SPB,88.5
SEDG.OQ,"SolarEdge Technologies, Inc.",Nasdaq Stock Exchange Global Select Market,2035271743.84,26/03/2015,SEDG,SEDG,33.08
KSS.N,Kohl's Corporation,New York Stock Exchange,2034395874.42,19/05/1992,KSS,KSS,18.15
CHCO.OQ,City Holding Co,Nasdaq Stock Exchange Global Select Market,2032053748.8,26/06/1987,CHCO,CHCO,144.68
AGIO.OQ,"Agios Pharmaceuticals, Inc.",Nasdaq Stock Exchange Global Select Market,2029266969.18,24/07/2013,AGIO,AGIO,33.99
GEL.N,Genesis Energy LP,New York Stock Exchange,2008545837.24,27/11/1996,GEL,GEL,16.44
ALG.N,Alamo Group Inc.,New York Stock Exchange,2005653322.35,19/03/1993,ALG,ALG,164.79
CNXN.OQ,PC Connection Inc,Nasdaq Stock Exchange Global Select Market,2003652679.61,04/03/1998,CNXN,CNXN,79.39
PLPC.OQ,Preformed Line Products Co,Nasdaq Stock Exchange Global Select Market,2003243008.77,18/09/2001,PLPC,PLPC,409.77
DEI.N,"Douglas Emmett, Inc.",New York Stock Exchange,2003123793.32,24/10/2006,DEI,DEI,11.96
MHD.N,BlackRock MuniHoldings Fund Inc,New York Stock Exchange,2002058688.06,06/05/1997,MHD,MHD,11.47
OLN.N,Olin Corp,New York Stock Exchange,1996973224.8,22/05/1981,OLN,OLN,17.28
HE.N,"Hawaiian Electric Industries, Inc.",New York Stock Exchange,1984644765.96,01/01/1981,HE,HE,11.49
NSP.N,"Insperity, Inc.",New York Stock Exchange,1982716465.7,29/01/1997,NSP,NSP,51.81
INVX.N,Innovex International Inc,New York Stock Exchange,1976386471.02,23/10/1997,INVX,INVX,29.84
XPRO.N,Expro Ltd,New York Stock Exchange,1971727564.95,09/08/2013,XPRO,XPRO,18.07
CCS.N,Century Communities Inc,New York Stock Exchange,1970968628,18/06/2014,CCS,CCS,69.32
PRKS.N,United Parks & Resorts Inc.,New York Stock Exchange,1955570657.17,18/04/2013,PRKS,PRKS,42.49
DHC.OQ,Diversified Healthcare Trust,Nasdaq Stock Exchange Global Select Market,1946717063.52,06/10/1999,DHC,DHC,8.04
EPAC.N,Enerpac Tool Group Corp.,New York Stock Exchange,1928400630.66,06/08/1987,EPAC,EPAC,37.71
SAM.N,"The Boston Beer Company, Inc.",New York Stock Exchange,1909724326.36,21/11/1995,SAM,SAM,182.94
ZD.OQ,Ziff Davis Inc,Nasdaq Stock Exchange Global Select Market,1906711636.88,16/09/1982,ZD,ZD,55.61
SNDA.N,"Sonida Senior Living, Inc.",New York Stock Exchange,1906063763.3,31/10/1997,SNDA,SNDA,39
TY.N,Tri-Continental Corp,New York Stock Exchange,1900431844.5,17/03/1980,TY,TY,35.59
PDFS.OQ,"PDF Solutions, Inc.",Nasdaq Stock Exchange Global Select Market,1897268814.88,26/07/2001,PDFS,PDFS,44.93
STRA.OQ,"Strategic Education, Inc.",Nasdaq Stock Exchange Global Select Market,1894526858.29,25/07/1996,STRA,STRA,85.31
PRLB.N,"Proto Labs, Inc.",New York Stock Exchange,1886241578.45,24/02/2012,PRLB,PRLB,80.1
JBLU.OQ,JetBlue Airways Corporation,Nasdaq Stock Exchange Global Select Market,1882787783.19,12/04/2002,JBLU,JBLU,4.99
ATEN.N,A10 Networks Inc,New York Stock Exchange,1879847553.69,21/03/2014,ATEN,ATEN,25.89
VNET.OQ,"VNET Group, Inc.",Nasdaq Stock Exchange Global Select Market,1876117927.37,21/04/2011,VNET,VNET,6.59
NUV.N,Nuveen Municipal Value Fund Inc,New York Stock Exchange,1873681992.2,17/06/1987,NUV,NUV,8.96
GABC.OQ,German American Bancorp Inc,Nasdaq Stock Exchange Global Select Market,1863533088.72,18/05/1993,GABC,GABC,49.59
RBCAA.OQ,Republic Bancorp Inc,Nasdaq Stock Exchange Global Select Market,1851107756.28,22/07/1998,RBCAA,RBCAA,94.28
LOB.N,"Live Oak Bancshares, Inc.",New York Stock Exchange,1850881963.8,23/07/2015,LOB,LOB,39.98
ETG.N,Eaton Vance Tax-Advantaged Global Dividend Income Fund,New York Stock Exchange,1846990173.6,28/01/2004,ETG,ETG,24.2
USA.N,Liberty All-Star Equity Fund,New York Stock Exchange,1846233924.47,24/10/1986,USA,USA,5.99
WKC.N,World Kinect Corporation,New York Stock Exchange,1841969836.2,08/06/1987,WKC,WKC,35.84
NBHC.N,National Bank Holdings Corp,New York Stock Exchange,1839928686.57,20/09/2012,NBHC,NBHC,41.2
OCFC.OQ,OceanFirst Financial Corp,Nasdaq Stock Exchange Global Select Market,1838192065.38,03/07/1996,OCFC,OCFC,19.02
SGRY.OQ,"Surgery Partners, Inc.",Nasdaq Stock Exchange Global Select Market,1838092370.4,01/10/2015,SGRY,SGRY,14.04
NAC.N,Nuveen California Quality Municipal Income Fund,New York Stock Exchange,1825895832.64,26/05/1999,NAC,NAC,11.73
TGLS.N,Tecnoglass Holdings Inc.,New York Stock Exchange,1810963625.12,10/05/2012,TGLS,TGLS,40.3
GT.OQ,Goodyear Tire & Rubber Co,Nasdaq Stock Exchange Global Select Market,1802246093.62,05/08/1927,GT,GT,6.26
STEW.N,SRH Total Return Fund Inc,New York Stock Exchange,1800562805,17/03/1980,STEW,STEW,18.56
GAM.N,"General American Investors Company, Inc.",New York Stock Exchange,1798712633.29,17/03/1980,GAM,GAM,67.58
TSLX.N,"Sixth Street Specialty Lending, Inc.",New York Stock Exchange,1794357875.98,21/03/2014,TSLX,TSLX,18.75
CMRE.N,Costamare Inc.,New York Stock Exchange,1794046287.88,04/11/2010,CMRE,CMRE,14.84
PRGS.OQ,Progress Software Corp,Nasdaq Stock Exchange Global Select Market,1785293365.26,30/07/1991,PRGS,PRGS,43.53
DCOM.N,"Dime Community Bancshares, Inc.",New York Stock Exchange,1783926438,13/09/1988,DCOM,DCOM,40.4
PLAB.OQ,"Photronics, Inc.",Nasdaq Stock Exchange Global Select Market,1783651864.5,10/03/1987,PLAB,PLAB,30.25
XHR.N,"Xenia Hotels & Resorts, Inc.",New York Stock Exchange,1780344615.5,04/02/2015,XHR,XHR,19.3
EVTC.N,Evertec Inc,New York Stock Exchange,1778235649.92,04/12/2013,EVTC,EVTC,29.76
HOPE.OQ,Hope Bancorp Inc,Nasdaq Stock Exchange Global Select Market,1778166357.12,13/03/1996,HOPE,HOPE,13.92
ETV.N,Eaton Vance Tax-Managed Buy-Write Opportunities Fund,New York Stock Exchange,1772334342.24,28/06/2005,ETV,ETV,15.18
GAB.N,Gabelli Equity Trust Inc,New York Stock Exchange,1770709234.38,14/08/1986,GAB,GAB,5.69
SFL.N,SFL Corporation Ltd.,New York Stock Exchange,1767335468.37,14/06/2004,SFL,SFL,12.35
TFIN.N,"Triumph Financial, Inc.",New York Stock Exchange,1760549486.16,07/11/2014,TFIN,TFIN,71.92
STBA.OQ,S&T Bancorp Inc,Nasdaq Stock Exchange Global Select Market,1758337431.12,21/04/1992,STBA,STBA,49.86
WMK.N,"Weis Markets, Inc.",New York Stock Exchange,1749443007.9,22/05/1981,WMK,WMK,70.49
RLJ.N,RLJ Lodging Trust,New York Stock Exchange,1746227493.12,11/05/2011,RLJ,RLJ,11.38
BDJ.N,BlackRock Enhanced Equity Dividend Trust,New York Stock Exchange,1735827399.09,26/08/2005,BDJ,BDJ,9.81
EFC.N,Ellington Financial Inc.,New York Stock Exchange,1734824215.56,08/10/2010,EFC,EFC,13.46
TCBK.OQ,Trico Bancshares,Nasdaq Stock Exchange Global Select Market,1730993014.5,19/04/1993,TCBK,TCBK,54.15
BST.N,BlackRock Science and Technology Trust,New York Stock Exchange,1724543343.73,29/10/2014,BST,BST,49.67
WEN.OQ,Wendy's Co,Nasdaq Stock Exchange Global Select Market,1723656167.2,17/11/1993,WEN,WEN,9.04
IDT.N,IDT Corporation,New York Stock Exchange,1718417910.6,01/06/2001,IDT,IDT,69.1
CBL.N,"CBL & Associates Properties, Inc.",New York Stock Exchange,1704945910.7,28/10/1993,CBL,CBL,55.1
CASH.OQ,Pathward Financial Inc,Nasdaq Stock Exchange Global Select Market,1703207950.38,20/09/1993,CASH,CASH,81.99
GLP.N,Global Partners LP,New York Stock Exchange,1702497795.04,29/09/2005,GLP,GLP,50.08
NOMD.N,Nomad Foods Limited,New York Stock Exchange,1698462703.35,26/11/2015,NOMD,NOMD,11.99
BPRE.N,Bluerock Private Real Estate Fund,New York Stock Exchange,1697936695.64,01/10/2012,BPRE,BPRE,11.87
HUN.N,Huntsman Corp,New York Stock Exchange,1688896072.08,11/02/2005,HUN,HUN,9.63
DXC.N,DXC Technology Company,New York Stock Exchange,1685665168.95,26/10/1968,DXC,DXC,10.55
BLX.N,Bladex Inc,New York Stock Exchange,1684014795.88,24/09/1992,BLX,BLX,54.52
LILA.OQ,Liberty Latin America Ltd.,Nasdaq Stock Exchange Global Select Market,1679384000,10/07/2015,LILA,LILA,8.66
GLOB.N,GLOBANT S.A.,New York Stock Exchange,1674934977.24,18/07/2014,GLOB,GLOB,38.79
AIN.N,Albany International Corp,New York Stock Exchange,1674464000,30/09/1987,AIN,AIN,58.96
MQY.N,BlackRock MuniYield Quality Fund Inc,New York Stock Exchange,1674309395.43,20/07/1992,MQY,MQY,11.11
KMPR.N,Kemper Corporation,New York Stock Exchange,1674006805.14,24/05/2001,KMPR,KMPR,27.65
ARCO.N,Arcos Dorados Holdings Inc.,New York Stock Exchange,1668915499.95,14/04/2011,ARCO,ARCO,8.01
RQI.N,Cohen & Steers Quality Income Realty Fund Inc,New York Stock Exchange,1668294058.71,26/02/2002,RQI,RQI,12.33
JJSF.OQ,J&J Snack Foods Corp,Nasdaq Stock Exchange Global Select Market,1657152037.64,04/02/1986,JJSF,JJSF,88.71
KOS.N,Kosmos Energy Ltd.,New York Stock Exchange,1655455669.78,11/05/2011,KOS,KOS,2.87
FUN.N,Six Flags Entertainment Corp,New York Stock Exchange,1650362112.56,30/05/1996,FUN,FUN,16.13
WWW.N,"Wolverine World Wide, Inc.",New York Stock Exchange,1649533413.9,22/05/1981,WWW,WWW,19.76
FLNG.N,FLEX LNG Ltd.,New York Stock Exchange,1645490077.92,30/10/2009,FLNG,FLNG,30.42
CTS.N,CTS Corp,New York Stock Exchange,1628274238.9,17/03/1980,CTS,CTS,57.02
HYT.N,BlackRock Corporate High Yield Fund Inc,New York Stock Exchange,1620044729.28,28/05/2003,HYT,HYT,8.28
DSGR.OQ,"Distribution Solutions Group, Inc.",Nasdaq Stock Exchange Global Select Market,1610151239.82,23/04/1970,DSGR,DSGR,34.81
CNOB.OQ,"ConnectOne Bancorp, Inc.",Nasdaq Stock Exchange Global Select Market,1608725029.04,27/10/1993,CNOB,CNOB,31.97
CSWC.OQ,Capital Southwest Corporation,Nasdaq Stock Exchange Global Select Market,1608642803.08,17/03/1980,CSWC,CSWC,25.24
ICFI.OQ,"ICF International, Inc.",Nasdaq Stock Exchange Global Select Market,1602213196.56,28/09/2006,ICFI,ICFI,89.34
AGRO.N,Adecoagro S.A.,New York Stock Exchange,1598932263.28,28/01/2011,AGRO,AGRO,11.08
GSL.N,"Global Ship Lease, Inc.",New York Stock Exchange,1592766182.8,14/08/2008,GSL,GSL,44.2
MLKN.OQ,"MillerKnoll, Inc.",Nasdaq Stock Exchange Global Select Market,1589315142.54,25/09/1970,MLKN,MLKN,23.33
IMKTA.OQ,"Ingles Markets, Incorporated",Nasdaq Stock Exchange Global Select Market,1586695199.16,22/09/1987,IMKTA,IMKTA,83.54
PRG.N,PROG Holdings Inc,New York Stock Exchange,1584104044.41,11/05/1982,PRG,PRG,39.65
PBT.N,Permian Basin Royalty Trust,New York Stock Exchange,1573046865,24/10/1980,PBT,PBT,33.68
HCSG.OQ,"Healthcare Services Group, Inc.",Nasdaq Stock Exchange Global Select Market,1572363747.82,23/11/1983,HCSG,HCSG,22.91
SBH.N,Sally Beauty Holdings Inc,New York Stock Exchange,1552257601.36,13/11/2006,SBH,SBH,16.42
CPRI.N,Capri Holdings Ltd,New York Stock Exchange,1545662004.8,15/12/2011,CPRI,CPRI,13.6
INVA.OQ,"Innoviva, Inc.",Nasdaq Stock Exchange Global Select Market,1534494101.4,05/10/2004,INVA,INVA,21.24
OMCL.OQ,Omnicell Inc,Nasdaq Stock Exchange Global Select Market,1525817869.8,08/08/2001,OMCL,OMCL,33.45
SAFT.OQ,Safety Insurance Group Inc,Nasdaq Stock Exchange Global Select Market,1521485154.48,22/11/2002,SAFT,SAFT,103.64
DCH.N,Dauch Corp,New York Stock Exchange,1520669452.8,29/01/1999,DCH,DCH,6.4
FLO.N,Flowers Foods Inc,New York Stock Exchange,1520451687.06,17/03/1980,FLO,FLO,7.17
NVAX.OQ,"Novavax, Inc.",Nasdaq Stock Exchange Global Select Market,1519150136.46,16/05/1973,NVAX,NVAX,9.21
CNMD.N,Conmed Corp,New York Stock Exchange,1511938999.04,23/07/1987,CNMD,CNMD,50.48
ENR.N,Energizer Holdings Inc,New York Stock Exchange,1504585504.89,12/06/2015,ENR,ENR,21.97
GIC.N,Global Industrial Company,New York Stock Exchange,1504136219.27,27/06/1995,GIC,GIC,39.47
CYD.N,China Yuchai International Ltd,New York Stock Exchange,1493979582.04,16/12/1994,CYD,CYD,39.82
QQQX.OQ,Nuveen Nasdaq 100 Dynamic Overwrite Fund,Nasdaq Stock Exchange Global Select Market,1490193386.64,22/12/2014,QQQX,QQQX,30.52
DMC.N,Del Monte Corporation,New York Stock Exchange,1486991715.72,27/10/1997,DMC,DMC,31.54
FOR.N,Forestar Group Inc,New York Stock Exchange,1478490830.46,12/12/2007,FOR,FOR,28.98
LKFN.OQ,Lakeland Financial Corp,Nasdaq Stock Exchange Global Select Market,1478295744.8,08/03/1994,LKFN,LKFN,59.47
AZTA.OQ,"Azenta, Inc.",Nasdaq Stock Exchange Global Select Market,1470647753.01,02/02/1995,AZTA,AZTA,33.57
ENOV.N,Enovis Corporation,New York Stock Exchange,1456154723.5,08/05/2008,ENOV,ENOV,25.25
NRP.N,Natural Resource Partners L.P.,New York Stock Exchange,1455425254.08,11/10/2002,NRP,NRP,110.32
ATEC.OQ,"Alphatec Holdings, Inc.",Nasdaq Stock Exchange Global Select Market,1454929135.92,02/06/2006,ATEC,ATEC,9.42
NFJ.N,Virtus Dividend Interest & Premium Strategy Fund,New York Stock Exchange,1449359333.96,24/02/2005,NFJ,NFJ,15.54
HLX.N,Helix Energy Solutions Group Inc,New York Stock Exchange,1442874156.13,01/07/1997,HLX,HLX,9.79
TRS.OQ,TriMas Corporation,Nasdaq Stock Exchange Global Select Market,1439977262.22,18/05/2007,TRS,TRS,40.14
BTT.N,BlackRock Municipal 2030 Target Term Trust,New York Stock Exchange,1438570542.71,29/08/2012,BTT,BTT,22.61
GBX.N,Greenbrier Companies Inc,New York Stock Exchange,1430651080.64,14/07/1994,GBX,GBX,46.24
AMSC.OQ,American Superconductor Corp,Nasdaq Stock Exchange Global Select Market,1428558797.07,12/12/1991,AMSC,AMSC,29.49
WOLF.N,Wolfspeed Inc,New York Stock Exchange,1427166014.28,09/02/1993,WOLF,WOLF,26.95
PEBO.OQ,Peoples Bancorp Inc,Nasdaq Stock Exchange Global Select Market,1426909905.5,10/02/1993,PEBO,PEBO,39.7
SCL.N,Stepan Co,New York Stock Exchange,1424648281.8,22/05/1981,SCL,SCL,62.81
UMH.N,UMH Properties Inc,New York Stock Exchange,1422524096,20/02/1985,UMH,UMH,16.5
BJRI.OQ,BJ's Restaurants Inc,Nasdaq Stock Exchange Global Select Market,1421087502,16/09/1982,BJRI,BJRI,66.8
GIII.OQ,G-III Apparel Group Ltd,Nasdaq Stock Exchange Global Select Market,1414649912.69,14/12/1989,GIII,GIII,33.53
DMLP.OQ,"Dorchester Minerals, L.P.",Nasdaq Stock Exchange Global Select Market,1409905237.76,03/02/2003,DMLP,DMLP,28.72
ATLC.OQ,Atlanticus Holdings Corp,Nasdaq Stock Exchange Global Select Market,1409599930.96,23/04/1999,ATLC,ATLC,92.92
REX.N,REX American Resources Corporation,New York Stock Exchange,1401170523.72,18/07/1984,REX,REX,40.98
AAT.N,"American Assets Trust, Inc.",New York Stock Exchange,1396331803.62,13/01/2011,AAT,AAT,22.74
UFCS.OQ,United Fire Group Inc,Nasdaq Stock Exchange Global Select Market,1389378977.95,18/03/1980,UFCS,UFCS,54.05
ALX.N,Alexander's Inc,New York Stock Exchange,1388365713.6,17/03/1980,ALX,ALX,271.84
FMC.N,FMC Corp,New York Stock Exchange,1387513376.12,10/09/1948,FMC,FMC,11.08
CTBI.OQ,"Community Trust Bancorp, Inc.",Nasdaq Stock Exchange Global Select Market,1384761453.88,29/12/1987,CTBI,CTBI,76.22
WD.N,Walker & Dunlop Inc,New York Stock Exchange,1382984266.05,15/12/2010,WD,WD,40.28
NAT.N,Nordic American Tankers Ltd,New York Stock Exchange,1380614322.76,14/09/1995,NAT,NAT,6.76
ROCK.OQ,"Gibraltar Industries, Inc.",Nasdaq Stock Exchange Global Select Market,1375254577.37,05/11/1993,ROCK,ROCK,46.33
PRSU.N,"Pursuit Attractions and Hospitality, Inc.",New York Stock Exchange,1364025674.65,22/06/2004,PRSU,PRSU,49.32
RES.N,RPC Inc,New York Stock Exchange,1360974053.68,02/07/1984,RES,RES,6.4
CCEC.OQ,Capital Clean Energy Carriers Corp,Nasdaq Stock Exchange Global Select Market,1360793414.8,30/03/2007,CCEC,CCEC,22.6
HLIT.OQ,Harmonic Inc.,Nasdaq Stock Exchange Global Select Market,1356786575.8,22/05/1995,HLIT,HLIT,12.44
LGIH.OQ,"LGI Homes, Inc.",Nasdaq Stock Exchange Global Select Market,1353514395.84,07/11/2013,LGIH,LGIH,58.22
WABC.OQ,Westamerica Bancorp,Nasdaq Stock Exchange Global Select Market,1343682435.42,17/03/1980,WABC,WABC,58.14
HQH.N,abrdn Healthcare Investors,New York Stock Exchange,1337726400.04,23/04/1987,HQH,HQH,23.39
VTOL.N,Bristow Group Inc.,New York Stock Exchange,1335372100,22/01/2013,VTOL,VTOL,45.86
UAN.N,CVR Partners LP,New York Stock Exchange,1334205278.51,08/04/2011,UAN,UAN,126.28
MUC.N,BlackRock Muniholdings California Quality Fund Inc,New York Stock Exchange,1328837006.55,22/09/1997,MUC,MUC,10.65
AORT.N,Artivion Inc,New York Stock Exchange,1326169211.2,12/02/1993,AORT,AORT,27.2
AMN.N,"AMN Healthcare Services, Inc.",New York Stock Exchange,1326114891.84,13/11/2001,AMN,AMN,34.24
ORC.N,Orchid Island Capital Inc,New York Stock Exchange,1326044791.05,13/02/2013,ORC,ORC,6.74
NVGS.N,Navigator Holdings Ltd.,New York Stock Exchange,1320872367.96,21/11/2013,NVGS,NVGS,21.96
EPC.N,Edgewell Personal Care Company,New York Stock Exchange,1320447414.75,27/03/2000,EPC,EPC,28.65
MYI.N,Blackrock Muniyield Quality Fund III Inc,New York Stock Exchange,1313433339.18,13/04/1992,MYI,MYI,10.77
IART.OQ,Integra LifeSciences Holdings Corporation,Nasdaq Stock Exchange Global Select Market,1312799901.28,16/08/1995,IART,IART,16.88
LQDT.OQ,Liquidity Services Inc,Nasdaq Stock Exchange Global Select Market,1312481478.02,23/02/2006,LQDT,LQDT,41.89
ODC.N,Oil-Dri Corporation of America,New York Stock Exchange,1310904550.8,25/06/1971,ODC,ODC,91.52
CBRL.OQ,Cracker Barrel Old Country Store Inc,Nasdaq Stock Exchange Global Select Market,1308789740.3,05/11/1981,CBRL,CBRL,58.56
RYZ.N,Ryerson Holding Corporation,New York Stock Exchange,1305251122.95,07/08/2014,RYZ,RYZ,25.66
SENEA.OQ,Seneca Foods Corporation,Nasdaq Stock Exchange Global Select Market,1301418479.75,20/09/1995,SENEA,SENEA,191.79
HLF.N,Herbalife Ltd,New York Stock Exchange,1298513878.2,16/12/2004,HLF,HLF,12.39
LZB.N,La-Z-Boy Inc,New York Stock Exchange,1295306614.14,20/08/1987,LZB,LZB,32.73
GOLD.N,Gold.com Inc,New York Stock Exchange,1295283897.64,17/03/2014,GOLD,GOLD,45.49
NBR.N,Nabors Industries Ltd.,New York Stock Exchange,1294855849.56,03/11/2005,NBR,NBR,91.66
MUX.N,McEwen Inc,New York Stock Exchange,1290984228.64,07/05/1980,MUX,MUX,21.66
EFOR.N,"Everforth, Inc.",New York Stock Exchange,1289450000,16/09/1982,EFOR,EFOR,31.45
OSBC.OQ,"Old Second Bancorp, Inc",Nasdaq Stock Exchange Global Select Market,1284611829,11/11/1993,OSBC,OSBC,25.25
NSSC.OQ,"NAPCO Security Technologies, Inc.",Nasdaq Stock Exchange Global Select Market,1278006254.01,29/12/1981,NSSC,NSSC,35.73
CRI.N,"Carter's, Inc.",New York Stock Exchange,1258459421.8,24/10/2003,CRI,CRI,34.28
MYE.N,Myers Industries Inc,New York Stock Exchange,1253057911.7,17/09/1971,MYE,MYE,33.29
LADR.N,Ladder Capital Corp,New York Stock Exchange,1250891887.58,06/02/2014,LADR,LADR,9.83
PDM.N,"Piedmont Realty Trust, Inc.",New York Stock Exchange,1236312311,10/02/2010,PDM,PDM,9.71
THRM.OQ,Gentherm Incorporated,Nasdaq Stock Exchange Global Select Market,1234786393.23,10/06/1993,THRM,THRM,40.17
OPY.N,Oppenheimer Holdings Inc.,New York Stock Exchange,1229188355.8,06/10/1982,OPY,OPY,120
YELP.N,Yelp Inc.,New York Stock Exchange,1227985743.23,02/03/2012,YELP,YELP,22.51
PFBC.OQ,Preferred Bank,Nasdaq Stock Exchange Global Select Market,1227982817.6,15/02/2005,PFBC,PFBC,103.6
VYX.N,NCR Voyix Corporation,New York Stock Exchange,1226060694.24,11/12/1996,VYX,VYX,9.18
CCO.N,Clear Channel Outdoor Holdings Inc,New York Stock Exchange,1221825228,11/11/2005,CCO,CCO,2.4
MMI.N,Marcus & Millichap Inc,New York Stock Exchange,1219446296.6,31/10/2013,MMI,MMI,31.77
DSL.N,DoubleLine Income Solutions Fund,New York Stock Exchange,1219036450.8,26/04/2013,DSL,DSL,10.64
UTI.N,"Universal Technical Institute, Inc.",New York Stock Exchange,1218706509.72,17/12/2003,UTI,UTI,21.62
JFR.N,Nuveen Floating Rate Income Fund,New York Stock Exchange,1218523407.25,26/03/2004,JFR,JFR,7.61
UVE.N,Universal Insurance Holdings Inc,New York Stock Exchange,1217856334.8,16/12/1992,UVE,UVE,43.37
TEN.N,Tsakos Energy Navigation Ltd,New York Stock Exchange,1212636020.75,05/03/2002,TEN,TEN,42.09
PSEC.OQ,Prospect Capital Corp,Nasdaq Stock Exchange Global Select Market,1212363065.76,27/07/2004,PSEC,PSEC,2.31
TNC.N,Tennant Co,New York Stock Exchange,1200611917.26,17/03/1980,TNC,TNC,70
RDWR.OQ,Radware Ltd.,Nasdaq Stock Exchange Global Select Market,1195984365.8,30/09/1999,RDWR,RDWR,28.42
SPH.N,"Suburban Propane Partners, L.P.",New York Stock Exchange,1182143497.64,29/02/1996,SPH,SPH,17.57
ASA.N,ASA Gold and Precious Metals Ltd,New York Stock Exchange,1181077541.44,17/03/1980,ASA,ASA,64.34
MRTN.OQ,"Marten Transport, Ltd.",Nasdaq Stock Exchange Global Select Market,1180827733.74,25/09/1986,MRTN,MRTN,14.46
AMRC.N,Ameresco Inc,New York Stock Exchange,1175947235.76,22/07/2010,AMRC,AMRC,22.16
HFWA.OQ,Heritage Financial Corp,Nasdaq Stock Exchange Global Select Market,1175913136.92,09/01/1998,HFWA,HFWA,28.74
DEA.N,Easterly Government Properties Inc,New York Stock Exchange,1171683236.92,06/02/2015,DEA,DEA,24.76
USPH.N,US Physical Therapy Inc,New York Stock Exchange,1167999572.46,29/05/1992,USPH,USPH,79.1
KURA.OQ,"Kura Oncology, Inc.",Nasdaq Stock Exchange Global Select Market,1161825684.14,05/11/2015,KURA,KURA,13.06
UVV.N,Universal Corporation,New York Stock Exchange,1161799331.62,17/03/1980,UVV,UVV,45.96
LNN.N,Lindsay Corporation,New York Stock Exchange,1160574845.05,12/10/1988,LNN,LNN,114.26
TRIP.OQ,"TripAdvisor, Inc.",Nasdaq Stock Exchange Global Select Market,1156757505.54,07/12/2011,TRIP,TRIP,9.87
SVRA.OQ,Savara Inc.,Nasdaq Stock Exchange Global Select Market,1152630684.15,25/06/2001,SVRA,SVRA,5.61
HZO.N,MarineMax Inc,New York Stock Exchange,1150939760.85,17/02/2005,HZO,HZO,52.11
OCSL.OQ,Oaktree Specialty Lending Corp,Nasdaq Stock Exchange Global Select Market,1150396930.38,12/06/2008,OCSL,OCSL,13.06
TDOC.N,Teladoc Health Inc,New York Stock Exchange,1150059852.93,01/07/2015,TDOC,TDOC,6.36
UVSP.OQ,Univest Financial Corp,Nasdaq Stock Exchange Global Select Market,1149014794.88,27/10/1993,UVSP,UVSP,41.66
EOS.N,Eaton Vance Enhanced Equity Income Fund II,New York Stock Exchange,1145761162.35,27/01/2005,EOS,EOS,21.49
OI.N,"O-I Glass, Inc.",New York Stock Exchange,1143228517.68,11/12/1991,OI,OI,7.21
UPBD.OQ,"Upbound Group, Inc.",Nasdaq Stock Exchange Global Select Market,1133340433.2,21/11/1983,UPBD,UPBD,19.44
SCSC.OQ,"ScanSource, Inc.",Nasdaq Stock Exchange Global Select Market,1131421750.04,18/03/1994,SCSC,SCSC,56.17
QNST.OQ,QuinStreet Inc,Nasdaq Stock Exchange Global Select Market,1130524881.6,11/02/2010,QNST,QNST,19.68
GSBD.N,Goldman Sachs BDC Inc,New York Stock Exchange,1127942051.34,18/03/2015,GSBD,GSBD,10.02
OPK.OQ,"OPKO Health, Inc.",Nasdaq Stock Exchange Global Select Market,1126955619.75,02/11/1995,OPK,OPK,1.51
GNK.N,Genco Shipping & Trading Limited,New York Stock Exchange,1125842007.15,22/07/2005,GNK,GNK,25.83
FUBO.N,FuboTV Inc.,New York Stock Exchange,1124726988.5,09/01/2013,FUBO,FUBO,10.3
BW.N,"Babcock & Wilcox Enterprises, Inc.",New York Stock Exchange,1121706946.98,16/06/2015,BW,BW,7.53
AOD.N,abrdn Total Dynamic Dividend Fund,New York Stock Exchange,1120052605.14,26/01/2007,AOD,AOD,10.62
NPKI.N,NPK International Inc.,New York Stock Exchange,1119112402.92,06/09/1990,NPKI,NPKI,13.55
VRTS.N,"Virtus Investment Partners, Inc.",New York Stock Exchange,1107644902.5,13/03/1992,VRTS,VRTS,167.23
MSEX.OQ,Middlesex Water Company,Nasdaq Stock Exchange Global Select Market,1102559280.46,16/09/1958,MSEX,MSEX,58.51
XIFR.N,XPLR Infrastructure LP,New York Stock Exchange,1102048973.55,26/06/2014,XIFR,XIFR,11.79
LAR.N,Lithium Argentina AG,New York Stock Exchange,1101272905.59,16/07/2008,LAR,LAR,6.91
TYG.N,Tortoise Energy Infrastructure Corp,New York Stock Exchange,1101027995.69,25/02/2004,TYG,TYG,43.41
EMO.N,Clearbridge Energy Midstream Opportunity Fund Inc,New York Stock Exchange,1099403461.11,05/04/2011,EMO,EMO,54.93
CFFN.OQ,Capitol Federal Financial Inc,Nasdaq Stock Exchange Global Select Market,1088547130.78,01/04/1999,CFFN,CFFN,8.66
SAFE.N,Safehold Inc,New York Stock Exchange,1087029898,16/11/1989,SAFE,SAFE,15.35
DLX.N,Deluxe Corporation,New York Stock Exchange,1083125569.8,22/05/1981,DLX,DLX,23.62
NWPX.OQ,NWPX Infrastructure Inc,Nasdaq Stock Exchange Global Select Market,1083125132.78,30/11/1995,NWPX,NWPX,112.39
FPF.N,First Trust Intermediate Duration Preferred & Income Fund,New York Stock Exchange,1081265885.79,23/05/2013,FPF,FPF,17.77
NPK.N,National Presto Industries Inc,New York Stock Exchange,1078616527.05,17/03/1980,NPK,NPK,153.43
GHM.N,Graham Corp,New York Stock Exchange,1078163851.38,17/03/1980,GHM,GHM,91.86
TK.N,Teekay Corp Ltd,New York Stock Exchange,1074219282.5,20/07/1995,TK,TK,12.77
CII.N,Blackrock Enhanced Large Cap Core Fund Inc,New York Stock Exchange,1072935875.95,28/04/2004,CII,CII,24.55
CRAI.OQ,CRA International Inc,Nasdaq Stock Exchange Global Select Market,1071397233.4,24/04/1998,CRAI,CRAI,170.69
ETW.N,Eaton Vance Tax-Managed Global Buy-Write Opportunities Fund,New York Stock Exchange,1070774169.96,28/09/2005,ETW,ETW,9.86
SBR.N,Sabine Royalty Trust,New York Stock Exchange,1070415509.9,03/01/1983,SBR,SBR,73.94
CHY.OQ,Calamos Convertible and High Income Fund,Nasdaq Stock Exchange Global Select Market,1045097385.14,28/05/2003,CHY,CHY,13.01
GPRE.OQ,Green Plains Inc.,Nasdaq Stock Exchange Global Select Market,1043018480.64,15/03/2006,GPRE,GPRE,14.88
CHI.OQ,Calamos Convertible Opportunities and Income Fund,Nasdaq Stock Exchange Global Select Market,1040310484.43,26/06/2002,CHI,CHI,12.89
SBGI.OQ,"Sinclair, Inc.",Nasdaq Stock Exchange Global Select Market,1036317799.8,14/01/2011,SBGI,SBGI,14.33
MBWM.OQ,Mercantile Bank Corp,Nasdaq Stock Exchange Global Select Market,1035081428.52,24/10/1997,MBWM,MBWM,59.88
CMP.N,"Compass Minerals International, Inc.",New York Stock Exchange,1034828544.1,12/12/2003,CMP,CMP,24.65
PCRX.OQ,"Pacira BioSciences, Inc.",Nasdaq Stock Exchange Global Select Market,1032422847.4,03/02/2011,PCRX,PCRX,25.9
ITRN.OQ,Ituran Location and Control Ltd,Nasdaq Stock Exchange Global Select Market,1031832161.78,01/05/1998,ITRN,ITRN,52.09
ABUS.OQ,Arbutus Biopharma Corp,Nasdaq Stock Exchange Global Select Market,1028168806.17,13/11/2010,ABUS,ABUS,5.19
HRTG.N,Heritage Insurance Holdings Inc,New York Stock Exchange,1023389758.72,23/05/2014,HRTG,HRTG,34.42
QDEL.OQ,QuidelOrtho Corp,Nasdaq Stock Exchange Global Select Market,1022459616.57,01/02/1991,QDEL,QDEL,14.91
KFRC.N,Kforce Inc,New York Stock Exchange,1020813000,15/08/1995,KFRC,KFRC,57.92
EQBK.N,Equity Bancshares Inc,New York Stock Exchange,1019946029.7,11/11/2015,EQBK,EQBK,49.53
SVC.OQ,Service Properties Trust,Nasdaq Stock Exchange Global Select Market,1014059291.04,17/08/1995,SVC,SVC,7.83
ASTE.OQ,"Astec Industries, Inc.",Nasdaq Stock Exchange Global Select Market,1012655640.66,18/06/1986,ASTE,ASTE,43.98
KRO.N,"Kronos Worldwide, Inc.",New York Stock Exchange,1011707165.64,04/12/2003,KRO,KRO,8.76
TTI.N,"TETRA Technologies, Inc.",New York Stock Exchange,1011337080.57,03/04/1990,TTI,TTI,6.93
HBNC.OQ,Horizon Bancorp Inc,Nasdaq Stock Exchange Global Select Market,1006352572.4,20/12/2001,HBNC,HBNC,19.6
CCNE.OQ,CNB Financial Corp,Nasdaq Stock Exchange Global Select Market,1003555583.8,16/03/1994,CCNE,CCNE,33.88
BCX.N,BlackRock Resources and Commodities Strategy Trust,New York Stock Exchange,1001006121.7,29/03/2011,BCX,BCX,13.13
RNP.N,Cohen & Steers REIT and Preferred and Income Fund Inc,New York Stock Exchange,984001619.5,25/06/2003,RNP,RNP,20.3
GERN.OQ,Geron Corporation,Nasdaq Stock Exchange Global Select Market,982984315.77,31/07/1996,GERN,GERN,1.53
BBN.N,BlackRock Taxable Municipal Bond Trust,New York Stock Exchange,981265122.32,27/08/2010,BBN,BBN,15.88
UTL.N,Unitil Corp,New York Stock Exchange,981133061.2,07/03/1985,UTL,UTL,53.47
BBDC.N,Barings BDC Inc,New York Stock Exchange,979009365.4,15/02/2007,BBDC,BBDC,9.35
CPF.N,Central Pacific Financial Corp,New York Stock Exchange,978402416,28/08/1987,CPF,CPF,38
TRST.OQ,TrustCo Bank Corp NY,Nasdaq Stock Exchange Global Select Market,972794786.2,20/04/1983,TRST,TRST,57.13
HTLD.OQ,Heartland Express Inc,Nasdaq Stock Exchange Global Select Market,964337659.17,05/11/1986,HTLD,HTLD,12.47
PLOW.N,Douglas Dynamics Inc,New York Stock Exchange,961620506.82,05/05/2010,PLOW,PLOW,42.16
CIM.N,Chimera Investment Corporation,New York Stock Exchange,961011670.64,16/11/2007,CIM,CIM,11.48
CAC.OQ,Camden National Corp,Nasdaq Stock Exchange Global Select Market,956035032.42,07/10/1997,CAC,CAC,56.58
SBSI.N,Southside Bancshares Inc,New York Stock Exchange,955643838.8,30/05/1996,SBSI,SBSI,31.88
BLMN.OQ,Bloomin' Brands Inc,Nasdaq Stock Exchange Global Select Market,954673224.55,08/08/2012,BLMN,BLMN,11.15
BUR.N,Burford Capital Ltd,New York Stock Exchange,952996743.02,21/10/2009,BUR,BUR,4.34
BTZ.N,BlackRock Credit Allocation Income Trust,New York Stock Exchange,948176483.12,22/12/2006,BTZ,BTZ,10.16
ABR.N,"Arbor Realty Trust, Inc.",New York Stock Exchange,943983697.58,07/04/2004,ABR,ABR,5.06
DAKT.OQ,Daktronics Inc,Nasdaq Stock Exchange Global Select Market,942446665.26,10/02/1994,DAKT,DAKT,19.51
CSIQ.OQ,Canadian Solar Inc.,Nasdaq Stock Exchange Global Select Market,941727908.63,09/11/2006,CSIQ,CSIQ,13.87
THFF.OQ,First Financial Corp,Nasdaq Stock Exchange Global Select Market,940292216.72,03/03/1992,THFF,THFF,79.07
TDAY.N,USA TODAY Co Inc,New York Stock Exchange,939634822.4,04/02/2014,TDAY,TDAY,6.4
AMPH.OQ,"Amphastar Pharmaceuticals, Inc.",Nasdaq Stock Exchange Global Select Market,936685526.88,25/06/2014,AMPH,AMPH,22.02
KODK.N,Eastman Kodak Co,New York Stock Exchange,932987000,19/09/2013,KODK,KODK,9.47
OXLC.OQ,Oxford Lane Capital Corp,Nasdaq Stock Exchange Global Select Market,929624648.96,20/01/2011,OXLC,OXLC,9.52
FCBC.OQ,First Community Bankshares Inc,Nasdaq Stock Exchange Global Select Market,926984327.58,10/03/1994,FCBC,FCBC,49.02
HAFC.OQ,Hanmi Financial Corp,Nasdaq Stock Exchange Global Select Market,921498845.4,27/10/1993,HAFC,HAFC,31.08
STK.N,Columbia Seligman Premium Technology Growth Fund Inc,New York Stock Exchange,920005334.64,25/11/2009,STK,STK,52.57
PML.N,PIMCO Municipal Income Fund II,New York Stock Exchange,918425760,26/06/2002,PML,PML,7.35
MYN.N,BlackRock MuniYield New York Quality Fund Inc,New York Stock Exchange,916763347.78,16/03/1992,MYN,MYN,9.74
DQ.N,Daqo New Energy Corp,New York Stock Exchange,914846172.24,07/10/2010,DQ,DQ,13.52
MCS.N,Marcus Corp,New York Stock Exchange,913248549.58,21/09/1972,MCS,MCS,29.35
ACRS.OQ,"Aclaris Therapeutics, Inc.",Nasdaq Stock Exchange Global Select Market,911161147.67,07/10/2015,ACRS,ACRS,6.19
NX.N,Quanex Building Products Corp,New York Stock Exchange,910292266.3,17/03/1980,NX,NX,19.68
CVLG.N,Covenant Logistics Group Inc,New York Stock Exchange,901926230.12,28/10/1994,CVLG,CVLG,35.54
HTD.N,John Hancock Tax Advantaged Dividend Income Fund,New York Stock Exchange,900676966.08,25/02/2004,HTD,HTD,25.42
NXP.N,Nuveen Select Tax-Free Income Portfolio,New York Stock Exchange,899234181.7,19/03/1992,NXP,NXP,14.2
CSR.N,Centerspace,New York Stock Exchange,897143546.42,17/10/1997,CSR,CSR,53.42
COLL.OQ,Collegium Pharmaceutical Inc,Nasdaq Stock Exchange Global Select Market,895604913.63,07/05/2015,COLL,COLL,27.51
WRLD.OQ,World Acceptance Corp,Nasdaq Stock Exchange Global Select Market,891226961.6,26/11/1991,WRLD,WRLD,191.12
MFA.N,"MFA Financial, Inc.",New York Stock Exchange,889573854.4,13/04/1998,MFA,MFA,8.86
CAPL.N,Crossamerica Partners LP,New York Stock Exchange,889055108.95,25/10/2012,CAPL,CAPL,23.29
NRK.N,Nuveen New York AMT-Free Quality Municipal Income Fund,New York Stock Exchange,886310688.64,22/11/2002,NRK,NRK,10.26
JBSS.OQ,"John B. Sanfilippo & Son, Inc.",Nasdaq Stock Exchange Global Select Market,885898120.56,04/12/1991,JBSS,JBSS,75.76
FOXF.OQ,Fox Factory Holding Corp.,Nasdaq Stock Exchange Global Select Market,885172881.06,08/08/2013,FOXF,FOXF,21.06
BZH.N,"Beazer Homes USA, Inc.",New York Stock Exchange,884162706.22,23/02/1994,BZH,BZH,33.14
EIG.N,"Employers Holdings, Inc.",New York Stock Exchange,882758869.9,31/01/2007,EIG,EIG,49.15
SABR.OQ,Sabre Corporation,Nasdaq Stock Exchange Global Select Market,879811406.52,17/04/2014,SABR,SABR,2.18
FSSL.N,FS Specialty Lending Fund,New York Stock Exchange,879127324.98,15/05/2015,FSSL,FSSL,11.58
NAVI.OQ,Navient Corporation,Nasdaq Stock Exchange Global Select Market,878754468.36,17/04/2014,NAVI,NAVI,9.37
ADAM.OQ,"Adamas Trust, Inc.",Nasdaq Stock Exchange Global Select Market,878125509.22,24/06/2004,ADAM,ADAM,9.77
PCN.N,Pimco Corporate & Income Strategy Fund,New York Stock Exchange,876478045.53,19/12/2001,PCN,PCN,11.78
KOP.N,Koppers Holdings Inc,New York Stock Exchange,876362061.12,01/02/2006,KOP,KOP,46.32
ARI.N,Apollo Commercial Real Estate Finance Inc,New York Stock Exchange,875387043.93,24/09/2009,ARI,ARI,6.81
AWF.N,AllianceBernstein Global High Income Fund Inc,New York Stock Exchange,875231221.55,27/07/1993,AWF,AWF,10.15
CCBG.OQ,Capital City Bank Group Inc,Nasdaq Stock Exchange Global Select Market,874147210.76,23/03/1994,CCBG,CCBG,51.08
TROX.N,Tronox Holdings PLC,New York Stock Exchange,873559158.63,18/06/2012,TROX,TROX,5.49
WGO.N,"Winnebago Industries, Inc.",New York Stock Exchange,870964593.33,17/03/1980,WGO,WGO,30.37
RIGL.OQ,"Rigel Pharmaceuticals, Inc.",Nasdaq Stock Exchange Global Select Market,868240078.72,29/11/2000,RIGL,RIGL,46.48
SMBK.N,SmartFinancial Inc,New York Stock Exchange,866550611.64,21/06/2001,SMBK,SMBK,50.59
GSBC.OQ,Great Southern Bancorp Inc,Nasdaq Stock Exchange Global Select Market,857306875.69,15/12/1989,GSBC,GSBC,78.67
CODI.N,Compass Diversified Holdings,New York Stock Exchange,856185293.08,11/05/2006,CODI,CODI,11.38
FTK.N,Flotek Industries Inc,New York Stock Exchange,855164328.69,10/09/1996,FTK,FTK,23.61
VPG.N,"Vishay Precision Group, Inc.",New York Stock Exchange,853306745.8,23/06/2010,VPG,VPG,66.22
APOG.OQ,Apogee Enterprises Inc,Nasdaq Stock Exchange Global Select Market,852678492.84,01/07/1971,APOG,APOG,40.86
MOMO.OQ,Hello Group Inc.,Nasdaq Stock Exchange Global Select Market,851025029.76,11/12/2014,MOMO,MOMO,5.76
FET.N,Forum Energy Technologies Inc,New York Stock Exchange,850219902,12/04/2012,FET,FET,75.6
SB.N,Safe Bulkers Inc,New York Stock Exchange,843181156.44,29/05/2008,SB,SB,8.42
PHK.N,PIMCO High Income Fund,New York Stock Exchange,842829393.6,24/04/2003,PHK,PHK,4.57
APEI.OQ,"American Public Education, Inc.",Nasdaq Stock Exchange Global Select Market,842053993.43,09/11/2007,APEI,APEI,46.01
HSTM.OQ,"HealthStream, Inc.",Nasdaq Stock Exchange Global Select Market,840941105.8,11/04/2000,HSTM,HSTM,28.76
SXC.N,SunCoke Energy Inc,New York Stock Exchange,833471027,21/07/2011,SXC,SXC,10.28
BFS.N,Saul Centers Inc,New York Stock Exchange,832471961.68,19/08/1993,BFS,BFS,33.68
CRTO.OQ,Criteo SA (Pre-Reincorporation),Nasdaq Stock Exchange Global Select Market,831488576.23,30/10/2013,CRTO,CRTO,16.97
SMP.N,Standard Motor Products Inc,New York Stock Exchange,829048273.23,22/05/1981,SMP,SMP,37.09
BBSI.OQ,Barrett Business Services Inc,Nasdaq Stock Exchange Global Select Market,823269064.6,11/06/1993,BBSI,BBSI,33.97
THQ.N,abrdn Healthcare Opportunities Fund,New York Stock Exchange,820461985.2,25/07/2014,THQ,THQ,19.71
EOI.N,Eaton Vance Enhanced Equity Income Fund,New York Stock Exchange,819624942.52,27/10/2004,EOI,EOI,19.99
ESRT.N,"Empire State Realty Trust, Inc.",New York Stock Exchange,817186103.28,02/10/2013,ESRT,ESRT,4.72
IBCP.OQ,Independent Bank Corp,Nasdaq Stock Exchange Global Select Market,814936119.45,16/01/1984,IBCP,IBCP,36.71
PAR.N,PAR Technology Corporation,New York Stock Exchange,814431720.52,06/12/1982,PAR,PAR,19.23
CTO.N,CTO Realty Growth Inc,New York Stock Exchange,813809206.34,17/03/1980,CTO,CTO,21.71
LINC.OQ,Lincoln Educational Services Corp,Nasdaq Stock Exchange Global Select Market,812387077.19,23/06/2005,LINC,LINC,25.61
PMT.N,PennyMac Mortgage Investment Trust,New York Stock Exchange,804877801.26,30/07/2009,PMT,PMT,9.33
MTUS.N,Metallus Inc,New York Stock Exchange,804116109.6,19/06/2014,MTUS,MTUS,19.9
FISI.OQ,Financial Institutions Inc,Nasdaq Stock Exchange Global Select Market,804019488,25/06/1999,FISI,FISI,40.8
PGC.OQ,Peapack-Gladstone Financial Corp,Nasdaq Stock Exchange Global Select Market,800948871.36,01/11/2000,PGC,PGC,45.18
PEO.N,Adams Natural Resources Fund Inc,New York Stock Exchange,795068034.04,17/03/1980,PEO,PEO,28.37
MFIC.OQ,MidCap Financial Investment Corp,Nasdaq Stock Exchange Global Select Market,794072133.92,06/04/2004,MFIC,MFIC,9.64
IVR.N,Invesco Mortgage Capital Inc,New York Stock Exchange,793309873.29,26/06/2009,IVR,IVR,7.42
AOSL.OQ,Alpha and Omega Semiconductor Limited,Nasdaq Stock Exchange Global Select Market,792628600,29/04/2010,AOSL,AOSL,26.2
BTO.N,John Hancock Financial Opportunities Fund,New York Stock Exchange,789950779.8,18/08/1994,BTO,BTO,39.83
GILT.OQ,Gilat Satellite Networks Ltd.,Nasdaq Stock Exchange Global Select Market,783391611.69,01/01/1993,GILT,GILT,10.17
CEVA.OQ,"Ceva, Inc.",Nasdaq Stock Exchange Global Select Market,777897009.36,01/11/2002,CEVA,CEVA,27.63
PZZA.OQ,Papa John's International Inc,Nasdaq Stock Exchange Global Select Market,777281030.07,08/06/1993,PZZA,PZZA,23.61
HPP.N,"Hudson Pacific Properties, Inc.",New York Stock Exchange,775500308.89,24/06/2010,HPP,HPP,14.29
GRPN.OQ,"Groupon, Inc.",Nasdaq Stock Exchange Global Select Market,775080541.76,04/11/2011,GRPN,GRPN,19.06
HTB.N,HomeTrust Bancshares Inc,New York Stock Exchange,773281429.62,27/12/2011,HTB,HTB,46.77
FFC.N,Flaherty & Crumrine Preferred and Income Securities Fund Inc,New York Stock Exchange,771809893.92,29/01/2003,FFC,FFC,16.02
SHBI.OQ,Shore Bancshares Inc,Nasdaq Stock Exchange Global Select Market,771233298.36,09/04/2001,SHBI,SHBI,23.11
RMT.N,Royce Micro-Cap Trust Inc,New York Stock Exchange,768435555.08,15/12/1993,RMT,RMT,14.1
WLKP.N,Westlake Chemical Partners LP,New York Stock Exchange,764483115.51,30/07/2014,WLKP,WLKP,21.73
GDOT.N,Green Dot Corporation,New York Stock Exchange,761321991.44,22/07/2010,GDOT,GDOT,13.36
WASH.OQ,Washington Trust Bancorp Inc,Nasdaq Stock Exchange Global Select Market,757822773.33,08/06/1987,WASH,WASH,39.73
SCHL.OQ,Scholastic Corporation,Nasdaq Stock Exchange Global Select Market,757642321.8,25/02/1992,SCHL,SCHL,39.95
UAMY.N,United States Antimony Corp,New York Stock Exchange,757327083.04,10/02/1997,UAMY,UAMY,5.16
LXU.N,"LSB Industries, Inc.",New York Stock Exchange,749494016.64,08/07/1999,LXU,LXU,10.44
FDUS.OQ,Fidus Investment Corp,Nasdaq Stock Exchange Global Select Market,747700970.8,21/06/2011,FDUS,FDUS,19.7
LYTS.OQ,LSI Industries Inc,Nasdaq Stock Exchange Global Select Market,744160429.08,12/03/1985,LYTS,LYTS,20.27
DGICA.OQ,Donegal Group Inc,Nasdaq Stock Exchange Global Select Market,739873619.7,29/10/1986,DGICA,DGICA,19.1
HOV.N,"Hovnanian Enterprises, Inc.",New York Stock Exchange,738394253.24,08/09/1983,HOV,HOV,128.32
EVC.N,Entravision Communications Corp,New York Stock Exchange,737383556.95,02/08/2000,EVC,EVC,7.99
PRAA.OQ,PRA Group Inc,Nasdaq Stock Exchange Global Select Market,732253716.7,08/11/2002,PRAA,PRAA,19.45
PFLT.N,PennantPark Floating Rate Capital Ltd,New York Stock Exchange,731235893.52,08/04/2011,PFLT,PFLT,7.44
CASS.OQ,Cass Information Systems Inc,Nasdaq Stock Exchange Global Select Market,730718861.94,01/07/1996,CASS,CASS,57.06
KRNT.OQ,Kornit Digital Ltd.,Nasdaq Stock Exchange Global Select Market,727423420.62,02/04/2015,KRNT,KRNT,16.93
CTMX.OQ,"CytomX Therapeutics, Inc.",Nasdaq Stock Exchange Global Select Market,723425622.88,08/10/2015,CTMX,CTMX,3.32
ASMB.OQ,Assembly Biosciences Inc,Nasdaq Stock Exchange Global Select Market,721172310.32,17/12/2010,ASMB,ASMB,35.42
BUI.N,Blackrock Utilities Infrastructure & Power Opportunities Trust,New York Stock Exchange,719808870,23/11/2011,BUI,BUI,27.12
NIE.N,Virtus Equity & Convertible Income Fund,New York Stock Exchange,718216372.8,23/02/2007,NIE,NIE,26.04
JKS.N,"JinkoSolar Holding Co., Ltd.",New York Stock Exchange,715376768.08,14/05/2010,JKS,JKS,13.51
NMFC.OQ,New Mountain Finance Corp,Nasdaq Stock Exchange Global Select Market,715004592.3,20/05/2011,NMFC,NMFC,7.57
PKE.N,Park Aerospace Corp,New York Stock Exchange,713874745.02,17/03/1980,PKE,PKE,32.61
CCD.OQ,Calamos Dynamic Convertible and Income Fund,Nasdaq Stock Exchange Global Select Market,713714014.2,27/03/2015,CCD,CCD,24.97
MLAB.OQ,"Mesa Laboratories, Inc.",Nasdaq Stock Exchange Global Select Market,711514743.35,29/02/1984,MLAB,MLAB,127.15
IRWD.OQ,"Ironwood Pharmaceuticals, Inc.",Nasdaq Stock Exchange Global Select Market,708879372.63,03/02/2010,IRWD,IRWD,4.29
IGR.N,CBRE Global Real Estate Income Fund,New York Stock Exchange,706625950.2,25/02/2004,IGR,IGR,4.66
AROW.OQ,Arrow Financial Corp,Nasdaq Stock Exchange Global Select Market,704827660.15,18/09/1980,AROW,AROW,38.05
JQC.N,Nuveen Credit Strategies Income Fund,New York Stock Exchange,702129225.25,26/06/2003,JQC,JQC,4.74
MTW.N,Manitowoc Company Inc,New York Stock Exchange,701405297.05,07/10/1971,MTW,MTW,19.01
GOOD.OQ,Gladstone Commercial Corp,Nasdaq Stock Exchange Global Select Market,701373549.49,13/08/2003,GOOD,GOOD,13.01
PFIS.OQ,Peoples Financial Services Corp,Nasdaq Stock Exchange Global Select Market,699724653.3,05/06/2002,PFIS,PFIS,69.9
CARE.OQ,Carter Bankshares Inc,Nasdaq Stock Exchange Global Select Market,697942187.19,28/02/2007,CARE,CARE,31.49
ZVRA.OQ,Zevra Therapeutics Inc,Nasdaq Stock Exchange Global Select Market,697165588.94,16/04/2015,ZVRA,ZVRA,11.74
BOE.N,BlackRock Enhanced Global Dividend Trust,New York Stock Exchange,693889560,26/05/2005,BOE,BOE,12.48
SSYS.OQ,Stratasys Ltd.,Nasdaq Stock Exchange Global Select Market,693689040,03/12/2012,SSYS,SSYS,7.92
ASC.N,Ardmore Shipping Corp,New York Stock Exchange,693664752.6,31/07/2013,ASC,ASC,16.98
PFN.N,PIMCO Income Strategy Fund II,New York Stock Exchange,685270729.75,27/10/2004,PFN,PFN,6.99
SHEN.OQ,Shenandoah Telecommunications Co,Nasdaq Stock Exchange Global Select Market,684861091.6,24/03/1994,SHEN,SHEN,12.37
BIT.N,Blackrock Multi-Sector Income Trust,New York Stock Exchange,684181880.91,26/02/2013,BIT,BIT,11.99
SLRC.OQ,SLR Investment Corp,Nasdaq Stock Exchange Global Select Market,682478471.34,09/02/2010,SLRC,SLRC,12.51
MATV.N,"Mativ Holdings, Inc.",New York Stock Exchange,680493908.34,09/11/1995,MATV,MATV,12.18
HELE.OQ,Helen of Troy Ltd,Nasdaq Stock Exchange Global Select Market,678730657.54,03/06/1971,HELE,HELE,29.14
MATW.OQ,Matthews International Corp,Nasdaq Stock Exchange Global Select Market,672643878.15,20/07/1994,MATW,MATW,21.55
AHRT.N,"AH Realty Trust, Inc",New York Stock Exchange,667189095.76,05/08/2013,AHRT,AHRT,6.71
PKOH.OQ,Park Ohio Holdings Corp,Nasdaq Stock Exchange Global Select Market,666395559.9,17/03/1980,PKOH,PKOH,45.99
VMO.N,Invesco Municipal Opportunity Trust,New York Stock Exchange,656872271.9,03/06/1992,VMO,VMO,9.69
BHK.N,BlackRock Core Bond Trust,New York Stock Exchange,656518196.16,28/11/2001,BHK,BHK,9.09
HQL.N,abrdn Life Sciences Investors,New York Stock Exchange,654685251.91,01/05/1992,HQL,HQL,21.53
GAIN.OQ,Gladstone Investment Corp,Nasdaq Stock Exchange Global Select Market,652682039.13,23/06/2005,GAIN,GAIN,16.39
BXC.N,BlueLinx Holdings Inc.,New York Stock Exchange,650590161.09,14/12/2004,BXC,BXC,82.77
MUJ.N,BlackRock Muniholdings New Jersy Quality Fund Inc,New York Stock Exchange,649921897.56,18/03/1998,MUJ,MUJ,12.1
MLR.N,Miller Industries Inc,New York Stock Exchange,649344924.8,02/08/1994,MLR,MLR,57.83
NKX.N,Nuveen California AMT-Free Quality Municipal Income Fund,New York Stock Exchange,648807780.56,22/11/2002,NKX,NKX,12.08
ANGO.OQ,"AngioDynamics, Inc.",Nasdaq Stock Exchange Global Select Market,648505183.41,27/05/2004,ANGO,ANGO,15.69
VLGEA.OQ,Village Super Market Inc,Nasdaq Stock Exchange Global Select Market,646434282.15,16/01/1980,VLGEA,VLGEA,43.65
INN.N,Summit Hotel Properties Inc,New York Stock Exchange,646042243.37,09/02/2011,INN,INN,5.91
ADTN.OQ,ADTRAN Holdings Inc,Nasdaq Stock Exchange Global Select Market,644517929.37,10/08/1994,ADTN,ADTN,7.91
NGVC.N,Natural Grocers by Vitamin Cottage Inc,New York Stock Exchange,641826950.35,25/07/2012,NGVC,NGVC,27.24
KRNY.OQ,Kearny Financial Corp,Nasdaq Stock Exchange Global Select Market,638905118.88,24/02/2005,KRNY,KRNY,9.84
GPRK.N,GeoPark Ltd,New York Stock Exchange,630137761.63,16/05/2006,GPRK,GPRK,9.71
ACP.N,abrdn Income Credit Strategies Fund,New York Stock Exchange,629862803.56,27/01/2011,ACP,ACP,5.02
CLDT.N,Chatham Lodging Trust,New York Stock Exchange,629101445.14,16/04/2010,CLDT,CLDT,13.51
PDT.N,John Hancock Premium Dividend Fund,New York Stock Exchange,622193096.25,15/12/1989,PDT,PDT,12.6
HY.N,Hyster-Yale Inc,New York Stock Exchange,621646517.29,26/02/1999,HY,HY,34.67
RGNX.OQ,REGENXBIO Inc.,Nasdaq Stock Exchange Global Select Market,619203740.96,17/09/2015,RGNX,RGNX,9.38
NXRT.N,NexPoint Residential Trust Inc,New York Stock Exchange,618560972.73,19/03/2015,NXRT,NXRT,23.5
RGR.N,"Sturm, Ruger & Company, Inc.",New York Stock Exchange,611487857.12,18/03/1980,RGR,RGR,37.76
EMD.N,Western Asset Emerging Markets Debt Fund Inc,New York Stock Exchange,609788347.07,02/12/2003,EMD,EMD,10.49
KELYA.OQ,Kelly Services Inc,Nasdaq Stock Exchange Global Select Market,609557598.55,17/03/1980,KELYA,KELYA,16.98
MEI.N,"Methode Electronics, Inc.",New York Stock Exchange,605543710.52,20/10/1982,MEI,MEI,17.78
DSU.N,BlackRock Debt Strategies Fund Inc,New York Stock Exchange,603647811.28,30/03/1998,DSU,DSU,9.41
ETD.N,Ethan Allen Interiors Inc.,New York Stock Exchange,600533600.4,16/03/1993,ETD,ETD,23.6
LDP.N,Cohen & Steers Ltd Duration Preferred & Income Fund Inc,New York Stock Exchange,600195121.44,27/07/2012,LDP,LDP,20.68
SWBI.OQ,Smith & Wesson Brands Inc,Nasdaq Stock Exchange Global Select Market,599506521.6,14/10/1998,SWBI,SWBI,13.37
MG.N,Mistras Group Inc,New York Stock Exchange,598777988.4,08/10/2009,MG,MG,19.25
EGY.N,VAALCO Energy Inc,New York Stock Exchange,598541216.82,11/09/1995,EGY,EGY,5.69
BME.N,Blackrock Health Sciences Trust,New York Stock Exchange,598127486.84,29/03/2005,BME,BME,46.28
NOAH.N,Noah Holdings Limited,New York Stock Exchange,597904595.73,10/11/2010,NOAH,NOAH,8.48
CRDb.N,Crawford & Co,New York Stock Exchange,597799366.23,30/10/1989,CRD.B,CRD B,11.91
IIM.N,Invesco Value Municipal Income Trust,New York Stock Exchange,595129158.23,19/02/1993,IIM,IIM,12.64
IIIN.N,Insteel Industries Inc,New York Stock Exchange,590620115.97,26/04/1985,IIIN,IIIN,30.51
NTGR.OQ,"NETGEAR, Inc.",Nasdaq Stock Exchange Global Select Market,588697594.86,31/07/2003,NTGR,NTGR,21.66
UHT.N,Universal Health Realty Income Trust,New York Stock Exchange,585968517.44,26/12/1986,UHT,UHT,41.42
FBIZ.OQ,First Business Financial Services Inc,Nasdaq Stock Exchange Global Select Market,584945568,07/10/2005,FBIZ,FBIZ,69.9
RWT.N,"Redwood Trust, Inc.",New York Stock Exchange,579073311.52,04/08/1995,RWT,RWT,4.63
OXM.N,Oxford Industries Inc,New York Stock Exchange,578872233.64,17/03/1980,OXM,OXM,38.2
ITIC.OQ,Investors Title Co,Nasdaq Stock Exchange Global Select Market,577689016.08,03/12/1986,ITIC,ITIC,305.98
TWN.N,Taiwan Fund Inc,New York Stock Exchange,576213613.65,16/12/1986,TWN,TWN,102.52
CTRN.OQ,Citi Trends Inc,Nasdaq Stock Exchange Global Select Market,575509198.32,18/05/2005,CTRN,CTRN,69.09
GUT.N,Gabelli Utility Trust,New York Stock Exchange,572541482.34,29/06/1999,GUT,GUT,6.39
KE.OQ,Kimball Electronics Inc,Nasdaq Stock Exchange Global Select Market,571612830.75,20/10/2014,KE,KE,23.85
NRIM.OQ,Northrim BanCorp Inc,Nasdaq Stock Exchange Global Select Market,570133352.58,15/11/1990,NRIM,NRIM,25.63
NXH.OQ,"Neighborhood Intelligence, Inc.",Nasdaq Stock Exchange Global Select Market,569657993.5,30/05/2002,NXH,NXH,4.01
RYAM.N,Rayonier Advanced Materials Inc.,New York Stock Exchange,568887789.28,16/06/2014,RYAM,RYAM,8.42
THW.N,abrdn World Healthcare Fund,New York Stock Exchange,568459810.08,26/06/2015,THW,THW,14.02
ETJ.N,Eaton Vance Risk-Managed Diversified Equity Income Fund,New York Stock Exchange,568027082.28,27/07/2007,ETJ,ETJ,8.44
MOV.N,Movado Group Inc,New York Stock Exchange,564918289,30/09/1993,MOV,MOV,34.52
OOMA.N,"Ooma, Inc.",New York Stock Exchange,564575000,17/07/2015,OOMA,OOMA,23.04
BDN.N,Brandywine Realty Trust,New York Stock Exchange,562137608.34,24/07/1986,BDN,BDN,3.22
VGM.N,Invesco Trust for Investment Grade Municipals,New York Stock Exchange,559673909.76,19/02/1992,VGM,VGM,10.39
EVH.N,"Evolent Health, Inc.",New York Stock Exchange,556251928.2,05/06/2015,EVH,EVH,4.92
YORW.OQ,York Water Co,Nasdaq Stock Exchange Global Select Market,554855184.39,28/10/1993,YORW,YORW,34.19
AVK.N,Advent Convertible and Income Fund,New York Stock Exchange,554066749.75,30/04/2003,AVK,AVK,12.55
MMU.N,Western Asset Managed Municipals Fund Inc,New York Stock Exchange,553835118.72,17/07/1992,MMU,MMU,10.13
CSV.N,Carriage Services Inc,New York Stock Exchange,552068608.96,09/08/1996,CSV,CSV,34.76
DDD.N,3D Systems Corp,New York Stock Exchange,548285189.1,26/03/2011,DDD,DDD,3.3
CHW.OQ,Calamos Global Dynamic Income Fund,Nasdaq Stock Exchange Global Select Market,545401864.98,26/06/2007,CHW,CHW,8.54
HBCP.OQ,Home Bancorp Inc,Nasdaq Stock Exchange Global Select Market,544970730,03/10/2008,HBCP,HBCP,69.24
CAPR.OQ,"Capricor Therapeutics, Inc.",Nasdaq Stock Exchange Global Select Market,544180937.04,04/06/2002,CAPR,CAPR,9.36
EBF.N,Ennis Inc,New York Stock Exchange,543406882.56,17/03/1980,EBF,EBF,21.48
VKQ.N,Invesco Municipal Trust,New York Stock Exchange,540627981.55,21/11/1991,VKQ,VKQ,9.8
WTI.N,"W&T Offshore, Inc.",New York Stock Exchange,538866338.64,28/01/2005,WTI,WTI,3.66
BGY.N,BlackRock Enhanced International Dividend Trust,New York Stock Exchange,536437573.6,25/05/2007,BGY,BGY,5.92
MFM.N,Aberdeen Municipal Income Fund,New York Stock Exchange,533938020.63,20/11/1986,MFM,MFM,5.39
IQI.N,Invesco Quality Municipal Income Trust,New York Stock Exchange,533597511.73,23/09/1991,IQI,IQI,10.15
DPG.N,Duff & Phelps Utility and Infrastructure Fund Inc,New York Stock Exchange,528437413.32,29/06/2011,DPG,DPG,14.68
OLP.N,One Liberty Properties Inc,New York Stock Exchange,527729080.32,22/04/1983,OLP,OLP,24.13
GTN.N,Gray Media Inc,New York Stock Exchange,527310015.99,24/09/1996,GTN,GTN,4.92
AMCX.OQ,AMC Global Media Inc.,Nasdaq Stock Exchange Global Select Market,524287131.41,16/06/2011,AMCX,AMCX,12.71
VHI.N,Valhi Inc,New York Stock Exchange,520543527.34,17/03/1980,VHI,VHI,17.77
IGD.N,Voya Global Equity Dividend and Premium Opportunity Fund,New York Stock Exchange,519743507.26,29/03/2005,IGD,IGD,6.59
CMCO.OQ,Columbus McKinnon Corp,Nasdaq Stock Exchange Global Select Market,518979107.12,22/02/1996,CMCO,CMCO,17.98
ETO.N,Eaton Vance Tax-Advantaged Global Dividend Opportunities Fund,New York Stock Exchange,518520686.32,28/04/2004,ETO,ETO,31.64
MMT.N,Aberdeen Multi-market Income Fund,New York Stock Exchange,516170968.2,05/03/1987,MMT,MMT,4.44
SD.N,SandRidge Energy Inc,New York Stock Exchange,515717367.36,08/11/2007,SD,SD,14.12
VCV.N,Invesco California Value Municipal Income Trust,New York Stock Exchange,515705431.5,10/06/1993,VCV,VCV,10.51
CCOI.OQ,Cogent Communications Holdings Inc,Nasdaq Stock Exchange Global Select Market,514718146.8,05/02/2002,CCOI,CCOI,10.05
QUAD.N,Quad/Graphics Inc,New York Stock Exchange,514613020,06/07/2010,QUAD,QUAD,10.07
WIW.N,Western Asset Inflation-Linked Opportunities & Income Fund,New York Stock Exchange,511499360.24,25/02/2004,WIW,WIW,8.35
ECC.N,Eagle Point Credit Co,New York Stock Exchange,510761272.32,08/10/2014,ECC,ECC,3.84
WNC.N,Wabash National Corporation,New York Stock Exchange,509622034.23,08/11/1991,WNC,WNC,13.22
PBAM.OQ,Private Bancorp of America Inc,Nasdaq Stock Exchange Global Select Market,506781352.96,16/11/2011,PBAM,PBAM,88.51
ULH.OQ,Universal Logistics Holdings Inc,Nasdaq Stock Exchange Global Select Market,505470821.85,11/02/2005,ULH,ULH,19.17
BSRR.OQ,Sierra Bancorp,Nasdaq Stock Exchange Global Select Market,505073348.45,27/10/1993,BSRR,BSRR,39.49
IPI.N,Intrepid Potash Inc,New York Stock Exchange,503010474.12,22/04/2008,IPI,IPI,37.68
GLRE.OQ,Greenlight Capital Re Ltd,Nasdaq Stock Exchange Global Select Market,502676697.6,24/05/2007,GLRE,GLRE,15.4
MUA.N,BlackRock MuniAssets Fund Inc,New York Stock Exchange,502541113.58,16/07/1993,MUA,MUA,9.97
OIS.N,"Oil States International, Inc.",New York Stock Exchange,500074511.51,09/02/2001,OIS,OIS,8.67
BGB.N,Blackstone Strategic Credit 2027 Term Fund,New York Stock Exchange,499508313.2,26/09/2012,BGB,BGB,11.18
LXFR.N,Luxfer Holdings PLC,New York Stock Exchange,496968480,03/10/2012,LXFR,LXFR,17.15
BLW.N,BlackRock Ltd Duration Income Trust,New York Stock Exchange,496558112.8,29/07/2003,BLW,BLW,12.7
XRN.N,Chiron Real Estate Inc,New York Stock Exchange,494300572.2,02/11/2012,XRN,XRN,36.89
SENS.OQ,Senseonics Holdings Inc,Nasdaq Stock Exchange Global Select Market,493843655.02,04/03/2015,SENS,SENS,9.34
PCQ.N,PIMCO California Municipal Income Fund,New York Stock Exchange,490602420,27/06/2001,PCQ,PCQ,8.73
BBW.N,"Build-A-Bear Workshop, Inc.",New York Stock Exchange,490214021.3,28/10/2004,BBW,BBW,39.1
IFN.N,Aberdeen India Fund Inc,New York Stock Exchange,489217866.5,10/07/1986,IFN,IFN,11.47
STRZ.OQ,Starz Entertainment Corp.,Nasdaq Stock Exchange Global Select Market,488895082.05,17/11/1998,STRZ,STRZ,28.55
AMSF.OQ,Amerisafe Inc,Nasdaq Stock Exchange Global Select Market,487312964.82,18/11/2005,AMSF,AMSF,26.29
NRC.OQ,NRC Health,Nasdaq Stock Exchange Global Select Market,486630452,01/10/1997,NRC,NRC,22
PACB.OQ,"Pacific Biosciences of California, Inc.",Nasdaq Stock Exchange Global Select Market,484895984.04,27/10/2010,PACB,PACB,1.56
KMDA.OQ,Kamada Ltd.,Nasdaq Stock Exchange Global Select Market,483370299.6,01/08/2005,KMDA,KMDA,8.38
WTBA.OQ,West Bancorporation Inc,Nasdaq Stock Exchange Global Select Market,482337926.9,22/11/1994,WTBA,WTBA,28.3
CWCO.OQ,Consolidated Water Co Ltd,Nasdaq Stock Exchange Global Select Market,481026464.6,15/12/1994,CWCO,CWCO,30.04
JOUT.OQ,Johnson Outdoors Inc,Nasdaq Stock Exchange Global Select Market,476615391.6,09/10/1987,JOUT,JOUT,45.48
GHY.N,PGIM Global High Yield Fund Inc,New York Stock Exchange,475558579.98,19/12/2012,GHY,GHY,11.61
LOCO.OQ,El Pollo Loco Holdings Inc,Nasdaq Stock Exchange Global Select Market,475362475.94,25/07/2014,LOCO,LOCO,15.62
PRTA.OQ,Prothena Corporation PLC,Nasdaq Stock Exchange Global Select Market,474867009.5,21/12/2012,PRTA,PRTA,9.25
PBYI.OQ,Puma Biotechnology Inc,Nasdaq Stock Exchange Global Select Market,472839804.56,21/03/2012,PBYI,PBYI,9.16
ATNI.OQ,ATN International Inc,Nasdaq Stock Exchange Global Select Market,471804824.91,14/11/1991,ATNI,ATNI,30.63
CPS.N,Cooper-Standard Holdings Inc.,New York Stock Exchange,471594780.32,27/05/2010,CPS,CPS,26.54
FFA.N,First Trust Enhanced Equity Income Fund,New York Stock Exchange,461524882.65,27/08/2004,FFA,FFA,23.09
ETB.N,Eaton Vance Tax-Managed Buy-Write Income Fund,New York Stock Exchange,458833048.3,27/04/2005,ETB,ETB,15.62
TWI.N,Titan International Inc,New York Stock Exchange,455023581.6,20/05/1993,TWI,TWI,6.99
NBB.N,Nuveen Taxable Municipal Income Fund,New York Stock Exchange,453267060.42,28/04/2010,NBB,NBB,15.4
VVR.N,Invesco Senior Income Trust,New York Stock Exchange,452539585.26,24/06/1998,VVR,VVR,2.91
FPI.N,Farmland Partners Inc,New York Stock Exchange,452014279.92,11/04/2014,FPI,FPI,10.36
KIO.N,KKR Income Opportunities Fund,New York Stock Exchange,451656518.3,26/07/2013,KIO,KIO,11.02
HPS.N,John Hancock Preferred Income Fund III,New York Stock Exchange,450042365.39,17/06/2003,HPS,HPS,13.99
CBAN.N,Colony Bankcorp Inc,New York Stock Exchange,449247829.05,16/09/1958,CBAN,CBAN,21.17
GLAD.OQ,Gladstone Capital Corp,Nasdaq Stock Exchange Global Select Market,445987182.06,23/08/2001,GLAD,GLAD,19.74
DIN.N,"Dine Brands Global, Inc.",New York Stock Exchange,445728671.5,12/07/1991,DIN,DIN,35.21
MAGN.N,Magnera Corporation,New York Stock Exchange,445710000,22/05/1981,MAGN,MAGN,12.33
CAL.N,Caleres Inc,New York Stock Exchange,439689748.96,22/05/1981,CAL,CAL,13.09
TITN.OQ,Titan Machinery Inc,Nasdaq Stock Exchange Global Select Market,438314005.8,06/12/2007,TITN,TITN,18.81
ACTG.OQ,Acacia Research Corporation,Nasdaq Stock Exchange Global Select Market,438164754.45,05/07/1995,ACTG,ACTG,4.49
BMRC.OQ,Bank of Marin Bancorp,Nasdaq Stock Exchange Global Select Market,433681961.44,05/07/1973,BMRC,BMRC,26.78
BNED.N,Barnes & Noble Education Inc,New York Stock Exchange,433658899.8,23/07/2015,BNED,BNED,12.51
BGR.N,BlackRock Energy and Resources Trust,New York Stock Exchange,433264030.42,23/12/2004,BGR,BGR,17.02
WEYS.OQ,WEYCO Group Inc,Nasdaq Stock Exchange Global Select Market,432086470.92,17/03/1980,WEYS,WEYS,45.24
EVN.N,Eaton Vance Municipal Income Trust,New York Stock Exchange,431167060.8,27/01/1999,EVN,EVN,10.8
HVT.N,Haverty Furniture Companies Inc,New York Stock Exchange,430817531,17/03/1980,HVT,HVT,27.26
ASPN.N,"Aspen Aerogels, Inc.",New York Stock Exchange,430711788.96,13/06/2014,ASPN,ASPN,5.19
TRC.N,Tejon Ranch Co,New York Stock Exchange,428830316.28,20/03/1987,TRC,TRC,16.14
CHCT.N,Community Healthcare Trust Inc,New York Stock Exchange,428088399.48,21/05/2015,CHCT,CHCT,14.94
HPI.N,John Hancock Preferred Income Fund,New York Stock Exchange,427602714,23/08/2002,HPI,HPI,15.96
GBLI.OQ,Global Indemnity Group LLC,Nasdaq Stock Exchange Global Select Market,424577806,16/12/2003,GBLI,GBLI,29
DFP.N,Flaherty & Crumrine Dynamic Preferred and Income Fund Inc,New York Stock Exchange,423496384.94,24/05/2013,DFP,DFP,20.62
FRPH.OQ,FRP Holdings Inc,Nasdaq Stock Exchange Global Select Market,422554605.01,02/07/1986,FRPH,FRPH,22.01
TREE.OQ,"LendingTree, Inc.",Nasdaq Stock Exchange Global Select Market,418378917.8,16/02/2000,TREE,TREE,29.8
ISD.N,PGIM High Yield Bond Fund Inc,New York Stock Exchange,412465737.69,14/11/2011,ISD,ISD,12.34
SGU.N,Star Group LP,New York Stock Exchange,412436985.12,15/12/1995,SGU,SGU,12.62
ENTA.OQ,Enanta Pharmaceuticals Inc,Nasdaq Stock Exchange Global Select Market,412124438.3,21/03/2013,ENTA,ENTA,14.15
CYH.N,Community Health Systems Inc,New York Stock Exchange,411747322.44,07/03/1991,CYH,CYH,2.92
ERII.OQ,"Energy Recovery, Inc.",Nasdaq Stock Exchange Global Select Market,405296307.5,02/07/2008,ERII,ERII,7.94
NXG.N,NXG Nextgen Infrastructure Income Fund,New York Stock Exchange,404295688.38,26/09/2012,NXG,NXG,56.25
NATH.OQ,Nathan's Famous Inc,Nasdaq Stock Exchange Global Select Market,400259526.48,01/03/1993,NATH,NATH,97.68
OFIX.OQ,Orthofix Medical Inc.,Nasdaq Stock Exchange Global Select Market,397142928,24/04/1992,OFIX,OFIX,9.75
FSTR.OQ,L B Foster Co,Nasdaq Stock Exchange Global Select Market,395227495.91,09/06/1981,FSTR,FSTR,37.57
GNE.N,Genie Energy Ltd,New York Stock Exchange,395057541.23,26/10/2011,GNE,GNE,15.01
MNRO.OQ,"Monro, Inc.",Nasdaq Stock Exchange Global Select Market,394239796.6,30/07/1991,MNRO,MNRO,12.61
XRX.OQ,Xerox Holdings Corp,Nasdaq Stock Exchange Global Select Market,391317242.78,22/05/1981,XRX,XRX,2.98
SHOE.OQ,Shoe Station Group Inc,Nasdaq Stock Exchange Global Select Market,391250348.28,16/03/1993,SHOE,SHOE,14.41
LSAK.OQ,Lesaka Technologies Inc,Nasdaq Stock Exchange Global Select Market,390375412.7,03/08/2005,LSAK,LSAK,4.55
CHMG.OQ,Chemung Financial Corp,Nasdaq Stock Exchange Global Select Market,389864225.92,21/03/1994,CHMG,CHMG,80.86
FNLC.OQ,First Bancorp Inc,Nasdaq Stock Exchange Global Select Market,388789436.4,14/07/1999,FNLC,FNLC,34.46
IA.OQ,Innovative Solutions and Support Inc,Nasdaq Stock Exchange Global Select Market,387875078.91,04/08/2000,IA,IA,21.67
PCB.OQ,PCB Bancorp,Nasdaq Stock Exchange Global Select Market,387490569.18,26/11/2003,PCB,PCB,27.59
FRA.N,BlackRock Floating Rate Income Strategies Fund Inc,New York Stock Exchange,386947557.36,29/10/2003,FRA,FRA,10.92
LEO.N,BNY Mellon Strategic Municipals Inc,New York Stock Exchange,386826203.34,28/09/1987,LEO,LEO,6.17
ACCO.N,ACCO Brands Corp,New York Stock Exchange,386768709.92,05/08/2005,ACCO,ACCO,4.19
GOGO.OQ,Gogo Inc.,Nasdaq Stock Exchange Global Select Market,386197406.7,21/06/2013,GOGO,GOGO,2.85
GCO.N,Genesco Inc,New York Stock Exchange,383745917.15,22/05/1981,GCO,GCO,34.55
SOR.N,Source Capital Inc,New York Stock Exchange,383590855.28,17/03/1980,SOR,SOR,46.55
GBAB.N,Guggenheim Taxable Municipal Bond & Investment Grade Debt Trust,New York Stock Exchange,383360415.68,27/10/2010,GBAB,GBAB,13.84
EDD.N,Morgan Stanley Emerging Markets Domestic Debt Fund Inc,New York Stock Exchange,379001556.36,24/04/2007,EDD,EDD,5.88
PFL.N,PIMCO Income Strategy Fund,New York Stock Exchange,377951602.4,27/08/2003,PFL,PFL,7.61
ORN.N,Orion Group Holdings Inc,New York Stock Exchange,377821055.7,20/12/2007,ORN,ORN,9.73
WSBF.OQ,Waterstone Financial Inc,Nasdaq Stock Exchange Global Select Market,377517588,05/10/2005,WSBF,WSBF,21
FOF.N,Cohen & Steers Closed End Opportunity Fund Inc,New York Stock Exchange,375885602.73,21/11/2006,FOF,FOF,13.53
NCV.N,Virtus Convertible & Income Fund,New York Stock Exchange,374598455.94,27/03/2003,NCV,NCV,16.77
PERI.OQ,Perion Network Ltd,Nasdaq Stock Exchange Global Select Market,374424636.88,03/02/2006,PERI,PERI,9.52
ALLT.OQ,Allot Ltd,Nasdaq Stock Exchange Global Select Market,374261707.35,16/11/2006,ALLT,ALLT,7.65
MGPI.OQ,"MGP Ingredients, Inc.",Nasdaq Stock Exchange Global Select Market,373461485.44,21/10/1988,MGPI,MGPI,17.44
SLP.OQ,"Simulations Plus, Inc.",Nasdaq Stock Exchange Global Select Market,372339267.58,18/06/1997,SLP,SLP,18.41
MCI.N,Barings Corporate Investors,New York Stock Exchange,372059111.2,17/03/1980,MCI,MCI,18.41
SOHU.OQ,Sohu.com Ltd,Nasdaq Stock Exchange Global Select Market,369137351.52,12/07/2000,SOHU,SOHU,14.16
AIV.N,Apartment Investment and Management Co,New York Stock Exchange,367449351.94,22/07/1994,AIV,AIV,2.53
MIY.N,Blackrock Muniyield Michigan Quality Fund Inc,New York Stock Exchange,365736522.34,04/11/1992,MIY,MIY,12.67
ARTNA.OQ,Artesian Resources Corp,Nasdaq Stock Exchange Global Select Market,364150280.85,04/04/1994,ARTNA,ARTNA,35.43
AWP.N,abrdn Global Premier Properties Fund,New York Stock Exchange,363788078.13,26/04/2007,AWP,AWP,11.79
RBBN.OQ,Ribbon Communications Inc.,Nasdaq Stock Exchange Global Select Market,363011404.56,13/09/2004,RBBN,RBBN,2.03
NAN.N,Nuveen New York Quality Municipal Income Fund,New York Stock Exchange,360330949.5,26/05/1999,NAN,NAN,10.97
KNOP.N,Knot Offshore Partners LP,New York Stock Exchange,358819245.72,04/10/2013,KNOP,KNOP,10.6
CLNE.OQ,Clean Energy Fuels Corp.,Nasdaq Stock Exchange Global Select Market,357120924.3,25/05/2007,CLNE,CLNE,1.62
SCD.N,LMP Capital And Income Fund Inc,New York Stock Exchange,356422588.16,25/02/2004,SCD,SCD,15.62
JOF.N,Japan Smaller Capitalization Fund Inc,New York Stock Exchange,355023679.29,13/03/1990,JOF,JOF,12.58
HIX.N,Western Asset High Income Fund II Inc,New York Stock Exchange,352172558.28,22/05/1998,HIX,HIX,3.91
JGH.N,Nuveen Global High Income Fund,New York Stock Exchange,350447916.56,24/11/2014,JGH,JGH,12.4
OEC.N,Orion SA,New York Stock Exchange,348745052.83,25/07/2014,OEC,OEC,6.27
AVBH.OQ,Avidbank Holdings Inc,Nasdaq Stock Exchange Global Select Market,348725490,29/06/2004,AVBH,AVBH,31.75
TCPC.OQ,BlackRock TCP Capital Corp,Nasdaq Stock Exchange Global Select Market,346518460.75,04/04/2012,TCPC,TCPC,4.13
KTF.N,DWS Municipal Income Trust,New York Stock Exchange,345208476.29,21/10/1988,KTF,KTF,8.79
CVEO.N,Civeo Corp,New York Stock Exchange,344734247.65,19/05/2014,CVEO,CVEO,33.35
CLW.N,Clearwater Paper Corp,New York Stock Exchange,344327761.4,05/12/2008,CLW,CLW,21.35
SPXX.N,Nuveen S&P 500 Dynamic Overwrite Fund,New York Stock Exchange,343351990.4,23/11/2005,SPXX,SPXX,19.18
PLAY.OQ,"Dave & Buster's Entertainment, Inc.",Nasdaq Stock Exchange Global Select Market,343016522.84,10/10/2014,PLAY,PLAY,9.86
ZTR.N,Virtus Total Return Fund Inc,New York Stock Exchange,342956116.58,23/09/1988,ZTR,ZTR,6.85
GASS.OQ,StealthGas Inc,Nasdaq Stock Exchange Global Select Market,342480168.06,06/10/2005,GASS,GASS,9.21
JRI.N,Nuveen Real Asset Income and Growth Fund,New York Stock Exchange,341456565.88,26/04/2012,JRI,JRI,12.4
HPF.N,John Hancock Preferred Income Fund II,New York Stock Exchange,339484998.72,26/11/2002,HPF,HPF,15.68
TWIN.OQ,Twin Disc Inc,Nasdaq Stock Exchange Global Select Market,339224891.04,17/03/1980,TWIN,TWIN,23.52
RCKY.OQ,Rocky Brands Inc,Nasdaq Stock Exchange Global Select Market,338709296.31,03/02/1993,RCKY,RCKY,45.21
TCI.N,Transcontinental Realty Investors Inc,New York Stock Exchange,338148611.1,07/03/1985,TCI,TCI,39.4
BKT.N,Blackrock Income Trust Inc,New York Stock Exchange,336845100.8,22/07/1988,BKT,BKT,10.4
EMF.N,Templeton Emerging Markets Fund Inc,New York Stock Exchange,336626640.44,26/02/1987,EMF,EMF,22.52
FLXS.OQ,Flexsteel Industries Inc,Nasdaq Stock Exchange Global Select Market,334581661.57,17/03/1980,FLXS,FLXS,81.77
ASG.N,Liberty All-Star Growth Fund Inc,New York Stock Exchange,334517804.25,06/03/1986,ASG,ASG,5.25
DSX.N,Diana Shipping Inc,New York Stock Exchange,332184624.39,18/03/2005,DSX,DSX,2.67
HIO.N,Western Asset High Income Opportunity Fund Inc,New York Stock Exchange,330945268.2,23/11/1993,HIO,HIO,3.48
BCML.OQ,BayCom Corp,Nasdaq Stock Exchange Global Select Market,329678332.23,09/08/2004,BCML,BCML,30.19
BRW.N,Saba Capital Income & Opportunities Fund,New York Stock Exchange,329290650,09/03/1992,BRW,BRW,6.47
PPT.N,Putnam Premier Income Trust,New York Stock Exchange,328752323.84,19/02/1988,PPT,PPT,3.45
BGT.N,BlackRock Floating Rate Income Trust,New York Stock Exchange,328071920,26/08/2004,BGT,BGT,11
CHSCP.OQ,CHS Inc,Nasdaq Stock Exchange Global Select Market,327294320.01,29/01/2003,CHSCP,CHSCP,26.7
AGD.N,abrdn Global Dynamic Dividend Fund,New York Stock Exchange,323514854.76,26/07/2006,AGD,AGD,12.36
NC.N,NACCO Industries Inc,New York Stock Exchange,322394810.4,17/03/1980,NC,NC,43.13
NL.N,NLI Holdings Inc,New York Stock Exchange,322242657.06,17/03/1980,NL,NL,6.53
TEI.N,Templeton Emerging Markets Income Fund,New York Stock Exchange,322097810.76,23/09/1993,TEI,TEI,6.82
HRZN.OQ,Horizon Technology Finance Corporation,Nasdaq Stock Exchange Global Select Market,321092424.11,29/10/2010,HRZN,HRZN,4.79
SCE_pn.N,SCE Trust VIII,New York Stock Exchange,321020000,01/01/1753,SCE PR N,SCE PRN,22.99
FOSL.OQ,Fossil Group Inc,Nasdaq Stock Exchange Global Select Market,320528241.84,01/04/1993,FOSL,FOSL,5.42
XNET.OQ,Xunlei Ltd,Nasdaq Stock Exchange Global Select Market,319977059,24/06/2014,XNET,XNET,5.02
FUND.OQ,Sprott Focus Trust Inc,Nasdaq Stock Exchange Global Select Market,319500536.76,08/06/1988,FUND,FUND,10.77
MXF.N,Mexico Fund Inc,New York Stock Exchange,318395035.2,04/06/1981,MXF,MXF,22.01
TBI.N,TrueBlue Inc,New York Stock Exchange,318143394.8,28/10/1998,TBI,TBI,10.66
MLP.N,Maui Land & Pineapple Company Inc,New York Stock Exchange,317547888.45,27/10/1993,MLP,MLP,15.84
JACK.OQ,Jack in the Box Inc,Nasdaq Stock Exchange Global Select Market,315883565.1,05/03/1992,JACK,JACK,16.47
AFB.N,Alliancebernstein National Municipal Income Fund Inc,New York Stock Exchange,313750976.44,28/01/2002,AFB,AFB,10.92
EFR.N,Eaton Vance Senior Floating-Rate Trust,New York Stock Exchange,312655114.62,25/11/2003,EFR,EFR,10.59
ZUMZ.OQ,Zumiez Inc.,Nasdaq Stock Exchange Global Select Market,311292366.75,06/05/2005,ZUMZ,ZUMZ,18.45
EBS.N,Emergent BioSolutions Inc.,New York Stock Exchange,306101815.92,15/11/2006,EBS,EBS,5.97
RFI.N,Cohen & Steers Total Return Realty Fund Inc,New York Stock Exchange,305213392.4,17/09/1993,RFI,RFI,11.38
FRD.OQ,Friedman Industries Inc,Nasdaq Stock Exchange Global Select Market,304596163.93,15/03/1972,FRD,FRD,42.23
RC.N,Ready Capital Corp,New York Stock Exchange,303951425.28,08/02/2013,RC,RC,1.85
MSB.N,Mesabi Trust,New York Stock Exchange,303072231,17/03/1980,MSB,MSB,23.59
ALCO.OQ,Alico Inc,Nasdaq Stock Exchange Global Select Market,302677288.8,17/03/1980,ALCO,ALCO,40.8
MTRX.OQ,Matrix Service Co,Nasdaq Stock Exchange Global Select Market,302157549,26/09/1990,MTRX,MTRX,10.74
RM.N,Regional Management Corp,New York Stock Exchange,301222174.1,28/03/2012,RM,RM,32.68
NCA.N,"Nuveen California Municipal Value Fund, Inc",New York Stock Exchange,301078861.83,07/10/1987,NCA,NCA,9.08
AVXL.OQ,Anavex Life Sciences Corp,Nasdaq Stock Exchange Global Select Market,300337768.08,13/04/2006,AVXL,AVXL,3.24
RIV.N,RiverNorth Opportunities Fund Inc,New York Stock Exchange,299257830.89,24/12/2015,RIV,RIV,11.03
MYGN.OQ,"Myriad Genetics, Inc.",Nasdaq Stock Exchange Global Select Market,298426892.4,06/10/1995,MYGN,MYGN,3.12
CFFI.OQ,C&F Financial Corp,Nasdaq Stock Exchange Global Select Market,297822378.69,16/01/1992,CFFI,CFFI,91.59
SAR.N,Saratoga Investment Corp,New York Stock Exchange,296210472.72,13/08/2010,SAR,SAR,18.33
ARDC.N,Ares Dynamic Credit Allocation Fund Inc,New York Stock Exchange,294781455.6,28/11/2012,ARDC,ARDC,12.3
KWY.N,Kingsway Corp,New York Stock Exchange,293938960,11/07/2001,KWY,KWY,10.02
NCZ.N,Virtus Convertible & Income Fund II,New York Stock Exchange,293806802.72,29/07/2003,NCZ,NCZ,15.65
JAKK.OQ,JAKKS Pacific Inc,Nasdaq Stock Exchange Global Select Market,293221207.44,02/05/1996,JAKK,JAKK,25.62
NXDT.N,NexPoint Diversified Real Estate Trust,New York Stock Exchange,293145269.04,26/06/2006,NXDT,NXDT,5.46
SSP.OQ,E W Scripps Co,Nasdaq Stock Exchange Global Select Market,291907321.65,28/06/1988,SSP,SSP,3.15
NNBR.OQ,NN Inc,Nasdaq Stock Exchange Global Select Market,291510449.92,15/03/1994,NNBR,NNBR,3.53
DBI.N,Designer Brands Inc.,New York Stock Exchange,290444891.88,29/06/2005,DBI,DBI,5.72
ANIK.OQ,Anika Therapeutics Inc,Nasdaq Stock Exchange Global Select Market,290142702.88,16/05/1985,ANIK,ANIK,21.68
OIA.N,Invesco Municipal Income Opportunities Trust,New York Stock Exchange,289987613.85,19/09/1988,OIA,OIA,6.05
JCE.N,Nuveen Core Equity Alpha Fund,New York Stock Exchange,289895659.9,28/03/2007,JCE,JCE,17.01
ONIT.N,Onity Group Inc,New York Stock Exchange,288398030.4,25/09/1996,ONIT,ONIT,34.5
DSM.N,BNY Mellon Strategic Municipal Bond Fund Inc,New York Stock Exchange,288169268.53,22/11/1989,DSM,DSM,5.83
BGS.N,B&G Foods Inc,New York Stock Exchange,286903118.63,23/05/2007,BGS,BGS,3.53
EOD.N,Allspring Global Dividend Opportunity Fund,New York Stock Exchange,286818987.24,28/03/2007,EOD,EOD,6.66
BGH.N,Barings Global Short Duration High Yield Fund,New York Stock Exchange,283965291.54,26/10/2012,BGH,BGH,14.14
EFT.N,Eaton Vance Floating-Rate Income Trust,New York Stock Exchange,282524756.54,25/06/2004,EFT,EFT,10.63
MMD.N,Nyli Mackay Definedterm Muni Opportunities Fund,New York Stock Exchange,282255178.59,27/06/2012,MMD,MMD,14.97
PMO.N,Franklin Municipal Opportunities Trust,New York Stock Exchange,281940463.98,24/05/1993,PMO,PMO,10.22
SRV.N,NXG Cushing Midstream Energy Fund,New York Stock Exchange,281793750,27/08/2007,SRV,SRV,45.65
TSI.N,TCW Strategic Income Fund Inc,New York Stock Exchange,280341248,26/02/1987,TSI,TSI,4.4
DBL.N,Doubleline Opportunistic Credit Fund,New York Stock Exchange,278981904.08,27/01/2012,DBL,DBL,14.11
MIN.N,Aberdeen Intermediate Income Fund,New York Stock Exchange,277667700.72,11/03/1988,MIN,MIN,2.45
WNEB.OQ,Western New England Bancorp Inc,Nasdaq Stock Exchange Global Select Market,276833492.32,28/12/2001,WNEB,WNEB,13.81
FUNC.OQ,First United Corp,Nasdaq Stock Exchange Global Select Market,275869219.82,02/09/1992,FUNC,FUNC,42.75
ACV.N,Virtus Diversified Income & Convertible Fund,New York Stock Exchange,274767020.04,22/05/2015,ACV,ACV,26.43
EGHT.OQ,8x8 Inc,Nasdaq Stock Exchange Global Select Market,274427451.9,02/07/1997,EGHT,EGHT,1.9
BRT.N,BRT Apartments Corp,New York Stock Exchange,274193911.43,18/03/1980,BRT,BRT,14.59
TDF.N,Templeton Dragon Fund Inc,New York Stock Exchange,273725742.07,21/09/1994,TDF,TDF,10.87
HCKT.OQ,"The Hackett Group, Inc.",Nasdaq Stock Exchange Global Select Market,273407824.27,28/05/1998,HCKT,HCKT,10.99
TG.N,Tredegar Corp,New York Stock Exchange,271865595.92,05/07/1989,TG,TG,7.66
NSLR.OQ,Neostellar Capital Corp,Nasdaq Stock Exchange Global Select Market,271615257.72,28/04/2011,NSLR,NSLR,10.26
AVNW.OQ,Aviat Networks Inc,Nasdaq Stock Exchange Global Select Market,270564171.33,19/05/1987,AVNW,AVNW,20.91
EOT.N,Eaton Vance National Municipal Opportunities Trust,New York Stock Exchange,269842385.67,27/05/2009,EOT,EOT,17.27
HWBK.OQ,Hawthorn Bancshares Inc,Nasdaq Stock Exchange Global Select Market,269678496.24,19/06/2000,HWBK,HWBK,39.08
MFIN.OQ,Medallion Financial Corp,Nasdaq Stock Exchange Global Select Market,269094118.28,23/05/1996,MFIN,MFIN,11.72
PMM.N,Franklin Managed Municipal Income Trust,New York Stock Exchange,267280397.28,17/02/1989,PMM,PMM,6.25
ASYS.OQ,Amtech Systems Inc,Nasdaq Stock Exchange Global Select Market,265597892.17,09/08/1983,ASYS,ASYS,15.17
KF.N,Korea Fund Inc,New York Stock Exchange,265011518.04,23/08/1984,KF,KF,64.87
RELL.OQ,Richardson Electronics Ltd,Nasdaq Stock Exchange Global Select Market,264285796.04,28/10/1983,RELL,RELL,17.78
MGNX.OQ,MacroGenics Inc,Nasdaq Stock Exchange Global Select Market,257348755.48,10/10/2013,MGNX,MGNX,4.04
ACRE.N,Ares Commercial Real Estate Corp,New York Stock Exchange,256877553.19,26/04/2012,ACRE,ACRE,4.63
SILC.OQ,Silicom Ltd,Nasdaq Stock Exchange Global Select Market,256376960.06,27/12/2005,SILC,SILC,44.93
LAB.OQ,Standard BioTools Inc.,Nasdaq Stock Exchange Global Select Market,255882867.05,10/02/2011,LAB,LAB,0.65
OSUR.OQ,OraSure Technologies Inc,Nasdaq Stock Exchange Global Select Market,255873606.17,17/11/1986,OSUR,OSUR,3.71
MBI.N,MBIA Inc,New York Stock Exchange,255592384.44,30/06/1987,MBI,MBI,4.8
IMMR.OQ,Immersion Corp,Nasdaq Stock Exchange Global Select Market,255245718.69,12/11/1999,IMMR,IMMR,7.69
CAF.N,Morgan Stanley China A Share Fund Inc,New York Stock Exchange,254285551.8,28/09/2006,CAF,CAF,18.9
USNA.N,USANA Health Sciences Inc,New York Stock Exchange,252574219.78,28/10/1993,USNA,USNA,14.1
NUW.N,Nuveen Amt-Free Municipal Value Fund,New York Stock Exchange,250600650.56,25/02/2009,NUW,NUW,13.92
RCS.N,"PIMCO Strategic Income Fund, Inc",New York Stock Exchange,248863560.49,18/03/1994,RCS,RCS,5.28
NCMI.OQ,National Cinemedia Inc,Nasdaq Stock Exchange Global Select Market,248345969.52,08/02/2007,NCMI,NCMI,2.64
SCM.N,Stellus Capital Investment Corp,New York Stock Exchange,246066655.68,11/08/2012,SCM,SCM,8.66
JRS.N,Nuveen Real Estate Income Fund,New York Stock Exchange,245586003.5,16/11/2001,JRS,JRS,8.44
PNNT.N,PennantPark Investment Corporation,New York Stock Exchange,245513313.44,19/04/2007,PNNT,PNNT,3.74
LMNR.OQ,Limoneira Co,Nasdaq Stock Exchange Global Select Market,244782094.5,08/11/2001,LMNR,LMNR,13.5
AUDC.OQ,AudioCodes Ltd,Nasdaq Stock Exchange Global Select Market,242494051.76,01/05/1999,AUDC,AUDC,10.04
ARL.N,American Realty Investors Inc,New York Stock Exchange,241796083.71,21/04/1982,ARL,ARL,14.97
FLWS.OQ,"1-800-FLOWERS.COM, Inc.",Nasdaq Stock Exchange Global Select Market,239728326.42,03/08/1999,FLWS,FLWS,3.74
LGI.N,Lazard Global Total Return and Income Fund Inc,New York Stock Exchange,239698391.64,28/04/2004,LGI,LGI,18.49
INBK.OQ,First Internet Bancorp,Nasdaq Stock Exchange Global Select Market,239387263.34,22/02/2013,INBK,INBK,27.41
RAIL.OQ,FreightCar America Inc,Nasdaq Stock Exchange Global Select Market,238392605.6,06/04/2005,RAIL,RAIL,7.27
NUS.N,"Nu Skin Enterprises, Inc.",New York Stock Exchange,235594908.56,22/11/1996,NUS,NUS,4.79
TNXP.OQ,Tonix Pharmaceuticals Holding Corp.,Nasdaq Stock Exchange Global Select Market,233939967.36,29/03/2010,TNXP,TNXP,13.64
PSF.N,Cohen & Steers Select Preferred and Income Fund Inc,New York Stock Exchange,233707673.41,24/11/2010,PSF,PSF,19.41
FF.N,FutureFuel Corp,New York Stock Exchange,232914218.58,12/07/2006,FF,FF,5.31
FC.N,Franklin Covey Co.,New York Stock Exchange,226668031.11,03/06/1992,FC,FC,20.07
UTMD.OQ,Utah Medical Products Inc,Nasdaq Stock Exchange Global Select Market,225700858.02,01/12/1982,UTMD,UTMD,70.89
GSIT.OQ,GSI Technology Inc,Nasdaq Stock Exchange Global Select Market,224061999.7,29/03/2007,GSIT,GSIT,5.83
FORR.OQ,Forrester Research Inc,Nasdaq Stock Exchange Global Select Market,222756300,27/11/1996,FORR,FORR,11.7
EP_pc.N,El Paso Energy Capital Trust I,New York Stock Exchange,222345799.2,12/03/1998,EP PR C,EP PRC,50.4
SABA.N,Saba Capital Income & Opportunities Fund II,New York Stock Exchange,221042547.18,17/03/1988,SABA,SABA,8.21
IIF.N,Morgan Stanley India Investment Fund Inc,New York Stock Exchange,219081474.4,19/11/2013,IIF,IIF,23.2
SPOK.OQ,Spok Holdings Inc,Nasdaq Stock Exchange Global Select Market,217862396.86,17/01/1992,SPOK,SPOK,10.42
MPAA.OQ,Motorcar Parts of America Inc,Nasdaq Stock Exchange Global Select Market,216974552.22,23/03/1994,MPAA,MPAA,11.46
TPVG.N,Triplepoint Venture Growth BDC Corp,New York Stock Exchange,216575726.36,06/03/2014,TPVG,TPVG,5.34
VYGR.OQ,"Voyager Therapeutics, Inc.",Nasdaq Stock Exchange Global Select Market,213198100.08,11/11/2015,VYGR,VYGR,3.46
MITT.N,TPG Mortgage Investment Trust Inc,New York Stock Exchange,211175074,30/06/2011,MITT,MITT,6.66
LCUT.OQ,Lifetime Brands Inc,Nasdaq Stock Exchange Global Select Market,209888072.68,05/06/1991,LCUT,LCUT,9.13
OSG.N,Octave Specialty Group Inc,New York Stock Exchange,207236835.6,10/07/1991,OSG,OSG,4.51
NPV.N,Nuveen Virginia Quality Municipal Income Fund,New York Stock Exchange,205995441.6,18/03/1993,NPV,NPV,10.55
SSTK.N,"Shutterstock, Inc.",New York Stock Exchange,204690169.36,11/10/2012,SSTK,SSTK,5.49
SRI.N,Stoneridge Inc,New York Stock Exchange,204223777.84,10/10/1997,SRI,SRI,7.1
VPV.N,Invesco Pennsylvania Value Municipal Income Trust,New York Stock Exchange,203113426.08,10/06/1993,VPV,VPV,11.35
IDE.N,Voya Infrastructure Industrials and Materials Fund,New York Stock Exchange,201427492.8,27/01/2010,IDE,IDE,13.29
BANX.OQ,ArrowMark Financial Corp.,Nasdaq Stock Exchange Global Select Market,199138834.96,07/11/2013,BANX,BANX,20.56
CIA.N,Citizens Inc,New York Stock Exchange,199027414.44,04/12/1980,CIA,CIA,3.93
ETX.N,Eaton Vance Municipal Income 2028 Term Trust,New York Stock Exchange,197763543.45,26/03/2013,ETX,ETX,18.15
DLNG.N,Dynagas LNG Partners LP,New York Stock Exchange,196473101.58,13/11/2013,DLNG,DLNG,3.78
FT.N,Franklin Universal Trust,New York Stock Exchange,194772178.5,23/09/1988,FT,FT,7.75
DMB.N,BNY Mellon Municipal Bond Infrastructure Fund Inc,New York Stock Exchange,194367064.32,26/04/2013,DMB,DMB,10.56
DHX.N,DHI Group Inc,New York Stock Exchange,193237645.5,18/07/2007,DHX,DHX,4.45
ACR.N,ACRES Commercial Realty Corp.,New York Stock Exchange,192101542.92,07/02/2006,ACR,ACR,14.28
JRVR.OQ,James River Group Holdings Inc,Nasdaq Stock Exchange Global Select Market,191429584.2,12/12/2014,JRVR,JRVR,4.14
RRGB.OQ,Red Robin Gourmet Burgers Inc,Nasdaq Stock Exchange Global Select Market,190738857.68,19/07/2002,RRGB,RRGB,10.09
UIS.N,Unisys Corporation,New York Stock Exchange,190310642.55,22/05/1981,UIS,UIS,2.72
AMPY.N,Amplify Energy Corp.,New York Stock Exchange,189870541,12/07/2012,AMPY,AMPY,4.58
WHG.N,Westwood Holdings Group Inc,New York Stock Exchange,189336135.68,13/06/2002,WHG,WHG,19.83
CRNT.OQ,Ceragon Networks Ltd,Nasdaq Stock Exchange Global Select Market,188950659.84,04/08/2000,CRNT,CRNT,2.07
GF.N,New Germany Fund Inc,New York Stock Exchange,186821537.87,25/01/1990,GF,GF,11.51
WIA.N,Western Asset Inflation-Linked Income Fund,New York Stock Exchange,185878380.32,26/09/2003,WIA,WIA,7.96
AP.N,Ampco-Pittsburgh Corp,New York Stock Exchange,184481485.53,17/03/1980,AP,AP,8.93
LEE.OQ,Lee Enterprises Inc,Nasdaq Stock Exchange Global Select Market,184355203.88,17/03/1980,LEE,LEE,8.27
CDXS.OQ,"Codexis, Inc.",Nasdaq Stock Exchange Global Select Market,180684512.25,22/04/2010,CDXS,CDXS,1.65
TRAK.N,ReposiTrak Inc,New York Stock Exchange,179634705.7,18/11/1998,TRAK,TRAK,7.95
LFCR.OQ,"Lifecore Biomedical, Inc.",Nasdaq Stock Exchange Global Select Market,176016729,15/02/1996,LFCR,LFCR,4.65
FLC.N,Flaherty & Crumrine Total Return Fund Inc,New York Stock Exchange,174001501.44,27/08/2003,FLC,FLC,16.64
EHI.N,Western Asset Global High Income Fund Inc,New York Stock Exchange,173617521.66,29/07/2003,EHI,EHI,5.73
GGT.N,Gabelli Multimedia Trust Inc,New York Stock Exchange,172673784.29,11/10/1994,GGT,GGT,4.13
DHF.N,BNY Mellon High Yield Strategies Fund,New York Stock Exchange,171658220.24,24/04/1998,DHF,DHF,2.36
EARN.N,Ellington Credit Co,New York Stock Exchange,169861759.9,05/01/2013,EARN,EARN,4.45
BSL.N,Blackstone Senior Floating Rate 2027 Term Fund,New York Stock Exchange,169519592.76,26/05/2010,BSL,BSL,13.02
MPV.N,Barings Participation Investors,New York Stock Exchange,169355254.2,21/10/1988,MPV,MPV,16.17
SEAL_pb.N,Seapeak LLC,New York Stock Exchange,169058427.45,05/05/2005,SEAL PR B,SEAL PRB,25.79
VBF.N,Invesco Bond Fund,New York Stock Exchange,168291560.97,17/03/1980,VBF,VBF,14.72
EDF.N,Virtus Stone Harbor Emerging Markets Income Fund,New York Stock Exchange,166018784.28,23/12/2010,EDF,EDF,5.16
BSET.OQ,Bassett Furniture Industries Inc,Nasdaq Stock Exchange Global Select Market,164507111,16/09/1954,BSET,BSET,19
BZUN.OQ,Baozun Inc,Nasdaq Stock Exchange Global Select Market,163957586.16,21/05/2015,BZUN,BZUN,2.82
PNI.N,PIMCO New York Municipal Income Fund II,New York Stock Exchange,163134550,26/06/2002,PNI,PNI,6.82
IGA.N,Voya Global Advantage and Premium Opportunity Fund,New York Stock Exchange,162158513.44,27/10/2005,IGA,IGA,10.57
SITC.N,SITE Centers Corp.,New York Stock Exchange,159000277.17,02/02/1993,SITC,SITC,2.98
VTN.N,Invesco Trust for Investment Grade New York Municipals,New York Stock Exchange,158007602.15,13/05/1992,VTN,VTN,10.75
NAZ.N,Nuveen Arizona Quality Municipal Income Fund,New York Stock Exchange,157924115.99,19/11/1992,NAZ,NAZ,12.33
GNT.N,Gamco Natural Resources Gold & Income Trust,New York Stock Exchange,154721645.26,27/01/2011,GNT,GNT,9.26
NNY.N,Nuveen New York Municipal Value Fund,New York Stock Exchange,154110176.16,21/04/1988,NNY,NNY,8.17
MHF.N,Western Asset Municipal High Income Fund Inc,New York Stock Exchange,152788796.88,18/11/1988,MHF,MHF,6.83
PIM.N,Franklin Master Intermediate Income Trust,New York Stock Exchange,152262517.56,29/04/1988,PIM,PIM,3.17
GHI.N,Greystone Housing Impact Investors LP,New York Stock Exchange,151506939.3,25/04/1986,GHI,GHI,6.43
WHF.OQ,WhiteHorse Finance Inc,Nasdaq Stock Exchange Global Select Market,151194355.84,05/12/2012,WHF,WHF,7.04
GRX.N,Gabelli Healthcare & WellnessRx Trust,New York Stock Exchange,149194200.3,19/06/2007,GRX,GRX,10.1
ELME.N,Elme Communities,New York Stock Exchange,148392664.61,17/03/1980,ELME,ELME,1.67
HURC.OQ,Hurco Companies Inc,Nasdaq Stock Exchange Global Select Market,148372537.02,27/08/1980,HURC,HURC,22.91
OAK_pa.N,Brookfield Oaktree Holdings LLC,New York Stock Exchange,148320000,10/04/2012,OAK PR A,OAK PRA,20.52
HOFT.OQ,Hooker Furnishings Corp,Nasdaq Stock Exchange Global Select Market,147590271,12/04/2001,HOFT,HOFT,13.74
INGN.OQ,"Inogen, Inc.",Nasdaq Stock Exchange Global Select Market,147553153.72,14/02/2014,INGN,INGN,5.56
MSD.N,Morgan Stanley Emerging Markets Debt Fund Inc,New York Stock Exchange,146879114.58,16/07/1993,MSD,MSD,7.28
CABO.N,Cable One Inc,New York Stock Exchange,146557482.75,11/06/2015,CABO,CABO,25.83
OXSQ.OQ,Oxford Square Capital Corp.,Nasdaq Stock Exchange Global Select Market,145405496.25,05/03/2014,OXSQ,OXSQ,1.35
PFD.N,Flaherty & Crumrine Preferred and Income Fund Inc,New York Stock Exchange,144976831.68,25/01/1991,PFD,PFD,11.28
RGP.OQ,"Resources Connection, Inc.",Nasdaq Stock Exchange Global Select Market,144663229.2,15/12/2000,RGP,RGP,4.2
AIFU.OQ,AIFU Inc.,Nasdaq Stock Exchange Global Select Market,143955706.86,31/10/2007,AIFU,AIFU,23.31
EVG.N,Eaton Vance Short Duration Diversified Income Fund,New York Stock Exchange,143719756.08,24/02/2005,EVG,EVG,10.68
SPE.N,Special Opportunities Fund Inc,New York Stock Exchange,142987652.84,28/05/1993,SPE,SPE,13.52
MPA.N,BlackRock MuniYield Pennsylvania Quality Fund,New York Stock Exchange,142963915.2,04/11/1992,MPA,MPA,11.05
CLAR.OQ,Clarus Corp,Nasdaq Stock Exchange Global Select Market,142814818.15,27/05/1998,CLAR,CLAR,3.73
DLTH.OQ,Duluth Holdings Inc,Nasdaq Stock Exchange Global Select Market,141747724.83,20/11/2015,DLTH,DLTH,3.73
HEQ.N,John Hancock Diversified Income Fund,New York Stock Exchange,141592173.38,26/05/2011,HEQ,HEQ,11.87
BHR.N,Braemar Hotels & Resorts Inc,New York Stock Exchange,140792601.9,06/11/2013,BHR,BHR,2.05
UFI.N,Unifi Inc,New York Stock Exchange,140147895.16,17/03/1980,UFI,UFI,7.55
KVHI.OQ,KVH Industries Inc,Nasdaq Stock Exchange Global Select Market,136782853.48,02/04/1996,KVHI,KVHI,7.54
MED.N,Medifast Inc,New York Stock Exchange,136628190.66,30/12/1993,MED,MED,12.16
BGX.N,Blackstone Long-Short Credit Income Fund,New York Stock Exchange,136613956.25,27/01/2011,BGX,BGX,10.75
BOOM.OQ,DMC Global Inc,Nasdaq Stock Exchange Global Select Market,136186491.87,05/01/1989,BOOM,BOOM,6.63
IHD.N,Voya Emerging Markets High Dividend Equity Fund,New York Stock Exchange,135147260.82,27/04/2011,IHD,IHD,7.62
CPIX.OQ,Cumberland Pharmaceuticals Inc,Nasdaq Stock Exchange Global Select Market,134398469.79,11/08/2009,CPIX,CPIX,8.97
HYI.N,Western Asset High Yield Opportunity Fund Inc,New York Stock Exchange,133137491.17,27/10/2010,HYI,HYI,10.39
DMRC.OQ,Digimarc Corporation,Nasdaq Stock Exchange Global Select Market,133053947.68,17/10/2008,DMRC,DMRC,5.92
SJT.N,San Juan Basin Royalty Trust,New York Stock Exchange,132368980.64,24/10/1980,SJT,SJT,2.72
CEE.N,Central and Eastern Europe Fund Inc,New York Stock Exchange,131447111.04,28/02/1990,CEE,CEE,20.16
GLOP_pa.N,GasLog Partners LP,New York Stock Exchange,130048465.8,07/05/2014,GLOP PR A,GLOP PRA,25.58
BWG.N,Brandywineglobal Global Income Opportunities Fund Inc,New York Stock Exchange,129297137.2,28/03/2012,BWG,BWG,7.7
CGO.OQ,Calamos Global Total Return Fund,Nasdaq Stock Exchange Global Select Market,129140470.45,28/10/2005,CGO,CGO,13.14
NMT.N,Nuveen Massachusetts Quality Municipal Income Fund,New York Stock Exchange,128673807.15,18/03/1993,NMT,NMT,12.59
APYX.OQ,Apyx Medical Inc,Nasdaq Stock Exchange Global Select Market,128478270.15,22/07/1983,APYX,APYX,3.05
JHS.N,John Hancock Income Securities Trust,New York Stock Exchange,127180708.2,15/02/1973,JHS,JHS,10.91
GGZ.N,Gabelli Global Small and Mid Cap Value Trust,New York Stock Exchange,126676986.42,12/06/2014,GGZ,GGZ,16.58
NMI.N,Nuveen Municipal Income Fund Inc,New York Stock Exchange,125734686.6,05/05/1988,NMI,NMI,10.4
CVGI.OQ,Commercial Vehicle Group Inc,Nasdaq Stock Exchange Global Select Market,124336006.92,05/08/2004,CVGI,CVGI,3.06
WEA.N,Western Asset Premier Bond Fund,New York Stock Exchange,123758208,26/03/2002,WEA,WEA,10.43
AXR.N,AMREP Corp,New York Stock Exchange,122737769.45,17/03/1980,AXR,AXR,23.05
TPZ.N,Tortoise Power and Energy Infrastructure Fund Inc,New York Stock Exchange,120905999.47,29/07/2009,TPZ,TPZ,21.48
BPYPP.OQ,Brookfield Property Partners LP,Nasdaq Stock Exchange Global Select Market,120409600,15/04/2013,BPYPP,BPYPP,16.35
TLYS.N,Tillys Inc,New York Stock Exchange,119819490.6,04/05/2012,TLYS,TLYS,3.84
MX.N,Magnachip Semiconductor Corp,New York Stock Exchange,119022961.86,10/03/2011,MX,MX,3.24
SRG.N,Seritage Growth Properties,New York Stock Exchange,118844920.77,06/06/2015,SRG,SRG,2.08
MCN.N,XAI Madison Equity Premium Income Fund,New York Stock Exchange,118613105.5,28/07/2004,MCN,MCN,5.65
PFO.N,Flaherty & Crumrine Preferred and Income Opportunity Fund Inc,New York Stock Exchange,118349800.3,06/02/1992,PFO,PFO,9.05
DMO.N,Western Asset Mortgage Opportunity Fund Inc,New York Stock Exchange,117528011.48,24/02/2010,DMO,DMO,10.29
JHI.N,John Hancock Investors Trust,New York Stock Exchange,116040138.69,17/03/1980,JHI,JHI,13.23
NIM.N,Nuveen Select Maturities Municipal Fund,New York Stock Exchange,116002284.04,21/09/1992,NIM,NIM,9.27
PROV.OQ,Provident Financial Holdings Inc,Nasdaq Stock Exchange Global Select Market,114882401.9,28/06/1996,PROV,PROV,18.34
CSTE.OQ,Caesarstone Ltd,Nasdaq Stock Exchange Global Select Market,113412806,21/03/2012,CSTE,CSTE,3.28
PAI.N,Western Asset Investment Grade Income Fund Inc,New York Stock Exchange,113085338.18,16/03/1973,PAI,PAI,11.9
GPRO.OQ,GoPro Inc,Nasdaq Stock Exchange Global Select Market,110130681.73,26/06/2014,GPRO,GPRO,0.6
CHMI.N,Cherry Hill Mortgage Investment Corporation,New York Stock Exchange,108255864.42,04/10/2013,CHMI,CHMI,2.93
SBI.N,Western Asset Intermediate Muni Fund Inc,New York Stock Exchange,107307240.3,03/03/1992,SBI,SBI,7.62
TSQ.N,Townsquare Media Inc,New York Stock Exchange,106655088.15,24/07/2014,TSQ,TSQ,5.81
TISI.N,Team Inc,New York Stock Exchange,105459639.09,03/01/2012,TISI,TISI,23.94
VATE.N,Innovate Corp,New York Stock Exchange,104496693.56,23/06/2011,VATE,VATE,7.74
DWSN.OQ,Dawson Geophysical Co,Nasdaq Stock Exchange Global Select Market,103104651.76,27/10/1993,DWSN,DWSN,3.32
RVSB.OQ,Riverview Bancorp Inc,Nasdaq Stock Exchange Global Select Market,103058205.69,01/10/1997,RVSB,RVSB,5.17
RPT.N,Rithm Property Trust Inc,New York Stock Exchange,101820588.4,13/02/2015,RPT,RPT,13.09
RGT.N,Royce Global Trust Inc,New York Stock Exchange,101658592.97,08/10/2013,RGT,RGT,15.53
PCF.N,High Income Securities Fund,New York Stock Exchange,101536741.25,09/07/1987,PCF,PCF,5.42
PGP.N,PIMCO Global StocksPLUS & Income Fund,New York Stock Exchange,101044578.32,26/05/2005,PGP,PGP,8.74
IGI.N,Western Asset Investment Grade Opportunity Trust Inc,New York Stock Exchange,95838463.5,26/06/2009,IGI,IGI,15.99
IAE.N,Voya Asia Pacific High Dividend Equity Income Fund,New York Stock Exchange,95784409.82,28/03/2007,IAE,IAE,8.91
VRA.OQ,Vera Bradley Inc,Nasdaq Stock Exchange Global Select Market,95268144.2,21/10/2010,VRA,VRA,3.35
BCIC.OQ,BCP Investment Corp,Nasdaq Stock Exchange Global Select Market,94982610.84,12/12/2006,BCIC,BCIC,7.67
ATRA.OQ,"Atara Biotherapeutics, Inc.",Nasdaq Stock Exchange Global Select Market,94153719.8,16/10/2014,ATRA,ATRA,9.38
ACH.N,"Accendra Health, Inc.",New York Stock Exchange,93823738.88,17/03/1980,ACH,ACH,1.22
CMCM.N,Cheetah Mobile Inc,New York Stock Exchange,92992775.55,08/05/2014,CMCM,CMCM,3.03
MGF.N,Aberdeen Government Markets Income Fund,New York Stock Exchange,92556148.12,20/05/1987,MGF,MGF,2.9
JLS.N,Nuveen Mortgage and Income Fund,New York Stock Exchange,92554979.4,25/11/2009,JLS,JLS,16.87
GCV.N,Gabelli Convertible and Income Securities Fund Inc,New York Stock Exchange,92275485.88,31/03/1995,GCV,GCV,4.58
YRD.N,Yiren Digital Ltd,New York Stock Exchange,91862884.05,18/12/2015,YRD,YRD,1.08
GDL.N,GDL Fund,New York Stock Exchange,91816527.19,26/01/2007,GDL,GDL,8.4
EVF.N,Eaton Vance Senior Income Trust,New York Stock Exchange,90124633.44,28/10/1998,EVF,EVF,4.96
SRL.N,Scully Royalty Ltd,New York Stock Exchange,89378680.37,08/05/1996,SRL,SRL,5.84
CHGG.N,Chegg Inc,New York Stock Exchange,87711710.78,13/11/2013,CHGG,CHGG,0.79
MMLP.OQ,Martin Midstream Partners LP,Nasdaq Stock Exchange Global Select Market,86856802.92,01/11/2002,MMLP,MMLP,2.29
NDLS.OQ,Noodles & Co,Nasdaq Stock Exchange Global Select Market,86695569.8,28/06/2013,NDLS,NDLS,14.53
FMN.N,Federated Hermes Premier Municipal Income Fund,New York Stock Exchange,86318459.04,20/12/2002,FMN,FMN,11.04
VGI.N,Virtus Global Multi-Sector Income Fund,New York Stock Exchange,82698717.14,24/02/2012,VGI,VGI,7.32
DTF.N,DTF Tax-Free Income 2028 Term Fund Inc,New York Stock Exchange,81332090.19,22/11/1991,DTF,DTF,11.57
MCHX.OQ,Marchex Inc,Nasdaq Stock Exchange Global Select Market,80916649.25,31/03/2004,MCHX,MCHX,1.83
SCOR.OQ,Comscore Inc,Nasdaq Stock Exchange Global Select Market,79565868.24,27/06/2007,SCOR,SCOR,5.24
NRT.N,North European Oil Royalty Trust,New York Stock Exchange,77660485.5,30/03/1990,NRT,NRT,8.61
SWZ.N,Swiss Helvetia Fund Inc,New York Stock Exchange,77453950.17,19/08/1987,SWZ,SWZ,6
EEA.N,European Equity Fund Inc,New York Stock Exchange,76667084.6,18/07/1986,EEA,EEA,11.24
GDO.N,Western Asset Global Corporate Opportunity Fund Inc,New York Stock Exchange,76397104,24/11/2009,GDO,GDO,10.16
INSG.OQ,Inseego Corp.,Nasdaq Stock Exchange Global Select Market,74221075.84,16/11/2000,INSG,INSG,4.52
NMS.N,Nuveen Minnesota Quality Municipal Income Fund,New York Stock Exchange,70506271,06/10/2014,NMS,NMS,10.97
XBIT.OQ,XBiotech Inc,Nasdaq Stock Exchange Global Select Market,70426658.61,15/04/2015,XBIT,XBIT,2.31
HAIN.OQ,Hain Celestial Group Inc,Nasdaq Stock Exchange Global Select Market,69919373.28,16/11/1993,HAIN,HAIN,0.77
TZOO.OQ,Travelzoo,Nasdaq Stock Exchange Global Select Market,69171844.86,28/08/2002,TZOO,TZOO,6.78
TTEC.OQ,TTEC Holdings Inc (Texas),Nasdaq Stock Exchange Global Select Market,68028397.2,01/08/1996,TTEC,TTEC,1.38
GEG.OQ,Great Elm Group Inc,Nasdaq Stock Exchange Global Select Market,67417567.2,11/06/1999,GEG,GEG,2.15
GEOS.OQ,Geospace Technologies Corp,Nasdaq Stock Exchange Global Select Market,67135779.57,21/11/1997,GEOS,GEOS,5.19
PCM.N,PCM Fund Inc,New York Stock Exchange,66806769.96,27/08/1993,PCM,PCM,5.4
PGZ.N,Principal Real Estate Income Fund,New York Stock Exchange,66740266.73,24/06/2013,PGZ,PGZ,9.95
KNDI.OQ,Kandi Technologies Group Inc,Nasdaq Stock Exchange Global Select Market,66073310.17,07/06/2007,KNDI,KNDI,0.66
AVD.N,American Vanguard Corporation,New York Stock Exchange,65196396.72,03/03/1987,AVD,AVD,2.21
ASPS.OQ,Altisource Portfolio Solutions S.A.,Nasdaq Stock Exchange Global Select Market,64980972.14,31/07/2009,ASPS,ASPS,5.77
VLT.N,Invesco High Income Trust II,New York Stock Exchange,64526418.13,21/04/1989,VLT,VLT,9.9
CRT.N,Cross Timbers Royalty Trust,New York Stock Exchange,62940000,28/02/1992,CRT,CRT,10.49
LITB.N,LightInTheBox Holding Co Ltd,New York Stock Exchange,60994591.54,06/06/2013,LITB,LITB,3.24
PVL.N,Permianville Royalty Trust,New York Stock Exchange,59565000,03/11/2011,PVL,PVL,1.82
PLCE.OQ,Children's Place Inc,Nasdaq Stock Exchange Global Select Market,59372968.89,19/09/1997,PLCE,PLCE,2.67
MXE.N,Mexico Equity and Income Fund Inc,New York Stock Exchange,59314377.3,21/08/1990,MXE,MXE,13.42
BGSF.N,BGSF Inc,New York Stock Exchange,58066456.64,20/03/2014,BGSF,BGSF,5.44
UEIC.OQ,Universal Electronics Inc,Nasdaq Stock Exchange Global Select Market,57853928.38,12/02/1993,UEIC,UEIC,4.49
CATO.N,Cato Corp,New York Stock Exchange,55286036.66,22/04/1987,CATO,CATO,2.77
VOC.N,VOC Energy Trust,New York Stock Exchange,55080000,05/05/2011,VOC,VOC,3.27
JMM.N,Nuveen Multi-Market Income Fund,New York Stock Exchange,54928941.75,28/12/1988,JMM,JMM,5.8
CLPR.N,Clipper Realty Inc.,New York Stock Exchange,54289421.76,04/11/2015,CLPR,CLPR,3.36
CMTL.OQ,Comtech Telecommunications Corp,Nasdaq Stock Exchange Global Select Market,52732118.56,20/03/1972,CMTL,CMTL,1.76
FMY.N,First Trust Mortgage Income Fund,New York Stock Exchange,49167052.05,26/05/2005,FMY,FMY,11.67
OFS.OQ,OFS Capital Corp,Nasdaq Stock Exchange Global Select Market,49036965.48,08/11/2012,OFS,OFS,3.66
MCRB.OQ,"Seres Therapeutics, Inc.",Nasdaq Stock Exchange Global Select Market,47320402.36,26/06/2015,MCRB,MCRB,4.76
SPWH.OQ,Sportsman's Warehouse Holdings Inc,Nasdaq Stock Exchange Global Select Market,45262962.2,17/04/2014,SPWH,SPWH,1.16
KPTI.OQ,Karyopharm Therapeutics Inc.,Nasdaq Stock Exchange Global Select Market,44455661.6,06/11/2013,KPTI,KPTI,1.96
SQNS.N,Sequans Communications SA,New York Stock Exchange,44227238.8,15/04/2011,SQNS,SQNS,2.95
PETS.OQ,"PetMed Express, Inc.",Nasdaq Stock Exchange Global Select Market,38805256.06,06/04/2000,PETS,PETS,1.79
LFT.N,Lument Finance Trust Inc,New York Stock Exchange,38493327.01,22/03/2013,LFT,LFT,0.73
EHTH.OQ,eHealth Inc,Nasdaq Stock Exchange Global Select Market,38118858.26,13/10/2006,EHTH,EHTH,1.19
STRR.OQ,Star Equity Holdings Inc,Nasdaq Stock Exchange Global Select Market,38074638.96,17/03/2003,STRR,STRR,10.45
CTA_pa.N,EIDP Inc,New York Stock Exchange,36918000,21/03/1980,CTA PR A,CTA PRA,52.74
LPSN.OQ,LivePerson Inc,Nasdaq Stock Exchange Global Select Market,33434074.87,07/04/2000,LPSN,LPSN,2.71
KYNB.OQ,"Kyntra Bio, Inc.",Nasdaq Stock Exchange Global Select Market,32818150.02,14/11/2014,KYNB,KYNB,8.11
VIP.OQ,Vulcan Infrastructure and Power Inc,Nasdaq Stock Exchange Global Select Market,32805225.56,19/07/2000,VIP,VIP,1.78
CMS_pb.N,Consumers Energy Co,New York Stock Exchange,28631646.04,17/03/1980,CMS PR B,CMS PRB,76.73
MERC.OQ,Mercer International Inc,Nasdaq Stock Exchange Global Select Market,27678447.63,20/07/1988,MERC,MERC,0.41
TXMD.OQ,TherapeuticsMD Inc,Nasdaq Stock Exchange Global Select Market,26389545.36,31/01/2001,TXMD,TXMD,2.28
STRRP.OQ,Star Operating Companies Inc,Nasdaq Stock Exchange Global Select Market,23462289,10/06/2004,STRRP,STRRP,9.81
UTSI.OQ,UTStarcom Holdings Corp.,Nasdaq Stock Exchange Global Select Market,21681263.36,03/03/2000,UTSI,UTSI,2.25
AHT.N,Ashford Hospitality Trust Inc,New York Stock Exchange,21609178.76,26/08/2003,AHT,AHT,3.34
CCM.N,Concord Medical Services Holdings Ltd,New York Stock Exchange,21534946.08,11/12/2009,CCM,CCM,4.96
PRPL.OQ,Purple Innovation Inc,Nasdaq Stock Exchange Global Select Market,20577463.04,30/07/2015,PRPL,PRPL,4.72
BHV.N,BlackRock Virginia Municipal Bond Trust,New York Stock Exchange,19948306.96,26/04/2002,BHV,BHV,12.56
CRMT.OQ,America's CAR-MART Inc,Nasdaq Stock Exchange Global Select Market,19146319.53,13/03/1987,CRMT,CRMT,2.21
FENG.N,Phoenix New Media Ltd,New York Stock Exchange,17775948.48,12/05/2011,FENG,FENG,1.48
EQS.N,EQUUS Total Return Inc,New York Stock Exchange,14385696.88,11/09/1992,EQS,EQS,1.03
CDR_pb.N,Cedar Realty Trust Inc,New York Stock Exchange,14099884.38,17/12/1986,CDR PR B,CDR PRB,16.74
ICMB.OQ,Investcorp Credit Management BDC Inc,Nasdaq Stock Exchange Global Select Market,12049670.87,06/02/2014,ICMB,ICMB,0.83
NTZ.N,Natuzzi SpA,New York Stock Exchange,11014609,13/05/1993,NTZ,NTZ,1
TRIB.OQ,Trinity Biotech PLC,Nasdaq Stock Exchange Global Select Market,7797935.88,21/10/1992,TRIB,TRIB,9.59
MTR.N,Mesa Royalty Trust,New York Stock Exchange,4826698.1,17/03/1980,MTR,MTR,2.3
ELC.N,Entergy Louisiana LLC,New York Stock Exchange,,06/07/2012,ELC,ELC,19.8
LEG.N,"Leggett & Platt, Incorporated",New York Stock Exchange,,25/06/1979,LEG,LEG,
FLG_pu.N,New York Community Capital Trust V,New York Stock Exchange,,18/03/2003,FLG PR U,FLG PRU,41.16
SVA.OQ,Sinovac Biotech Ltd,Nasdaq Stock Exchange Global Select Market,,13/11/2009,SVA,SVA,
