Symbol,Name,Exchange,ACT.Symbol,CQS.Symbol,NASDAQ.Symbol
A,"Agilent Technologies, Inc. Common Stock",NYSE,A,A,A
AA,Alcoa Corporation Common Stock ,NYSE,AA,AA,AA
AAC-UN,"Ares Acquisition Corporation III Units, each consisting of one Class A ordinary share and one-tenth of one redeemable warrant",NYSE,AAC.U,AAC.U,AAC=
AACB,Artius II Acquisition Inc. - Class A Ordinary Shares,NASDAQ,NA,NA,AACB
AACBR,Artius II Acquisition Inc. - Rights,NASDAQ,NA,NA,AACBR
AACBU,Artius II Acquisition Inc. - Units,NASDAQ,NA,NA,AACBU
AACG,"ATA Creativity Global - American Depositary Shares, each representing two common shares",NASDAQ,NA,NA,AACG
AACI,Armada Acquisition Corp. III - Class A Ordinary Share,NASDAQ,NA,NA,AACI
AACIU,Armada Acquisition Corp. III - Units,NASDAQ,NA,NA,AACIU
AACIW,Armada Acquisition Corp. III - Warrant,NASDAQ,NA,NA,AACIW
AACO,Abony Acquisition Corp. I - Class A Ordinary Share,NASDAQ,NA,NA,AACO
AACOU,Abony Acquisition Corp. I - Units,NASDAQ,NA,NA,AACOU
AACOW,Abony Acquisition Corp. I - Warrants,NASDAQ,NA,NA,AACOW
AACP,Apogee Acquisition Corp - Class A Ordinary Shares,NASDAQ,NA,NA,AACP
AACPR,Apogee Acquisition Corp - Rights,NASDAQ,NA,NA,AACPR
AACPU,Apogee Acquisition Corp - Units,NASDAQ,NA,NA,AACPU
AACPW,Apogee Acquisition Corp - Warrant,NASDAQ,NA,NA,AACPW
AADX,"Applied Aerospace & Defense, Inc. Common Stock",NYSE,AADX,AADX,AADX
AAL,"American Airlines Group, Inc. - Common Stock",NASDAQ,NA,NA,AAL
AAME,Atlantic American Corporation - Common Stock,NASDAQ,NA,NA,AAME
AAMI,Acadian Asset Management Inc. Common Stock,NYSE,AAMI,AAMI,AAMI
AAOI,"Applied Optoelectronics, Inc. - Common Stock",NASDAQ,NA,NA,AAOI
AAON,"AAON, Inc. - Common Stock",NASDAQ,NA,NA,AAON
AAP,Advance Auto Parts Inc.,NYSE,AAP,AAP,AAP
AAPG,Ascentage Pharma Group International - American Depository Shares,NASDAQ,NA,NA,AAPG
AAPL,Apple Inc. - Common Stock,NASDAQ,NA,NA,AAPL
AARD,"Aardvark Therapeutics, Inc. - Common Stock",NASDAQ,NA,NA,AARD
AAT,"American Assets Trust, Inc. Common Stock",NYSE,AAT,AAT,AAT
AAUC,Allied Gold Corporation Common Shares,NYSE,AAUC,AAUC,AAUC
AB,AllianceBernstein Holding L.P.  Units,NYSE,AB,AB,AB
ABAT,American Battery Technology Company - Common Stock,NASDAQ,NA,NA,ABAT
ABBV,AbbVie Inc. Common Stock,NYSE,ABBV,ABBV,ABBV
ABCB,Ameris Bancorp Common Stock,NYSE,ABCB,ABCB,ABCB
ABCL,AbCellera Biologics Inc. - Common Shares,NASDAQ,NA,NA,ABCL
ABEO,Abeona Therapeutics Inc. - Common Stock,NASDAQ,NA,NA,ABEO
ABEV,Ambev S.A. American Depositary Shares (Each representing 1 Common Share),NYSE,ABEV,ABEV,ABEV
ABG,Asbury Automotive Group Inc Common Stock,NYSE,ABG,ABG,ABG
ABLV,Able View Global Inc. - Class B Ordinary Shares,NASDAQ,NA,NA,ABLV
ABLVW,Able View Global Inc. - Warrant,NASDAQ,NA,NA,ABLVW
ABM,ABM Industries Incorporated Common Stock,NYSE,ABM,ABM,ABM
ABNB,"Airbnb, Inc. - Class A Common Stock",NASDAQ,NA,NA,ABNB
ABOS,"Acumen Pharmaceuticals, Inc. - Common Stock",NASDAQ,NA,NA,ABOS
ABR,Arbor Realty Trust Common Stock,NYSE,ABR,ABR,ABR
ABR-PD,"Arbor Realty Trust 6.375% Series D Cumulative Redeemable Preferred Stock, Liquidation Preference $25.00 per Share",NYSE,ABR$D,ABRpD,ABR-D
ABR-PE,Arbor Realty Trust 6.25% Series E Cumulative Redeemable Preferred Stock,NYSE,ABR$E,ABRpE,ABR-E
ABR-PF,"Arbor Realty Trust 6.25% Series F Fixed-to-Floating Rate Cumulative Redeemable Preferred Stock, Liquidation Preference $25.00 per share",NYSE,ABR$F,ABRpF,ABR-F
ABSI,Absci Corporation - Common Stock,NASDAQ,NA,NA,ABSI
ABT,Abbott Laboratories Common Stock,NYSE,ABT,ABT,ABT
ABTC,American Bitcoin Corp. - Class A Common Stock,NASDAQ,NA,NA,ABTC
ABTS,Abits Group Inc - Ordinary Shares,NASDAQ,NA,NA,ABTS
ABUS,Arbutus Biopharma Corporation - Common Stock,NASDAQ,NA,NA,ABUS
ABVC,"ABVC BioPharma, Inc. - Common Stock",NASDAQ,NA,NA,ABVC
ABVX,Abivax SA - American Depositary Shares,NASDAQ,NA,NA,ABVX
ABX,"Abacus Global Management, Inc. Class A Common Stock",NYSE,ABX,ABX,ABX
ABXL,"Abacus Global Management, Inc. 9.875% Fixed Rate Senior Notes due 2028",NYSE,ABXL,ABXL,ABXL
ACA,"Arcosa, Inc. Common Stock ",NYSE,ACA,ACA,ACA
ACAA,Averin Capital Acquisition Corp. - Class A Ordinary Shares,NASDAQ,NA,NA,ACAA
ACAAU,Averin Capital Acquisition Corp. - Units,NASDAQ,NA,NA,ACAAU
ACAAW,Averin Capital Acquisition Corp. - Warrants,NASDAQ,NA,NA,ACAAW
ACAD,ACADIA Pharmaceuticals Inc. - Common Stock,NASDAQ,NA,NA,ACAD
ACB,Aurora Cannabis Inc. - Common Shares,NASDAQ,NA,NA,ACB
ACCL,Acco Group Holdings Limited - Class A Ordinary Shares,NASDAQ,NA,NA,ACCL
ACCO,Acco Brands Corporation Common Stock,NYSE,ACCO,ACCO,ACCO
ACCS,ACCESS Newswire Inc. Common Stock,AMEX,ACCS,ACCS,ACCS
ACDC,ProFrac Holding Corp. - Class A Common Stock,NASDAQ,NA,NA,ACDC
ACEL,"Accel Entertainment, Inc. ",NYSE,ACEL,ACEL,ACEL
ACET,"Adicet Bio, Inc. - Common Stock",NASDAQ,NA,NA,ACET
ACFN,"Acorn Energy, Inc. - Common Stock",NASDAQ,NA,NA,ACFN
ACGC,ACP Holdings Acquisition Corp. - Class A Ordinary Shares,NASDAQ,NA,NA,ACGC
ACGCU,ACP Holdings Acquisition Corp. - Units,NASDAQ,NA,NA,ACGCU
ACGCW,ACP Holdings Acquisition Corp. - Warrants,NASDAQ,NA,NA,ACGCW
ACGL,Arch Capital Group Ltd. - Common Stock,NASDAQ,NA,NA,ACGL
ACGLN,"Arch Capital Group Ltd. - Depositary Shares, each Representing a 1/1,000th Interest in a 4.550% Non-Cumulative Preferred Share, Series G",NASDAQ,NA,NA,ACGLN
ACGLO,"Arch Capital Group Ltd. - Depositary Shares Each Representing 1/1,000th Interest in a Share of5.45% Non-Cumulative Preferred Shares, Series F",NASDAQ,NA,NA,ACGLO
ACH,"Accendra Health, Inc. Common Stock",NYSE,ACH,ACH,ACH
ACHC,"Acadia Healthcare Company, Inc. - Common Stock",NASDAQ,NA,NA,ACHC
ACHR,Archer Aviation Inc. Class A Common Stock,NYSE,ACHR,ACHR,ACHR
ACHR-WT,"Archer Aviation Inc. Redeemable Warrants, each whole warrant exercisable for one Class A common stock at an exercise price of $11.50",NYSE,ACHR.W,ACHR.WS,ACHR+
ACHV,"Achieve Life Sciences, Inc.  - Common Shares",NASDAQ,NA,NA,ACHV
ACI,"Albertsons Companies, Inc. Class A Common Stock",NYSE,ACI,ACI,ACI
ACIC,American Coastal Insurance Corporation - Common Stock,NASDAQ,NA,NA,ACIC
ACIU,AC Immune SA - Common Stock,NASDAQ,NA,NA,ACIU
ACIW,"ACI Worldwide, Inc. - Common Stock",NASDAQ,NA,NA,ACIW
ACLS,"Axcelis Technologies, Inc. - Common Stock",NASDAQ,NA,NA,ACLS
ACM,AECOM Common Stock,NYSE,ACM,ACM,ACM
ACMR,"ACM Research, Inc. - Class A Common Stock",NASDAQ,NA,NA,ACMR
ACN,Accenture plc Class A Ordinary Shares (Ireland),NYSE,ACN,ACN,ACN
ACNB,ACNB Corporation - Common Stock,NASDAQ,NA,NA,ACNB
ACNT,Ascent Industries Co. - Common Stock,NASDAQ,NA,NA,ACNT
ACOG,Alpha Cognition Inc. - Common Stock,NASDAQ,NA,NA,ACOG
ACON,"Aclarion, Inc. - Common Stock",NASDAQ,NA,NA,ACON
ACONW,"Aclarion, Inc. - Warrant",NASDAQ,NA,NA,ACONW
ACP,abrdn Income Credit Strategies Fund Common Shares,NYSE,ACP,ACP,ACP
ACP-PA,abrdn Income Credit Strategies Fund 5.250% Series A Perpetual Preferred Stock,NYSE,ACP$A,ACPpA,ACP-A
ACR,ACRES Commercial Realty Corp. Common Stock,NYSE,ACR,ACR,ACR
ACR-PC,ACRES Commercial Realty Corp. 8.625% Fixed-to-Floating Series C Cumulative Redeemable Preferred Stock ,NYSE,ACR$C,ACRpC,ACR-C
ACR-PD,ACRES Commercial Realty Corp. 7.875% Series D Cumulative Redeemable Preferred Stock,NYSE,ACR$D,ACRpD,ACR-D
ACRE,Ares Commercial Real Estate Corporation Common Stock,NYSE,ACRE,ACRE,ACRE
ACRS,"Aclaris Therapeutics, Inc. - Common Stock",NASDAQ,NA,NA,ACRS
ACRV,"Acrivon Therapeutics, Inc. - Common Stock",NASDAQ,NA,NA,ACRV
ACT,"Enact Holdings, Inc. - Common Stock",NASDAQ,NA,NA,ACT
ACTG,Acacia Research Corporation - Common Stock,NASDAQ,NA,NA,ACTG
ACTU,"Actuate Therapeutics, Inc. - Common stock",NASDAQ,NA,NA,ACTU
ACU,Acme United Corporation. Common Stock,AMEX,ACU,ACU,ACU
ACV,Virtus Diversified Income & Convertible Fund Common Shares of Beneficial Interest,NYSE,ACV,ACV,ACV
ACVA,ACV Auctions Inc. Class A Common Stock,NYSE,ACVA,ACVA,ACVA
ACXP,"Acurx Pharmaceuticals, Inc. - Common Stock",NASDAQ,NA,NA,ACXP
AD,"Array Digital Infrastructure, Inc. Common Shares",NYSE,AD,AD,AD
ADAC,American Drive Acquisition Company - Class A Ordinary Shares,NASDAQ,NA,NA,ADAC
ADACU,American Drive Acquisition Company - Units,NASDAQ,NA,NA,ADACU
ADACW,American Drive Acquisition Company - Warrant,NASDAQ,NA,NA,ADACW
ADAG,"Adagene Inc. - ADS, each representing 1.25 ordinary shares",NASDAQ,NA,NA,ADAG
ADAM,"Adamas Trust, Inc. - Common Stock",NASDAQ,NA,NA,ADAM
ADAMG,"Adamas Trust, Inc. - 9.125% Senior Notes Due 2030",NASDAQ,NA,NA,ADAMG
ADAMH,"Adamas Trust, Inc. - 9.875% Senior Notes Due 2030",NASDAQ,NA,NA,ADAMH
ADAMI,"Adamas Trust, Inc. - 9.125% Senior Notes Due 2029",NASDAQ,NA,NA,ADAMI
ADAML,"Adamas Trust, Inc. - 6.875% Series F Fixed-to-Floating Rate Cumulative Redeemable Preferred Stock, $0.01 par value per share",NASDAQ,NA,NA,ADAML
ADAMM,"Adamas Trust, Inc. - 7.875% Series E Fixed-to-Floating Rate Cumulative Redeemable Preferred Stock",NASDAQ,NA,NA,ADAMM
ADAMN,"Adamas Trust, Inc. - 8.00% Series D Fixed-to-Floating Rate Cumulative Redeemable Preferred Stock",NASDAQ,NA,NA,ADAMN
ADAMO,"Adamas Trust, Inc. - 9.250% Senior Notes Due 2031",NASDAQ,NA,NA,ADAMO
ADAMZ,"Adamas Trust, Inc. - 7.000% Series G Cumulative Redeemable Preferred Stock, $0.01 par value per share",NASDAQ,NA,NA,ADAMZ
ADBE,Adobe Inc. - Common Stock,NASDAQ,NA,NA,ADBE
ADC,Agree Realty Corporation Common Stock,NYSE,ADC,ADC,ADC
ADC-PA,"Agree Realty Corporation Depositary Shares, each representing 1/1,000th of a 4.250% Series A Cumulative Redeemable Preferred Stock",NYSE,ADC$A,ADCpA,ADC-A
ADCT,ADC Therapeutics SA Common Shares,NYSE,ADCT,ADCT,ADCT
ADEA,Adeia Inc.  - Common Stock,NASDAQ,NA,NA,ADEA
ADGM,"Adagio Medical Holdings, Inc - Common Stock",NASDAQ,NA,NA,ADGM
ADI,"Analog Devices, Inc. - Common Stock",NASDAQ,NA,NA,ADI
ADIG,ADI Global Distribution Inc. Common Stock,NYSE,ADIG,ADIG,ADIG
ADIL,"Adial Pharmaceuticals, Inc - Common Stock",NASDAQ,NA,NA,ADIL
ADM,Archer-Daniels-Midland Company Common Stock,NYSE,ADM,ADM,ADM
ADMA,ADMA Biologics Inc - Common Stock,NASDAQ,NA,NA,ADMA
ADNT,Adient plc Ordinary Shares ,NYSE,ADNT,ADNT,ADNT
ADP,"Automatic Data Processing, Inc. - Common Stock",NASDAQ,NA,NA,ADP
ADPT,Adaptive Biotechnologies Corporation - Common Stock,NASDAQ,NA,NA,ADPT
ADSE,ADS-TEC ENERGY PLC - Ordinary Shares,NASDAQ,NA,NA,ADSE
ADSEW,ADS-TEC ENERGY PLC - Warrant,NASDAQ,NA,NA,ADSEW
ADSK,"Autodesk, Inc. - Common Stock",NASDAQ,NA,NA,ADSK
ADT,ADT Inc. Common Stock,NYSE,ADT,ADT,ADT
ADTN,"ADTRAN Holdings, Inc. - Common Stock",NASDAQ,NA,NA,ADTN
ADUR,Aduro Clean Technologies Inc. - Common Stock,NASDAQ,NA,NA,ADUR
ADUS,Addus HomeCare Corporation - Common Stock,NASDAQ,NA,NA,ADUS
ADV,Advantage Solutions Inc.  - Class A Common Stock,NASDAQ,NA,NA,ADV
ADVB,Advanced Biomed Inc. - Common Stock,NASDAQ,NA,NA,ADVB
ADX,Adams Diversified Equity Fund Inc.,NYSE,ADX,ADX,ADX
ADXN,Addex Therapeutics Ltd - American Depositary Shares,NASDAQ,NA,NA,ADXN
AEAQ,Activate Energy Acquisition Corp. - Class A Ordinary Share,NASDAQ,NA,NA,AEAQ
AEAQU,Activate Energy Acquisition Corp. - Unit,NASDAQ,NA,NA,AEAQU
AEAQW,Activate Energy Acquisition Corp. - Warrant,NASDAQ,NA,NA,AEAQW
AEBI,Aebi Schmidt Holding AG - Common Stock,NASDAQ,NA,NA,AEBI
AEC,Anfield Energy Inc. - Common Shares,NASDAQ,NA,NA,AEC
AEE,Ameren Corporation Common Stock,NYSE,AEE,AEE,AEE
AEF,"abrdn Emerging Markets ex-China Fund, Inc. Common Stock",AMEX,AEF,AEF,AEF
AEFC,Aegon Funding Company LLC 5.10% Subordinated Notes due 2049,NYSE,AEFC,AEFC,AEFC
AEG,Aegon Ltd. New York Registry Shares,NYSE,AEG,AEG,AEG
AEHL,Antelope Enterprise Holdings Limited - Class A Ordinary Shares,NASDAQ,NA,NA,AEHL
AEHR,Aehr Test Systems - Common Stock,NASDAQ,NA,NA,AEHR
AEI,Alset Inc. - Common Stock,NASDAQ,NA,NA,AEI
AEIS,"Advanced Energy Industries, Inc. - Common Stock",NASDAQ,NA,NA,AEIS
AEM,Agnico Eagle Mines Limited Common Stock,NYSE,AEM,AEM,AEM
AEMD,"Aethlon Medical, Inc. - Common Stock",NASDAQ,NA,NA,AEMD
AENT,Alliance Entertainment Holding Corporation - common stock,NASDAQ,NA,NA,AENT
AENTW,Alliance Entertainment Holding Corporation - Warrants,NASDAQ,NA,NA,AENTW
AEO,"American Eagle Outfitters, Inc. Common Stock",NYSE,AEO,AEO,AEO
AEON,"AEON Biopharma, Inc. Class A Common Stock",AMEX,AEON,AEON,AEON
AEP,"American Electric Power Company, Inc. - Common Stock",NASDAQ,NA,NA,AEP
AER,AerCap Holdings N.V. Ordinary Shares,NYSE,AER,AER,AER
AERO,"Grupo Aeromexico, S.A.B. de C.V. American Depositary Shares (each representing ten (10) Common Shares)",NYSE,AERO,AERO,AERO
AERT,"Aeries Technology, Inc. - Class A Ordinary Share",NASDAQ,NA,NA,AERT
AERTW,"Aeries Technology, Inc. - Warrant",NASDAQ,NA,NA,AERTW
AES,The AES Corporation Common Stock,NYSE,AES,AES,AES
AESI,Atlas Energy Solutions Inc. Common Stock,NYSE,AESI,AESI,AESI
AESP,Aeon Acquisition I Corp. - Class A Ordinary Shares,NASDAQ,NA,NA,AESP
AESPR,Aeon Acquisition I Corp. - Rights,NASDAQ,NA,NA,AESPR
AESPU,Aeon Acquisition I Corp. - Units,NASDAQ,NA,NA,AESPU
AESPW,Aeon Acquisition I Corp. - Warrants,NASDAQ,NA,NA,AESPW
AEVA,"Aeva Technologies, Inc. - Common Stock",NASDAQ,NA,NA,AEVA
AEXA,American Exceptionalism Acquisition Corp. A Class A Ordinary Shares,NYSE,AEXA,AEXA,AEXA
AEYE,"AudioEye, Inc. - Common Stock",NASDAQ,NA,NA,AEYE
AFB,AllianceBernstein National Municipal Income Fund Inc,NYSE,AFB,AFB,AFB
AFCG,Advanced Flower Capital Inc. - Common Stock,NASDAQ,NA,NA,AFCG
AFG,"American Financial Group, Inc. Common Stock",NYSE,AFG,AFG,AFG
AFGB,"American Financial Group, Inc. 5.875% Subordinated Debentures due 2059",NYSE,AFGB,AFGB,AFGB
AFGC,"American Financial Group, Inc. 5.125% Subordinated Debentures due 2059",NYSE,AFGC,AFGC,AFGC
AFGD,"American Financial Group, Inc. 5.625% Subordinated Debentures due 2060",NYSE,AFGD,AFGD,AFGD
AFGE,"American Financial Group, Inc. 4.500% Subordinated Debentures due 2060",NYSE,AFGE,AFGE,AFGE
AFJK,"Aimei Health Technology Co., Ltd - Ordinary Share",NASDAQ,NA,NA,AFJK
AFJKR,"Aimei Health Technology Co., Ltd - Right",NASDAQ,NA,NA,AFJKR
AFJKU,"Aimei Health Technology Co., Ltd - Unit",NASDAQ,NA,NA,AFJKU
AFL,AFLAC Incorporated Common Stock,NYSE,AFL,AFL,AFL
AFRI,Forafric Global PLC - Ordinary Shares,NASDAQ,NA,NA,AFRI
AFRIW,Forafric Global PLC - Warrants,NASDAQ,NA,NA,AFRIW
AFRM,"Affirm Holdings, Inc. - Class A Common Stock",NASDAQ,NA,NA,AFRM
AFYA,Afya Limited - Class A Common Shares,NASDAQ,NA,NA,AFYA
AG,First Majestic Silver Corp. Ordinary Shares (Canada),NYSE,AG,AG,AG
AGBK,AGI Inc Class A Common Shares,NYSE,AGBK,AGBK,AGBK
AGCC,Agencia Comercial Spirits Ltd - Class A Ordinary Share,NASDAQ,NA,NA,AGCC
AGCO,AGCO Corporation Common Stock,NYSE,AGCO,AGCO,AGCO
AGD,abrdn Global Dynamic Dividend Fund Common Shares of Beneficial Interest,NYSE,AGD,AGD,AGD
AGEN,Agenus Inc. - Common Stock,NASDAQ,NA,NA,AGEN
AGI,Alamos Gold Inc. Class A Common Shares,NYSE,AGI,AGI,AGI
AGIG,Abundia Global Impact Group Inc. Common stock,AMEX,AGIG,AGIG,AGIG
AGIO,"Agios Pharmaceuticals, Inc. - Common Stock",NASDAQ,NA,NA,AGIO
AGL,"agilon health, inc. Common Stock",NYSE,AGL,AGL,AGL
AGM,Federal Agricultural Mortgage Corporation Common Stock,NYSE,AGM,AGM,AGM
AGM-A,Federal Agricultural Mortgage Corporation Common Stock,NYSE,AGM.A,AGM.A,AGM.A
AGM-PD,"Federal Agricultural Mortgage Corporation 5.700% Non-Cumulative Preferred Stock, Series D",NYSE,AGM$D,AGMpD,AGM-D
AGM-PE,"Federal Agricultural Mortgage Corporation 5.750% Non-Cumulative Preferred Stock, Series E",NYSE,AGM$E,AGMpE,AGM-E
AGM-PF,"Federal Agricultural Mortgage Corporation 5.250% Non-Cumulative Preferred Stock, Series F",NYSE,AGM$F,AGMpF,AGM-F
AGM-PG,"Federal Agricultural Mortgage Corporation 4.875% Non-Cumulative Preferred Stock, Series G",NYSE,AGM$G,AGMpG,AGM-G
AGM-PH,"Federal Agricultural Mortgage Corporation 6.500% Non-Cumulative Preferred Stock, Series H",NYSE,AGM$H,AGMpH,AGM-H
AGM-PI,"Federal Agricultural Mortgage Corporation 6.875% Non-Cumulative Preferred Stock, Series I",NYSE,AGM$I,AGMpI,AGM-I
AGMB,AgomAb Therapeutics NV - ADRs representing one common share.,NASDAQ,NA,NA,AGMB
AGMH,AGM Group Holdings Inc. - Class A Ordinary Shares,NASDAQ,NA,NA,AGMH
AGNC,AGNC Investment Corp. - Common Stock,NASDAQ,NA,NA,AGNC
AGNCL,"AGNC Investment Corp. - Depositary Shares Each Representing a 1/1,000th Interest in a Share of 7.75% Series G Fixed-Rate Reset Cumulative Redeemable Preferred Stock",NASDAQ,NA,NA,AGNCL
AGNCM,AGNC Investment Corp. - Depositary Shares rep 6.875% Series D Fixed-to-Floating Cumulative Redeemable Preferred Stock,NASDAQ,NA,NA,AGNCM
AGNCN,"AGNC Investment Corp. - Depositary Shares Each Representing a 1/1,000th Interest in a Share of 7.00% Series C Fixed-To-Floating Rate Cumulative Redeemable Preferred Stock",NASDAQ,NA,NA,AGNCN
AGNCO,"AGNC Investment Corp. - Depositary Shares, each representing a 1/1,000th interest in a share of Series E Fixed-to-Floating Cumulative Redeemable Preferred Stock",NASDAQ,NA,NA,AGNCO
AGNCP,"AGNC Investment Corp. - Depositary Shares Each Representing a 1/1,000th Interest in a Share of 6.125% Series F Fixed-to-Floating Rate Cumulative Redeemable Preferred Stock",NASDAQ,NA,NA,AGNCP
AGNCZ,"AGNC Investment Corp. - Depositary Shares Each Representing a 1/1,000th Interest in a Share of 8.75% Series H Fixed-Rate Cumulative Redeemable Preferred Stock",NASDAQ,NA,NA,AGNCZ
AGNT,"AGNT, Inc. - Common Stock",NASDAQ,NA,NA,AGNT
AGO,Assured Guaranty Ltd. Common Stock,NYSE,AGO,AGO,AGO
AGPU,Axe Compute Inc. - Common Stock,NASDAQ,NA,NA,AGPU
AGRO,Adecoagro S.A. Common Shares,NYSE,AGRO,AGRO,AGRO
AGRZ,Agroz Inc. - Class A Ordinary Shares,NASDAQ,NA,NA,AGRZ
AGX,"Argan, Inc. Common Stock",NYSE,AGX,AGX,AGX
AGYS,"Agilysys, Inc. - Common Stock",NASDAQ,NA,NA,AGYS
AHCO,AdaptHealth Corp.  - Common Stock,NASDAQ,NA,NA,AHCO
AHG,Akso Health Group - American Depositary Shares,NASDAQ,NA,NA,AHG
AHL-PD,Aspen Insurance Holdings Limited 5.625% Perpetual Non-Cumulative Preference Shares,NYSE,AHL$D,AHLpD,AHL-D
AHL-PE,"Aspen Insurance Holdings Limited Depositary Shares, each representing a 1/1000th interest in a share of 5.625% Perpetual Non-Cumulative Preference Shares",NYSE,AHL$E,AHLpE,AHL-E
AHL-PF,"Aspen Insurance Holdings Limited Depositary Shares, each representing a 1/1,000th Interest in a 7.00% Perpetual Non-Cumulative Preference Share",NYSE,AHL$F,AHLpF,AHL-F
AHMA,Ambitions Enterprise Management Co. L.L.C - Class A Ordinary Shares,NASDAQ,NA,NA,AHMA
AHR,"American Healthcare REIT, Inc. Common Stock",NYSE,AHR,AHR,AHR
AHRT,"AH Realty Trust, Inc. Common Stock",NYSE,AHRT,AHRT,AHRT
AHRT-PA,"AH Realty Trust, Inc. 6.75% Series A Cumulative Redeemable Perpetual Preferred Stock",NYSE,AHRT$A,AHRTpA,AHRT-A
AHT,Ashford Hospitality Trust Inc Common Stock,NYSE,AHT,AHT,AHT
AHT-PD,Ashford Hospitality Trust Inc 8.45% Series D Cumulative Preferred Stock,NYSE,AHT$D,AHTpD,AHT-D
AHT-PF,Ashford Hospitality Trust Inc 7.375% Series F Cumulative Preferred Stock,NYSE,AHT$F,AHTpF,AHT-F
AHT-PG,Ashford Hospitality Trust Inc 7.375% Series G Cumulative Preferred Stock,NYSE,AHT$G,AHTpG,AHT-G
AHT-PH,Ashford Hospitality Trust Inc 7.50% Series H Cumulative Preferred Stock,NYSE,AHT$H,AHTpH,AHT-H
AHT-PI,Ashford Hospitality Trust Inc 7.50% Series I Cumulative Preferred Stock,NYSE,AHT$I,AHTpI,AHT-I
AI,"C3.ai, Inc. Class A Common Stock",NYSE,AI,AI,AI
AIAI,AIAI Holdings Corporation - Class A common stock,NASDAQ,NA,NA,AIAI
AIB,AIB Data Centers Inc. Common Stock,AMEX,AIB,AIB,AIB
AIBZ,Bitzero Holdings Inc. - Common Shares,NASDAQ,NA,NA,AIBZ
AIDX,"20/20 Biolabs, Inc. - Common Stock",NASDAQ,NA,NA,AIDX
AIFA,"All In FutureTech Alliance, Inc. - Common Stock",NASDAQ,NA,NA,AIFA
AIFC,AI Financial Corporation - Common Stock,NASDAQ,NA,NA,AIFC
AIFF,"Firefly Neuroscience, Inc.  - Common Stock",NASDAQ,NA,NA,AIFF
AIFU,AIFU Inc. - Class A Ordinary Share,NASDAQ,NA,NA,AIFU
AIG,"American International Group, Inc. New Common Stock",NYSE,AIG,AIG,AIG
AIHS,Senmiao Technology Limited - Common Stock,NASDAQ,NA,NA,AIHS
AII,"American Integrity Insurance Group, Inc. Common Stock",NYSE,AII,AII,AII
AIIA,AI Infrastructure Acquisition Corp. Class A Ordinary Shares,NYSE,AIIA,AIIA,AIIA
AIIA-R,"AI Infrastructure Acquisition Corp. Rights, each entitling the holder to receive one-fifth (1/5) of one Class A Ordinary Share",NYSE,AIIA.R,AIIAr,AIIA^
AIIA-UN,"AI Infrastructure Acquisition Corp. Units, each consisting of one Class A Ordinary Share and one Right",NYSE,AIIA.U,AIIA.U,AIIA=
AIIO,Robo.ai Inc. - Class B Ordinary Shares,NASDAQ,NA,NA,AIIO
AIIOW,Robo.ai Inc. - Warrant,NASDAQ,NA,NA,AIIOW
AIIR,Air Global PLC - Ordinary shares,NASDAQ,NA,NA,AIIR
AIM,AIM ImmunoTech Inc. Common Stock,AMEX,AIM,AIM,AIM
AIMD,"Ainos, Inc. - Common Stock",NASDAQ,NA,NA,AIMD
AIMDW,"Ainos, Inc. - warrants",NASDAQ,NA,NA,AIMDW
AIN,Albany International Corporation Common Stock,NYSE,AIN,AIN,AIN
AIO,Virtus Artificial Intelligence & Technology Opportunities Fund Common Shares of Beneficial Interest,NYSE,AIO,AIO,AIO
AIOS,AIOS Tech Inc. - Class A Common Shares,NASDAQ,NA,NA,AIOS
AIOT,"PowerFleet, Inc. - Common Stock",NASDAQ,NA,NA,AIOT
AIP,"Arteris, Inc.  - Common Stock",NASDAQ,NA,NA,AIP
AIR,AAR Corp. Common Stock,NYSE,AIR,AIR,AIR
AIRE,reAlpha Tech Corp. - Common Stock,NASDAQ,NA,NA,AIRE
AIRG,"Airgain, Inc. - Common Stock",NASDAQ,NA,NA,AIRG
AIRI,Air Industries Group Common Stock,AMEX,AIRI,AIRI,AIRI
AIRJ,AirJoule Technologies Corporation - Class A Common Stock,NASDAQ,NA,NA,AIRJ
AIRJW,AirJoule Technologies Corporation - Warrant,NASDAQ,NA,NA,AIRJW
AIRO,"AIRO Group Holdings, Inc. - Common Stock",NASDAQ,NA,NA,AIRO
AIRS,"AirSculpt Technologies, Inc. - Common Stock",NASDAQ,NA,NA,AIRS
AIRT,"Air T, Inc. - Common Stock",NASDAQ,NA,NA,AIRT
AIRTP,"Air T, Inc. - Trust Preferred Securities",NASDAQ,NA,NA,AIRTP
AISP,"Airship AI Holdings, Inc - Class A Common Stock",NASDAQ,NA,NA,AISP
AISPW,"Airship AI Holdings, Inc - Warrants",NASDAQ,NA,NA,AISPW
AIT,"Applied Industrial Technologies, Inc. Common Stock",NYSE,AIT,AIT,AIT
AIV,Apartment Investment and Management Company Common Stock,NYSE,AIV,AIV,AIV
AIXC,"AIxCrypto Holdings, Inc. - Common Stock",NASDAQ,NA,NA,AIXC
AIXI,XIAO-I Corporation - American Depositary Shares,NASDAQ,NA,NA,AIXI
AIZ,"Assurant, Inc. Common Stock",NYSE,AIZ,AIZ,AIZ
AIZN,"Assurant, Inc. 5.25% Subordinated Notes due 2061",NYSE,AIZN,AIZN,AIZN
AJG,Arthur J. Gallagher & Co. Common Stock,NYSE,AJG,AJG,AJG
AKA,a.k.a. Brands Holding Corp. Common Stock,NYSE,AKA,AKA,AKA
AKAM,"Akamai Technologies, Inc. - Common Stock",NASDAQ,NA,NA,AKAM
AKAN,Akanda Corp. - Common Shares,NASDAQ,NA,NA,AKAN
AKBA,"Akebia Therapeutics, Inc. - Common Stock",NASDAQ,NA,NA,AKBA
AKO-A,Embotelladora Andina S.A. Common Stock,NYSE,AKO.A,AKO.A,AKO.A
AKO-B,Embotelladora Andina S.A. Common Stock,NYSE,AKO.B,AKO.B,AKO.B
AKR,Acadia Realty Trust Common Stock,NYSE,AKR,AKR,AKR
AKTS,"Aktis Oncology, Inc. - Common stock",NASDAQ,NA,NA,AKTS
AKTX,Akari Therapeutics Plc - American Depositary Shares,NASDAQ,NA,NA,AKTX
ALAB,"Astera Labs, Inc. - Common Stock",NASDAQ,NA,NA,ALAB
ALAR,Alarum Technologies Ltd. - American Depositary Shares,NASDAQ,NA,NA,ALAR
ALB,Albemarle Corporation Common Stock,NYSE,ALB,ALB,ALB
ALB-PA,Albemarle Corporation Depositary Shares each representing a 1/20th of 7.25% Series A Mandatory Convertible Preferred Stock,NYSE,ALB$A,ALBpA,ALB-A
ALC,Alcon Inc. Ordinary Shares,NYSE,ALC,ALC,ALC
ALCO,"Alico, Inc. - Common Stock",NASDAQ,NA,NA,ALCO
ALDF,Aldel Financial II Inc. - Class A Ordinary Shares,NASDAQ,NA,NA,ALDF
ALDFU,Aldel Financial II Inc. - Units,NASDAQ,NA,NA,ALDFU
ALDFW,Aldel Financial II Inc. - Warrants,NASDAQ,NA,NA,ALDFW
ALDX,"Aldeyra Therapeutics, Inc. - Common Stock",NASDAQ,NA,NA,ALDX
ALEC,"Alector, Inc. - Common Stock",NASDAQ,NA,NA,ALEC
ALF,Centurion Acquisition Corp. - Class A Ordinary Shares,NASDAQ,NA,NA,ALF
ALFUU,Centurion Acquisition Corp. - Unit,NASDAQ,NA,NA,ALFUU
ALFUW,Centurion Acquisition Corp. - Warrant,NASDAQ,NA,NA,ALFUW
ALG,"Alamo Group, Inc. Common Stock",NYSE,ALG,ALG,ALG
ALGM,"Allegro MicroSystems, Inc. - Common Stock",NASDAQ,NA,NA,ALGM
ALGN,"Align Technology, Inc. - Common Stock",NASDAQ,NA,NA,ALGN
ALGS,"Aligos Therapeutics, Inc. - Common stock",NASDAQ,NA,NA,ALGS
ALGT,Allegiant Travel Company - Common Stock,NASDAQ,NA,NA,ALGT
ALH,Alliance Laundry Holdings Inc. Common Stock,NYSE,ALH,ALH,ALH
ALHC,"Alignment Healthcare, Inc. - Common Stock",NASDAQ,NA,NA,ALHC
ALIS,Calisa Acquisition Corp - Ordinary shares,NASDAQ,NA,NA,ALIS
ALISR,Calisa Acquisition Corp - Right,NASDAQ,NA,NA,ALISR
ALISU,Calisa Acquisition Corp - Units,NASDAQ,NA,NA,ALISU
ALIT,"Alight, Inc. Class A Common Stock",NYSE,ALIT,ALIT,ALIT
ALK,"Alaska Air Group, Inc. Common Stock",NYSE,ALK,ALK,ALK
ALKS,Alkermes plc - Ordinary Shares,NASDAQ,NA,NA,ALKS
ALKT,"Alkami Technology, Inc. - Common Stock",NASDAQ,NA,NA,ALKT
ALL,Allstate Corporation (The) Common Stock,NYSE,ALL,ALL,ALL
ALL-PB,Allstate Corporation (The) 5.100% Fixed-to-Floating Rate Subordinated Debentures due 2053,NYSE,ALL$B,ALLpB,ALL-B
ALL-PH,"Allstate Corporation (The) Depositary Shares each representing a 1/1,000th interest in a share of Fixed Rate Noncumulative Perpetual Preferred Stock, Series H",NYSE,ALL$H,ALLpH,ALL-H
ALL-PI,"Allstate Corporation (The) Depositary Shares each representing a 1/1,000th interest in a share of Fixed Rate Noncumulative Perpetual Preferred Stock, Series I",NYSE,ALL$I,ALLpI,ALL-I
ALL-PJ,"Allstate Corporation (The) Depositary Shares each representing a 1/1,000th interest in a share of Fixed Rate Noncumulative Perpetual Preferred Stock, Series J",NYSE,ALL$J,ALLpJ,ALL-J
ALLE,Allegion plc Ordinary Shares,NYSE,ALLE,ALLE,ALLE
ALLO,"Allogene Therapeutics, Inc. - Common Stock",NASDAQ,NA,NA,ALLO
ALLR,"Allarity Therapeutics, Inc. - Common stock",NASDAQ,NA,NA,ALLR
ALLT,Allot Ltd. - Ordinary Shares,NASDAQ,NA,NA,ALLT
ALLY,Ally Financial Inc. Common Stock,NYSE,ALLY,ALLY,ALLY
ALM,Almonty Industries Inc. - Common Shares,NASDAQ,NA,NA,ALM
ALMR,"Alamar Biosciences, Inc. - Class A common stock",NASDAQ,NA,NA,ALMR
ALMS,Alumis Inc. - Common Stock,NASDAQ,NA,NA,ALMS
ALMU,"Aeluma, Inc. - Common Stock",NASDAQ,NA,NA,ALMU
ALNT,Allient Inc. - Common Stock,NASDAQ,NA,NA,ALNT
ALNY,"Alnylam Pharmaceuticals, Inc. - Common Stock",NASDAQ,NA,NA,ALNY
ALOT,"AstroNova, Inc. - Common Stock",NASDAQ,NA,NA,ALOT
ALOV,"Aldabra 4 Liquidity Opportunity Vehicle, Inc. - Class A Ordinary Shares",NASDAQ,NA,NA,ALOV
ALOVU,"Aldabra 4 Liquidity Opportunity Vehicle, Inc. - Units",NASDAQ,NA,NA,ALOVU
ALOVW,"Aldabra 4 Liquidity Opportunity Vehicle, Inc. - Warrants",NASDAQ,NA,NA,ALOVW
ALOY,REalloys Inc. - Common Stock,NASDAQ,NA,NA,ALOY
ALP,Alpha Compute Corp  - Common Stock,NASDAQ,NA,NA,ALP
ALPS,ALPS Group Inc - Ordinary Share,NASDAQ,NA,NA,ALPS
ALPX,Alpex Acquisition Corporation - Class A Ordinary Shares,NASDAQ,NA,NA,ALPX
ALPXR,Alpex Acquisition Corporation - Rights,NASDAQ,NA,NA,ALPXR
ALPXU,Alpex Acquisition Corporation - Units,NASDAQ,NA,NA,ALPXU
ALPXW,Alpex Acquisition Corporation - Warrants,NASDAQ,NA,NA,ALPXW
ALRM,"Alarm.com Holdings, Inc. - Common Stock",NASDAQ,NA,NA,ALRM
ALRS,Alerus Financial Corporation - Common Stock,NASDAQ,NA,NA,ALRS
ALSN,"Allison Transmission Holdings, Inc. Common Stock",NYSE,ALSN,ALSN,ALSN
ALT,"Altimmune, Inc. - Common Stock",NASDAQ,NA,NA,ALT
ALTG,Alta Equipment Group Inc. Class A Common Stock,NYSE,ALTG,ALTG,ALTG
ALTG-PA,Alta Equipment Group Inc. Depositary Shares (each representing 1/1000th in a share of 10% Series A Cumulative Perpetual Preferred Stock),NYSE,ALTG$A,ALTGpA,ALTG-A
ALTI,"AlTi Global, Inc. - Class A Common Stock",NASDAQ,NA,NA,ALTI
ALTO,"Alto Ingredients, Inc. - Common Stock",NASDAQ,NA,NA,ALTO
ALUB,Alussa Energy Acquisition Corp. II Class A Ordinary Shares,NYSE,ALUB,ALUB,ALUB
ALUB-UN,"Alussa Energy Acquisition Corp. II Units, each consisting of one Class A ordinary share and one-third of one redeemable warrant",NYSE,ALUB.U,ALUB.U,ALUB=
ALUB-WT,"Alussa Energy Acquisition Corp. II Redeemable Warrants, each whole warrant exercisable for one Class A ordinary share at an exercise price of $11.50 per share",NYSE,ALUB.W,ALUB.WS,ALUB+
ALV,"Autoliv, Inc. Common Stock",NYSE,ALV,ALV,ALV
ALVO,Alvotech - Ordinary Shares,NASDAQ,NA,NA,ALVO
ALVOW,Alvotech - Warrant,NASDAQ,NA,NA,ALVOW
ALX,"Alexander's, Inc. Common Stock",NYSE,ALX,ALX,ALX
ALXO,ALX Oncology Holdings Inc. - Common Stock,NASDAQ,NA,NA,ALXO
ALZN,"Alzamend Neuro, Inc. - Common Stock",NASDAQ,NA,NA,ALZN
AM,Antero Midstream Corporation Common Stock,NYSE,AM,AM,AM
AMACU,AMR Resources Acquisition Corp - Units,NASDAQ,NA,NA,AMACU
AMAL,Amalgamated Financial Corp. - Common Stock,NASDAQ,NA,NA,AMAL
AMAN,Amanat Acquisition Corp - Class A Ordinary Shares,NASDAQ,NA,NA,AMAN
AMAT,"Applied Materials, Inc. - Common Stock",NASDAQ,NA,NA,AMAT
AMBA,"Ambarella, Inc. - Ordinary Shares",NASDAQ,NA,NA,AMBA
AMBO,Ambow Education Holding Ltd. American Depository Shares (each representing twenty (20) Class A Ordinary Shares),AMEX,AMBO,AMBO,AMBO
AMBP,Ardagh Metal Packaging S.A. Ordinary Shares,NYSE,AMBP,AMBP,AMBP
AMBQ,"Ambiq Micro, Inc. Common Stock",NYSE,AMBQ,AMBQ,AMBQ
AMBR,Amber International Holding Limited - American Depositary Shares,NASDAQ,NA,NA,AMBR
AMC,"AMC Entertainment Holdings, Inc. Class A Common Stock",NYSE,AMC,AMC,AMC
AMCI,AMC Robotics Corporation - Common Stock,NASDAQ,NA,NA,AMCI
AMCR,Amcor plc Ordinary Shares,NYSE,AMCR,AMCR,AMCR
AMCX,AMC Global Media Inc. - Class A Common Stock,NASDAQ,NA,NA,AMCX
AMD,"Advanced Micro Devices, Inc. - Common Stock",NASDAQ,NA,NA,AMD
AME,"AMETEK, Inc.",NYSE,AME,AME,AME
AMG,"Affiliated Managers Group, Inc. Common Stock",NYSE,AMG,AMG,AMG
AMGN,Amgen Inc. - Common Stock,NASDAQ,NA,NA,AMGN
AMH,American Homes 4 Rent Common Shares of Beneficial Interest,NYSE,AMH,AMH,AMH
AMH-PG,American Homes 4 Rent Series G cumulative redeemable perpetual preferred shares of beneficial interest,NYSE,AMH$G,AMHpG,AMH-G
AMH-PH,American Homes 4 Rent Series H cumulative redeemable perpetual Preferred Shares of Beneficial Interest,NYSE,AMH$H,AMHpH,AMH-H
AMIX,"Autonomix Medical, Inc. - Common Stock",NASDAQ,NA,NA,AMIX
AMKR,"Amkor Technology, Inc. - Common Stock",NASDAQ,NA,NA,AMKR
AMLX,"Amylyx Pharmaceuticals, Inc. - Common Stock",NASDAQ,NA,NA,AMLX
AMN,AMN Healthcare Services Inc,NYSE,AMN,AMN,AMN
AMOD,"Alpha Modus Holdings, Inc. - Class A Common Stock",NASDAQ,NA,NA,AMOD
AMODW,"Alpha Modus Holdings, Inc. - Warrant",NASDAQ,NA,NA,AMODW
AMP,"Ameriprise Financial, Inc. Common Stock",NYSE,AMP,AMP,AMP
AMPG,"Amplitech Group, Inc. - Common Stock",NASDAQ,NA,NA,AMPG
AMPGZ,"Amplitech Group, Inc. - Series B Right",NASDAQ,NA,NA,AMPGZ
AMPH,"Amphastar Pharmaceuticals, Inc. - Common Stock",NASDAQ,NA,NA,AMPH
AMPL,"Amplitude, Inc. - Class A Common Stock",NASDAQ,NA,NA,AMPL
AMPX,"Amprius Technologies, Inc. Common Stock",NYSE,AMPX,AMPX,AMPX
AMPX-WT,"Amprius Technologies, Inc. Warrants to purchase one share of Common Stock at an exercise price of $11.50 per share",NYSE,AMPX.W,AMPX.WS,AMPX+
AMPY,Amplify Energy Corp. Common Stock,NYSE,AMPY,AMPY,AMPY
AMR,"Alpha Metallurgical Resources, Inc. Common Stock",NYSE,AMR,AMR,AMR
AMRC,"Ameresco, Inc. Class A Common Stock",NYSE,AMRC,AMRC,AMRC
AMRN,Amarin Corporation plc - American Depositary Shares,NASDAQ,NA,NA,AMRN
AMRX,"Amneal Pharmaceuticals, Inc. - Class A Common Stock",NASDAQ,NA,NA,AMRX
AMRZ,Amrize Ltd Ordinary Shares,NYSE,AMRZ,AMRZ,AMRZ
AMS,American Shared Hospital Services Common Stock,AMEX,AMS,AMS,AMS
AMSC,American Superconductor Corporation - Common Stock,NASDAQ,NA,NA,AMSC
AMSF,"AMERISAFE, Inc. - Common Stock",NASDAQ,NA,NA,AMSF
AMSS,AMASS Brands Inc. - Common Stock,NASDAQ,NA,NA,AMSS
AMST,Amesite Inc. - Common Stock,NASDAQ,NA,NA,AMST
AMT,American Tower Corporation (REIT) Common Stock,NYSE,AMT,AMT,AMT
AMTB,Amerant Bancorp Inc. Class A Common Stock,NYSE,AMTB,AMTB,AMTB
AMTD,"AMTD IDEA Group American Depositary Shares, each representing six (6) Class A Ordinary Shares",NYSE,AMTD,AMTD,AMTD
AMTM,"Amentum Holdings, Inc. Common Stock",NYSE,AMTM,AMTM,AMTM
AMTX,"Aemetis, Inc - Common Stock",NASDAQ,NA,NA,AMTX
AMUB,"ETRACS Alerian MLP Index ETN Series B due July 18, 2042",ARCA,AMUB,AMUB,AMUB
AMWL,American Well Corporation Class A Common Stock,NYSE,AMWL,AMWL,AMWL
AMX,"America Movil, S.A.B. de C.V. American Depositary Shares (each representing the right to receive twenty (20) Series B Shares",NYSE,AMX,AMX,AMX
AMZE,"Amaze Holdings, Inc. Common Stock",AMEX,AMZE,AMZE,AMZE
AMZN,"Amazon.com, Inc. - Common Stock",NASDAQ,NA,NA,AMZN
AN,"AutoNation, Inc. Common Stock",NYSE,AN,AN,AN
ANAB,"AnaptysBio, Inc. - Common Stock",NASDAQ,NA,NA,ANAB
ANDE,"The Andersons, Inc. - Common Stock",NASDAQ,NA,NA,ANDE
ANDG,Andersen Group Inc. Class A Common Stock,NYSE,ANDG,ANDG,ANDG
ANET,"Arista Networks, Inc. Common Stock",NYSE,ANET,ANET,ANET
ANF,Abercrombie & Fitch Company Common Stock,NYSE,ANF,ANF,ANF
ANG-PD,"American National Group Inc. Depositary Shares, each representing a 1/1000th interest in a share of 7.375% Fixed-Rate Non-Cumulative Preferred Stock, Series D",NYSE,ANG$D,ANGpD,ANG-D
ANGH,Anghami Inc. - Ordinary Shares,NASDAQ,NA,NA,ANGH
ANGHW,Anghami Inc. - Warrants,NASDAQ,NA,NA,ANGHW
ANGI,Angi Inc. - Class A Common Stock,NASDAQ,NA,NA,ANGI
ANGO,"AngioDynamics, Inc. - Common Stock",NASDAQ,NA,NA,ANGO
ANGX,"Angel Studios, Inc. Class A Common Stock",NYSE,ANGX,ANGX,ANGX
ANIK,Anika Therapeutics Inc. - Common Stock,NASDAQ,NA,NA,ANIK
ANIP,"ANI Pharmaceuticals, Inc. - Common Stock",NASDAQ,NA,NA,ANIP
ANIX,"Anixa Biosciences, Inc. - Common Stock",NASDAQ,NA,NA,ANIX
ANL,Adlai Nortye Ltd. - American Depositary Shares,NASDAQ,NA,NA,ANL
ANNA,"AleAnna, Inc. - Class A Common Stock",NASDAQ,NA,NA,ANNA
ANNAW,"AleAnna, Inc. - Warrant",NASDAQ,NA,NA,ANNAW
ANNX,"Annexon, Inc. - common stock",NASDAQ,NA,NA,ANNX
ANPA,Rich Sparkle Holdings Limited - Ordinary Shares,NASDAQ,NA,NA,ANPA
ANRO,"Alto Neuroscience, Inc. Common Stock",NYSE,ANRO,ANRO,ANRO
ANTA,Antalpha Platform Holding Company - Class A Ordinary Shares,NASDAQ,NA,NA,ANTA
ANTX,"AN2 Therapeutics, Inc. - Common Stock",NASDAQ,NA,NA,ANTX
ANVS,"Annovis Bio, Inc. Common Stock",NYSE,ANVS,ANVS,ANVS
ANY,Sphere 3D Corp. - Common Shares,NASDAQ,NA,NA,ANY
AOD,abrdn Total Dynamic Dividend Fund Common Shares of Beneficial Interest,NYSE,AOD,AOD,AOD
AOMD,"Angel Oak Mortgage REIT, Inc. 9.750% Senior Notes due 2030",NYSE,AOMD,AOMD,AOMD
AOMN,"Angel Oak Mortgage REIT, Inc. 9.500% Senior Notes due 2029",NYSE,AOMN,AOMN,AOMN
AOMR,"Angel Oak Mortgage REIT, Inc. Common Stock",NYSE,AOMR,AOMR,AOMR
AON,Aon plc Class A Ordinary Shares (Ireland),NYSE,AON,AON,AON
AORT,"Artivion, Inc. Common Stock",NYSE,AORT,AORT,AORT
AOS,A.O. Smith Corporation Common Stock,NYSE,AOS,AOS,AOS
AOSL,Alpha and Omega Semiconductor Limited - Common Shares,NASDAQ,NA,NA,AOSL
AOUT,"American Outdoor Brands, Inc. - Common Stock",NASDAQ,NA,NA,AOUT
AP,Ampco-Pittsburgh Corporation Common Stock,NYSE,AP,AP,AP
APA,APA Corporation - Common Stock,NASDAQ,NA,NA,APA
APAC,StoneBridge Acquisition II Corporation - Class A Ordinary Shares,NASDAQ,NA,NA,APAC
APACR,StoneBridge Acquisition II Corporation - Rights,NASDAQ,NA,NA,APACR
APACU,StoneBridge Acquisition II Corporation - Units,NASDAQ,NA,NA,APACU
APAM,Artisan Partners Asset Management Inc. Class A Common Stock,NYSE,APAM,APAM,APAM
APC,ARKO Petroleum Corp. - Class A Common Stock,NASDAQ,NA,NA,APC
APD,"Air Products and Chemicals, Inc. Common Stock",NYSE,APD,APD,APD
APEI,"American Public Education, Inc. - Common Stock",NASDAQ,NA,NA,APEI
APG,APi Group Corporation Common Stock,NYSE,APG,APG,APG
APGE,"Apogee Therapeutics, Inc. - Common Stock",NASDAQ,NA,NA,APGE
APH,Amphenol Corporation Common Stock,NYSE,APH,APH,APH
API,"Agora, Inc. - ADS",NASDAQ,NA,NA,API
APLD,Applied Digital Corporation - Common Stock,NASDAQ,NA,NA,APLD
APLE,"Apple Hospitality REIT, Inc. Common Shares",NYSE,APLE,APLE,APLE
APLM,Apollomics Inc. - Class A Ordinary Shares,NASDAQ,NA,NA,APLM
APLMW,Apollomics Inc. - Warrant,NASDAQ,NA,NA,APLMW
APMC,AmperCap Acquisition Company - Ordinary Shares,NASDAQ,NA,NA,APMC
APMCR,AmperCap Acquisition Company - Right,NASDAQ,NA,NA,APMCR
APMCU,AmperCap Acquisition Company - Unit,NASDAQ,NA,NA,APMCU
APMD,"Apnimed, Inc. - Common Stock",NASDAQ,NA,NA,APMD
APO,"Apollo Global Management, Inc. (New) Common Stock",NYSE,APO,APO,APO
APOG,"Apogee Enterprises, Inc. - Common Stock",NASDAQ,NA,NA,APOG
APOS,"Apollo Global Management, Inc. 7.625% Fixed-Rate Resettable Junior Subordinated Notes due 2053",NYSE,APOS,APOS,APOS
APP,Applovin Corporation - Class A Common Stock,NASDAQ,NA,NA,APP
APPF,"AppFolio, Inc. - Class A Common Stock",NASDAQ,NA,NA,APPF
APPN,Appian Corporation - Class A Common Stock,NASDAQ,NA,NA,APPN
APPS,"Digital Turbine, Inc. - Common Stock",NASDAQ,NA,NA,APPS
APRE,"Aprea Therapeutics, Inc. - Common Stock",NASDAQ,NA,NA,APRE
APT,"Alpha Pro Tech, Ltd. Common Stock",AMEX,APT,APT,APT
APTV,Aptiv PLC Ordinary Shares,NYSE,APTV,APTV,APTV
APUR,Aperture AC - Class A Ordinary Shares,NASDAQ,NA,NA,APUR
APURR,Aperture AC - Rights,NASDAQ,NA,NA,APURR
APUS,"Apimeds Pharmaceuticals US, Inc. Common Stock",AMEX,APUS,APUS,APUS
APVO,Aptevo Therapeutics Inc. - Common Stock,NASDAQ,NA,NA,APVO
APWC,"Asia Pacific Wire & Cable Corporation Limited  - Common shares, Par value .01 per share",NASDAQ,NA,NA,APWC
APXT,Apex Treasury Corporation - Class A Ordinary Share,NASDAQ,NA,NA,APXT
APXTU,Apex Treasury Corporation - Units,NASDAQ,NA,NA,APXTU
APXTW,Apex Treasury Corporation - Warrants,NASDAQ,NA,NA,APXTW
APYX,Apyx Medical Corporation - Common Stock,NASDAQ,NA,NA,APYX
AQB,"AquaBounty Technologies, Inc. - Common Stock",NASDAQ,NA,NA,AQB
AQMS,"Aqua Metals, Inc. - Common Stock",NASDAQ,NA,NA,AQMS
AQN,Algonquin Power & Utilities Corp. Common Shares,NYSE,AQN,AQN,AQN
AQNB,"Algonquin Power & Utilities Corp. 6.20% Fixed-to-Floating Subordinated Notes Series 2019-A due July 1, 2079",NYSE,AQNB,AQNB,AQNB
AQST,"Aquestive Therapeutics, Inc. - Common Stock",NASDAQ,NA,NA,AQST
AR,Antero Resources Corporation Common Stock,NYSE,AR,AR,AR
ARAI,Arrive AI Inc. - Common Stock,NASDAQ,NA,NA,ARAI
ARAY,Accuray Incorporated - Common Stock,NASDAQ,NA,NA,ARAY
ARBB,ARB IOT Group Limited - Ordinary Shares,NASDAQ,NA,NA,ARBB
ARBE,Arbe Robotics Ltd. - Ordinary Shares,NASDAQ,NA,NA,ARBE
ARBEW,Arbe Robotics Ltd. - Warrant,NASDAQ,NA,NA,ARBEW
ARBK,Argo Blockchain plc - American Depositary Shares,NASDAQ,NA,NA,ARBK
ARCB,ArcBest Corporation - Common Stock,NASDAQ,NA,NA,ARCB
ARCC,Ares Capital Corporation - Closed End Fund,NASDAQ,NA,NA,ARCC
ARCI,Archimedes Tech SPAC Partners III Co. - Ordinary Share,NASDAQ,NA,NA,ARCI
ARCIU,Archimedes Tech SPAC Partners III Co. - Unit,NASDAQ,NA,NA,ARCIU
ARCIW,Archimedes Tech SPAC Partners III Co. - Warrant,NASDAQ,NA,NA,ARCIW
ARCL,ARC Group Acquisition I Corp - Class A Ordinary Shares,NASDAQ,NA,NA,ARCL
ARCLR,ARC Group Acquisition I Corp - Right,NASDAQ,NA,NA,ARCLR
ARCLU,ARC Group Acquisition I Corp - Unit,NASDAQ,NA,NA,ARCLU
ARCLW,ARC Group Acquisition I Corp - Warrants,NASDAQ,NA,NA,ARCLW
ARCO,Arcos Dorados Holdings Inc. Class A Shares,NYSE,ARCO,ARCO,ARCO
ARCT,Arcturus Therapeutics Holdings Inc. - Common Stock,NASDAQ,NA,NA,ARCT
ARDC,"Ares Dynamic Credit Allocation Fund, Inc. Common Shares",NYSE,ARDC,ARDC,ARDC
ARDT,"Ardent Health, Inc. Common Stock",NYSE,ARDT,ARDT,ARDT
ARDX,"Ardelyx, Inc. - Common Stock",NASDAQ,NA,NA,ARDX
ARE,"Alexandria Real Estate Equities, Inc. Common Stock",NYSE,ARE,ARE,ARE
AREC,American Resources Corporation - Class A Common Stock,NASDAQ,NA,NA,AREC
AREN,"The Arena Group Holdings, Inc. Common Stock",AMEX,AREN,AREN,AREN
ARES,Ares Management Corporation Class A Common Stock,NYSE,ARES,ARES,ARES
ARES-PB,Ares Management Corporation 6.75% Series B Mandatory Convertible Preferred Stock,NYSE,ARES$B,ARESpB,ARES-B
ARGX,argenx SE - American Depositary Shares,NASDAQ,NA,NA,ARGX
ARHS,"Arhaus, Inc. - Class A Common Stock",NASDAQ,NA,NA,ARHS
ARI,"Apollo Commercial Real Estate Finance, Inc",NYSE,ARI,ARI,ARI
ARIS,Aris Mining Corporation Common Shares,NYSE,ARIS,ARIS,ARIS
ARKO,ARKO Corp. - Common Stock,NASDAQ,NA,NA,ARKO
ARKR,Ark Restaurants Corp. - Common Stock,NASDAQ,NA,NA,ARKR
ARL,"American Realty Investors, Inc. Common Stock",NYSE,ARL,ARL,ARL
ARLO,"Arlo Technologies, Inc. Common Stock",NYSE,ARLO,ARLO,ARLO
ARLP,"Alliance Resource Partners, L.P. - Common Units Representing Limited Partnership Interests",NASDAQ,NA,NA,ARLP
ARM,Arm Holdings plc - American Depositary Shares,NASDAQ,NA,NA,ARM
ARMK,Aramark Common Stock,NYSE,ARMK,ARMK,ARMK
ARMP,"Armata Pharmaceuticals, Inc. Common Stock",AMEX,ARMP,ARMP,ARMP
AROC,"Archrock, Inc. Common Stock",NYSE,AROC,AROC,AROC
AROW,Arrow Financial Corporation - Common Stock,NASDAQ,NA,NA,AROW
ARQ,"Arq, Inc. - Common Stock",NASDAQ,NA,NA,ARQ
ARQQ,Arqit Quantum Inc. - Ordinary Shares,NASDAQ,NA,NA,ARQQ
ARQQW,Arqit Quantum Inc. - Warrants,NASDAQ,NA,NA,ARQQW
ARQT,"Arcutis Biotherapeutics, Inc. - Common stock",NASDAQ,NA,NA,ARQT
ARR,"ARMOUR Residential REIT, Inc.",NYSE,ARR,ARR,ARR
ARR-PC,"ARMOUR Residential REIT, Inc. 7% Series C Cumulative Redeemable Preferred Stock (liquidation preference $25.00 per share)",NYSE,ARR$C,ARRpC,ARR-C
ARRY,"Array Technologies, Inc. - Common Stock",NASDAQ,NA,NA,ARRY
ARTC,Art Technology Acquisition Corp. - Class A Ordinary Shares,NASDAQ,NA,NA,ARTC
ARTCU,Art Technology Acquisition Corp. - Units,NASDAQ,NA,NA,ARTCU
ARTCW,Art Technology Acquisition Corp. - Warrants,NASDAQ,NA,NA,ARTCW
ARTL,"Artelo Biosciences, Inc. - Common Stock",NASDAQ,NA,NA,ARTL
ARTNA,Artesian Resources Corporation - Class A Non-Voting Common Stock,NASDAQ,NA,NA,ARTNA
ARTV,"Artiva Biotherapeutics, Inc. - Common Stock",NASDAQ,NA,NA,ARTV
ARTW,"Art's-Way Manufacturing Co., Inc. - Common Stock",NASDAQ,NA,NA,ARTW
ARVN,"Arvinas, Inc. - Common Stock",NASDAQ,NA,NA,ARVN
ARW,"Arrow Electronics, Inc. Common Stock",NYSE,ARW,ARW,ARW
ARWR,"Arrowhead Pharmaceuticals, Inc. - Common Stock",NASDAQ,NA,NA,ARWR
ARX,Accelerant Holdings Class A Common Shares,NYSE,ARX,ARX,ARX
ARXS,"Arxis, Inc. - Class A Common Stock",NASDAQ,NA,NA,ARXS
AS,"Amer Sports, Inc. Ordinary Shares",NYSE,AS,AS,AS
ASA,ASA  Gold and Precious Metals Limited,NYSE,ASA,ASA,ASA
ASAN,"Asana, Inc. Class A Common Stock",NYSE,ASAN,ASAN,ASAN
ASB,Associated Banc-Corp Common Stock,NYSE,ASB,ASB,ASB
ASB-PE,"Associated Banc-Corp Depositary Shares, each representing a 1/40th interest in a share of 5.875% Non-Cumulative Perpetual Preferred Stock, Series E",NYSE,ASB$E,ASBpE,ASB-E
ASB-PF,"Associated Banc-Corp Depositary Shares, each representing a 1/40th interest in a share of Associated Banc-Corp 5.625% Non-Cumulative Perpetual Preferred Stock, Series F",NYSE,ASB$F,ASBpF,ASB-F
ASBA,Associated Banc-Corp 6.625% Fixed-Rate Reset Subordinated Notes due 2033,NYSE,ASBA,ASBA,ASBA
ASBP,"Aspire Biopharma Holdings, Inc.  - Common Stock",NASDAQ,NA,NA,ASBP
ASBPW,"Aspire Biopharma Holdings, Inc.  - Warrant",NASDAQ,NA,NA,ASBPW
ASC,Ardmore Shipping Corporation Common Stock,NYSE,ASC,ASC,ASC
ASG,"Liberty All-Star Growth Fund, Inc.",NYSE,ASG,ASG,ASG
ASGI,abrdn Global Infrastructure Income Fund Common Shares of Beneficial Interest,NYSE,ASGI,ASGI,ASGI
ASH,Ashland Inc. Common Stock,NYSE,ASH,ASH,ASH
ASIC,Ategrity Specialty Insurance Company Holdings Common Stock,NYSE,ASIC,ASIC,ASIC
ASIX,AdvanSix Inc. Common Stock ,NYSE,ASIX,ASIX,ASIX
ASLE,AerSale Corporation - Common Stock,NASDAQ,NA,NA,ASLE
ASM,Avino Silver & Gold Mines Ltd. Common Shares (Canada),AMEX,ASM,ASM,ASM
ASMB,"Assembly Biosciences, Inc. - Common Stock",NASDAQ,NA,NA,ASMB
ASML,ASML Holding N.V. - New York Registry Shares,NASDAQ,NA,NA,ASML
ASND,Ascendis Pharma A/S - Ordinary Share,NASDAQ,NA,NA,ASND
ASO,"Academy Sports and Outdoors, Inc. - Common Stock",NASDAQ,NA,NA,ASO
ASPC,A SPAC III Acquisition Corp. - Class A Ordinary Shares,NASDAQ,NA,NA,ASPC
ASPCR,A SPAC III Acquisition Corp. - Right,NASDAQ,NA,NA,ASPCR
ASPCU,A SPAC III Acquisition Corp. - Unit,NASDAQ,NA,NA,ASPCU
ASPI,ASP Isotopes Inc. - Common Stock,NASDAQ,NA,NA,ASPI
ASPN,"Aspen Aerogels, Inc. Common Stock",NYSE,ASPN,ASPN,ASPN
ASPS,Altisource Portfolio Solutions S.A. - Common Stock,NASDAQ,NA,NA,ASPS
ASPSW,Altisource Portfolio Solutions S.A. - Net Settle Stakeholder Warrants,NASDAQ,NA,NA,ASPSW
ASPSZ,Altisource Portfolio Solutions S.A. - Cash Exercise Stakeholder Warrants,NASDAQ,NA,NA,ASPSZ
ASR,"Grupo Aeroportuario del Sureste, S.A. de C.V. Common Stock",NYSE,ASR,ASR,ASR
ASRV,AmeriServ Financial Inc. - Common Stock,NASDAQ,NA,NA,ASRV
ASST,"Strive, Inc. - Class A Common Stock",NASDAQ,NA,NA,ASST
ASTC,Astrotech Corporation - Common Stock,NASDAQ,NA,NA,ASTC
ASTE,"Astec Industries, Inc. - Common Stock",NASDAQ,NA,NA,ASTE
ASTH,Astrana Health Inc. - Common Stock,NASDAQ,NA,NA,ASTH
ASTI,"Ascent Solar Technologies, Inc - Common Stock",NASDAQ,NA,NA,ASTI
ASTL,Algoma Steel Group Inc. - Common Shares,NASDAQ,NA,NA,ASTL
ASTLW,Algoma Steel Group Inc. - Warrant,NASDAQ,NA,NA,ASTLW
ASTS,"AST SpaceMobile, Inc. - Class A Common Stock",NASDAQ,NA,NA,ASTS
ASUR,Asure Software Inc - Common Stock,NASDAQ,NA,NA,ASUR
ASX,"ASE Technology Holding Co., Ltd. American Depositary Shares (each representing Two Common Shares) ",NYSE,ASX,ASX,ASX
ASYS,"Amtech Systems, Inc. - Common Stock",NASDAQ,NA,NA,ASYS
ATAI,AtaiBeckley Inc. - Common Stock,NASDAQ,NA,NA,ATAI
ATAT,Atour Lifestyle Holdings Limited - American Depositary Shares,NASDAQ,NA,NA,ATAT
ATCH,"AtlasClear Holdings, Inc. Common Stock",AMEX,ATCH,ATCH,ATCH
ATCX,Atlas Critical Minerals Corporation - Common Stock,NASDAQ,NA,NA,ATCX
ATEC,"Alphatec Holdings, Inc. - Common Stock",NASDAQ,NA,NA,ATEC
ATEN,"A10 Networks, Inc. Common Stock",NYSE,ATEN,ATEN,ATEN
ATER,"Aterian, Inc. - Common Stock",NASDAQ,NA,NA,ATER
ATEST,Tick Pilot Test Control Common Stock,AMEX,ATEST,ATEST,ATEST
ATEST-A,Tick Pilot Test Group 1 Common Stock,AMEX,ATEST.A,ATEST.A,ATEST.A
ATEST-B,Tick pilot Test 2 Common Stock,AMEX,ATEST.B,ATEST.B,ATEST.B
ATEST-C,Tick Pilot Test 3 Common Stock,AMEX,ATEST.C,ATEST.C,ATEST.C
ATEX,Anterix Inc. - Common Stock,NASDAQ,NA,NA,ATEX
ATGL,Alpha Technology Group Limited - Class A Ordinary Shares,NASDAQ,NA,NA,ATGL
ATH-PA,"Athene Holding Ltd. Depositary Shares, Each Representing a 1/1,000th Interest in a 6.35% Fixed-to-Floating Rate Perpetual Non-Cumulative Preference Share, Series A",NYSE,ATH$A,ATHpA,ATH-A
ATH-PB,"Athene Holding Ltd. Depositary Shares, Each Representing a 1/1,000th Interest in a 5.625% Fixed Rate Perpetual Non- Cumulative Preference Share, Series B, par value $1.00 per share",NYSE,ATH$B,ATHpB,ATH-B
ATH-PD,"Athene Holding Ltd. Depositary Shares, Each Representing a 1/1,000th Interest in a 4.875% Fixed-Rate Perpetual Non-Cumulative Preference Share, Series D",NYSE,ATH$D,ATHpD,ATH-D
ATH-PE,"Athene Holding Ltd. Depositary Shares, Each Representing a 1/1,000th Interest in a 7.750% Fixed-Rate Reset Perpetual Non-Cumulative Preference Share, Series E",NYSE,ATH$E,ATHpE,ATH-E
ATHE,Alterity Therapeutics Limited - American Depositary Shares,NASDAQ,NA,NA,ATHE
ATHM,"Autohome Inc. American Depositary Shares, each representing four class A ordinary shares.",NYSE,ATHM,ATHM,ATHM
ATHR,"Aether Holdings, Inc. - Common Stock",NASDAQ,NA,NA,ATHR
ATHS,Athene Holding Ltd. 7.250% Fixed-Rate Reset Junior Subordinated Debentures due 2064,NYSE,ATHS,ATHS,ATHS
ATI,ATI Inc. Common Stock,NYSE,ATI,ATI,ATI
ATII,Archimedes Tech SPAC Partners II Co. - Ordinary Shares,NASDAQ,NA,NA,ATII
ATIIU,Archimedes Tech SPAC Partners II Co. - Unit,NASDAQ,NA,NA,ATIIU
ATIIW,Archimedes Tech SPAC Partners II Co. - Warrant,NASDAQ,NA,NA,ATIIW
ATKR,Atkore Inc. Common Stock,NYSE,ATKR,ATKR,ATKR
ATLC,Atlanticus Holdings Corporation - Common Stock,NASDAQ,NA,NA,ATLC
ATLCL,Atlanticus Holdings Corporation - 6.125% Senior Notes due 2026,NASDAQ,NA,NA,ATLCL
ATLCP,"Atlanticus Holdings Corporation - 7.625% Series B Cumulative Perpetual Preferred Stock, no par value per share",NASDAQ,NA,NA,ATLCP
ATLCZ,Atlanticus Holdings Corporation - 9.25% Senior Notes due 2029,NASDAQ,NA,NA,ATLCZ
ATLO,Ames National Corporation - Common Stock,NASDAQ,NA,NA,ATLO
ATLX,Atlas Lithium Corporation - Common Stock,NASDAQ,NA,NA,ATLX
ATMP,iPath Select MLP ETN,BATS,ATMP,ATMP,ATMP
ATMU,Atmus Filtration Technologies Inc. Common Stock,NYSE,ATMU,ATMU,ATMU
ATNI,"ATN International, Inc. - Common Stock",NASDAQ,NA,NA,ATNI
ATNM,"Actinium Pharmaceuticals, Inc. (Delaware) Common Stock",AMEX,ATNM,ATNM,ATNM
ATO,Atmos Energy Corporation Common Stock,NYSE,ATO,ATO,ATO
ATOM,Atomera Incorporated - Common Stock,NASDAQ,NA,NA,ATOM
ATOS,"Atossa Therapeutics, Inc. - Common Stock",NASDAQ,NA,NA,ATOS
ATPC,Agape ATP Corporation - Common Stock,NASDAQ,NA,NA,ATPC
ATR,"AptarGroup, Inc. Common Stock",NYSE,ATR,ATR,ATR
ATRA,"Atara Biotherapeutics, Inc. - Common Stock",NASDAQ,NA,NA,ATRA
ATRC,"AtriCure, Inc. - Common Stock",NASDAQ,NA,NA,ATRC
ATRO,Astronics Corporation - Common Stock,NASDAQ,NA,NA,ATRO
ATS,ATS Corporation Common Shares,NYSE,ATS,ATS,ATS
ATTO,"Attovia Therapeutics, Inc. - Common Stock",NASDAQ,NA,NA,ATTO
ATXG,Addentax Group Corp. - Common Stock,NASDAQ,NA,NA,ATXG
ATYR,"aTyr Pharma, Inc. - Common Stock",NASDAQ,NA,NA,ATYR
AU,AngloGold Ashanti PLC Ordinary Shares,NYSE,AU,AU,AU
AUB,Atlantic Union Bankshares Corporation Common Stock,NYSE,AUB,AUB,AUB
AUB-PA,"Atlantic Union Bankshares Corporation Depositary Shares each representing a 1/400th ownership interest in a share of 6.875% Perpetual Non-Cumulative Preferred Stock, Series A",NYSE,AUB$A,AUBpA,AUB-A
AUBN,"Auburn National Bancorporation, Inc. - Common Stock",NASDAQ,NA,NA,AUBN
AUC,ATIF Holdings Limited - Ordinary Shares,NASDAQ,NA,NA,AUC
AUDC,AudioCodes Ltd. - Ordinary Shares,NASDAQ,NA,NA,AUDC
AUGO,Aura Minerals Inc. - Common Shares,NASDAQ,NA,NA,AUGO
AUID,authID Inc. - Common Stock,NASDAQ,NA,NA,AUID
AUNA,Auna SA Class A Ordinary Shares,NYSE,AUNA,AUNA,AUNA
AUPH,Aurinia Pharmaceuticals Inc - Common Shares,NASDAQ,NA,NA,AUPH
AUR,"Aurora Innovation, Inc.  - Class A Common Stock",NASDAQ,NA,NA,AUR
AURA,"Aura Biosciences, Inc. - Common Stock",NASDAQ,NA,NA,AURA
AURE,Aurelion Inc.  - Class A Ordinary Shares,NASDAQ,NA,NA,AURE
AUROW,"Aurora Innovation, Inc.  - Warrant",NASDAQ,NA,NA,AUROW
AUST,Austin Gold Corp. Common Shares,AMEX,AUST,AUST,AUST
AUTL,Autolus Therapeutics plc - American Depositary Shares,NASDAQ,NA,NA,AUTL
AUUD,Auddia Inc. - Common Stock,NASDAQ,NA,NA,AUUD
AVA,Avista Corporation Common Stock,NYSE,AVA,AVA,AVA
AVAH,Aveanna Healthcare Holdings Inc. - Common Stock,NASDAQ,NA,NA,AVAH
AVAL,Grupo Aval Acciones y Valores S.A. ADR (Each representing 20 preferred shares),NYSE,AVAL,AVAL,AVAL
AVAT,Avalanche Treasury Corporation - Class A Common Stock,NASDAQ,NA,NA,AVAT
AVAV,"AeroVironment, Inc. - Common Stock",NASDAQ,NA,NA,AVAV
AVB,"AvalonBay Communities, Inc. Common Stock",NYSE,AVB,AVB,AVB
AVBC,"Avidia Bancorp, Inc. Common Stock",NYSE,AVBC,AVBC,AVBC
AVBH,"Avidbank Holdings, Inc. - Common Stock",NASDAQ,NA,NA,AVBH
AVBP,"ArriVent BioPharma, Inc. - Common Stock",NASDAQ,NA,NA,AVBP
AVD,American Vanguard Corporation Common Stock ($0.10 Par Value),NYSE,AVD,AVD,AVD
AVEX,AEVEX Corp. Class A Common Stock,NYSE,AVEX,AVEX,AVEX
AVGO,Broadcom Inc. - Common Stock,NASDAQ,NA,NA,AVGO
AVIR,"Atea Pharmaceuticals, Inc. - common stock",NASDAQ,NA,NA,AVIR
AVK,Advent Convertible and Income Fund,NYSE,AVK,AVK,AVK
AVLN,Avalyn Pharma Inc. - common stock,NASDAQ,NA,NA,AVLN
AVNT,Avient Corporation Common Stock,NYSE,AVNT,AVNT,AVNT
AVNW,"Aviat Networks, Inc. - Common Stock",NASDAQ,NA,NA,AVNW
AVO,"Mission Produce, Inc. - Common Stock",NASDAQ,NA,NA,AVO
AVPT,"AvePoint, Inc. - Class A Common Stock",NASDAQ,NA,NA,AVPT
AVR,Anteris Technologies Global Corp. - Common Stock,NASDAQ,NA,NA,AVR
AVT,"Avnet, Inc. - Common Stock",NASDAQ,NA,NA,AVT
AVTR,"Avantor, Inc. Common Stock",NYSE,AVTR,AVTR,AVTR
AVTX,"Avalo Therapeutics, Inc. - Common Stock",NASDAQ,NA,NA,AVTX
AVX,Avax One Technology Ltd. - Common Shares,NASDAQ,NA,NA,AVX
AVXL,Anavex Life Sciences Corp. - Common Stock,NASDAQ,NA,NA,AVXL
AVY,Avery Dennison Corporation Common Stock,NYSE,AVY,AVY,AVY
AWF,Alliancebernstein Global High Income Fund,NYSE,AWF,AWF,AWF
AWI,Armstrong World Industries Inc Common Stock,NYSE,AWI,AWI,AWI
AWK,"American Water Works Company, Inc. Common Stock",NYSE,AWK,AWK,AWK
AWP,abrdn Global Premier Properties Fund Common Shares of Beneficial Interest,NYSE,AWP,AWP,AWP
AWR,American States Water Company Common Stock,NYSE,AWR,AWR,AWR
AWRE,"Aware, Inc. - Common Stock",NASDAQ,NA,NA,AWRE
AWX,Avalon Holdings Corporation Common Stock,AMEX,AWX,AWX,AWX
AX,"Axos Financial, Inc. Common Stock",NYSE,AX,AX,AX
AXG,Solowin Holdings - Class A Ordinary Share,NASDAQ,NA,NA,AXG
AXGN,"Axogen, Inc. - Common Stock",NASDAQ,NA,NA,AXGN
AXIL,"AXIL Brands, Inc. Common Stock",AMEX,AXIL,AXIL,AXIL
AXIN,Axiom Intelligence Acquisition Corp 1 - Class A Ordinary Shares,NASDAQ,NA,NA,AXIN
AXINR,Axiom Intelligence Acquisition Corp 1 - Right,NASDAQ,NA,NA,AXINR
AXINU,Axiom Intelligence Acquisition Corp 1 - Units,NASDAQ,NA,NA,AXINU
AXON,"Axon Enterprise, Inc. - Common Stock",NASDAQ,NA,NA,AXON
AXP,American Express Company Common Stock,NYSE,AXP,AXP,AXP
AXR,AMREP Corporation Common Stock,NYSE,AXR,AXR,AXR
AXS,Axis Capital Holdings Limited Common Stock,NYSE,AXS,AXS,AXS
AXS-PE,"Axis Capital Holdings Limited Depositary Shares, each representing 1/100th interest in a share of a 5.50% Series E Preferred Shares",NYSE,AXS$E,AXSpE,AXS-E
AXSM,"Axsome Therapeutics, Inc. - Common Stock",NASDAQ,NA,NA,AXSM
AXTA,Axalta Coating Systems Ltd. Common Shares,NYSE,AXTA,AXTA,AXTA
AXTI,AXT Inc - Common Stock,NASDAQ,NA,NA,AXTI
AYA,Aya Gold & Silver Inc. - Common Shares,NASDAQ,NA,NA,AYA
AYI,Acuity Inc. Common Stock,NYSE,AYI,AYI,AYI
AYTU,"Aytu BioPharma, Inc.  - Common Stock",NASDAQ,NA,NA,AYTU
AZ,A2Z Cust2Mate Solutions Corp. - Common Shares,NASDAQ,NA,NA,AZ
AZI,Autozi Internet Technology (Global) Ltd. - Class A Ordinary Shares,NASDAQ,NA,NA,AZI
AZIO,"Azio AI Holdings, Inc. - Common stock",NASDAQ,NA,NA,AZIO
AZN,AstraZeneca PLC Ordinary Shares,NYSE,AZN,AZN,AZN
AZO,"AutoZone, Inc. Common Stock",NYSE,AZO,AZO,AZO
AZTA,"Azenta, Inc. - Common Stock",NASDAQ,NA,NA,AZTA
AZTR,Azitra Inc Common Stock,AMEX,AZTR,AZTR,AZTR
AZUL,"Azul S.A. American Depositary Shares, each representing two (2) Common Shares",NYSE,AZUL,AZUL,AZUL
AZZ,AZZ Inc.,NYSE,AZZ,AZZ,AZZ
B,Barrick Mining Corporation Common Shares,NYSE,B,B,B
BA,Boeing Company (The) Common Stock,NYSE,BA,BA,BA
BA-PA,"Boeing Company (The) Depositary Shares, each representing a 1/20th interest in a share of 6.00% Series A Mandatory Convertible Preferred Stock, par value $1.00",NYSE,BA$A,BApA,BA-A
BABA,Alibaba Group Holding Limited American Depositary Shares each representing eight Ordinary share,NYSE,BABA,BABA,BABA
BAC,Bank of America Corporation Common Stock,NYSE,BAC,BAC,BAC
BAC-PB,"Bank of America Corporation Depositary Shares, each representing a 1/1,000th interest in a share of 6.000% Non-Cumulative Preferred Stock, Series GG",NYSE,BAC$B,BACpB,BAC-B
BAC-PE,Bank of America Corporation Depositary Sh repstg 1/1000th Perp Pfd Ser E,NYSE,BAC$E,BACpE,BAC-E
BAC-PK,"Bank of America Corporation Depositary Shares, each representing a 1/1,000th interest in a share of 5.875% Non- Cumulative Preferred Stock, Series HH",NYSE,BAC$K,BACpK,BAC-K
BAC-PL,Bank of America Corporation Non Cumulative Perpetual Conv Pfd Ser L,NYSE,BAC$L,BACpL,BAC-L
BAC-PM,"Bank of America Corporation Depositary Shares, each representing a 1/1,000th interest in a share of 5.375% Non-Cumulative Preferred Stock, Series KK",NYSE,BAC$M,BACpM,BAC-M
BAC-PN,"Bank of America Corporation Depositary shares, each representing 1/1,000th interest in a share of 5.000% Non-Cumulative Preferred Stock, Series LL",NYSE,BAC$N,BACpN,BAC-N
BAC-PO,"Bank of America Corporation Depositary shares, each representing 1/1,000th interest in a share of 4.375% Non-Cumulative Preferred Stock, Series NN",NYSE,BAC$O,BACpO,BAC-O
BAC-PP,"Bank of America Corporation Depositary Shares, each representing a 1/1,000th interest in a share of 4.125% Non-Cumulative Preferred Stock, Series PP",NYSE,BAC$P,BACpP,BAC-P
BAC-PQ,"Bank of America Corporation Depositary shares, each representing 1/1,000th interest in a share of 4.250% Non-Cumulative Preferred Stock, Series QQ",NYSE,BAC$Q,BACpQ,BAC-Q
BAC-PS,"Bank of America Corporation Depositary shares, each representing 1/1,000th interest in a share of 4.750% Non-Cumulative Preferred Stock, Series SS",NYSE,BAC$S,BACpS,BAC-S
BACC,Blue Acquisition Corp. - Class A Ordinary Shares,NASDAQ,NA,NA,BACC
BACCR,Blue Acquisition Corp. - Right,NASDAQ,NA,NA,BACCR
BACCU,Blue Acquisition Corp. - Unit,NASDAQ,NA,NA,BACCU
BAER,"Bridger Aerospace Group Holdings, Inc. - Common Stock",NASDAQ,NA,NA,BAER
BAERW,"Bridger Aerospace Group Holdings, Inc. - Warrant",NASDAQ,NA,NA,BAERW
BAFN,BayFirst Financial Corp. - Common Stock,NASDAQ,NA,NA,BAFN
BAH,Booz Allen Hamilton Holding Corporation Common Stock,NYSE,BAH,BAH,BAH
BAK,Braskem SA ADR,NYSE,BAK,BAK,BAK
BALL,Ball Corporation Common Stock,NYSE,BALL,BALL,BALL
BALY,Bally's Corporation Common Stock,NYSE,BALY,BALY,BALY
BAM,Brookfield Asset Management Inc Class A Limited Voting Shares,NYSE,BAM,BAM,BAM
BANC,"Banc of California, Inc. Common Stock",NYSE,BANC,BANC,BANC
BANC-PF,"Banc of California, Inc. Depositary Shares, each representing a 1/40th interest in a share of 7.75% non-cumulative perpetual preferred stock, Series F",NYSE,BANC$F,BANCpF,BANC-F
BAND,Bandwidth Inc. - Class A Common Stock,NASDAQ,NA,NA,BAND
BANF,BancFirst Corporation - Common Stock,NASDAQ,NA,NA,BANF
BANFP,BancFirst Corporation - 7.2% Cumulative Trust Preferred Securities,NASDAQ,NA,NA,BANFP
BANL,CBL International Limited - Class B Ordinary Shares,NASDAQ,NA,NA,BANL
BANR,Banner Corporation - Common Stock,NASDAQ,NA,NA,BANR
BANX,ArrowMark Financial Corp. - Closed End Fund,NASDAQ,NA,NA,BANX
BAOS,Baosheng Media Group Holdings Limited - Ordinary shares,NASDAQ,NA,NA,BAOS
BAP,Credicorp Ltd. Common Stock,NYSE,BAP,BAP,BAP
BAR,GraniteShares Gold Trust Shares of Beneficial Interest,ARCA,BAR,BAR,BAR
BARK,"BARK, Inc. Class A Common Stock",NYSE,BARK,BARK,BARK
BATL,Battalion Oil Corporation Common Stock,AMEX,BATL,BATL,BATL
BATRA,"Atlanta Braves Holdings, Inc. - Series A Common Stock",NASDAQ,NA,NA,BATRA
BATRK,"Atlanta Braves Holdings, Inc. - Series C Common Stock",NASDAQ,NA,NA,BATRK
BAX,Baxter International Inc. Common Stock,NYSE,BAX,BAX,BAX
BB,BlackBerry Limited Common Stock,NYSE,BB,BB,BB
BBAI,"BigBear.ai, Inc. Common Stock",NYSE,BBAI,BBAI,BBAI
BBAI-WT,"BigBear.ai, Inc. Redeemable Warrants, each exercisable for one share of Common Stock at an exercise price of $11.50 per share",NYSE,BBAI.W,BBAI.WS,BBAI+
BBAR,Banco BBVA Argentina S.A. ADS,NYSE,BBAR,BBAR,BBAR
BBBY,"Bed Bath & Beyond, Inc. Common Stock",NYSE,BBBY,BBBY,BBBY
BBBY-WT,"Bed Bath & Beyond, Inc. Warrants to Purchase Common Stock",NYSE,BBBY.W,BBBY.WS,BBBY+
BBCP,"Concrete Pumping Holdings, Inc.  - Common Stock",NASDAQ,NA,NA,BBCP
BBCQ,Bleichroeder Acquisition Corp. II - Class A Ordinary Shares,NASDAQ,NA,NA,BBCQ
BBCQU,Bleichroeder Acquisition Corp. II - Units,NASDAQ,NA,NA,BBCQU
BBCQW,Bleichroeder Acquisition Corp. II - Warrants,NASDAQ,NA,NA,BBCQW
BBD,Banco Bradesco Sa American Depositary Shares,NYSE,BBD,BBD,BBD
BBDC,"Barings BDC, Inc. Common Stock",NYSE,BBDC,BBDC,BBDC
BBDO,Banco Bradesco Sa American Depositary Shares (each representing one Common Share),NYSE,BBDO,BBDO,BBDO
BBGI,"Beasley Broadcast Group, Inc. - Class A Common Stock",NASDAQ,NA,NA,BBGI
BBIO,"BridgeBio Pharma, Inc. - Common Stock",NASDAQ,NA,NA,BBIO
BBLG,Bone Biologics Corp - Common Stock,NASDAQ,NA,NA,BBLG
BBLGW,Bone Biologics Corp - warrants,NASDAQ,NA,NA,BBLGW
BBN,BlackRock Taxable Municipal Bond Trust Common Shares of Beneficial Interest,NYSE,BBN,BBN,BBN
BBNX,"Beta Bionics, Inc. - Common Stock",NASDAQ,NA,NA,BBNX
BBOT,"BridgeBio Oncology Therapeutics, Inc. - Common Stock",NASDAQ,NA,NA,BBOT
BBSI,"Barrett Business Services, Inc. - Common Stock",NASDAQ,NA,NA,BBSI
BBT,Beacon Financial Corporation Common stock,NYSE,BBT,BBT,BBT
BBUC,Brookfield Business Corporation Class A Subordinate Voting Shares,NYSE,BBUC,BBUC,BBUC
BBVA,Banco Bilbao Vizcaya Argentaria S.A. Common Stock,NYSE,BBVA,BBVA,BBVA
BBW,"Build-A-Bear Workshop, Inc. Common Stock",NYSE,BBW,BBW,BBW
BBWI,"Bath & Body Works, Inc.",NYSE,BBWI,BBWI,BBWI
BBY,"Best Buy Co., Inc. Common Stock",NYSE,BBY,BBY,BBY
BC,Brunswick Corporation Common Stock,NYSE,BC,BC,BC
BC-PC,Brunswick Corporation 6.375% Notes due 2049,NYSE,BC$C,BCpC,BC-C
BCAB,"BioAtla, Inc. - Common Stock",NASDAQ,NA,NA,BCAB
BCAL,California BanCorp - Common Stock,NASDAQ,NA,NA,BCAL
BCAR,D. Boral ARC Acquisition I Corp. - Class A Ordinary Shares,NASDAQ,NA,NA,BCAR
BCARU,D. Boral ARC Acquisition I Corp. - Units,NASDAQ,NA,NA,BCARU
BCARW,D. Boral ARC Acquisition I Corp. - Warrant,NASDAQ,NA,NA,BCARW
BCAT,BlackRock Capital Allocation Term Trust Common Shares of Beneficial Interest,NYSE,BCAT,BCAT,BCAT
BCAX,Bicara Therapeutics Inc. - Common Stock,NASDAQ,NA,NA,BCAX
BCBP,"BCB Bancorp, Inc. (NJ) - Common Stock",NASDAQ,NA,NA,BCBP
BCC,"Boise Cascade, L.L.C. Common Stock",NYSE,BCC,BCC,BCC
BCCQ,Bleichroeder Acquisition Corp. III - Class A Ordinary Shares,NASDAQ,NA,NA,BCCQ
BCCQU,Bleichroeder Acquisition Corp. III - Units,NASDAQ,NA,NA,BCCQU
BCCQW,Bleichroeder Acquisition Corp. III - Warrant,NASDAQ,NA,NA,BCCQW
BCDA,"BioCardia, Inc. - Common Stock",NASDAQ,NA,NA,BCDA
BCE,"BCE, Inc. Common Stock",NYSE,BCE,BCE,BCE
BCG,"Binah Capital Group, Inc. - Common Stock",NASDAQ,NA,NA,BCG
BCGWW,"Binah Capital Group, Inc. - Warrants",NASDAQ,NA,NA,BCGWW
BCH,Banco De Chile ADS,NYSE,BCH,BCH,BCH
BCHT,Birchtech Corp. Common Stock,AMEX,BCHT,BCHT,BCHT
BCIC,BCP Investment Corporation - Closed End Fund,NASDAQ,NA,NA,BCIC
BCML,BayCom Corp - Common Stock,NASDAQ,NA,NA,BCML
BCO,Brinks Company (The) Common Stock,NYSE,BCO,BCO,BCO
BCPC,Balchem Corporation - Common Stock,NASDAQ,NA,NA,BCPC
BCRX,"BioCryst Pharmaceuticals, Inc. - Common Stock",NASDAQ,NA,NA,BCRX
BCS,Barclays PLC Common Stock,NYSE,BCS,BCS,BCS
BCSF,"Bain Capital Specialty Finance, Inc. Common Stock",NYSE,BCSF,BCSF,BCSF
BCSS,Bain Capital GSS Investment Corp. Class A Ordinary Shares,NYSE,BCSS,BCSS,BCSS
BCSS-UN,"Bain Capital GSS Investment Corp. Units, each consisting of one Class A Ordinary Share and one-fifth of one redeemable warrant",NYSE,BCSS.U,BCSS.U,BCSS=
BCSS-WT,"Bain Capital GSS Investment Corp. Redeemable warrants, each whole warrant exercisable for one Class A ordinary share at an exercise price of $11.50",NYSE,BCSS.W,BCSS.WS,BCSS+
BCTX,BriaCell Therapeutics Corp. - Common Shares,NASDAQ,NA,NA,BCTX
BCTXL,BriaCell Therapeutics Corp. - Warrants,NASDAQ,NA,NA,BCTXL
BCTXZ,BriaCell Therapeutics Corp. - Warrant,NASDAQ,NA,NA,BCTXZ
BCV,"Bancroft Fund, Ltd.",AMEX,BCV,BCV,BCV
BCV-PA,Bancroft Fund Limited 5.375% Series A Cumulative Preferred Shares,AMEX,BCV$A,BCVpA,BCV-A
BCX,BlackRock Resources Common Shares of Beneficial Interest,NYSE,BCX,BCX,BCX
BCYC,Bicycle Therapeutics plc - American Depositary Shares,NASDAQ,NA,NA,BCYC
BDC,Belden Inc Common Stock,NYSE,BDC,BDC,BDC
BDCI,BTC Development Corp. - Class A Ordinary Shares,NASDAQ,NA,NA,BDCI
BDCIU,BTC Development Corp. - Unit,NASDAQ,NA,NA,BDCIU
BDCIW,BTC Development Corp. - Warrant,NASDAQ,NA,NA,BDCIW
BDCZ,"ETRACS MarketVector Business Development Companies Liquid Index ETN due April 26, 2041",ARCA,BDCZ,BDCZ,BDCZ
BDJ,Blackrock Enhanced Equity Dividend Trust,NYSE,BDJ,BDJ,BDJ
BDL,"Flanigan's Enterprises, Inc. Common Stock",AMEX,BDL,BDL,BDL
BDMD,Baird Medical Investment Holdings Ltd - Ordinary Share,NASDAQ,NA,NA,BDMD
BDMDW,Baird Medical Investment Holdings Ltd - Warrant,NASDAQ,NA,NA,BDMDW
BDN,Brandywine Realty Trust Common Stock,NYSE,BDN,BDN,BDN
BDRX,Biodexa Pharmaceuticals plc - American Depositary Shares,NASDAQ,NA,NA,BDRX
BDSX,"Biodesix, Inc. - Common Stock",NASDAQ,NA,NA,BDSX
BDTX,"Black Diamond Therapeutics, Inc. - Common Stock",NASDAQ,NA,NA,BDTX
BDX,"Becton, Dickinson and Company Common Stock",NYSE,BDX,BDX,BDX
BE,Bloom Energy Corporation Class A Common Stock,NYSE,BE,BE,BE
BEAG,Bold Eagle Acquisition Corp. - Class A Ordinary Shares,NASDAQ,NA,NA,BEAG
BEAGR,Bold Eagle Acquisition Corp. - Right,NASDAQ,NA,NA,BEAGR
BEAGU,Bold Eagle Acquisition Corp. - Units,NASDAQ,NA,NA,BEAGU
BEAM,Beam Therapeutics Inc. - Common Stock,NASDAQ,NA,NA,BEAM
BEAT,"Heartbeam, Inc. - Common Stock",NASDAQ,NA,NA,BEAT
BEATW,"Heartbeam, Inc. - Warrant",NASDAQ,NA,NA,BEATW
BEBE,TGE Value Creative Solutions Corp Class A Ordinary Shares,NYSE,BEBE,BEBE,BEBE
BEBE-UN,"TGE Value Creative Solutions Corp Units, each consisting of one Class A ordinary share and one-half of one redeemable warrant",NYSE,BEBE.U,BEBE.U,BEBE=
BEBE-WT,"TGE Value Creative Solutions Corp Redeemable warrants, each whole warrant exercisable for one Class A ordinary share at an exercise price of $11.50 per share",NYSE,BEBE.W,BEBE.WS,BEBE+
BEEM,Beam Global - Common Stock,NASDAQ,NA,NA,BEEM
BEEP,Mobile Infrastructure Corporation - Common Stock,NASDAQ,NA,NA,BEEP
BEKE,KE Holdings Inc American Depositary Shares (each representing three Class A Ordinary Shares),NYSE,BEKE,BEKE,BEKE
BELFA,Bel Fuse Inc. - Class A Common Stock,NASDAQ,NA,NA,BELFA
BELFB,Bel Fuse Inc. - Class B Common Stock,NASDAQ,NA,NA,BELFB
BEN,"Franklin Resources, Inc. Common Stock",NYSE,BEN,BEN,BEN
BENF,Beneficient - Class A Common Stock,NASDAQ,NA,NA,BENF
BENFW,Beneficient - Warrant,NASDAQ,NA,NA,BENFW
BEP,Brookfield Renewable Partners L.P. Limited Partnership Units,NYSE,BEP,BEP,BEP
BEP-PA,"Brookfield Renewable Partners L.P. 5.25% Class A Preferred Limited Partnership Units, Series 17",NYSE,BEP$A,BEPpA,BEP-A
BEPC,Brookfield Renewable Corporation Brookfield Renewable Corporation Class A Subordinate Voting Shares,NYSE,BEPC,BEPC,BEPC
BEPH,Brookfield BRP Holdings (Canada) Inc. 4.625% Perpetual Subordinated Notes,NYSE,BEPH,BEPH,BEPH
BEPI,Brookfield BRP Holdings (Canada) Inc. 4.875% Perpetual Subordinated Notes,NYSE,BEPI,BEPI,BEPI
BEPJ,Brookfield BRP Holdings (Canada) Inc. 7.250% Perpetual Subordinated Notes,NYSE,BEPJ,BEPJ,BEPJ
BESS,Bimergen Energy Corporation Common Stock,AMEX,BESS,BESS,BESS
BESS-WT,"Bimergen Energy Corporation Warrants, each share exercisable to purchase one share of Common Stock",AMEX,BESS.W,BESS.WS,BESS+
BETA,"Beta Technologies, Inc. Class A Common Stock",NYSE,BETA,BETA,BETA
BETR,Better Home & Finance Holding Company - Class A Common Stock,NASDAQ,NA,NA,BETR
BETRW,Better Home & Finance Holding Company - Warrant,NASDAQ,NA,NA,BETRW
BF-A,Brown Forman Inc Class A Common Stock,NYSE,BF.A,BF.A,BF.A
BF-B,Brown Forman Inc Class B Common Stock,NYSE,BF.B,BF.B,BF.B
BFAM,Bright Horizons Family Solutions Inc. Common Stock,NYSE,BFAM,BFAM,BFAM
BFC,Bank First Corporation - Common Stock,NASDAQ,NA,NA,BFC
BFH,"Bread Financial Holdings, Inc. Common Stock",NYSE,BFH,BFH,BFH
BFH-PA,"Bread Financial Holdings, Inc. Depositary Shares, each representing a 1/40th interest in a share of 8.625% Non-Cumulative Perpetual Preferred Stock, Series A",NYSE,BFH$A,BFHpA,BFH-A
BFH-PB,"Bread Financial Holdings, Inc. Depositary Shares, each representing a 1/40th interest in a share of 8.875% Fixed Rate Reset Non-Cumulative Perpetual Preferred Stock, Series B",NYSE,BFH$B,BFHpB,BFH-B
BFLY,"Butterfly Network, Inc. Class A Common Stock",NYSE,BFLY,BFLY,BFLY
BFRG,"Bullfrog AI Holdings, Inc. - Common Stock",NASDAQ,NA,NA,BFRG
BFRGW,"Bullfrog AI Holdings, Inc. - Warrants",NASDAQ,NA,NA,BFRGW
BFRI,Biofrontera Inc. - Common Stock,NASDAQ,NA,NA,BFRI
BFRIW,Biofrontera Inc. - Warrants,NASDAQ,NA,NA,BFRIW
BFS,"Saul Centers, Inc. Common Stock",NYSE,BFS,BFS,BFS
BFS-PD,"Saul Centers, Inc. Depositary Shares, each representing 1/100th of a share of 6.125% Series D Cumulative Redeemable Preferred Stock",NYSE,BFS$D,BFSpD,BFS-D
BFS-PE,"Saul Centers, Inc. Depositary shares, each representing a 1/100th fractional interest in a share of 6.000% Series E Cumulative Redeemable Preferred Stock",NYSE,BFS$E,BFSpE,BFS-E
BFST,"Business First Bancshares, Inc. - Common Stock",NASDAQ,NA,NA,BFST
BG,Bunge Limited Common Shares,NYSE,BG,BG,BG
BGB,Blackstone Strategic Credit 2027 Term Fund Common Shares of Beneficial Interest,NYSE,BGB,BGB,BGB
BGC,"BGC Group, Inc. - Class A Common Stock",NASDAQ,NA,NA,BGC
BGDE,"Big Digital Energy, Inc. - Common Stock",NASDAQ,NA,NA,BGDE
BGH,Barings Global Short Duration High Yield Fund Common Shares of Beneficial Interests,NYSE,BGH,BGH,BGH
BGI,Birks Group Inc. Common Stock,AMEX,BGI,BGI,BGI
BGIN,Bgin Blockchain Limited - Class A Ordinary Shares,NASDAQ,NA,NA,BGIN
BGL,Blue Gold Limited - Class A ordinary shares,NASDAQ,NA,NA,BGL
BGLC,BioNexus Gene Lab Corp - Common stock,NASDAQ,NA,NA,BGLC
BGLWW,Blue Gold Limited - Warrant,NASDAQ,NA,NA,BGLWW
BGM,BGM Group Ltd. - Class A Ordinary Shares,NASDAQ,NA,NA,BGM
BGMS,"Bio Green Med Solution, Inc. - Common Stock",NASDAQ,NA,NA,BGMS
BGR,BlackRock Energy and Resources Trust,NYSE,BGR,BGR,BGR
BGS,"B&G Foods, Inc. Common Stock",NYSE,BGS,BGS,BGS
BGSF,"BGSF, Inc. Common Stock",NYSE,BGSF,BGSF,BGSF
BGSI,Boyd Group Services Inc. Common Shares,NYSE,BGSI,BGSI,BGSI
BGT,BlackRock Floating Rate Income Trust,NYSE,BGT,BGT,BGT
BGX,Blackstone Long Short Credit Income Fund Common Shares,NYSE,BGX,BGX,BGX
BGY,Blackrock Enhanced International Dividend Trust,NYSE,BGY,BGY,BGY
BH,Biglari Holdings Inc. Class B Common Stock,NYSE,BH,BH,BH
BH-A,Biglari Holdings Inc. Class A Common Stock,NYSE,BH.A,BH.A,BH.A
BHAV,BHAV Acquisition Corp - Class A Ordinary Shares,NASDAQ,NA,NA,BHAV
BHAVR,BHAV Acquisition Corp - Rights,NASDAQ,NA,NA,BHAVR
BHAVU,BHAV Acquisition Corp - Units,NASDAQ,NA,NA,BHAVU
BHB,"Bar Harbor Bankshares, Inc. Common Stock",AMEX,BHB,BHB,BHB
BHC,Bausch Health Companies Inc. Common Stock,NYSE,BHC,BHC,BHC
BHE,"Benchmark Electronics, Inc. Common Stock",NYSE,BHE,BHE,BHE
BHF,"Brighthouse Financial, Inc. - Common Stock",NASDAQ,NA,NA,BHF
BHFAL,"Brighthouse Financial, Inc. - Junior Subordinated Debentures due 2058",NASDAQ,NA,NA,BHFAL
BHFAM,"Brighthouse Financial, Inc. - Depositary shares each representing a 1/1,000th Interest in a Share of 4.625% Non-Cumulative Preferred Stock, Series D",NASDAQ,NA,NA,BHFAM
BHFAN,"Brighthouse Financial, Inc. - depositary shares, each representing a 1/1,000th interest in a share of 5.375% Non-Cumulative Preferred Stock, Series C",NASDAQ,NA,NA,BHFAN
BHFAO,"Brighthouse Financial, Inc. - Depositary Shares, each representing a 1/1,000th interest in a share of 6.750% Non-Cumulative Preferred Stock, Series B",NASDAQ,NA,NA,BHFAO
BHFAP,"Brighthouse Financial, Inc. - Depositary Shares 6.6% Non-Cumulative Preferred Stock, Series A",NASDAQ,NA,NA,BHFAP
BHK,Blackrock Core Bond Trust,NYSE,BHK,BHK,BHK
BHM,"Bluerock Homes Trust, Inc. Class A Common Stock",AMEX,BHM,BHM,BHM
BHP,BHP Group Limited American Depositary Shares (Each representing two Ordinary Shares),NYSE,BHP,BHP,BHP
BHR,Braemar Hotels & Resorts Inc. Common Stock,NYSE,BHR,BHR,BHR
BHR-PB,"Braemar Hotels & Resorts Inc. 5.50% Series B Cumulative Convertible Preferred Stock, par value $0.01 per share",NYSE,BHR$B,BHRpB,BHR-B
BHR-PD,"Braemar Hotels & Resorts Inc. 8.25% Series D Cumulative Preferred Stock,  par value $0.01 per share",NYSE,BHR$D,BHRpD,BHR-D
BHRB,Burke & Herbert Financial Services Corp. - Common Stock,NASDAQ,NA,NA,BHRB
BHST,BioHarvest Sciences Inc. - Common Stock,NASDAQ,NA,NA,BHST
BHV,BlackRock Virginia Municipal Bond Trust,NYSE,BHV,BHV,BHV
BHVN,Biohaven Ltd. Common Shares ,NYSE,BHVN,BHVN,BHVN
BIAF,"bioAffinity Technologies, Inc. - Common Stock",NASDAQ,NA,NA,BIAF
BIAFW,"bioAffinity Technologies, Inc. - Warrant",NASDAQ,NA,NA,BIAFW
BID,Tribeca Strategic Acquisition Corp. - Class A Ordinary Shares,NASDAQ,NA,NA,BID
BIDU,"Baidu, Inc. - American Depositary Shares, each representing 8 ordinary share",NASDAQ,NA,NA,BIDU
BIDWR,Tribeca Strategic Acquisition Corp. - Rights,NASDAQ,NA,NA,BIDWR
BIDWU,Tribeca Strategic Acquisition Corp. - Unit,NASDAQ,NA,NA,BIDWU
BIIB,Biogen Inc. - Common Stock,NASDAQ,NA,NA,BIIB
BIII,Black Spade Acquisition III Co Class A Ordinary Shares,NYSE,BIII,BIII,BIII
BIII-UN,"Black Spade Acquisition III Co Units, each consisting of one Class A ordinary share and one-third of one redeemable warrant",NYSE,BIII.U,BIII.U,BIII=
BIII-WT,"Black Spade Acquisition III Co Redeemable warrants, each whole warrant exercisable for one Class A ordinary share at an exercise price of $11.50",NYSE,BIII.W,BIII.WS,BIII+
BILI,Bilibili Inc. - American Depositary Shares,NASDAQ,NA,NA,BILI
BILL,"BILL Holdings, Inc. Common Stock",NYSE,BILL,BILL,BILL
BIO,"Bio-Rad Laboratories, Inc. Class A Common Stock",NYSE,BIO,BIO,BIO
BIO-B,"Bio-Rad Laboratories, Inc. Class B  Common Stock",NYSE,BIO.B,BIO.B,BIO.B
BIOA,"BioAge Labs, Inc. - Common Stock",NASDAQ,NA,NA,BIOA
BIOT,Instinct Bio Technical Company Holdings Inc. - Common stock,NASDAQ,NA,NA,BIOT
BIOTW,Instinct Bio Technical Company Holdings Inc. - Warrants,NASDAQ,NA,NA,BIOTW
BIOX,Bioceres Crop Solutions Corp. - Ordinary Shares,NASDAQ,NA,NA,BIOX
BIP,Brookfield Infrastructure Partners LP Limited Partnership Units,NYSE,BIP,BIP,BIP
BIP-PA,"Brookfield Infrastructure Partners LP 5.125% Class A Preferred Limited Partnership Units, Series 13",NYSE,BIP$A,BIPpA,BIP-A
BIP-PB,"Brookfield Infrastructure Partners LP 5.000% Class A Preferred Limited Partnership Units, Series 14",NYSE,BIP$B,BIPpB,BIP-B
BIPC,Brookfield Infrastructure Corporation Brookfield Infrastructure Corporation,NYSE,BIPC,BIPC,BIPC
BIPH,Brookfield Infrastructure Corporation 5.000% Subordinated Notes due 2081,NYSE,BIPH,BIPH,BIPH
BIPI,BIP Bermuda Holdings I Limited 5.125% Perpetual Subordinated Notes,NYSE,BIPI,BIPI,BIPI
BIPJ,Brookfield Infrastructure Corporation 7.250% Subordinated Notes due 2084,NYSE,BIPJ,BIPJ,BIPJ
BIRD,"Smartbird, Inc. - Class A Common Stock",NASDAQ,NA,NA,BIRD
BIRK,Birkenstock Holding plc Ordinary Shares,NYSE,BIRK,BIRK,BIRK
BIT,BlackRock Multi-Sector Income Trust Common Shares of Beneficial Interest,NYSE,BIT,BIT,BIT
BIVI,BioVie Inc. - Common stock,NASDAQ,NA,NA,BIVI
BIVIW,BioVie Inc. - Warrant,NASDAQ,NA,NA,BIVIW
BIXI,Bitcoin Infrastructure Acquisition Corp Ltd. - Class A Ordinary Shares,NASDAQ,NA,NA,BIXI
BIXIU,Bitcoin Infrastructure Acquisition Corp Ltd. - Units,NASDAQ,NA,NA,BIXIU
BIXIW,Bitcoin Infrastructure Acquisition Corp Ltd. - Warrants,NASDAQ,NA,NA,BIXIW
BIYA,Baiya International Group Inc.  - Ordinary Shares,NASDAQ,NA,NA,BIYA
BJ,"BJ's Wholesale Club Holdings, Inc. Common Stock",NYSE,BJ,BJ,BJ
BJDX,"Bluejay Diagnostics, Inc. - Common Stock",NASDAQ,NA,NA,BJDX
BJRI,"BJ's Restaurants, Inc. - Common Stock",NASDAQ,NA,NA,BJRI
BKD,Brookdale Senior Living Inc. Common Stock,NYSE,BKD,BKD,BKD
BKE,"Buckle, Inc. (The) Common Stock",NYSE,BKE,BKE,BKE
BKH,Black Hills Corporation Common Stock,NYSE,BKH,BKH,BKH
BKHA,Black Hawk Acquisition Corporation - Class A Ordinary Shares,NASDAQ,NA,NA,BKHA
BKHAR,Black Hawk Acquisition Corporation - Rights,NASDAQ,NA,NA,BKHAR
BKHAU,Black Hawk Acquisition Corporation - Units,NASDAQ,NA,NA,BKHAU
BKKT,"Bakkt, Inc. Class A Common Stock",NYSE,BKKT,BKKT,BKKT
BKKT-WT,"Bakkt, Inc. Warrants to purchase Class A Common Stock, each Warrant entitles a holder to purchase 1/25th of a share of Class A common stock at an exercise price of $287.50 for one share",NYSE,BKKT.W,BKKT.WS,BKKT+
BKNG,Booking Holdings Inc. - Common Stock,NASDAQ,NA,NA,BKNG
BKR,Baker Hughes Company - Common Stock,NASDAQ,NA,NA,BKR
BKSY,BlackSky Technology Inc. Class A Common Stock,NYSE,BKSY,BKSY,BKSY
BKT,BlackRock Income Trust Inc. (The),NYSE,BKT,BKT,BKT
BKTI,BK Technologies Corporation Common Stock,AMEX,BKTI,BKTI,BKTI
BKU,"BankUnited, Inc. Common Stock",NYSE,BKU,BKU,BKU
BKV,BKV Corporation Common Stock,NYSE,BKV,BKV,BKV
BKYI,"BIO-key International, Inc. - Common Stock",NASDAQ,NA,NA,BKYI
BL,"BlackLine, Inc. - Common Stock",NASDAQ,NA,NA,BL
BLBD,Blue Bird Corporation - Common Stock,NASDAQ,NA,NA,BLBD
BLCO,Bausch + Lomb Corporation Common Shares,NYSE,BLCO,BLCO,BLCO
BLDP,"Ballard Power Systems, Inc. - Common Shares",NASDAQ,NA,NA,BLDP
BLDR,"Builders FirstSource, Inc. Common Stock",NYSE,BLDR,BLDR,BLDR
BLFS,"BioLife Solutions, Inc. - Common Stock",NASDAQ,NA,NA,BLFS
BLIN,"Bridgeline Digital, Inc. - Common Stock",NASDAQ,NA,NA,BLIN
BLIV,BeLive Holdings - ordinary shares,NASDAQ,NA,NA,BLIV
BLK,"BlackRock, Inc. Common Stock",NYSE,BLK,BLK,BLK
BLKB,"Blackbaud, Inc. - Common Stock",NASDAQ,NA,NA,BLKB
BLLN,"BillionToOne, Inc. - Class A common stock",NASDAQ,NA,NA,BLLN
BLMN,"Bloomin' Brands, Inc. - Common Stock",NASDAQ,NA,NA,BLMN
BLND,"Blend Labs, Inc. Class A Common Stock",NYSE,BLND,BLND,BLND
BLNE,"Beeline Holdings, Inc. - Common Stock",NASDAQ,NA,NA,BLNE
BLNK,Blink Charging Co. - Common Stock,NASDAQ,NA,NA,BLNK
BLRK,Bluerock Acquisition Corp. - Class A Ordinary Shares,NASDAQ,NA,NA,BLRK
BLRKU,Bluerock Acquisition Corp. - Units,NASDAQ,NA,NA,BLRKU
BLRKW,Bluerock Acquisition Corp. - Warrants,NASDAQ,NA,NA,BLRKW
BLRX,BioLineRx Ltd. - American Depositary Shares,NASDAQ,NA,NA,BLRX
BLSH,Bullish Ordinary Shares,NYSE,BLSH,BLSH,BLSH
BLSM,"BlossomHill Therapeutics, Inc. - Common Stock",NASDAQ,NA,NA,BLSM
BLTE,"Belite Bio, Inc - American Depositary Shares",NASDAQ,NA,NA,BLTE
BLUW,Blue Water Acquisition Corp. III - Class A Ordinary Shares,NASDAQ,NA,NA,BLUW
BLUWU,Blue Water Acquisition Corp. III - Unit.,NASDAQ,NA,NA,BLUWU
BLUWW,Blue Water Acquisition Corp. III - Warrant.,NASDAQ,NA,NA,BLUWW
BLW,Blackrock Limited Duration Income Trust,NYSE,BLW,BLW,BLW
BLX,"Bladex, Inc. Class E Common Stock",NYSE,BLX,BLX,BLX
BLZE,"Backblaze, Inc. - Common Stock",NASDAQ,NA,NA,BLZE
BLZR,Trailblazer Acquisition Corp. - Class A Ordinary Shares,NASDAQ,NA,NA,BLZR
BLZRU,Trailblazer Acquisition Corp. - Unit,NASDAQ,NA,NA,BLZRU
BLZRW,Trailblazer Acquisition Corp. - Warrant,NASDAQ,NA,NA,BLZRW
BMA,Banco Macro S.A.  ADR (representing Ten Class B Common Shares),NYSE,BMA,BMA,BMA
BMBL,Bumble Inc. - common stock,NASDAQ,NA,NA,BMBL
BME,Blackrock Health Sciences Trust,NYSE,BME,BME,BME
BMEA,"Biomea Fusion, Inc. - Common Stock",NASDAQ,NA,NA,BMEA
BMEZ,BlackRock Health Sciences Term Trust Common Shares of Beneficial Interest,NYSE,BMEZ,BMEZ,BMEZ
BMGL,Basel Medical Group Ltd - ordinary shares,NASDAQ,NA,NA,BMGL
BMHL,Bluemount Holdings Limited - Class B Ordinary Shares,NASDAQ,NA,NA,BMHL
BMI,"Badger Meter, Inc. Common Stock",NYSE,BMI,BMI,BMI
BML-PG,"Bank of America Corporation Depositary Shares (Each representing a 1/1200th interest in a share of Floating Rate Non-Cumulative Preferred Stock , Series 1)",NYSE,BML$G,BMLpG,BML-G
BML-PH,"Bank of America Corporation Depositary Shares (Each representing a 1/1200th interest in a Share of Floating Rate Non-Cumulative Preferred Stock, Series 2)",NYSE,BML$H,BMLpH,BML-H
BML-PJ,"Bank of America Corporation Depositary Shares (Each representing a 1/1200th interest in a Share of Floating Rate Non-Cumulative Preferred Stock, Series 4)",NYSE,BML$J,BMLpJ,BML-J
BML-PL,"Bank of America Corporation Depositary Shares (Each representing a 1/1200th Interest in a Share of Floating Rate Non-Cumulative Preferred Stock, Series 5)",NYSE,BML$L,BMLpL,BML-L
BMM,Blue Moon Metals Inc. - Common Shares,NASDAQ,NA,NA,BMM
BMN,BlackRock 2037 Municipal Target Term Trust Common Shares of Beneficial Interest,NYSE,BMN,BMN,BMN
BMNP,"BitMine Immersion Technologies, Inc. 9.5% Series A Perpetual Preferred Stock",NYSE,BMNP,BMNP,BMNP
BMNR,"BitMine Immersion Technologies, Inc. Common Stock",NYSE,BMNR,BMNR,BMNR
BMO,Bank Of Montreal Common Stock,NYSE,BMO,BMO,BMO
BMR,Beamr Imaging Ltd. - Ordinary Share,NASDAQ,NA,NA,BMR
BMRA,"Biomerica, Inc. - Common Stock",NASDAQ,NA,NA,BMRA
BMRC,Bank of Marin Bancorp - Common Stock,NASDAQ,NA,NA,BMRC
BMRN,BioMarin Pharmaceutical Inc. - Common Stock,NASDAQ,NA,NA,BMRN
BMY,Bristol-Myers Squibb Company Common Stock,NYSE,BMY,BMY,BMY
BN,Brookfield Corporation Class A Limited Voting Shares,NYSE,BN,BN,BN
BNAI,Brand Engagement Network Inc. - Common Stock,NASDAQ,NA,NA,BNAI
BNAIW,Brand Engagement Network Inc. - Warrant,NASDAQ,NA,NA,BNAIW
BNC,CEA Industries Inc. - Common Stock,NASDAQ,NA,NA,BNC
BNCWW,CEA Industries Inc. - Warrant,NASDAQ,NA,NA,BNCWW
BNCWZ,CEA Industries Inc. - Warrants,NASDAQ,NA,NA,BNCWZ
BNED,"Barnes & Noble Education, Inc Common Stock",NYSE,BNED,BNED,BNED
BNGO,"Bionano Genomics, Inc. - Common Stock",NASDAQ,NA,NA,BNGO
BNH,"Brookfield Finance Inc. 4.625% Subordinated Notes due October 16, 2080",NYSE,BNH,BNH,BNH
BNJ,Brookfield Finance Inc. 4.50% Perpetual Subordinated Notes,NYSE,BNJ,BNJ,BNJ
BNKK,"Bonk, Inc. - Common Stock",NASDAQ,NA,NA,BNKK
BNL,"Broadstone Net Lease, Inc. Common Stock",NYSE,BNL,BNL,BNL
BNR,Burning Rock Biotech Limited - American Depositary Shares,NASDAQ,NA,NA,BNR
BNS,Bank Nova Scotia Halifax Pfd 3 Ordinary Shares,NYSE,BNS,BNS,BNS
BNT,Brookfield Wealth Solutions Ltd. Class A Exchangeable Limited Voting Shares,NYSE,BNT,BNT,BNT
BNTC,Benitec Biopharma Inc. - Common Stock,NASDAQ,NA,NA,BNTC
BNTX,BioNTech SE - American Depositary Shares,NASDAQ,NA,NA,BNTX
BNY,The Bank of New York Mellon Corporation Common Stock,NYSE,BNY,BNY,BNY
BNY-PK,"The Bank Of New York Mellon Corporation  Depositary Shares, each representing a 1/4,000th interest in a share of Series K Noncumulative Perpetual Preferred Stock",NYSE,BNY$K,BNYpK,BNY-K
BOBS,"Bob's Discount Furniture, Inc. Common Stock",NYSE,BOBS,BOBS,BOBS
BOC,Boston Omaha Corporation Class A Common Stock,NYSE,BOC,BOC,BOC
BODI,"The Beachbody Company, Inc. - Class A Common Stock",NASDAQ,NA,NA,BODI
BOE,Blackrock Enhanced Global Dividend Trust Common Shares of Beneficial Interest,NYSE,BOE,BOE,BOE
BOF,BranchOut Food Inc. - Common Stock,NASDAQ,NA,NA,BOF
BOH,Bank of Hawaii Corporation Common Stock,NYSE,BOH,BOH,BOH
BOH-PA,"Bank of Hawaii Corporation Depositary Shares Each Representing a 1/40th Interest in a Share of 4.375% Fixed Rate Non-Cumulative Perpetual Preferred Stock, Series A",NYSE,BOH$A,BOHpA,BOH-A
BOH-PB,"Bank of Hawaii Corporation Depositary Shares, Each Representing a 1/40th Interest in a Share of 8.000% Fixed Rate Non-Cumulative Perpetual Preferred Stock, Series B",NYSE,BOH$B,BOHpB,BOH-B
BOKF,BOK Financial Corporation - Common Stock,NASDAQ,NA,NA,BOKF
BOLD,"Boundless Bio, Inc. - Common Stock",NASDAQ,NA,NA,BOLD
BOLT,"Bolt Biotherapeutics, Inc. - Common Stock",NASDAQ,NA,NA,BOLT
BON,Bon Natural Life Limited - Class A Ordinary Shares,NASDAQ,NA,NA,BON
BOOM,DMC Global Inc. - Common Stock,NASDAQ,NA,NA,BOOM
BOOT,"Boot Barn Holdings, Inc. Common Stock",NYSE,BOOT,BOOT,BOOT
BORR,Borr Drilling Limited Common Shares,NYSE,BORR,BORR,BORR
BOSC,B.O.S. Better Online Solutions - Ordinary Shares,NASDAQ,NA,NA,BOSC
BOT,"RoboStrategy, Inc. - Common Stock",NASDAQ,NA,NA,BOT
BOTJ,"Bank of the James Financial Group, Inc. - Common Stock",NASDAQ,NA,NA,BOTJ
BOW,Bowhead Specialty Holdings Inc. Common Stock,NYSE,BOW,BOW,BOW
BOX,"Box, Inc. Class A Common Stock",NYSE,BOX,BOX,BOX
BOXL,Boxlight Corporation - Class A Common Stock,NASDAQ,NA,NA,BOXL
BP,BP p.l.c. Common Stock,NYSE,BP,BP,BP
BPAC,Blueport Acquisition Ltd - Class A Ordinary Shares,NASDAQ,NA,NA,BPAC
BPACR,Blueport Acquisition Ltd - Rights,NASDAQ,NA,NA,BPACR
BPACU,Blueport Acquisition Ltd - Units,NASDAQ,NA,NA,BPACU
BPOP,"Popular, Inc. - Common Stock",NASDAQ,NA,NA,BPOP
BPOPM,"Popular, Inc. - Popular Capital Trust II - 6.125% Cumulative Monthly Income Trust Preferred Securities",NASDAQ,NA,NA,BPOPM
BPRE,Bluerock Private Real Estate Fund Common Shares of Beneficial Interest,NYSE,BPRE,BPRE,BPRE
BPRN,"Princeton Bancorp, Inc. - Common Stock",NASDAQ,NA,NA,BPRN
BPYPM,"Brookfield Property Partners L.P. - 6.25% Class A Cumulative Redeemable Preferred Units, Series 1",NASDAQ,NA,NA,BPYPM
BPYPN,"Brookfield Property Partners L.P. - 5.750% Class A Cumulative Redeemable Perpetual Preferred Units, Series 3",NASDAQ,NA,NA,BPYPN
BPYPO,"Brookfield Property Partners L.P. - 6.375% Class A Cumulative Redeemable Perpetual Preferred Units, Series 2",NASDAQ,NA,NA,BPYPO
BPYPP,Brookfield Property Partners L.P. - 6.50% Class A Cumulative Redeemable Perpetual Preferred Units,NASDAQ,NA,NA,BPYPP
BQ,Boqii Holding Limited Class A Ordinary Shares,AMEX,BQ,BQ,BQ
BR,"Broadridge Financial Solutions, Inc. Common Stock",NYSE,BR,BR,BR
BRAG,Bragg Gaming Group Inc. - Common Shares,NASDAQ,NA,NA,BRAG
BRAI,Braiin Limited - Common Stock,NASDAQ,NA,NA,BRAI
BRBI,BRBI BR Partners S.A. - ADSs,NASDAQ,NA,NA,BRBI
BRBR,"BellRing Brands, Inc. Common Stock ",NYSE,BRBR,BRBR,BRBR
BRBS,"Blue Ridge Bankshares, Inc. Common Stock",AMEX,BRBS,BRBS,BRBS
BRC,Brady Corporation Common Stock,NYSE,BRC,BRC,BRC
BRCB,"Black Rock Coffee Bar, Inc. - Class A Common Stock",NASDAQ,NA,NA,BRCB
BRCC,BRC Inc. Class A Common Stock,NYSE,BRCC,BRCC,BRCC
BREZ,Breeze Acquisition Corp. II - Ordinary Shares,NASDAQ,NA,NA,BREZ
BREZR,Breeze Acquisition Corp. II - Rights,NASDAQ,NA,NA,BREZR
BRFH,Barfresh Food Group Inc. - Common Stock,NASDAQ,NA,NA,BRFH
BRIA,BrilliA Inc Class A Ordinary Shares,AMEX,BRIA,BRIA,BRIA
BRID,Bridgford Foods Corporation - Common Stock,NASDAQ,NA,NA,BRID
BRK-A,Berkshire Hathaway Inc. Common Stock,NYSE,BRK.A,BRK.A,BRK.A
BRK-B,Berkshire Hathaway Inc. New Common Stock,NYSE,BRK.B,BRK.B,BRK.B
BRKH,Burtech Acquisition Corp II - Class A Ordinary Shares,NASDAQ,NA,NA,BRKH
BRKHU,Burtech Acquisition Corp II - Units,NASDAQ,NA,NA,BRKHU
BRKHW,Burtech Acquisition Corp II - Warrants,NASDAQ,NA,NA,BRKHW
BRKR,Bruker Corporation - Common Stock,NASDAQ,NA,NA,BRKR
BRKRP,"Bruker Corporation - 6.375% Mandatory Convertible Preferred Stock, Series A",NASDAQ,NA,NA,BRKRP
BRLS,Borealis Foods Inc. - Class A Common Shares,NASDAQ,NA,NA,BRLS
BRLSW,Borealis Foods Inc. - Warrant,NASDAQ,NA,NA,BRLSW
BRLT,"Brilliant Earth Group, Inc. - Class A Common Stock",NASDAQ,NA,NA,BRLT
BRN,"Barnwell Industries, Inc. Common Stock",AMEX,BRN,BRN,BRN
BRNS,Barinthus Biotherapeutics plc - American Depositary Shares,NASDAQ,NA,NA,BRNS
BRNX,BrenX Ltd. - Ordinary Shares,NASDAQ,NA,NA,BRNX
BRO,"Brown & Brown, Inc. Common Stock",NYSE,BRO,BRO,BRO
BROS,Dutch Bros Inc. Class A Common Stock,NYSE,BROS,BROS,BROS
BRR,"ProCap Financial, Inc. - Common Stock",NASDAQ,NA,NA,BRR
BRRWW,"ProCap Financial, Inc. - Warrant.",NASDAQ,NA,NA,BRRWW
BRSL,"Brightstar Lottery PLC Trading under the Legal Name to begin at the market open on July 21, 2025. Ordinary Shares",NYSE,BRSL,BRSL,BRSL
BRSP,"BrightSpire Capital, Inc. Class A Common Stock",NYSE,BRSP,BRSP,BRSP
BRT,BRT Apartments Corp. (MD) Common Stock,NYSE,BRT,BRT,BRT
BRTMU,B&R Technology Merger Corp. - Units,NASDAQ,NA,NA,BRTMU
BRTX,"BioRestorative Therapies, Inc. - Common Stock",NASDAQ,NA,NA,BRTX
BRUN,Boost Run Inc. - Class A Common Stock,NASDAQ,NA,NA,BRUN
BRUNW,Boost Run Inc. - Warrant,NASDAQ,NA,NA,BRUNW
BRVE,"Braveheart Bio, Inc. - Common Stock",NASDAQ,NA,NA,BRVE
BRW,Saba Capital Income & Opportunities Fund SBI,NYSE,BRW,BRW,BRW
BRX,Brixmor Property Group Inc. Common Stock,NYSE,BRX,BRX,BRX
BRZE,"Braze, Inc. - Class A Common Stock",NASDAQ,NA,NA,BRZE
BSAA,BEST SPAC I Acquisition Corp. - Class A Ordinary Shares,NASDAQ,NA,NA,BSAA
BSAAR,BEST SPAC I Acquisition Corp. - Rights,NASDAQ,NA,NA,BSAAR
BSAAU,BEST SPAC I Acquisition Corp. - Unit,NASDAQ,NA,NA,BSAAU
BSAC,Banco Santander - Chile ADS,NYSE,BSAC,BSAC,BSAC
BSBK,Bogota Financial Corp. - Common Stock,NASDAQ,NA,NA,BSBK
BSBR,"Banco Santander Brasil SA American Depositary Shares, each representing one unit",NYSE,BSBR,BSBR,BSBR
BSEM,"BioStem Technologies, Inc. - Common Stock",NASDAQ,NA,NA,BSEM
BSET,"Bassett Furniture Industries, Incorporated - Common Stock",NASDAQ,NA,NA,BSET
BSIN,Big Sky Industrial Inc. - Common Stock,NASDAQ,NA,NA,BSIN
BSL,Blackstone Senior Floating Rate 2027 Term Fund Common Shares of Beneficial Interest,NYSE,BSL,BSL,BSL
BSM,"Black Stone Minerals, L.P. Common units representing limited partner interests",NYSE,BSM,BSM,BSM
BSP,Bending Spoons S.p.A. - Ordinary Shares,NASDAQ,NA,NA,BSP
BSRR,Sierra Bancorp - Common Stock,NASDAQ,NA,NA,BSRR
BST,BlackRock Science and Technology Trust Common Shares of Beneficial Interest,NYSE,BST,BST,BST
BSTZ,BlackRock Science and Technology Term Trust Common Shares of Beneficial Interest,NYSE,BSTZ,BSTZ,BSTZ
BSVN,Bank7 Corp. - Common stock,NASDAQ,NA,NA,BSVN
BSX,Boston Scientific Corporation Common Stock,NYSE,BSX,BSX,BSX
BSY,"Bentley Systems, Incorporated - Class B Common Stock",NASDAQ,NA,NA,BSY
BTAI,"BioXcel Therapeutics, Inc. - Common Stock",NASDAQ,NA,NA,BTAI
BTBD,"BT Brands, Inc. - Common Stock",NASDAQ,NA,NA,BTBD
BTBDW,"BT Brands, Inc. - Warrant",NASDAQ,NA,NA,BTBDW
BTBT,"Bit Digital, Inc. - Ordinary Share",NASDAQ,NA,NA,BTBT
BTCS,BTCS Inc. - Common Stock,NASDAQ,NA,NA,BTCS
BTCT,BTC Digital Ltd. - Ordinary Shares,NASDAQ,NA,NA,BTCT
BTDR,Bitdeer Technologies Group - Ordinary Shares,NASDAQ,NA,NA,BTDR
BTE,Baytex Energy Corp Common Shares,NYSE,BTE,BTE,BTE
BTG,B2Gold Corp Common shares (Canada),AMEX,BTG,BTG,BTG
BTGO,"BitGo Holdings, Inc. Class A Common Stock",NYSE,BTGO,BTGO,BTGO
BTI,"British American Tobacco  Industries, p.l.c. Common Stock ADR",NYSE,BTI,BTI,BTI
BTMD,Biote Corp. - Class A common stock,NASDAQ,NA,NA,BTMD
BTO,John Hancock Financial Opportunities Fund Common Stock,NYSE,BTO,BTO,BTO
BTOC,Armlogi Holding Corp. - common stock,NASDAQ,NA,NA,BTOC
BTOG,Bit Origin Limited - Class A Ordinary Shares,NASDAQ,NA,NA,BTOG
BTQ,BTQ Technologies Corp. - Common Stock,NASDAQ,NA,NA,BTQ
BTSG,"BrightSpring Health Services, Inc. - Common Stock",NASDAQ,NA,NA,BTSG
BTSGU,"BrightSpring Health Services, Inc. - Tangible Equity Unit",NASDAQ,NA,NA,BTSGU
BTT,BlackRock Municipal 2030 Target Term Trust,NYSE,BTT,BTT,BTT
BTTC,Black Titan Corp - Ordinary Shares,NASDAQ,NA,NA,BTTC
BTU,Peabody Energy Corporation Common Stock ,NYSE,BTU,BTU,BTU
BTX,BlackRock Technology and Private Equity Term Trust Common Shares of Beneficial Interest,NYSE,BTX,BTX,BTX
BTZ,BlackRock Credit Allocation Income Trust,NYSE,BTZ,BTZ,BTZ
BUD,Anheuser-Busch Inbev SA Sponsored ADR (Belgium),NYSE,BUD,BUD,BUD
BUDA,"Buda Juice, Inc. Common Stock",AMEX,BUDA,BUDA,BUDA
BUI,"BlackRock Utility, Infrastructure & Power Opportunities Trust",NYSE,BUI,BUI,BUI
BULL,Webull Corporation - Class A Ordinary Shares,NASDAQ,NA,NA,BULL
BULLW,Webull Corporation - Warrants,NASDAQ,NA,NA,BULLW
BUR,Burford Capital Limited Ordinary Shares,NYSE,BUR,BUR,BUR
BURL,"Burlington Stores, Inc. Common Stock",NYSE,BURL,BURL,BURL
BUSE,First Busey Corporation - Common Stock,NASDAQ,NA,NA,BUSE
BUSEP,"First Busey Corporation - Depositary Shares, Each Representing a 1/40th Interest in a Share of 8.25% Fixed-Rate Series B Non-Cumulative Perpetual Preferred Stock, $0.001 par value",NASDAQ,NA,NA,BUSEP
BUUU,BUUU Group Limited - Class A Ordinary Share,NASDAQ,NA,NA,BUUU
BV,"BrightView Holdings, Inc. Common Stock",NYSE,BV,BV,BV
BVC,BitVentures Limited - Ordinary Share,NASDAQ,NA,NA,BVC
BVFL,"BV Financial, Inc. - Common Stock",NASDAQ,NA,NA,BVFL
BVN,Buenaventura Mining Company Inc.,NYSE,BVN,BVN,BVN
BVS,Bioventus Inc. - Class A Common Stock,NASDAQ,NA,NA,BVS
BW,"Babcock & Wilcox Enterprises, Inc. Common Stock",NYSE,BW,BW,BW
BW-PA,"Babcock & Wilcox Enterprises, Inc. 7.75% Series A Cumulative Perpetual Preferred Stock",NYSE,BW$A,BWpA,BW-A
BWA,BorgWarner Inc. Common Stock,NYSE,BWA,BWA,BWA
BWAY,BrainsWay Ltd. - American Depositary Shares,NASDAQ,NA,NA,BWAY
BWB,"Bridgewater Bancshares, Inc. - Common Stock",NASDAQ,NA,NA,BWB
BWBBP,"Bridgewater Bancshares, Inc. - Depositary Shares, Each Representing a 1/100th Interest in a Share of 5.875% Non-Cumulative Perpetual Preferred Stock, Series A",NASDAQ,NA,NA,BWBBP
BWEN,"Broadwind, Inc. - Common Stock",NASDAQ,NA,NA,BWEN
BWFG,"Bankwell Financial Group, Inc. - Common Stock",NASDAQ,NA,NA,BWFG
BWG,BrandywineGLOBAL Global Income Opportunities Fund Inc.,NYSE,BWG,BWG,BWG
BWIN,"The Baldwin Insurance Group, Inc. - Class A Common Stock",NASDAQ,NA,NA,BWIN
BWIV,Blue Water Acquisition Corp. IV Class A Ordinary Shares,NYSE,BWIV,BWIV,BWIV
BWIV-UN,"Blue Water Acquisition Corp. IV Units, each consisting of one Class A ordinary share and one-half of one redeemable warrant",NYSE,BWIV.U,BWIV.U,BWIV=
BWIV-WT,Blue Water Acquisition Corp. IV Warrants entitling the holder to purchase one Class A ordinary share at a price of $11.50 per share,NYSE,BWIV.W,BWIV.WS,BWIV+
BWLP,BW LPG Limited Common Shares,NYSE,BWLP,BWLP,BWLP
BWMN,Bowman Consulting Group Ltd. - Common Stock,NASDAQ,NA,NA,BWMN
BWMX,"Betterware de Mexico, S.A.P.I. de C.V. Ordinary Shares",NYSE,BWMX,BWMX,BWMX
BWXT,"BWX Technologies, Inc. Common Stock",NYSE,BWXT,BWXT,BWXT
BX,Blackstone Inc. Common Stock,NYSE,BX,BX,BX
BXBL,"BOXABL, Inc.  - Common stock",NASDAQ,NA,NA,BXBL
BXC,Bluelinx Holdings Inc. Common Stock,NYSE,BXC,BXC,BXC
BXDC,Blackstone Digital Infrastructure Trust Inc. Common Stock,NYSE,BXDC,BXDC,BXDC
BXMT,"Blackstone Mortgage Trust, Inc. Common Stock",NYSE,BXMT,BXMT,BXMT
BXP,"BXP, Inc. Common Stock",NYSE,BXP,BXP,BXP
BXSL,Blackstone Secured Lending Fund Common Shares of Beneficial Interest,NYSE,BXSL,BXSL,BXSL
BY,"Byline Bancorp, Inc. Common Stock",NYSE,BY,BY,BY
BYAH,"Park Ha Biological Technology Co., Ltd. - Class A Ordinary Shares",NASDAQ,NA,NA,BYAH
BYD,Boyd Gaming Corporation Common Stock,NYSE,BYD,BYD,BYD
BYFC,Broadway Financial Corporation - Class A Common Stock,NASDAQ,NA,NA,BYFC
BYND,"Beyond Meat, Inc. - Common stock",NASDAQ,NA,NA,BYND
BYRN,"Byrna Technologies, Inc. - Common Stock",NASDAQ,NA,NA,BYRN
BYSI,"BeyondSpring, Inc. - Ordinary Shares",NASDAQ,NA,NA,BYSI
BZ,KANZHUN LIMITED - American Depository Shares,NASDAQ,NA,NA,BZ
BZAI,"Blaize Holdings, Inc. - Common Stock",NASDAQ,NA,NA,BZAI
BZAIW,"Blaize Holdings, Inc. - Warrant",NASDAQ,NA,NA,BZAIW
BZFD,"BuzzFeed, Inc. - Class A Common Stock",NASDAQ,NA,NA,BZFD
BZFDW,"BuzzFeed, Inc. - Warrant",NASDAQ,NA,NA,BZFDW
BZH,"Beazer Homes USA, Inc. Common Stock",NYSE,BZH,BZH,BZH
BZUN,Baozun Inc. - American Depositary Shares,NASDAQ,NA,NA,BZUN
C,"Citigroup, Inc. Common Stock",NYSE,C,C,C
C-PN,Citigroup Capital XIII 7.875% Fixed rate Floating Rate trust Preferred Securities (TruPS),NYSE,C$N,CpN,C-N
C-PR,"Citigroup Inc. Depositary Shares, Each Representing a 1/1,000th Interest in a Share of 6.250% Noncumulative Preferred Stock, Series II",NYSE,C$R,CpR,C-R
CAAP,Corporacion America Airports SA Common Shares,NYSE,CAAP,CAAP,CAAP
CAAS,"China Automotive Systems, Inc. - Ordinary Share",NASDAQ,NA,NA,CAAS
CABA,"Cabaletta Bio, Inc. - Common Stock",NASDAQ,NA,NA,CABA
CABO,"Cable One, Inc. Common Stock",NYSE,CABO,CABO,CABO
CABR,"Caring Brands, Inc. - Common Stock",NASDAQ,NA,NA,CABR
CAC,Camden National Corporation - Common Stock,NASDAQ,NA,NA,CAC
CACC,Credit Acceptance Corporation - Common Stock,NASDAQ,NA,NA,CACC
CACI,"CACI International, Inc. Class A Common Stock",NYSE,CACI,CACI,CACI
CADL,"Candel Therapeutics, Inc. - Common Stock",NASDAQ,NA,NA,CADL
CAE,CAE Inc - Common Shares,NASDAQ,NA,NA,CAE
CAES,"Cantor Equity Partners VII, Inc. - Class A Ordinary Shares",NASDAQ,NA,NA,CAES
CAF,Morgan Stanley China A Share Fund Inc. Common Stock,NYSE,CAF,CAF,CAF
CAG,"ConAgra Brands, Inc. Common Stock",NYSE,CAG,CAG,CAG
CAH,"Cardinal Health, Inc. Common Stock",NYSE,CAH,CAH,CAH
CAI,"Caris Life Sciences, Inc. - Common Stock",NASDAQ,NA,NA,CAI
CAII,Collective Acquisition Corp. II - Class A Ordinary Shares,NASDAQ,NA,NA,CAII
CAIIU,Collective Acquisition Corp. II - Units,NASDAQ,NA,NA,CAIIU
CAIIW,Collective Acquisition Corp. II - Warrants,NASDAQ,NA,NA,CAIIW
CAKE,The Cheesecake Factory Incorporated - Common Stock,NASDAQ,NA,NA,CAKE
CAL,"Caleres, Inc. Common Stock",NYSE,CAL,CAL,CAL
CALC,"CalciMedica, Inc. - Common Stock",NASDAQ,NA,NA,CALC
CALM,"Cal-Maine Foods, Inc. - Common Stock",NASDAQ,NA,NA,CALM
CALX,"Calix, Inc Common Stock",NYSE,CALX,CALX,CALX
CALY,Callaway Golf Company Common Stock,NYSE,CALY,CALY,CALY
CAMP,CAMP4 Therapeutics Corporation - Common Stock,NASDAQ,NA,NA,CAMP
CAMT,Camtek Ltd. - Ordinary Shares,NASDAQ,NA,NA,CAMT
CAN,Canaan Inc. - American Depositary Shares,NASDAQ,NA,NA,CAN
CANF,"Can-Fite Biopharma Ltd American Depositary Shares, each representing two (2) Ordinary Shares",AMEX,CANF,CANF,CANF
CANG,Cango Inc. Class A Ordinary Shares,NYSE,CANG,CANG,CANG
CAPL,CrossAmerica Partners LP Common Units representing limited partner interests,NYSE,CAPL,CAPL,CAPL
CAPN,Cayson Acquisition Corp - Ordinary Shares,NASDAQ,NA,NA,CAPN
CAPNR,Cayson Acquisition Corp - Right,NASDAQ,NA,NA,CAPNR
CAPNU,Cayson Acquisition Corp - Units,NASDAQ,NA,NA,CAPNU
CAPR,"Capricor Therapeutics, Inc. - Common Stock",NASDAQ,NA,NA,CAPR
CAPS,Capstone Holding Corp. - Common Stock,NASDAQ,NA,NA,CAPS
CAQ,Cambridge Acquisition Corp. - Class A Ordinary Shares,NASDAQ,NA,NA,CAQ
CAQUU,Cambridge Acquisition Corp. - Unit,NASDAQ,NA,NA,CAQUU
CAQUW,Cambridge Acquisition Corp. - Warrants,NASDAQ,NA,NA,CAQUW
CAR,"Avis Budget Group, Inc. - Common Stock",NASDAQ,NA,NA,CAR
CARE,"Carter Bankshares, Inc. - Common Stock",NASDAQ,NA,NA,CARE
CARG,"CarGurus, Inc. - Class A Common Stock",NASDAQ,NA,NA,CARG
CARL,"Carlsmed, Inc. - Common Stock",NASDAQ,NA,NA,CARL
CARR,Carrier Global Corporation Common Stock ,NYSE,CARR,CARR,CARR
CARS,Cars.com Inc. Common Stock ,NYSE,CARS,CARS,CARS
CART,Maplebear Inc. - Common Stock,NASDAQ,NA,NA,CART
CASH,"Pathward Financial, Inc. - Common Stock",NASDAQ,NA,NA,CASH
CASS,"Cass Information Systems, Inc - Common Stock",NASDAQ,NA,NA,CASS
CAST,"FreeCast, Inc. - Class A common stock",NASDAQ,NA,NA,CAST
CASY,"Caseys General Stores, Inc. - Common Stock",NASDAQ,NA,NA,CASY
CAT,"Caterpillar, Inc. Common Stock",NYSE,CAT,CAT,CAT
CATLU,Catalyst Acquisition Corp. - Units,NASDAQ,NA,NA,CATLU
CATO,Cato Corporation (The) Class A Common Stock,NYSE,CATO,CATO,CATO
CATX,"Perspective Therapeutics, Inc. Common Stock",AMEX,CATX,CATX,CATX
CATY,Cathay General Bancorp - Common Stock,NASDAQ,NA,NA,CATY
CAVA,"CAVA Group, Inc. Common Stock",NYSE,CAVA,CAVA,CAVA
CB,Chubb Limited  Common Stock,NYSE,CB,CB,CB
CBAN,"Colony Bankcorp, Inc. Common Stock",NYSE,CBAN,CBAN,CBAN
CBAT,CBAK Energy Technology Limited - Ordinary Shares,NASDAQ,NA,NA,CBAT
CBC,"Central Bancompany, Inc. - Class A Common Stock",NASDAQ,NA,NA,CBC
CBFV,"CB Financial Services, Inc. - Common Stock",NASDAQ,NA,NA,CBFV
CBIO,"Crescent Biopharma, Inc. - Common Stock",NASDAQ,NA,NA,CBIO
CBK,"Commercial Bancgroup, Inc. - Common Stock",NASDAQ,NA,NA,CBK
CBL,"CBL & Associates Properties, Inc. Common Stock",NYSE,CBL,CBL,CBL
CBLL,"CeriBell, Inc. - Common Stock",NASDAQ,NA,NA,CBLL
CBNA,"Chain Bridge Bancorp, Inc. Class A Common Stock",NYSE,CBNA,CBNA,CBNA
CBNK,"Capital Bancorp, Inc. - Common Stock",NASDAQ,NA,NA,CBNK
CBO,CBO (Listing Market - NYSE - Networks A/E) Common Stock,NYSE,CBO,CBO,CBO
CBOE,"Cboe Global Markets, Inc. Common Stock",BATS,CBOE,CBOE,CBOE
CBRE,CBRE Group Inc Common Stock Class A,NYSE,CBRE,CBRE,CBRE
CBRL,"Cracker Barrel Old Country Store, Inc. - Common Stock",NASDAQ,NA,NA,CBRL
CBRS,Cerebras Systems Inc. - Class A Common Stock,NASDAQ,NA,NA,CBRS
CBSH,"Commerce Bancshares, Inc. - Common Stock",NASDAQ,NA,NA,CBSH
CBT,Cabot Corporation Common Stock,NYSE,CBT,CBT,CBT
CBU,"Community Financial System, Inc. Common Stock",NYSE,CBU,CBU,CBU
CBUS,"Cibus, Inc. - Class A Common Stock",NASDAQ,NA,NA,CBUS
CBX,CBX (Listing Market NYSE Networks AE) Common Stock,NYSE,CBX,CBX,CBX
CBZ,"CBIZ, Inc. Common Stock",NYSE,CBZ,CBZ,CBZ
CC,Chemours Company (The) Common Stock,NYSE,CC,CC,CC
CCAP,"Crescent Capital BDC, Inc. - Common Stock",NASDAQ,NA,NA,CCAP
CCAQ,Collective Acquisition Corp. - Class A ordinary shares,NASDAQ,NA,NA,CCAQ
CCAQU,Collective Acquisition Corp. - Units,NASDAQ,NA,NA,CCAQU
CCAQW,Collective Acquisition Corp. - Warrants,NASDAQ,NA,NA,CCAQW
CCB,Coastal Financial Corporation - Common Stock,NASDAQ,NA,NA,CCB
CCBG,Capital City Bank Group - Common Stock,NASDAQ,NA,NA,CCBG
CCC,CCC Intelligent Solutions Holdings Inc. - Common Stock,NASDAQ,NA,NA,CCC
CCCC,"C4 Therapeutics, Inc. - Common Stock",NASDAQ,NA,NA,CCCC
CCCT,Columbus Circle Capital Corp III - Class A Ordinary Shares,NASDAQ,NA,NA,CCCT
CCCTU,Columbus Circle Capital Corp III - Units,NASDAQ,NA,NA,CCCTU
CCCTW,Columbus Circle Capital Corp III - Warrants,NASDAQ,NA,NA,CCCTW
CCD,Calamos Dynamic Convertible & Income Fund - Closed End Fund,NASDAQ,NA,NA,CCD
CCEC,Capital Clean Energy Carriers Corp. - Common Share,NASDAQ,NA,NA,CCEC
CCEL,"Cryo-Cell International, Inc. Common Stock",AMEX,CCEL,CCEL,CCEL
CCEP,Coca-Cola Europacific Partners plc - Ordinary Shares,NASDAQ,NA,NA,CCEP
CCG,Cheche Group Inc. - Class A Ordinary Shares,NASDAQ,NA,NA,CCG
CCGWW,Cheche Group Inc. - Warrant,NASDAQ,NA,NA,CCGWW
CCHH,CCH Holdings Ltd - Class A Ordinary Shares,NASDAQ,NA,NA,CCHH
CCI,Crown Castle Inc. Common Stock,NYSE,CCI,CCI,CCI
CCID,Carlyle Credit Income Fund 7.375% Series D Term Preferred Shares due 2028,NYSE,CCID,CCID,CCID
CCIF,Carlyle Credit Income Fund Shares of Beneficial Interest,NYSE,CCIF,CCIF,CCIF
CCII,Cohen Circle Acquisition Corp. II - Class A Ordinary Shares,NASDAQ,NA,NA,CCII
CCIIU,Cohen Circle Acquisition Corp. II - Unit,NASDAQ,NA,NA,CCIIU
CCIIW,Cohen Circle Acquisition Corp. II - Warrant,NASDAQ,NA,NA,CCIIW
CCJ,Cameco Corporation Common Stock,NYSE,CCJ,CCJ,CCJ
CCK,"Crown Holdings, Inc.",NYSE,CCK,CCK,CCK
CCL,Carnival Corporation Ltd. Common Shares,NYSE,CCL,CCL,CCL
CCLD,"CareCloud, Inc. - Common Stock",NASDAQ,NA,NA,CCLD
CCM,Concord Medical Services Holdings Limited American Depositary Shares (Each represents thirty (30) Class A ordinary shares),NYSE,CCM,CCM,CCM
CCNE,CNB Financial Corporation - Common Stock,NASDAQ,NA,NA,CCNE
CCNEP,"CNB Financial Corporation - Depositary shares, each representing a 1/40th ownership interest in a share of 7.125% Series A Fixed- Rate Non-Cumulative Perpetual Preferred Stock",NASDAQ,NA,NA,CCNEP
CCO,"Clear Channel Outdoor Holdings, Inc. Common Stock",NYSE,CCO,CCO,CCO
CCOI,"Cogent Communications Holdings, Inc. - Common Stock",NASDAQ,NA,NA,CCOI
CCS,"Century Communities, Inc. Common Stock",NYSE,CCS,CCS,CCS
CCSI,"Consensus Cloud Solutions, Inc. - Common Stock",NASDAQ,NA,NA,CCSI
CCTG,CCSC Technology International Holdings Limited - Class A Ordinary Shares,NASDAQ,NA,NA,CCTG
CCU,"Compania Cervecerias Unidas, S.A. Common Stock",NYSE,CCU,CCU,CCU
CCXI,Churchill Capital Corp XI - Class A Ordinary Shares,NASDAQ,NA,NA,CCXI
CCXIU,Churchill Capital Corp XI - Units,NASDAQ,NA,NA,CCXIU
CCXIW,Churchill Capital Corp XI - Warrants,NASDAQ,NA,NA,CCXIW
CCZ,Comcast Holdings ZONES,NYSE,CCZ,CCZ,CCZ
CD,Chaince Digital Holdings Inc. - American Ordinary Shares,NASDAQ,NA,NA,CD
CDE,"Coeur Mining, Inc. Common Stock",NYSE,CDE,CDE,CDE
CDIO,Cardio Diagnostics Holdings Inc. - Common stock,NASDAQ,NA,NA,CDIO
CDIOW,Cardio Diagnostics Holdings Inc. - Warrant,NASDAQ,NA,NA,CDIOW
CDLR,Cadeler A/S American Depositary Share (each representing four (4) Ordinary Shares),NYSE,CDLR,CDLR,CDLR
CDLX,"Cardlytics, Inc. - Common Stock",NASDAQ,NA,NA,CDLX
CDNA,"CareDx, Inc. - Common Stock",NASDAQ,NA,NA,CDNA
CDNL,Cardinal Infrastructure Group Inc. - Class A Common Stock,NASDAQ,NA,NA,CDNL
CDNS,"Cadence Design Systems, Inc. - Common Stock",NASDAQ,NA,NA,CDNS
CDP,COPT Defense Properties Common Shares of Beneficial Interest,NYSE,CDP,CDP,CDP
CDR-PB,"Cedar Realty Trust, Inc. 7.25% Series B Cumulative Redeemable Preferred Stock",NYSE,CDR$B,CDRpB,CDR-B
CDR-PC,"Cedar Realty Trust, Inc. 6.50% Series C Cumulative Redeemable Preferred Stock",NYSE,CDR$C,CDRpC,CDR-C
CDRE,"Cadre Holdings, Inc. Common Stock",NYSE,CDRE,CDRE,CDRE
CDRO,"Codere Online Luxembourg, S.A. - Ordinary Shares",NASDAQ,NA,NA,CDRO
CDROW,"Codere Online Luxembourg, S.A. - Warrants",NASDAQ,NA,NA,CDROW
CDT,CDT Equity Inc. - Common Stock,NASDAQ,NA,NA,CDT
CDTG,CDT Environmental Technology Investment Holdings Limited - ordinary shares,NASDAQ,NA,NA,CDTG
CDTTW,CDT Equity Inc. - Warrant,NASDAQ,NA,NA,CDTTW
CDW,CDW Corporation - Common Stock,NASDAQ,NA,NA,CDW
CDXS,"Codexis, Inc. - Common Stock",NASDAQ,NA,NA,CDXS
CDZI,"Cadiz, Inc. - Common Stock",NASDAQ,NA,NA,CDZI
CDZIP,"Cadiz, Inc. - Depositary Shares",NASDAQ,NA,NA,CDZIP
CE,Celanese Corporation Common Stock,NYSE,CE,CE,CE
CECO,CECO Environmental Corp. - Common Stock,NASDAQ,NA,NA,CECO
CEE,"The Central and Eastern Europe Fund, Inc. (The) Common Stock",NYSE,CEE,CEE,CEE
CEG,Constellation Energy Corporation - Common Stock When-Issued,NASDAQ,NA,NA,CEG
CELC,Celcuity Inc. - Common Stock,NASDAQ,NA,NA,CELC
CELG-R,Bristol-Myers Squibb Company Celegne Contingent Value Rights,NYSE,CELG.R,CELGr,CELG^
CELH,"Celsius Holdings, Inc. - Common Stock",NASDAQ,NA,NA,CELH
CELU,Celularity Inc. - Class A Common Stock,NASDAQ,NA,NA,CELU
CELZ,"Creative Medical Technology Holdings, Inc. - Common Stock",NASDAQ,NA,NA,CELZ
CENN,Cenntro Inc. - Common Stock,NASDAQ,NA,NA,CENN
CENT,Central Garden & Pet Company - Common Stock,NASDAQ,NA,NA,CENT
CENTA,Central Garden & Pet Company - Class A Common Stock Nonvoting,NASDAQ,NA,NA,CENTA
CENX,Century Aluminum Company - Common Stock,NASDAQ,NA,NA,CENX
CEPF,"Cantor Equity Partners IV, Inc. - Class A Ordinary Shares",NASDAQ,NA,NA,CEPF
CEPL,"Capstone Energy Plus, Inc. - Common Stock",NASDAQ,NA,NA,CEPL
CEPO,"Cantor Equity Partners I, Inc. - Class A Ordinary Shares",NASDAQ,NA,NA,CEPO
CEPS,"Cantor Equity Partners VI, Inc. - Class A Ordinary Shares",NASDAQ,NA,NA,CEPS
CEPU,Central Puerto S.A. American Depositary Shares (each represents ten Common Shares),NYSE,CEPU,CEPU,CEPU
CEPV,"Cantor Equity Partners V, Inc. - Class A Ordinary Shares",NASDAQ,NA,NA,CEPV
CERS,Cerus Corporation - Common Stock,NASDAQ,NA,NA,CERS
CERT,"Certara, Inc. - Common Stock",NASDAQ,NA,NA,CERT
CET,Central Securities Corporation Common Stock,AMEX,CET,CET,CET
CETX,Cemtrex Inc. - Common Stock,NASDAQ,NA,NA,CETX
CETY,"Clean Energy Technologies, Inc. - Common Stock",NASDAQ,NA,NA,CETY
CEV,Eaton Vance California Municipal Income Trust Shares of Beneficial Interest,AMEX,CEV,CEV,CEV
CEVA,"CEVA, Inc. - Common Stock",NASDAQ,NA,NA,CEVA
CF,"CF Industries Holdings, Inc. Common Stock",NYSE,CF,CF,CF
CFBK,CF Bankshares Inc. - Common Stock,NASDAQ,NA,NA,CFBK
CFFI,C&F Financial Corporation - Common Stock,NASDAQ,NA,NA,CFFI
CFFN,"Capitol Federal Financial, Inc. - Common Stock",NASDAQ,NA,NA,CFFN
CFG,"Citizens Financial Group, Inc. Common Stock",NYSE,CFG,CFG,CFG
CFG-PE,"Citizens Financial Group, Inc. Depositary Shares Each Representing 1/40th Interest in a Share of 5.000% Fixed-Rate Non-Cumulative Perpetual Preferred Stock, Series E",NYSE,CFG$E,CFGpE,CFG-E
CFG-PH,"Citizens Financial Group, Inc. Depositary Shares Each Representing a 1/40th Interest in a Share of 7.375% Fixed-Rate Non-Cumulative Perpetual Preferred Stock, Series H",NYSE,CFG$H,CFGpH,CFG-H
CFG-PI,"Citizens Financial Group, Inc. Depositary Shares, Each Representing a 1/40th Interest in a Share of 6.500% Fixed-Rate Reset Non-Cumulative Perpetual Preferred Stock, Series I",NYSE,CFG$I,CFGpI,CFG-I
CFND,C1 Fund Inc. Common Stock,NYSE,CFND,CFND,CFND
CFR,"Cullen/Frost Bankers, Inc. Common Stock",NYSE,CFR,CFR,CFR
CFR-PB,"Cullen/Frost Bankers, Inc. Depositary Shares, each representing a 1/40th ownership interest in a share of 4.450% non-cumulative perpetual preferred stock, Series B",NYSE,CFR$B,CFRpB,CFR-B
CFTR-PA,"Cantor Fitzgerald Income Trust, Inc. 9.50% Series A Cumulative Redeemable Preferred Stock",NYSE,CFTR$A,CFTRpA,CFTR-A
CG,The Carlyle Group Inc. - Common Stock,NASDAQ,NA,NA,CG
CGABL,The Carlyle Group Inc. - 4.625% Subordinated Notes due 2061,NASDAQ,NA,NA,CGABL
CGAU,Centerra Gold Inc. Common Shares,NYSE,CGAU,CGAU,CGAU
CGBD,"Carlyle Secured Lending, Inc. - Closed End Fund",NASDAQ,NA,NA,CGBD
CGC,Canopy Growth Corporation - Common Shares,NASDAQ,NA,NA,CGC
CGCFU,Cartesian Growth Corporation IV - Units,NASDAQ,NA,NA,CGCFU
CGEM,"Cullinan Therapeutics, Inc. - Common Stock",NASDAQ,NA,NA,CGEM
CGEN,Compugen Ltd. - Ordinary Shares,NASDAQ,NA,NA,CGEN
CGNT,Cognyte Software Ltd. - Ordinary Shares,NASDAQ,NA,NA,CGNT
CGNX,Cognex Corporation - Common Stock,NASDAQ,NA,NA,CGNX
CGO,Calamos Global Total Return Fund - Closed End Fund,NASDAQ,NA,NA,CGO
CGON,"CG Oncology, Inc. - Common stock",NASDAQ,NA,NA,CGON
CGTL,Creative Global Technology Holdings Limited - Class A Ordinary Shares,NASDAQ,NA,NA,CGTL
CGTX,"Cognition Therapeutics, Inc. - Common Stock",NASDAQ,NA,NA,CGTX
CHA,"Chagee Holdings Limited - American Depositary Shares, each representing 1 Class A ordinary share",NASDAQ,NA,NA,CHA
CHAI,"Core AI Holdings, Inc. - Common Shares",NASDAQ,NA,NA,CHAI
CHAR,Charlton Aria Acquisition Corporation - Class A Ordinary Shares,NASDAQ,NA,NA,CHAR
CHARR,Charlton Aria Acquisition Corporation - Rights,NASDAQ,NA,NA,CHARR
CHARU,Charlton Aria Acquisition Corporation - Units,NASDAQ,NA,NA,CHARU
CHCI,"Comstock Holding Companies, Inc. - Class A Common Stock",NASDAQ,NA,NA,CHCI
CHCO,City Holding Company - Common Stock,NASDAQ,NA,NA,CHCO
CHCT,Community Healthcare Trust Incorporated Common Stock,NYSE,CHCT,CHCT,CHCT
CHD,"Church & Dwight Company, Inc. Common Stock",NYSE,CHD,CHD,CHD
CHDN,"Churchill Downs, Incorporated - Common Stock",NASDAQ,NA,NA,CHDN
CHE,Chemed Corp,NYSE,CHE,CHE,CHE
CHEC,Chenghe Acquisition III Co. - Class A Ordinary Shares,NASDAQ,NA,NA,CHEC
CHECU,Chenghe Acquisition III Co. - Units,NASDAQ,NA,NA,CHECU
CHECW,Chenghe Acquisition III Co. - Warrants,NASDAQ,NA,NA,CHECW
CHEF,"The Chefs' Warehouse, Inc. - Common Stock",NASDAQ,NA,NA,CHEF
CHGA,Change Agents Corporation  - Common Stock,NASDAQ,NA,NA,CHGA
CHGG,"Chegg, Inc. Common Stock",NYSE,CHGG,CHGG,CHGG
CHH,"Choice Hotels International, Inc. Common Stock",NYSE,CHH,CHH,CHH
CHI,Calamos Convertible Opportunities and Income Fund - Closed End Fund,NASDAQ,NA,NA,CHI
CHKP,Check Point Software Technologies Ltd. - Ordinary Shares,NASDAQ,NA,NA,CHKP
CHMG,Chemung Financial Corp  - Common Stock,NASDAQ,NA,NA,CHMG
CHMI,Cherry Hill Mortgage Investment Corporation Common Stock,NYSE,CHMI,CHMI,CHMI
CHMI-PA,Cherry Hill Mortgage Investment Corporation 8.20% Series A Cumulative Redeemable Preferred Stock,NYSE,CHMI$A,CHMIpA,CHMI-A
CHMI-PB,Cherry Hill Mortgage Investment Corporation 8.250% Series B Fixed-to-Floating Rate Cumulative Redeemable Preferred Stock,NYSE,CHMI$B,CHMIpB,CHMI-B
CHNR,"China Natural Resources, Inc. - Common Shares",NASDAQ,NA,NA,CHNR
CHOW,ChowChow Cloud International Holdings Limited Ordinary Shares,AMEX,CHOW,CHOW,CHOW
CHPG,ChampionsGate Acquisition Corporation - Class A Ordinary Share,NASDAQ,NA,NA,CHPG
CHPGR,ChampionsGate Acquisition Corporation - Rights,NASDAQ,NA,NA,CHPGR
CHPGU,ChampionsGate Acquisition Corporation - Unit,NASDAQ,NA,NA,CHPGU
CHPT,"ChargePoint Holdings, Inc. Common Stock",NYSE,CHPT,CHPT,CHPT
CHR,"Cheer Holding, Inc.  - Class A Ordinary Share",NASDAQ,NA,NA,CHR
CHRD,Chord Energy Corporation - Common Stock,NASDAQ,NA,NA,CHRD
CHRN,ChronoScale Holdings Corporation - Common Stock,NASDAQ,NA,NA,CHRN
CHRS,"Coherus Oncology, Inc. - Common Stock",NASDAQ,NA,NA,CHRS
CHRW,"C.H. Robinson Worldwide, Inc. - Common Stock",NASDAQ,NA,NA,CHRW
CHSCL,"CHS Inc - Class B Cumulative Redeemable Preferred Stock, Series 4",NASDAQ,NA,NA,CHSCL
CHSCM,"CHS Inc - Class B Reset Rate Cumulative Redeemable Preferred Stock, Series 3",NASDAQ,NA,NA,CHSCM
CHSCN,CHS Inc - Preferred Class B Series 2 Reset Rate,NASDAQ,NA,NA,CHSCN
CHSCO,CHS Inc - Class B Cumulative Redeemable Preferred Stock,NASDAQ,NA,NA,CHSCO
CHSCP,CHS Inc - 8%  Cumulative Redeemable Preferred Stock,NASDAQ,NA,NA,CHSCP
CHSN,Chanson International Holding - Class A Ordinary Shares,NASDAQ,NA,NA,CHSN
CHT,"Chunghwa Telecom Co., Ltd.",NYSE,CHT,CHT,CHT
CHTR,"Charter Communications, Inc. - Class A Common Stock",NASDAQ,NA,NA,CHTR
CHW,Calamos Global Dynamic Income Fund - Closed End Fund,NASDAQ,NA,NA,CHW
CHWY,"Chewy, Inc. Class A Common Stock",NYSE,CHWY,CHWY,CHWY
CHY,Calamos Convertible and High Income Fund - Closed End Fund,NASDAQ,NA,NA,CHY
CHYM,"Chime Financial, Inc. - Class A Common Stock",NASDAQ,NA,NA,CHYM
CI,The Cigna Group Common Stock,NYSE,CI,CI,CI
CIA,"Citizens, Inc. Class A Common Stock ($1.00 Par)",NYSE,CIA,CIA,CIA
CIB,Grupo Cibest S.A. American Depositary Shares each representing four Preferred Shares,NYSE,CIB,CIB,CIB
CICB,CION Investment Corporation 7.50% Notes due 2029,NYSE,CICB,CICB,CICB
CICC,CION Investment Corporation 7.50% Notes due 2031,NYSE,CICC,CICC,CICC
CIEN,Ciena Corporation Common Stock,NYSE,CIEN,CIEN,CIEN
CIFR,Cipher Digital Inc. - Common Stock,NASDAQ,NA,NA,CIFR
CIG,Comp En De Mn Cemig ADS American Depositary Shares,NYSE,CIG,CIG,CIG
CIG-C,Comp En De Mn Cemig ADS American Depositary Receipts,NYSE,CIG.C,CIG.C,CIG.C
CIGI,Colliers International Group Inc.  - Subordinate Voting Shares,NASDAQ,NA,NA,CIGI
CIGL,Concorde International Group Ltd - Class A Ordinary Shares,NASDAQ,NA,NA,CIGL
CII,"BlackRock Enhanced Large Cap Core Fund, Inc. Common Stock",NYSE,CII,CII,CII
CIIT,"Tianci International, Inc. - Common Stock",NASDAQ,NA,NA,CIIT
CIK,"Credit Suisse Asset Management Income Fund, Inc. Common Stock",AMEX,CIK,CIK,CIK
CIM,Chimera Investment Corporation Common Stock,NYSE,CIM,CIM,CIM
CIM-PA,Chimera Investment Corporation 8.00% Series A Cumulative Redeemable Preferred Stock,NYSE,CIM$A,CIMpA,CIM-A
CIM-PB,Chimera Investment Corporation 8.00% Series B Fixed-to-Floating Rate Cumulative Redeemable Preferred Stock,NYSE,CIM$B,CIMpB,CIM-B
CIM-PC,Chimera Investment Corporation 7.75% Series C Fixed-to-Floating Rate  Cumulative Redeemable  Preferred Stock,NYSE,CIM$C,CIMpC,CIM-C
CIM-PD,Chimera Investment Corporation 8.00% Series D Fixed-to-Floating Rate Cumulative Redeemable Preferred Stock,NYSE,CIM$D,CIMpD,CIM-D
CIMN,Chimera Investment Corporation 9.000% Senior Notes due 2029,NYSE,CIMN,CIMN,CIMN
CIMO,Chimera Investment Corporation 9.250% Senior Notes due 2029,NYSE,CIMO,CIMO,CIMO
CIMP,Chimera Investment Corporation 8.875% Senior Notes due 2030,NYSE,CIMP,CIMP,CIMP
CINF,Cincinnati Financial Corporation - Common Stock,NASDAQ,NA,NA,CINF
CING,Cingulate Inc. - Common Stock,NASDAQ,NA,NA,CING
CINGW,Cingulate Inc. - Warrants,NASDAQ,NA,NA,CINGW
CINT,CI&T Inc Class A Common Shares,NYSE,CINT,CINT,CINT
CION,CION Investment Corporation Common Stock,NYSE,CION,CION,CION
CIRC,"Circle8 Group, Inc. - Common Stock",NASDAQ,NA,NA,CIRC
CISO,"CISO Global, Inc. - Common Stock",NASDAQ,NA,NA,CISO
CISS,C3is Inc. - Common Stock,NASDAQ,NA,NA,CISS
CITR,CitroTech Inc. Common Stock,AMEX,CITR,CITR,CITR
CIVB,"Civista Bancshares, Inc.  - Common Stock",NASDAQ,NA,NA,CIVB
CIX,CompX International Inc. Common Stock,AMEX,CIX,CIX,CIX
CJMB,Callan JMB Inc. - Common Stock,NASDAQ,NA,NA,CJMB
CKX,"CKX Lands, Inc. Common Stock",AMEX,CKX,CKX,CKX
CL,Colgate-Palmolive Company Common Stock,NYSE,CL,CL,CL
CLAR,Clarus Corporation - Common Stock,NASDAQ,NA,NA,CLAR
CLB,Core Laboratories Inc. Common Stock,NYSE,CLB,CLB,CLB
CLBK,"Columbia Financial, Inc. - Common Stock",NASDAQ,NA,NA,CLBK
CLBR,Colombier Acquisition Corp. III Class A Ordinary Shares,NYSE,CLBR,CLBR,CLBR
CLBR-UN,"Colombier Acquisition Corp. III Units, each consisting of one Class A ordinary share and one-eighth of one warrant",NYSE,CLBR.U,CLBR.U,CLBR=
CLBR-WT,"Colombier Acquisition Corp. III Warrants, each whole warrant exercisable for one Class A ordinary share at an exercise price of $11.50 per share",NYSE,CLBR.W,CLBR.WS,CLBR+
CLBT,Cellebrite DI Ltd. - Ordinary Shares,NASDAQ,NA,NA,CLBT
CLDI,"Calidi Biotherapeutics, Inc. Common Stock",AMEX,CLDI,CLDI,CLDI
CLDT,Chatham Lodging Trust (REIT) Common Shares of Beneficial Interest,NYSE,CLDT,CLDT,CLDT
CLDT-PA,Chatham Lodging Trust (REIT) 6.625% Series A Cumulative Redeemable Preferred Shares of Beneficial Interest,NYSE,CLDT$A,CLDTpA,CLDT-A
CLDX,"Celldex Therapeutics, Inc. - Common Stock",NASDAQ,NA,NA,CLDX
CLF,Cleveland-Cliffs Inc. Common Stock,NYSE,CLF,CLF,CLF
CLFD,"Clearfield, Inc. - Common Stock",NASDAQ,NA,NA,CLFD
CLGN,CollPlant Biotechnologies Ltd. - Ordinary Shares,NASDAQ,NA,NA,CLGN
CLH,"Clean Harbors, Inc. Common Stock",NYSE,CLH,CLH,CLH
CLIK,Click Holdings Limited - Ordinary Share,NASDAQ,NA,NA,CLIK
CLIR,ClearSign Technologies Corporation - Common Stock,NASDAQ,NA,NA,CLIR
CLLS,Cellectis S.A. - American Depositary Shares,NASDAQ,NA,NA,CLLS
CLM,"Cornerstone Strategic Investment Fund, Inc. Common Shares",AMEX,CLM,CLM,CLM
CLMB,"Climb Global Solutions, Inc. - Common Stock",NASDAQ,NA,NA,CLMB
CLMT,"Calumet, Inc - Common Stock",NASDAQ,NA,NA,CLMT
CLNE,Clean Energy Fuels Corp. - Common Stock,NASDAQ,NA,NA,CLNE
CLNN,Clene Inc. - Common Stock,NASDAQ,NA,NA,CLNN
CLOV,"Clover Health Investments, Corp.  - Class A Common stock",NASDAQ,NA,NA,CLOV
CLPR,Clipper Realty Inc. Common Stock,NYSE,CLPR,CLPR,CLPR
CLPS,CLPS Incorporation - Common Stock,NASDAQ,NA,NA,CLPS
CLPT,ClearPoint Neuro Inc. - Common Stock,NASDAQ,NA,NA,CLPT
CLRB,"Cellectar Biosciences, Inc. - Common Stock",NASDAQ,NA,NA,CLRB
CLRO,"ClearOne, Inc. - Common Stock",NASDAQ,NA,NA,CLRO
CLS,"Celestica, Inc. Common Stock",NYSE,CLS,CLS,CLS
CLSK,"CleanSpark, Inc. - Common Stock",NASDAQ,NA,NA,CLSK
CLSKW,"CleanSpark, Inc. - Warrant",NASDAQ,NA,NA,CLSKW
CLST,"Catalyst Bancorp, Inc. - common stock",NASDAQ,NA,NA,CLST
CLVT,Clarivate Plc Ordinary Shares,NYSE,CLVT,CLVT,CLVT
CLW,Clearwater Paper Corporation Common Stock,NYSE,CLW,CLW,CLW
CLWT,Euro Tech Holdings Company Limited - Ordinary Shares,NASDAQ,NA,NA,CLWT
CLX,Clorox Company (The) Common Stock,NYSE,CLX,CLX,CLX
CLYM,"Climb Bio, Inc. - Common Stock",NASDAQ,NA,NA,CLYM
CM,Canadian Imperial Bank of Commerce Common Stock,NYSE,CM,CM,CM
CMBT,CMB.TECH NV Ordinary Shares,NYSE,CMBT,CMBT,CMBT
CMC,Commercial Metals Company Common Stock,NYSE,CMC,CMC,CMC
CMCL,Caledonia Mining Corporation Plc Common Shares,AMEX,CMCL,CMCL,CMCL
CMCM,"Cheetah Mobile Inc. American Depositary Shares, each representing fifty (50) Class A Ordinary Shares",NYSE,CMCM,CMCM,CMCM
CMCO,Columbus McKinnon Corporation - Common Stock,NASDAQ,NA,NA,CMCO
CMCSA,Comcast Corporation - Class A Common Stock,NASDAQ,NA,NA,CMCSA
CMCT,Creative Media  - Common Stock,NASDAQ,NA,NA,CMCT
CMDB,Costamare Bulkers Holdings Limited Common Stock,NYSE,CMDB,CMDB,CMDB
CME,CME Group Inc. - Class A Common Stock,NASDAQ,NA,NA,CME
CMG,"Chipotle Mexican Grill, Inc. Common Stock",NYSE,CMG,CMG,CMG
CMI,Cummins Inc. Common Stock,NYSE,CMI,CMI,CMI
CMII,Columbus Circle Capital Corp II - Class A Ordinary Shares,NASDAQ,NA,NA,CMII
CMIIU,Columbus Circle Capital Corp II - Unit,NASDAQ,NA,NA,CMIIU
CMIIW,Columbus Circle Capital Corp II - Warrant,NASDAQ,NA,NA,CMIIW
CMMB,Chemomab Therapeutics Ltd.  - American Depositary Shares,NASDAQ,NA,NA,CMMB
CMND,Clearmind Medicine Inc. - Common Shares,NASDAQ,NA,NA,CMND
CMP,Compass Minerals Intl Inc Common Stock,NYSE,CMP,CMP,CMP
CMPR,Cimpress plc - Ordinary Shares,NASDAQ,NA,NA,CMPR
CMPS,COMPASS Pathways Plc - American Depository Shares,NASDAQ,NA,NA,CMPS
CMPX,"Compass Therapeutics, Inc. - Common Stock",NASDAQ,NA,NA,CMPX
CMRC,"Commerce.com, Inc. - Series 1 Common Stock",NASDAQ,NA,NA,CMRC
CMRE,Costamare Inc. Common Stock $0.0001 par value,NYSE,CMRE,CMRE,CMRE
CMRE-PB,Costamare Inc. Perpetual Preferred Stock Series B (Marshall Islands),NYSE,CMRE$B,CMREpB,CMRE-B
CMRE-PC,Costamare Inc. Perpetual Preferred Series C (Marshall Islands),NYSE,CMRE$C,CMREpC,CMRE-C
CMRE-PD,Costamare Inc. 8.75% Series D Cumulative Redeemable Perpetual Preferred Stock,NYSE,CMRE$D,CMREpD,CMRE-D
CMS,CMS Energy Corporation Common Stock,NYSE,CMS,CMS,CMS
CMS-PB,CMS Energy Corporation Preferred Stock,NYSE,CMS$B,CMSpB,CMS-B
CMS-PC,"CMS Energy Corporation Depositary Shares, each representing a 1/1,000th interest in a share of 4.200% Cumulative Redeemable Perpetual Preferred Stock, Series C",NYSE,CMS$C,CMSpC,CMS-C
CMSA,CMS Energy Corporation 5.625% Junior Subordinated Notes due 2078,NYSE,CMSA,CMSA,CMSA
CMSC,CMS Energy Corporation 5.875% Junior Subordinated Notes due 2078,NYSE,CMSC,CMSC,CMSC
CMSD,CMS Energy Corporation 5.875% Junior Subordinated Notes due 2079,NYSE,CMSD,CMSD,CMSD
CMT,Core Molding Technologies Inc Common Stock,AMEX,CMT,CMT,CMT
CMTG,"Claros Mortgage Trust, Inc. Common Stock",NYSE,CMTG,CMTG,CMTG
CMTL,Comtech Telecommunications Corp. - Common Stock,NASDAQ,NA,NA,CMTL
CMTV,Community Bancorp.  - Common stock,NASDAQ,NA,NA,CMTV
CNA,CNA Financial Corporation Common Stock,NYSE,CNA,CNA,CNA
CNC,Centene Corporation Common Stock,NYSE,CNC,CNC,CNC
CNCK,Coincheck Group N.V. - Ordinary Shares,NASDAQ,NA,NA,CNCK
CNCKW,Coincheck Group N.V. - Warrants,NASDAQ,NA,NA,CNCKW
CNDT,Conduent Incorporated - Common Stock,NASDAQ,NA,NA,CNDT
CNET,ZW Data Action Technologies Inc. - Common Stock,NASDAQ,NA,NA,CNET
CNEY,CN Energy Group Inc. - Class A Ordinary Shares,NASDAQ,NA,NA,CNEY
CNF,"CNFinance Holdings Limited American Depositary Shares, each representing two hundred (200) Ordinary Shares",NYSE,CNF,CNF,CNF
CNH,CNH Industrial N.V. Common Shares,NYSE,CNH,CNH,CNH
CNI,Canadian National Railway Company Common Stock,NYSE,CNI,CNI,CNI
CNK,"Cinemark Holdings Inc Cinemark Holdings, Inc. Common Stock",NYSE,CNK,CNK,CNK
CNL,Collective Mining Ltd. - Common Stock,NASDAQ,NA,NA,CNL
CNM,"Core & Main, Inc. Class A Common Stock",NYSE,CNM,CNM,CNM
CNMD,CONMED Corporation Common Stock,NYSE,CNMD,CNMD,CNMD
CNNE,"Cannae Holdings, Inc. Common Stock",NYSE,CNNE,CNNE,CNNE
CNO,"CNO Financial Group, Inc. Common Stock",NYSE,CNO,CNO,CNO
CNO-PA,"CNO Financial Group, Inc. 5.125% Subordinated Debentures due 2060",NYSE,CNO$A,CNOpA,CNO-A
CNOB,"ConnectOne Bancorp, Inc. - Common Stock",NASDAQ,NA,NA,CNOB
CNOBP,"ConnectOne Bancorp, Inc. - Depositary Shares (each representing a 1/40th interest in a share of 5.25% Fixed-Rate Reset Non-Cumulative Perpetual Preferred Stock, Series A, par value $0.00 per share)",NASDAQ,NA,NA,CNOBP
CNP,"CenterPoint Energy, Inc (Holding Co) Common Stock",NYSE,CNP,CNP,CNP
CNQ,Canadian Natural Resources Limited Common Stock,NYSE,CNQ,CNQ,CNQ
CNR,"Core Natural Resources, Inc. Common Stock",NYSE,CNR,CNR,CNR
CNS,Cohen & Steers Inc Common Stock,NYSE,CNS,CNS,CNS
CNSP,"CNS Pharmaceuticals, Inc. - Common Stock",NASDAQ,NA,NA,CNSP
CNSY,"Cerenome, Inc. - Common Stock",NASDAQ,NA,NA,CNSY
CNTB,Connect Biopharma Holdings Limited - Ordinary Shares,NASDAQ,NA,NA,CNTB
CNTN,"Canton Strategic Holdings, Inc. - Common Stock",NASDAQ,NA,NA,CNTN
CNTX,Context Therapeutics Inc. - Common Stock,NASDAQ,NA,NA,CNTX
CNTY,"Century Casinos, Inc. - Common Stock",NASDAQ,NA,NA,CNTY
CNVS,Cineverse Corp. - Class A Common Stock,NASDAQ,NA,NA,CNVS
CNX,CNX Resources Corporation Common Stock,NYSE,CNX,CNX,CNX
CNXC,Concentrix Corporation - Common Stock,NASDAQ,NA,NA,CNXC
CNXN,"PC Connection, Inc. - Common Stock",NASDAQ,NA,NA,CNXN
CNXU,Conexeu Sciences Inc. - Common Stock,NASDAQ,NA,NA,CNXU
COAG,"Hemab Therapeutics Holdings, Inc. - Common Stock",NASDAQ,NA,NA,COAG
COCH,"Envoy Medical, Inc. - Class A Common Stock",NASDAQ,NA,NA,COCH
COCHW,"Envoy Medical, Inc. - Warrant",NASDAQ,NA,NA,COCHW
COCO,"The Vita Coco Company, Inc. - Common Stock",NASDAQ,NA,NA,COCO
COCP,"Cocrystal Pharma, Inc. - Common Stock",NASDAQ,NA,NA,COCP
CODA,"Coda Octopus Group, Inc. - Common stock",NASDAQ,NA,NA,CODA
CODI,D/B/A Compass Diversified Holdings Shares of Beneficial Interest,NYSE,CODI,CODI,CODI
CODI-PA,Compass Diversified Holdings 7.250% Series A Preferred Shares representing beneficial interest in Compass Diversified Holdings,NYSE,CODI$A,CODIpA,CODI-A
CODI-PB,Compass Diversified Holdings 7.875% Series B Fixed-to-Floating Rate Cumulative Preferred Shares representing beneficial interests in Compass Diversified Holdings,NYSE,CODI$B,CODIpB,CODI-B
CODI-PC,Compass Diversified Holdings 7.875% Series C Cumulative Preferred Shares,NYSE,CODI$C,CODIpC,CODI-C
CODX,"Co-Diagnostics, Inc. - Common Stock",NASDAQ,NA,NA,CODX
COE,"51Talk Online Education Group American depositary shares, each representing 60 Class A ordinary shares",AMEX,COE,COE,COE
COF,Capital One Financial Corporation Common Stock,NYSE,COF,COF,COF
COF-PI,"Capital One Financial Corporation Depositary shares each representing a 1/40th interest in a share of Fixed Rate Non-Cumulative Perpetual Preferred Stock, Series I of the Issuer",NYSE,COF$I,COFpI,COF-I
COF-PJ,"Capital One Financial Corporation Depositary Shares, Each Representing a 1/40th Interest in a Share of Fixed Rate Non- Cumulative Perpetual Preferred Stock, Series J",NYSE,COF$J,COFpJ,COF-J
COF-PK,"Capital One Financial Corporation Depositary Shares, Each Representing a 1/40th Ownership Interest in a Share of Fixed Rate Non-Cumulative Perpetual Preferred Stock, Series K",NYSE,COF$K,COFpK,COF-K
COF-PL,"Capital One Financial Corporation Depositary Shares, Each Representing a 1/40th Interest in a Share of Fixed Rate Non-Cumulative Perpetual Preferred Stock, Series L",NYSE,COF$L,COFpL,COF-L
COF-PN,"Capital One Financial Corporation Depositary Shares, Each Representing a 1/40th Ownership Interest in a Share of Fixed Rate Non-Cumulative Perpetual Preferred Stock, Series N",NYSE,COF$N,COFpN,COF-N
COFS,"ChoiceOne Financial Services, Inc. - Common Stock",NASDAQ,NA,NA,COFS
COGT,"Cogent Biosciences, Inc. - Common Stock",NASDAQ,NA,NA,COGT
COHN,Cohen & Company Inc.,AMEX,COHN,COHN,COHN
COHR,Coherent Corp. Common Stock,NYSE,COHR,COHR,COHR
COHU,"Cohu, Inc. - Common Stock",NASDAQ,NA,NA,COHU
COIN,"Coinbase Global, Inc. - Class A Common Stock",NASDAQ,NA,NA,COIN
COKE,"Coca-Cola Consolidated, Inc. - Common Stock",NASDAQ,NA,NA,COKE
COLA,Columbus Acquisition Corp - Ordinary Shares,NASDAQ,NA,NA,COLA
COLAR,Columbus Acquisition Corp - Rights,NASDAQ,NA,NA,COLAR
COLAU,Columbus Acquisition Corp - Unit,NASDAQ,NA,NA,COLAU
COLB,"Columbia Banking System, Inc. - Common Stock",NASDAQ,NA,NA,COLB
COLD,"Americold Realty Trust, Inc. Common Stock",NYSE,COLD,COLD,COLD
COLL,"Collegium Pharmaceutical, Inc. - Common Stock",NASDAQ,NA,NA,COLL
COLM,Columbia Sportswear Company - Common Stock,NASDAQ,NA,NA,COLM
COMP,"Compass, Inc. Class A Common Stock",NYSE,COMP,COMP,COMP
CON,"Concentra Group Holdings Parent, Inc. Common Stock",NYSE,CON,CON,CON
COO,"The Cooper Companies, Inc.  - Common Stock",NASDAQ,NA,NA,COO
COOK,"Traeger, Inc. Common Stock",NYSE,COOK,COOK,COOK
COOT,Australian Oilseeds Holdings Limited - Ordinary Shares,NASDAQ,NA,NA,COOT
COOTW,Australian Oilseeds Holdings Limited - Warrant,NASDAQ,NA,NA,COOTW
COP,ConocoPhillips Common Stock,NYSE,COP,COP,COP
COPL,Copley Acquisition Corp Ordinary Shares,NYSE,COPL,COPL,COPL
COPL-UN,"Copley Acquisition Corp Units, each consisting of one ordinary share and one-half warrant",NYSE,COPL.U,COPL.U,COPL=
COPL-WT,"Copley Acquisition Corp Redeemable warrants, each whole warrant exercisable for one Class A ordinary share at an exercise price of $11.50",NYSE,COPL.W,COPL.WS,COPL+
COPR,Idaho Copper Corporation Common Stock,AMEX,COPR,COPR,COPR
COPR-WT,Idaho Copper Corporation Common Stock Purchase Warrant,AMEX,COPR.W,COPR.WS,COPR+
COR,"Cencora, Inc. Common Stock",NYSE,COR,COR,COR
CORT,Corcept Therapeutics Incorporated - Common Stock,NASDAQ,NA,NA,CORT
CORZ,"Core Scientific, Inc. - Common Stock",NASDAQ,NA,NA,CORZ
CORZW,"Core Scientific, Inc. - Tranche 1 Warrants",NASDAQ,NA,NA,CORZW
CORZZ,"Core Scientific, Inc. - Tranche 2 Warrants",NASDAQ,NA,NA,CORZZ
COSM,Cosmos Health Inc. - Common Stock,NASDAQ,NA,NA,COSM
COSO,"CoastalSouth Bancshares, Inc. Common Stock",NYSE,COSO,COSO,COSO
COST,Costco Wholesale Corporation - Common Stock,NASDAQ,NA,NA,COST
COTY,Coty Inc. Class A Common Stock,NYSE,COTY,COTY,COTY
COUR,"Coursera, Inc. Common Stock",NYSE,COUR,COUR,COUR
COYA,"Coya Therapeutics, Inc. - Common Stock",NASDAQ,NA,NA,COYA
CP,Canadian Pacific Kansas City Limited Common Shares,NYSE,CP,CP,CP
CPA,"Copa Holdings, S.A. Class A Common Stock",NYSE,CPA,CPA,CPA
CPAC,Cementos Pacasmayo S.A.A. American Depositary Shares (Each representing five Common Shares),NYSE,CPAC,CPAC,CPAC
CPAY,"Corpay, Inc. Common Stock",NYSE,CPAY,CPAY,CPAY
CPB,The Campbell's Company - Common Stock,NASDAQ,NA,NA,CPB
CPBI,"Central Plains Bancshares, Inc. - Common Stock",NASDAQ,NA,NA,CPBI
CPF,Central Pacific Financial Corp New,NYSE,CPF,CPF,CPF
CPHC,Canterbury Park Holding Corporation - Common Stock,NASDAQ,NA,NA,CPHC
CPHI,"China Pharma Holdings, Inc. Common Stock",AMEX,CPHI,CPHI,CPHI
CPIX,Cumberland Pharmaceuticals Inc. - Common Stock,NASDAQ,NA,NA,CPIX
CPK,Chesapeake Utilities Corporation Common Stock,NYSE,CPK,CPK,CPK
CPNG,"Coupang, Inc. Class A Common Stock",NYSE,CPNG,CPNG,CPNG
CPOP,"Pop Culture Group Co., Ltd - Class A Ordinary Shares",NASDAQ,NA,NA,CPOP
CPRI,Capri Holdings Limited Ordinary Shares,NYSE,CPRI,CPRI,CPRI
CPRT,"Copart, Inc. - Common Stock",NASDAQ,NA,NA,CPRT
CPS,Cooper-Standard Holdings Inc. Common Stock,NYSE,CPS,CPS,CPS
CPSH,CPS Technologies Corp. - Common Stock,NASDAQ,NA,NA,CPSH
CPSS,"Consumer Portfolio Services, Inc. - Common Stock",NASDAQ,NA,NA,CPSS
CPT,Camden Property Trust Common Stock,NYSE,CPT,CPT,CPT
CPZ,Calamos Long/Short Equity & Dynamic Income Trust - Closed End Fund,NASDAQ,NA,NA,CPZ
CQP,"Cheniere Energy Partners, LP Common Units",NYSE,CQP,CQP,CQP
CR,Crane Company Common Stock,NYSE,CR,CR,CR
CRAC,Crown Reserve Acquisition Corp. I - Class A Ordinary Shares,NASDAQ,NA,NA,CRAC
CRACR,Crown Reserve Acquisition Corp. I - Rights,NASDAQ,NA,NA,CRACR
CRACU,Crown Reserve Acquisition Corp. I - Unit,NASDAQ,NA,NA,CRACU
CRACW,Crown Reserve Acquisition Corp. I - Warrant,NASDAQ,NA,NA,CRACW
CRAI,"CRA International,Inc. - Common Stock",NASDAQ,NA,NA,CRAI
CRAN,Crane Harbor Acquisition Corp. II - Class A Ordinary Shares,NASDAQ,NA,NA,CRAN
CRANR,Crane Harbor Acquisition Corp. II - Rights,NASDAQ,NA,NA,CRANR
CRANU,Crane Harbor Acquisition Corp. II - Units,NASDAQ,NA,NA,CRANU
CRAQ,Cal Redwood Acquisition Corp. - Class A Ordinary Shares,NASDAQ,NA,NA,CRAQ
CRAQR,Cal Redwood Acquisition Corp. - Right,NASDAQ,NA,NA,CRAQR
CRAQU,Cal Redwood Acquisition Corp. - Units,NASDAQ,NA,NA,CRAQU
CRBD,Corebridge Financial Inc. 6.375% Junior Subordinated Notes due 2064,NYSE,CRBD,CRBD,CRBD
CRBG,Corebridge Financial Inc. Common Stock,NYSE,CRBG,CRBG,CRBG
CRBP,"Corbus Pharmaceuticals Holdings, Inc. - Common Stock",NASDAQ,NA,NA,CRBP
CRBU,"Caribou Biosciences, Inc. - Common Stock",NASDAQ,NA,NA,CRBU
CRC,California Resources Corporation Common Stock,NYSE,CRC,CRC,CRC
CRCL,"Circle Internet Group, Inc. Class A Common Stock",NYSE,CRCL,CRCL,CRCL
CRCT,"Cricut, Inc. - Class A common stock",NASDAQ,NA,NA,CRCT
CRD-A,Crawford & Company Common Stock,NYSE,CRD.A,CRD.A,CRD.A
CRD-B,Crawford & Company Common Stock,NYSE,CRD.B,CRD.B,CRD.B
CRDF,"Cardiff Oncology, Inc. - Common Stock",NASDAQ,NA,NA,CRDF
CRDL,Cardiol Therapeutics Inc. - Class A Common Shares,NASDAQ,NA,NA,CRDL
CRDO,Credo Technology Group Holding Ltd - Ordinary Shares,NASDAQ,NA,NA,CRDO
CRE,Cre8 Enterprise Limited - Class A Ordinary Shares,NASDAQ,NA,NA,CRE
CRESY,"Cresud S.A.C.I.F. y A. - American Depositary Shares, each representing ten shares of Common Stock",NASDAQ,NA,NA,CRESY
CREX,"Creative Realities, Inc. - Common Stock",NASDAQ,NA,NA,CREX
CRF,"Cornerstone Total Return Fund, Inc. (The) Common Stock",AMEX,CRF,CRF,CRF
CRGO,Freightos Limited - Ordinary shares,NASDAQ,NA,NA,CRGO
CRGOW,Freightos Limited - Warrants,NASDAQ,NA,NA,CRGOW
CRGY,Crescent Energy Company Class A Common Stock,NYSE,CRGY,CRGY,CRGY
CRH,CRH PLC Ordinary Shares,NYSE,CRH,CRH,CRH
CRI,"Carter's, Inc. Common Stock",NYSE,CRI,CRI,CRI
CRIS,"Curis, Inc. - Common Stock",NASDAQ,NA,NA,CRIS
CRK,"Comstock Resources, Inc. Common Stock",NYSE,CRK,CRK,CRK
CRL,"Charles River Laboratories International, Inc. Common Stock",NYSE,CRL,CRL,CRL
CRM,"Salesforce, Inc. Common Stock",NYSE,CRM,CRM,CRM
CRMD,CorMedix Inc. - Common Stock,NASDAQ,NA,NA,CRMD
CRML,Critical Metals Corp. - Ordinary Shares,NASDAQ,NA,NA,CRML
CRMLW,Critical Metals Corp. - Warrants,NASDAQ,NA,NA,CRMLW
CRMT,"America's Car-Mart, Inc. - Common Stock",NASDAQ,NA,NA,CRMT
CRNC,Cerence Inc. - Common Stock,NASDAQ,NA,NA,CRNC
CRNT,Ceragon Networks Ltd. - Ordinary Shares,NASDAQ,NA,NA,CRNT
CRNX,"Crinetics Pharmaceuticals, Inc. - Common Stock",NASDAQ,NA,NA,CRNX
CRON,Cronos Group Inc. - Common Share,NASDAQ,NA,NA,CRON
CROX,"Crocs, Inc. - Common Stock",NASDAQ,NA,NA,CROX
CRS,Carpenter Technology Corporation Common Stock,NYSE,CRS,CRS,CRS
CRSP,CRISPR Therapeutics AG - Common Shares,NASDAQ,NA,NA,CRSP
CRSR,"Corsair Gaming, Inc. - Common Stock",NASDAQ,NA,NA,CRSR
CRT,Cross Timbers Royalty Trust Common Stock,NYSE,CRT,CRT,CRT
CRTO,Criteo S.A. - Ordinary Shares,NASDAQ,NA,NA,CRTO
CRUS,"Cirrus Logic, Inc. - Common Stock",NASDAQ,NA,NA,CRUS
CRVL,CorVel Corp. - Common Stock,NASDAQ,NA,NA,CRVL
CRVO,CervoMed Inc. - Common Stock,NASDAQ,NA,NA,CRVO
CRVS,"Corvus Pharmaceuticals, Inc. - Common Stock",NASDAQ,NA,NA,CRVS
CRWD,"CrowdStrike Holdings, Inc. - Class A Common Stock",NASDAQ,NA,NA,CRWD
CRWS,"Crown Crafts, Inc. - Common Stock",NASDAQ,NA,NA,CRWS
CRWV,"CoreWeave, Inc. - Class A Common Stock",NASDAQ,NA,NA,CRWV
CSAI,"Cloudastructure, Inc. - Class A Common Stock",NASDAQ,NA,NA,CSAI
CSAN,Cosan S.A. ADS,NYSE,CSAN,CSAN,CSAN
CSBR,"Champions Oncology, Inc. - Common Stock",NASDAQ,NA,NA,CSBR
CSCO,"Cisco Systems, Inc. - Common Stock",NASDAQ,NA,NA,CSCO
CSGP,"CoStar Group, Inc. - Common Stock",NASDAQ,NA,NA,CSGP
CSHR,CoinShares PLC - Ordinary Shares,NASDAQ,NA,NA,CSHR
CSHRW,CoinShares PLC - Warrants,NASDAQ,NA,NA,CSHRW
CSIQ,Canadian Solar Inc. - Common Shares,NASDAQ,NA,NA,CSIQ
CSL,Carlisle Companies Incorporated Common Stock,NYSE,CSL,CSL,CSL
CSPI,CSP Inc. - Common Stock,NASDAQ,NA,NA,CSPI
CSQ,Calamos Strategic Total Return Fund - Closed End Fund,NASDAQ,NA,NA,CSQ
CSQR,"Csquare, Inc. Common Stock",NYSE,CSQR,CSQR,CSQR
CSR,D/B/A Centerspace Common Stock,NYSE,CSR,CSR,CSR
CSTE,Caesarstone Ltd. - Ordinary Shares,NASDAQ,NA,NA,CSTE
CSTL,"Castle Biosciences, Inc. - Common stock",NASDAQ,NA,NA,CSTL
CSTM,Constellium SE Ordinary Shares (France),NYSE,CSTM,CSTM,CSTM
CSV,"Carriage Services, Inc. Common Stock",NYSE,CSV,CSV,CSV
CSW,"CSW Industrials, Inc. Common Stock",NYSE,CSW,CSW,CSW
CSWC,Capital Southwest Corporation - Common Stock,NASDAQ,NA,NA,CSWC
CSX,CSX Corporation - Common Stock,NASDAQ,NA,NA,CSX
CTA-PA,"EIDP, Inc. Preferred Stock $3.50 Series",NYSE,CTA$A,CTApA,CTA-A
CTA-PB,"EIDP, Inc. Preferred Stock $4.50 Series",NYSE,CTA$B,CTApB,CTA-B
CTAA,ClearThink 1 Acquisition Corp. - Class A Ordinary Shares,NASDAQ,NA,NA,CTAA
CTAAR,ClearThink 1 Acquisition Corp. - Rights,NASDAQ,NA,NA,CTAAR
CTAAU,ClearThink 1 Acquisition Corp. - Units,NASDAQ,NA,NA,CTAAU
CTAS,Cintas Corporation - Common Stock,NASDAQ,NA,NA,CTAS
CTBI,"Community Trust Bancorp, Inc. - Common Stock",NASDAQ,NA,NA,CTBI
CTEST,NYSE Test One Common Stock,AMEX,CTEST,CTEST,CTEST
CTEST-E,NYSE Test One Common Stock,NYSE,CTEST.E,CTEST.E,CTEST.E
CTEST-G,NYSE Test One Common Stock,NYSE,CTEST.G,CTEST.G,CTEST.G
CTEST-L,NYSE Test One Common Stock,NYSE,CTEST.L,CTEST.L,CTEST.L
CTEST-O,NYSE Test One Common Stock,NYSE,CTEST.O,CTEST.O,CTEST.O
CTEST-S,NYSE Test Six Common Stock,NYSE,CTEST.S,CTEST.S,CTEST.S
CTEST-V,NYSE Test One Common Stock,NYSE,CTEST.V,CTEST.V,CTEST.V
CTEV,Claritev Corporation Class A Common Stock,NYSE,CTEV,CTEV,CTEV
CTGG,Qwest Corporation 6.500% Senior Notes due 2051 (denominations of $25),NYSE,CTGG,CTGG,CTGG
CTGO,Contango Silver & Gold Inc. Common Stock,AMEX,CTGO,CTGO,CTGO
CTHH,Qwest Corporation 6.750% Senior Notes due 2052 (denominations of $25),NYSE,CTHH,CTHH,CTHH
CTKB,"Cytek Biosciences, Inc. - Common Stock",NASDAQ,NA,NA,CTKB
CTM,"Castellum, Inc. Common Stock",AMEX,CTM,CTM,CTM
CTMX,"CytomX Therapeutics, Inc. - Common Stock",NASDAQ,NA,NA,CTMX
CTNM,"Contineum Therapeutics, Inc. - Common stock",NASDAQ,NA,NA,CTNM
CTNT,Cheetah Net Supply Chain Service Inc. - Class A Common Stock,NASDAQ,NA,NA,CTNT
CTO,"CTO Realty Growth, Inc. Common Stock",NYSE,CTO,CTO,CTO
CTO-PA,"CTO Realty Growth, Inc. 6.375% Series A Cumulative Redeemable Preferred Stock",NYSE,CTO$A,CTOpA,CTO-A
CTOR,"Citius Oncology, Inc.  - Common Stock",NASDAQ,NA,NA,CTOR
CTOS,"Custom Truck One Source, Inc. Common Stock",NYSE,CTOS,CTOS,CTOS
CTRE,"CareTrust REIT, Inc. Common Stock",NYSE,CTRE,CTRE,CTRE
CTRI,"Centuri Holdings, Inc. Common Stock",NYSE,CTRI,CTRI,CTRI
CTRM,Castor Maritime Inc. - Common Shares,NASDAQ,NA,NA,CTRM
CTRN,"Citi Trends, Inc. - Common Stock",NASDAQ,NA,NA,CTRN
CTS,CTS Corporation Common Stock,NYSE,CTS,CTS,CTS
CTSH,Cognizant Technology Solutions Corporation - Class A Common Stock,NASDAQ,NA,NA,CTSH
CTSO,Cytosorbents Corporation - Common Stock,NASDAQ,NA,NA,CTSO
CTVA,"Corteva, Inc. Common Stock ",NYSE,CTVA,CTVA,CTVA
CTW,CTW - Class A Ordinary Shares,NASDAQ,NA,NA,CTW
CTXR,"Citius Pharmaceuticals, Inc. - Common Stock",NASDAQ,NA,NA,CTXR
CUB,Lionheart Holdings - Class A Ordinary Shares,NASDAQ,NA,NA,CUB
CUBB,"Customers Bancorp, Inc 5.375% Subordinated Notes Due 2034",NYSE,CUBB,CUBB,CUBB
CUBE,CubeSmart Common Shares,NYSE,CUBE,CUBE,CUBE
CUBI,"Customers Bancorp, Inc Common Stock",NYSE,CUBI,CUBI,CUBI
CUBWU,Lionheart Holdings - Unit,NASDAQ,NA,NA,CUBWU
CUBWW,Lionheart Holdings - Warrant,NASDAQ,NA,NA,CUBWW
CUE,"Cue Biopharma, Inc. - Common Stock",NASDAQ,NA,NA,CUE
CULP,"Culp, Inc. - Common Shares",NASDAQ,NA,NA,CULP
CUPR,Cuprina Holdings (Cayman) Limited - Class A Ordinary shares,NASDAQ,NA,NA,CUPR
CURB,Curbline Properties Corp. Common Stock,NYSE,CURB,CURB,CURB
CURI,CuriosityStream Inc.  - Class A Common Stock,NASDAQ,NA,NA,CURI
CURR,Currenc Group Inc. - Ordinary Shares,NASDAQ,NA,NA,CURR
CURV,Torrid Holdings Inc. Common Stock,NYSE,CURV,CURV,CURV
CURX,Curanex Pharmaceuticals Inc - Common Stock,NASDAQ,NA,NA,CURX
CUVL,Clinuvel Pharmaceuticals Limited - American Depositary Shares,NASDAQ,NA,NA,CUVL
CUZ,Cousins Properties Incorporated Common Stock,NYSE,CUZ,CUZ,CUZ
CV,"CapsoVision, Inc. - Common Stock",NASDAQ,NA,NA,CV
CVBF,CVB Financial Corporation - Common Stock,NASDAQ,NA,NA,CVBF
CVCO,"Cavco Industries, Inc. - Common Stock",NASDAQ,NA,NA,CVCO
CVE,Cenovus Energy Inc Common Stock,NYSE,CVE,CVE,CVE
CVEO,Civeo Corporation (Canada) Common Shares,NYSE,CVEO,CVEO,CVEO
CVGI,"Commercial Vehicle Group, Inc. - Common Stock",NASDAQ,NA,NA,CVGI
CVI,CVR Energy Inc. Common Stock,NYSE,CVI,CVI,CVI
CVKD,"Cadrenal Therapeutics, Inc. - Common Stock",NASDAQ,NA,NA,CVKD
CVLG,"Covenant Logistics Group, Inc. Class A Common Stock",NYSE,CVLG,CVLG,CVLG
CVLT,"Commvault Systems, Inc. - Common Stock",NASDAQ,NA,NA,CVLT
CVM,Cel-Sci Corporation Common Stock,AMEX,CVM,CVM,CVM
CVNA,Carvana Co. Class A Common Stock,NYSE,CVNA,CVNA,CVNA
CVR,Chicago Rivet & Machine Co. Common Stock,AMEX,CVR,CVR,CVR
CVRX,"CVRx, Inc. - Common Stock",NASDAQ,NA,NA,CVRX
CVS,CVS Health Corporation Common Stock,NYSE,CVS,CVS,CVS
CVSA,Covista Inc. Common Shares,NYSE,CVSA,CVSA,CVSA
CVU,"CPI Aerostructures, Inc. Common Stock",AMEX,CVU,CVU,CVU
CVV,CVD Equipment Corporation - Common Stock,NASDAQ,NA,NA,CVV
CVX,Chevron Corporation Common Stock,NYSE,CVX,CVX,CVX
CW,Curtiss-Wright Corporation Common Stock,NYSE,CW,CW,CW
CWBC,Community West Bancshares - Common Stock,NASDAQ,NA,NA,CWBC
CWCO,Consolidated Water Co. Ltd. - Ordinary Shares,NASDAQ,NA,NA,CWCO
CWD,CaliberCos Inc. - Class A Common Stock,NASDAQ,NA,NA,CWD
CWEN,"Clearway Energy, Inc. Class C Common Stock",NYSE,CWEN,CWEN,CWEN
CWH,"Camping World Holdings, Inc. Class A Common Stock",NYSE,CWH,CWH,CWH
CWK,Cushman & Wakefield Ltd. Common Shares,NYSE,CWK,CWK,CWK
CWST,"Casella Waste Systems, Inc. - Class A Common Stock",NASDAQ,NA,NA,CWST
CWT,California Water Service Group Common Stock,NYSE,CWT,CWT,CWT
CX,"Cemex, S.A.B. de C.V. Sponsored ADR",NYSE,CX,CX,CX
CXAI,CXApp Inc. - Class A Common Stock,NASDAQ,NA,NA,CXAI
CXAIW,CXApp Inc. - Warrant,NASDAQ,NA,NA,CXAIW
CXDO,"Crexendo, Inc. - Common Stock",NASDAQ,NA,NA,CXDO
CXII,Churchill Capital Corp XII - Class A Ordinary Shares,NASDAQ,NA,NA,CXII
CXIIU,Churchill Capital Corp XII - Units,NASDAQ,NA,NA,CXIIU
CXIIW,Churchill Capital Corp XII - Warrants,NASDAQ,NA,NA,CXIIW
CXM,"Sprinklr, Inc. Class A Common Stock",NYSE,CXM,CXM,CXM
CXT,"Crane NXT, Co. Common Stock",NYSE,CXT,CXT,CXT
CXW,"CoreCivic, Inc. Common Stock",NYSE,CXW,CXW,CXW
CYAB,"Cyabra, Inc. - Common Stock",NASDAQ,NA,NA,CYAB
CYCN,"Cyclerion Therapeutics, Inc. - Common Stock",NASDAQ,NA,NA,CYCN
CYCU,"Cycurion, Inc. - Common Stock",NASDAQ,NA,NA,CYCU
CYCUW,"Cycurion, Inc. - Warrants",NASDAQ,NA,NA,CYCUW
CYD,China Yuchai International Limited Common Stock,NYSE,CYD,CYD,CYD
CYH,"Community Health Systems, Inc. Common Stock",NYSE,CYH,CYH,CYH
CYN,Cyngn Inc. - Common stock,NASDAQ,NA,NA,CYN
CYPH,Cypherpunk Technologies Inc. - Common Stock,NASDAQ,NA,NA,CYPH
CYRX,"CryoPort, Inc. - Common Stock",NASDAQ,NA,NA,CYRX
CYTK,"Cytokinetics, Incorporated - Common Stock",NASDAQ,NA,NA,CYTK
CZFS,"Citizens Financial Services, Inc. - Common Stock",NASDAQ,NA,NA,CZFS
CZNC,Citizens & Northern Corp - Common Stock,NASDAQ,NA,NA,CZNC
CZR,"Caesars Entertainment, Inc. - Common Stock",NASDAQ,NA,NA,CZR
CZWI,"Citizens Community Bancorp, Inc. - Common Stock",NASDAQ,NA,NA,CZWI
D,"Dominion Energy, Inc. Common Stock",NYSE,D,D,D
DAAQ,Digital Asset Acquisition Corp. - Class A Ordinary shares,NASDAQ,NA,NA,DAAQ
DAAQU,Digital Asset Acquisition Corp. - Units,NASDAQ,NA,NA,DAAQU
DAAQW,Digital Asset Acquisition Corp. - Warrant,NASDAQ,NA,NA,DAAQW
DAC,Danaos Corporation Common Stock,NYSE,DAC,DAC,DAC
DAIC,"CID HoldCo, Inc. - Common Stock",NASDAQ,NA,NA,DAIC
DAICW,"CID HoldCo, Inc. - Warrants",NASDAQ,NA,NA,DAICW
DAIO,Data I/O Corporation - Common Stock,NASDAQ,NA,NA,DAIO
DAKT,"Daktronics, Inc. - Common Stock",NASDAQ,NA,NA,DAKT
DAL,"Delta Air Lines, Inc. Common Stock",NYSE,DAL,DAL,DAL
DAN,Dana Incorporated Common Stock ,NYSE,DAN,DAN,DAN
DAO,"Youdao, Inc. American Depositary Shares, each representing one Class A Ordinary Share",NYSE,DAO,DAO,DAO
DAR,Darling Ingredients Inc. Common Stock,NYSE,DAR,DAR,DAR
DARE,"Dare Bioscience, Inc. - Common Stock",NASDAQ,NA,NA,DARE
DASH,"DoorDash, Inc. - Common Stock",NASDAQ,NA,NA,DASH
DAVA,Endava plc American Depositary Shares (each representing one Class A Ordinary Share),NYSE,DAVA,DAVA,DAVA
DAVE,Dave Inc.  - Class A Common Stock,NASDAQ,NA,NA,DAVE
DAVEW,Dave Inc.  - Warrants,NASDAQ,NA,NA,DAVEW
DB,Deutsche Bank AG Common Stock,NYSE,DB,DB,DB
DBCA,D. Boral Acquisition I Corp. - Class A Ordinary Shares,NASDAQ,NA,NA,DBCA
DBCAU,D. Boral Acquisition I Corp. - Unit,NASDAQ,NA,NA,DBCAU
DBCAW,D. Boral Acquisition I Corp. - Warrants,NASDAQ,NA,NA,DBCAW
DBD,Diebold Nixdorf Incorporated Common stock,NYSE,DBD,DBD,DBD
DBGI,"Digital Brands Group, Inc. - Common Stock",NASDAQ,NA,NA,DBGI
DBI,Designer Brands Inc. Class A Common Stock,NYSE,DBI,DBI,DBI
DBL,DoubleLine Opportunistic Credit Fund Common Shares of Beneficial Interest,NYSE,DBL,DBL,DBL
DBRG,"DigitalBridge Group, Inc.",NYSE,DBRG,DBRG,DBRG
DBRG-PH,"DigitalBridge Group, Inc. 7.125% Series H ",NYSE,DBRG$H,DBRGpH,DBRG-H
DBRG-PI,"DigitalBridge Group, Inc. 7.15% Series I ",NYSE,DBRG$I,DBRGpI,DBRG-I
DBRG-PJ,"DigitalBridge Group, Inc. 7.125% Series J ",NYSE,DBRG$J,DBRGpJ,DBRG-J
DBVT,DBV Technologies S.A. - American Depositary Shares,NASDAQ,NA,NA,DBVT
DBX,"Dropbox, Inc. - Class A Common Stock",NASDAQ,NA,NA,DBX
DC,Dakota Gold Corp. Common Stock,AMEX,DC,DC,DC
DCBG,"Dime Commercial Bancshares, Inc. 9.000% Junior Subordinated Notes",NYSE,DCBG,DCBG,DCBG
DCBO,Docebo Inc. - Common Shares,NASDAQ,NA,NA,DCBO
DCGO,DocGo Inc. - Common Stock,NASDAQ,NA,NA,DCGO
DCH,Dauch Corporation Common Stock,NYSE,DCH,DCH,DCH
DCI,"Donaldson Company, Inc. Common Stock",NYSE,DCI,DCI,DCI
DCO,Ducommun Incorporated Common Stock,NYSE,DCO,DCO,DCO
DCOM,"Dime Commercial Bancshares, Inc. Common Stock",NYSE,DCOM,DCOM,DCOM
DCOM-P,"Dime Commercial Bancshares, Inc. Preferred Stock, Series A",NYSE,DCOM$,DCOMp,DCOM-
DCOY,Decoy Therapeutics Inc. - Common Stock,NASDAQ,NA,NA,DCOY
DCTH,"Delcath Systems, Inc. - Common Stock",NASDAQ,NA,NA,DCTH
DCX,Digital Currency X Technology Inc. - Class A Ordinary Shares,NASDAQ,NA,NA,DCX
DD,"DuPont de Nemours, Inc. Common Stock",NYSE,DD,DD,DD
DDC,DDC Enterprise Limited Class A Ordinary Shares,AMEX,DDC,DDC,DDC
DDD,3D Systems Corporation Common Stock,NYSE,DDD,DDD,DDD
DDI,"DoubleDown Interactive Co., Ltd. - American Depository Shares",NASDAQ,NA,NA,DDI
DDL,Dingdong (Cayman) Limited American Depositary Shares (each two representing three Ordinary Shares),NYSE,DDL,DDL,DDL
DDOG,"Datadog, Inc. - Class A Common Stock",NASDAQ,NA,NA,DDOG
DDS,"Dillard's, Inc. Common Stock",NYSE,DDS,DDS,DDS
DDT,Dillard's Capital Trust I,NYSE,DDT,DDT,DDT
DE,Deere & Company Common Stock,NYSE,DE,DE,DE
DEA,"Easterly Government Properties, Inc. Common Stock",NYSE,DEA,DEA,DEA
DEC,Diversified Energy Company Common Stock,NYSE,DEC,DEC,DEC
DECK,Deckers Outdoor Corporation Common Stock,NYSE,DECK,DECK,DECK
DEFT,"Defi Technologies, Inc. - Common Stock",NASDAQ,NA,NA,DEFT
DEI,"Douglas Emmett, Inc. Common Stock",NYSE,DEI,DEI,DEI
DELL,Dell Technologies Inc. Class C Common Stock ,NYSE,DELL,DELL,DELL
DEO,Diageo plc Common Stock,NYSE,DEO,DEO,DEO
DERM,Journey Medical Corporation - Common Stock,NASDAQ,NA,NA,DERM
DETX,"Liberty Defense Holdings, Ltd. - Common Shares",NASDAQ,NA,NA,DETX
DFDV,DeFi Development Corp. - Common Stock,NASDAQ,NA,NA,DFDV
DFDVW,DeFi Development Corp. - Warrant,NASDAQ,NA,NA,DFDVW
DFH,"Dream Finders Homes, Inc. Class A Common Stock",NYSE,DFH,DFH,DFH
DFIN,"Donnelley Financial Solutions, Inc. Common Stock ",NYSE,DFIN,DFIN,DFIN
DFLI,Dragonfly Energy Holdings Corp - Common Stock,NASDAQ,NA,NA,DFLI
DFLIW,Dragonfly Energy Holdings Corp - Warrant,NASDAQ,NA,NA,DFLIW
DFNS,T3 Defense Inc. - Common Stock,NASDAQ,NA,NA,DFNS
DFNSW,T3 Defense Inc. - Warrants,NASDAQ,NA,NA,DFNSW
DFP,Flaherty & Crumrine Dynamic Preferred and Income Fund Inc. Common Stock,NYSE,DFP,DFP,DFP
DFSC,"DEFSEC Technologies Inc. - common stock, no R/S concurrent with offering",NASDAQ,NA,NA,DFSC
DFSCW,DEFSEC Technologies Inc. - warrant,NASDAQ,NA,NA,DFSCW
DFTX,"Definium Therapeutics, Inc.  - Common Shares",NASDAQ,NA,NA,DFTX
DG,Dollar General Corporation Common Stock,NYSE,DG,DG,DG
DGAC,Disciplined Growth Acquisition Corporation Class A Ordinary Shares,NYSE,DGAC,DGAC,DGAC
DGAC-R,"Disciplined Growth Acquisition Corporation Rights, each right entitling the holder to receive one-fourth (1/4) of one Class A ordinary share",NYSE,DGAC.R,DGACr,DGAC^
DGAC-UN,"Disciplined Growth Acquisition Corporation Units, each consisting of one Class A Ordinary Share and one Right",NYSE,DGAC.U,DGAC.U,DGAC=
DGICA,"Donegal Group, Inc. - Class A Common Stock",NASDAQ,NA,NA,DGICA
DGICB,"Donegal Group, Inc. - Class B Common Stock",NASDAQ,NA,NA,DGICB
DGII,Digi International Inc. - Common Stock,NASDAQ,NA,NA,DGII
DGNX,Diginex Limited - Ordinary Shares,NASDAQ,NA,NA,DGNX
DGP,"DB Gold Double Long ETN due February 15, 2038",ARCA,DGP,DGP,DGP
DGX,Quest Diagnostics Incorporated Common Stock,NYSE,DGX,DGX,DGX
DGXX,Digi Power X Inc. - Common Subordinate Voting Shares,NASDAQ,NA,NA,DGXX
DGZ,"DB Gold Short ETN due February 15, 2038",ARCA,DGZ,DGZ,DGZ
DH,Definitive Healthcare Corp. - Class A Common Stock,NASDAQ,NA,NA,DH
DHC,Diversified Healthcare Trust  - Common Shares of Beneficial Interest,NASDAQ,NA,NA,DHC
DHCNI,Diversified Healthcare Trust  - 5.625% Senior Notes due 2042,NASDAQ,NA,NA,DHCNI
DHCNL,Diversified Healthcare Trust  - 6.25% Senior Notes Due 2046,NASDAQ,NA,NA,DHCNL
DHF,BNY Mellon High Yield Strategies Fund Common Stock,NYSE,DHF,DHF,DHF
DHI,"D.R. Horton, Inc. Common Stock",NYSE,DHI,DHI,DHI
DHR,Danaher Corporation Common Stock,NYSE,DHR,DHR,DHR
DHT,"DHT Holdings, Inc.",NYSE,DHT,DHT,DHT
DHX,"DHI Group, Inc. Common Stock",NYSE,DHX,DHX,DHX
DHY,Credit Suisse High Yield Credit Fund Common Stock,AMEX,DHY,DHY,DHY
DIBS,"1stdibs.com, Inc. - Common Stock",NASDAQ,NA,NA,DIBS
DIN,"Dine Brands Global, Inc. Common Stock",NYSE,DIN,DIN,DIN
DINO,HF Sinclair Corporation Common Stock,NYSE,DINO,DINO,DINO
DIOD,Diodes Incorporated - Common Stock,NASDAQ,NA,NA,DIOD
DIS,Walt Disney Company (The) Common Stock,NYSE,DIS,DIS,DIS
DIT,AMCON Distributing Company Common Stock,AMEX,DIT,DIT,DIT
DJCO,Daily Journal Corp. (S.C.) - Common Stock,NASDAQ,NA,NA,DJCO
DJP,iPath Bloomberg Commodity Index Total Return ETN,ARCA,DJP,DJP,DJP
DJT,Trump Media & Technology Group Corp. - Common Stock,NASDAQ,NA,NA,DJT
DJTWW,Trump Media & Technology Group Corp. - Warrants,NASDAQ,NA,NA,DJTWW
DK,"Delek US Holdings, Inc. Common Stock",NYSE,DK,DK,DK
DKI,DarkIris Inc. - Class A Ordinary Shares,NASDAQ,NA,NA,DKI
DKL,"Delek Logistics Partners, L.P. Common Units representing Limited Partner Interests",NYSE,DKL,DKL,DKL
DKNG,DraftKings Inc. - Class A Common Stock,NASDAQ,NA,NA,DKNG
DKS,Dick's Sporting Goods Inc Common Stock,NYSE,DKS,DKS,DKS
DLB,Dolby Laboratories Common Stock,NYSE,DLB,DLB,DLB
DLHC,DLH Holdings Corp. - Common Stock,NASDAQ,NA,NA,DLHC
DLNG,Dynagas LNG Partners LP Common Units,NYSE,DLNG,DLNG,DLNG
DLNG-PA,Dynagas LNG Partners LP 9.00% Series A Cumulative Redeemable Preferred Units,NYSE,DLNG$A,DLNGpA,DLNG-A
DLO,DLocal Limited - Class A Common Shares,NASDAQ,NA,NA,DLO
DLPN,"Dolphin Entertainment, Inc. - Common Stock",NASDAQ,NA,NA,DLPN
DLR,"Digital Realty Trust, Inc. Common Stock",NYSE,DLR,DLR,DLR
DLR-PJ,"Digital Realty Trust, Inc. 5.250% Series J Cumulative Redeemable Preferred Stock",NYSE,DLR$J,DLRpJ,DLR-J
DLR-PK,"Digital Realty Trust, Inc. 5.850% Series K Cumulative Redeemable Preferred Stock, par value $0.01 per share",NYSE,DLR$K,DLRpK,DLR-K
DLR-PL,"Digital Realty Trust, Inc. 5.200% Series L Cumulative Redeemable Preferred Stock",NYSE,DLR$L,DLRpL,DLR-L
DLTH,Duluth Holdings Inc. - Class B Common Stock,NASDAQ,NA,NA,DLTH
DLTR,"Dollar Tree, Inc. - Common Stock",NASDAQ,NA,NA,DLTR
DLX,Deluxe Corporation Common Stock,NYSE,DLX,DLX,DLX
DLXY,Delixy Holdings Limited - Class A Ordinary Shares,NASDAQ,NA,NA,DLXY
DLY,DoubleLine Yield Opportunities Fund Common Shares of Beneficial Interest,NYSE,DLY,DLY,DLY
DMA,Destra Multi-Alternative Fund Common Stock,NYSE,DMA,DMA,DMA
DMAA,Drugs Made In America Acquisition Corp. - Ordinary Shares,NASDAQ,NA,NA,DMAA
DMAAR,Drugs Made In America Acquisition Corp. - Rights,NASDAQ,NA,NA,DMAAR
DMAAU,Drugs Made In America Acquisition Corp. - Units,NASDAQ,NA,NA,DMAAU
DMAC,DiaMedica Therapeutics Inc. - Common Stock,NASDAQ,NA,NA,DMAC
DMB,"BNY Mellon Municipal Bond Infrastructure Fund, Inc. Common Stock",NYSE,DMB,DMB,DMB
DMC,Del Monte Corporation Ordinary Shares,NYSE,DMC,DMC,DMC
DMII,Drugs Made In America Acquisition II Corp. - Ordinary Shares,NASDAQ,NA,NA,DMII
DMIIR,Drugs Made In America Acquisition II Corp. - Right,NASDAQ,NA,NA,DMIIR
DMIIU,Drugs Made In America Acquisition II Corp. - Unit,NASDAQ,NA,NA,DMIIU
DMLP,"Dorchester Minerals, L.P. - Common Units Representing Limited Partnership Interests",NASDAQ,NA,NA,DMLP
DMO,Western Asset Mortgage Opportunity Fund Inc. Common Stock,NYSE,DMO,DMO,DMO
DMRA,"Damora Therapeutics, Inc. - Ordinary Shares",NASDAQ,NA,NA,DMRA
DMRC,Digimarc Corporation - Common Stock,NASDAQ,NA,NA,DMRC
DNA,"Ginkgo Bioworks Holdings, Inc. Class A Common Stock",NYSE,DNA,DNA,DNA
DNLI,Denali Therapeutics Inc. - Common Stock,NASDAQ,NA,NA,DNLI
DNMX,Dynamix Corporation III - Class A Ordinary Shares,NASDAQ,NA,NA,DNMX
DNMXU,Dynamix Corporation III - Unit,NASDAQ,NA,NA,DNMXU
DNMXW,Dynamix Corporation III - Warrants,NASDAQ,NA,NA,DNMXW
DNN,Denison Mines Corp Ordinary Shares (Canada),AMEX,DNN,DNN,DNN
DNOW,DNOW Inc. Common Stock,NYSE,DNOW,DNOW,DNOW
DNP,"DNP Select Income Fund, Inc. Common Stock",NYSE,DNP,DNP,DNP
DNTH,"Dianthus Therapeutics, Inc. - Common Stock",NASDAQ,NA,NA,DNTH
DNUT,"Krispy Kreme, Inc. - Common Stock",NASDAQ,NA,NA,DNUT
DOC,"Healthpeak Properties, Inc. Common Stock",NYSE,DOC,DOC,DOC
DOCN,"DigitalOcean Holdings, Inc. Common Stock",NYSE,DOCN,DOCN,DOCN
DOCS,"Doximity, Inc. Class A Common Stock",NYSE,DOCS,DOCS,DOCS
DOCU,"DocuSign, Inc. - Common Stock",NASDAQ,NA,NA,DOCU
DOGZ,Dogness (International) Corporation - Class A Common Stock,NASDAQ,NA,NA,DOGZ
DOLE,Dole plc Ordinary Shares,NYSE,DOLE,DOLE,DOLE
DOMH,Dominari Holdings Inc. - Common Stock,NASDAQ,NA,NA,DOMH
DOMO,"Domo, Inc. - Class B Common Stock",NASDAQ,NA,NA,DOMO
DOO,BRP Inc. - Common Subordinate Voting Shares,NASDAQ,NA,NA,DOO
DORM,"Dorman Products, Inc. - Common Stock",NASDAQ,NA,NA,DORM
DOUG,Douglas Elliman Inc. Common Stock,NYSE,DOUG,DOUG,DOUG
DOV,Dover Corporation Common Stock,NYSE,DOV,DOV,DOV
DOW,Dow Inc. Common Stock ,NYSE,DOW,DOW,DOW
DOX,Amdocs Limited - Ordinary Shares,NASDAQ,NA,NA,DOX
DOYU,DouYu International Holdings Limited - American Depositary Shares,NASDAQ,NA,NA,DOYU
DPC,DPC Holdings PLC Ordinary Shares,NYSE,DPC,DPC,DPC
DPG,Duff & Phelps Utility and Infrastructure Fund Inc.,NYSE,DPG,DPG,DPG
DPRO,Draganfly Inc. - Common Shares,NASDAQ,NA,NA,DPRO
DPU,Top KingWin Ltd - Class A Ordinary Shares,NASDAQ,NA,NA,DPU
DPZ,Domino's Pizza Inc - Common Stock,NASDAQ,NA,NA,DPZ
DQ,"DAQO New Energy Corp. American Depositary Shares, each representing five ordinary shares",NYSE,DQ,DQ,DQ
DRCT,"Direct Digital Holdings, Inc. - Class A Common Stock",NASDAQ,NA,NA,DRCT
DRD,DRDGOLD Limited American Depositary Shares,NYSE,DRD,DRD,DRD
DRDB,Roman DBDR Acquisition Corp. II - Ordinary shares,NASDAQ,NA,NA,DRDB
DRDBU,Roman DBDR Acquisition Corp. II - Unit,NASDAQ,NA,NA,DRDBU
DRDBW,Roman DBDR Acquisition Corp. II - Warrants,NASDAQ,NA,NA,DRDBW
DRH,Diamondrock Hospitality Company - Common Stock,NASDAQ,NA,NA,DRH
DRI,"Darden Restaurants, Inc. Common Stock",NYSE,DRI,DRI,DRI
DRIO,DarioHealth Corp. - Common Stock,NASDAQ,NA,NA,DRIO
DRMA,"Dermata Therapeutics, Inc. - Common Stock",NASDAQ,NA,NA,DRMA
DRMAW,"Dermata Therapeutics, Inc. - Warrant",NASDAQ,NA,NA,DRMAW
DRS,"Leonardo DRS, Inc. - Common Stock",NASDAQ,NA,NA,DRS
DRTS,Alpha Tau Medical Ltd. - Ordinary Shares,NASDAQ,NA,NA,DRTS
DRTSW,Alpha Tau Medical Ltd. - Warrant,NASDAQ,NA,NA,DRTSW
DRUG,Bright Minds Biosciences Inc. - common stock,NASDAQ,NA,NA,DRUG
DRVN,Driven Brands Holdings Inc. - Common Stock,NASDAQ,NA,NA,DRVN
DSAC,Daedalus Special Acquisition Corp. - Class A Ordinary Shares,NASDAQ,NA,NA,DSAC
DSACU,Daedalus Special Acquisition Corp. - Unit,NASDAQ,NA,NA,DSACU
DSACW,Daedalus Special Acquisition Corp. - Warrant,NASDAQ,NA,NA,DSACW
DSC,DSC Holdings Ltd. - American Depositary Shares,NASDAQ,NA,NA,DSC
DSGN,"Design Therapeutics, Inc. - Common Stock",NASDAQ,NA,NA,DSGN
DSGR,"Distribution Solutions Group, Inc. - Common Stock",NASDAQ,NA,NA,DSGR
DSGX,The Descartes Systems Group Inc. - Common Stock,NASDAQ,NA,NA,DSGX
DSL,DoubleLine Income Solutions Fund Common Shares of Beneficial Interests,NYSE,DSL,DSL,DSL
DSM,"BNY Mellon Strategic Municipal Bond Fund, Inc. Common Stock",NYSE,DSM,DSM,DSM
DSP,Viant Technology Inc. - common stock,NASDAQ,NA,NA,DSP
DSS,"DSS, Inc. Common Stock",AMEX,DSS,DSS,DSS
DSU,"Blackrock Debt Strategies Fund, Inc. Common Stock",NYSE,DSU,DSU,DSU
DSWL,"Deswell Industries, Inc. - Common Shares",NASDAQ,NA,NA,DSWL
DSX,Diana Shipping inc. common stock,NYSE,DSX,DSX,DSX
DSX-PB,Diana Shipping Inc. Perpetual Preferred Shares Series B (Marshall Islands),NYSE,DSX$B,DSXpB,DSX-B
DSX-WT,Diana Shipping inc. Warrants,NYSE,DSX.W,DSX.WS,DSX+
DSY,Big Tree Cloud Holdings Limited - Class A Ordinary Shares,NASDAQ,NA,NA,DSY
DSYWW,Big Tree Cloud Holdings Limited - Warrants,NASDAQ,NA,NA,DSYWW
DT,"Dynatrace, Inc. Common Stock",NYSE,DT,DT,DT
DTB,DTE Energy Company 2020 Series G 4.375% Junior Subordinated Debentures due 2080,NYSE,DTB,DTB,DTB
DTCX,"Datacentrex, Inc. - Common Stock",NASDAQ,NA,NA,DTCX
DTE,DTE Energy Company Common Stock,NYSE,DTE,DTE,DTE
DTF,DTF Tax-Free Income 2028 Term Fund Inc. Common Stock,NYSE,DTF,DTF,DTF
DTG,DTE Energy Company 2021 Series E 4.375% Junior Subordinated Debentures,NYSE,DTG,DTG,DTG
DTI,Drilling Tools International Corporation  - Common Stock,NASDAQ,NA,NA,DTI
DTIL,"Precision BioSciences, Inc. - Common Stock",NASDAQ,NA,NA,DTIL
DTK,DTE Energy Company 2025 Series H 6.25% Junior Subordinated Debentures due 2085,NYSE,DTK,DTK,DTK
DTM,"DT Midstream, Inc. Common Stock ",NYSE,DTM,DTM,DTM
DTSQ,DT Cloud Star Acquisition Corporation - Ordinary Shares,NASDAQ,NA,NA,DTSQ
DTSQR,DT Cloud Star Acquisition Corporation - Right,NASDAQ,NA,NA,DTSQR
DTSQU,DT Cloud Star Acquisition Corporation - Units,NASDAQ,NA,NA,DTSQU
DTSS,Datasea Intelligent Technology Ltd. - Class A Ordinary Shares,NASDAQ,NA,NA,DTSS
DTST,Data Storage Corporation - Common Stock,NASDAQ,NA,NA,DTST
DTW,DTE Energy Company 2017 Series E 5.25% Junior Subordinated Debentures due 2077,NYSE,DTW,DTW,DTW
DUK,Duke Energy Corporation (Holding Company) Common Stock,NYSE,DUK,DUK,DUK
DUK-PA,"Duke Energy Corporation Depositary Shares, each representing a 1/1,000th interest in a share of 5.75% Series A Cumulative Redeemable Perpetual Preferred Stock",NYSE,DUK$A,DUKpA,DUK-A
DUKB,Duke Energy Corporation 5.625% Junior Subordinated Debentures due 2078,NYSE,DUKB,DUKB,DUKB
DUKR,DUKE Robotics Corp. - Common Stock,NASDAQ,NA,NA,DUKR
DUKRW,DUKE Robotics Corp. - Warrant,NASDAQ,NA,NA,DUKRW
DUO,Fangdd Network Group Ltd. - Class A Ordinary Shares,NASDAQ,NA,NA,DUO
DUOL,"Duolingo, Inc. - Class A Common Stock",NASDAQ,NA,NA,DUOL
DUOT,"Duos Technologies Group, Inc. - Common Stock",NASDAQ,NA,NA,DUOT
DV,"DoubleVerify Holdings, Inc. Common Stock",NYSE,DV,DV,DV
DVA,DaVita Inc. Common Stock,NYSE,DVA,DVA,DVA
DVLT,Datavault AI Inc. - Common Stock,NASDAQ,NA,NA,DVLT
DVN,Devon Energy Corporation Common Stock,NYSE,DVN,DVN,DVN
DWSN,Dawson Geophysical Company - Common Stock,NASDAQ,NA,NA,DWSN
DWTX,"Dogwood Therapeutics, Inc.  - Common Stock",NASDAQ,NA,NA,DWTX
DX,"Dynex Capital, Inc. Common Stock",NYSE,DX,DX,DX
DX-PC,"Dynex Capital, Inc. 6.900% Series C Fixed-to-Floating Rate Cumulative Redeemable Preferred Stock",NYSE,DX$C,DXpC,DX-C
DXC,DXC Technology Company Common Stock ,NYSE,DXC,DXC,DXC
DXCM,"DexCom, Inc. - Common Stock",NASDAQ,NA,NA,DXCM
DXF,"Eason Technology Limited American Depositary Shares (each representing sixty-thousand (60,000) Ordinary Shares)",AMEX,DXF,DXF,DXF
DXLG,"Destination XL Group, Inc. - Common Stock",NASDAQ,NA,NA,DXLG
DXPE,"DXP Enterprises, Inc. - Common Stock",NASDAQ,NA,NA,DXPE
DXR,Daxor Corporation - Closed End Fund,NASDAQ,NA,NA,DXR
DXST,Decent Holding Inc. - Class A Ordinary Shares,NASDAQ,NA,NA,DXST
DXYZ,Destiny Tech100 Inc. Common Stock,NYSE,DXYZ,DXYZ,DXYZ
DY,"Dycom Industries, Inc. Common Stock",NYSE,DY,DY,DY
DYAI,"Dyadic International, Inc. - Common Stock",NASDAQ,NA,NA,DYAI
DYN,"Dyne Therapeutics, Inc. - Common Stock",NASDAQ,NA,NA,DYN
DYNC,Dynamix Corporation - Class A Ordinary Share,NASDAQ,NA,NA,DYNC
DYNCU,Dynamix Corporation - Unit,NASDAQ,NA,NA,DYNCU
DYNCW,Dynamix Corporation - Warrant,NASDAQ,NA,NA,DYNCW
DYOR,Insight Digital Partners II - Class A Ordinary Shares,NASDAQ,NA,NA,DYOR
DYORU,Insight Digital Partners II - Units,NASDAQ,NA,NA,DYORU
DYORW,Insight Digital Partners II - Warrants,NASDAQ,NA,NA,DYORW
DZZ,"DB Gold Double Short ETN due February 15, 2038",ARCA,DZZ,DZZ,DZZ
E,ENI S.p.A. Common Stock,NYSE,E,E,E
EAD,Allspring Income Opportunities Fund Common Shares,AMEX,EAD,EAD,EAD
EAF,GrafTech International Ltd. Common Stock,NYSE,EAF,EAF,EAF
EAI,"Entergy Arkansas, LLC First Mortgage Bonds, 4.875% Series Due September 1, 2066",NYSE,EAI,EAI,EAI
EARN,Ellington Credit Company Common Shares of Beneficial Interest,NYSE,EARN,EARN,EARN
EAT,"Brinker International, Inc. Common Stock",NYSE,EAT,EAT,EAT
EBAY,eBay Inc. - Common Stock,NASDAQ,NA,NA,EBAY
EBC,"Eastern Bankshares, Inc. - Common Stock",NASDAQ,NA,NA,EBC
EBF,"Ennis, Inc. Common Stock",NYSE,EBF,EBF,EBF
EBMT,"Eagle Bancorp Montana, Inc. - Common Stock",NASDAQ,NA,NA,EBMT
EBON,Ebang International Holdings Inc. - Class A Ordinary Shares,NASDAQ,NA,NA,EBON
EBS,Emergent BioSolutions Inc. Common Stock,NYSE,EBS,EBS,EBS
EC,Ecopetrol S.A. American Depositary Shares,NYSE,EC,EC,EC
ECAT,BlackRock ESG Capital Allocation Term Trust Common Shares of Beneficial Interest,NYSE,ECAT,ECAT,ECAT
ECBK,"ECB Bancorp, Inc. - Common Stock",NASDAQ,NA,NA,ECBK
ECC,Eagle Point Credit Company Common Share of Beneficial Interest,NYSE,ECC,ECC,ECC
ECC-PD,Eagle Point Credit Company 6.75% Series D Preferred Stock,NYSE,ECC$D,ECCpD,ECC-D
ECCC,Eagle Point Credit Company 6.50% Series C Term Preferred Stock due 2031,NYSE,ECCC,ECCC,ECCC
ECCU,Eagle Point Credit Company 7.75% Notes due 2030,NYSE,ECCU,ECCU,ECCU
ECCV,Eagle Point Credit Company 5.375% Notes due 2029,NYSE,ECCV,ECCV,ECCV
ECF,Ellsworth Growth and Income Fund Ltd.,AMEX,ECF,ECF,ECF
ECF-PA,Ellsworth Growth and Income Fund Ltd. 5.25% Series A Cumulative Preferred Shares (Liquidation Preference $25.00 per share),AMEX,ECF$A,ECFpA,ECF-A
ECG,"Everus Construction Group, Inc. Common Stock",NYSE,ECG,ECG,ECG
ECHO,EchoStar Corporation - Common stock,NASDAQ,NA,NA,ECHO
ECL,Ecolab Inc. Common Stock,NYSE,ECL,ECL,ECL
ECO,Okeanis Eco Tankers Corp. Common Stock,NYSE,ECO,ECO,ECO
ECOR,"electroCore, Inc. - Common Stock",NASDAQ,NA,NA,ECOR
ECPG,Encore Capital Group Inc - Common Stock,NASDAQ,NA,NA,ECPG
ECVT,Ecovyst Inc. Common Stock,NYSE,ECVT,ECVT,ECVT
ECX,ECARX Holdings Inc. - Class A Ordinary shares,NASDAQ,NA,NA,ECX
ECXWW,ECARX Holdings Inc. - Warrants,NASDAQ,NA,NA,ECXWW
ED,"Consolidated Edison, Inc. Common Stock",NYSE,ED,ED,ED
EDBL,Edible Garden AG Incorporated - Common Stock,NASDAQ,NA,NA,EDBL
EDBLW,Edible Garden AG Incorporated - Warrant,NASDAQ,NA,NA,EDBLW
EDD,"Morgan Stanley Emerging Markets Domestic Debt Fund, Inc. Common Stock",NYSE,EDD,EDD,EDD
EDF,Virtus Stone Harbor Emerging Markets Income Fund Common Shares of Beneficial Interest,NYSE,EDF,EDF,EDF
EDHL,Everbright Digital Holding Limited - Ordinary Shares,NASDAQ,NA,NA,EDHL
EDIT,"Editas Medicine, Inc. - Common Stock",NASDAQ,NA,NA,EDIT
EDN,Empresa Distribuidora Y Comercializadora Norte S.A. (Edenor) American Depositary Shares,NYSE,EDN,EDN,EDN
EDRY,EuroDry Ltd. - Common Shares,NASDAQ,NA,NA,EDRY
EDSA,"Edesa Biotech, Inc. - Common Shares",NASDAQ,NA,NA,EDSA
EDTK,Skillful Craftsman Education Technology Limited - Ordinary Share,NASDAQ,NA,NA,EDTK
EDU,"New Oriental Education & Technology Group, Inc. Sponsored ADR representing 10 Ordinary Share (Cayman Islands)",NYSE,EDU,EDU,EDU
EDUC,Educational Development Corporation - Common Stock,NASDAQ,NA,NA,EDUC
EE,"Excelerate Energy, Inc. Class A Common Stock",NYSE,EE,EE,EE
EEA,"The European Equity Fund, Inc. Common Stock",NYSE,EEA,EEA,EEA
EEFT,"Euronet Worldwide, Inc. - Common Stock",NASDAQ,NA,NA,EEFT
EEIQ,EpicQuest Education Group International Limited - Common Stock,NASDAQ,NA,NA,EEIQ
EFC,Ellington Financial Inc. Common Stock ,NYSE,EFC,EFC,EFC
EFC-PB,Ellington Financial Inc. 6.250% Series B Fixed-Rate Reset Cumulative Redeemable Preferred Stock,NYSE,EFC$B,EFCpB,EFC-B
EFC-PC,Ellington Financial Inc. 8.625% Series C Fixed-Rate Reset Cumulative Redeemable Preferred Stock,NYSE,EFC$C,EFCpC,EFC-C
EFC-PD,Ellington Financial Inc. 7.00% Series D Cumulative Perpetual Redeemable Preferred Stock,NYSE,EFC$D,EFCpD,EFC-D
EFOI,"Energy Focus, Inc. - Common Stock",NASDAQ,NA,NA,EFOI
EFOR,"Everforth, Inc. Common Stock",NYSE,EFOR,EFOR,EFOR
EFR,Eaton Vance Senior Floating-Rate Fund Common Shares of Beneficial Interest,NYSE,EFR,EFR,EFR
EFSC,Enterprise Financial Services Corporation - Common Stock,NASDAQ,NA,NA,EFSC
EFSCP,"Enterprise Financial Services Corporation - Depositary Shares Each Representing a 1/40th Interest in a Share of 5% Fixed Rate Non-Cumulative Perpetual Preferred Stock, Series A",NASDAQ,NA,NA,EFSCP
EFSI,Eagle Financial Services Inc - Common Stock,NASDAQ,NA,NA,EFSI
EFT,Eaton Vance Floating Rate Income Trust Common Shares of Beneficial Interest,NYSE,EFT,EFT,EFT
EFTY,"Etoiles Capital Group Co., Ltd. - Class A Ordinary Shares",NASDAQ,NA,NA,EFTY
EFX,"Equifax, Inc. Common Stock",NYSE,EFX,EFX,EFX
EFXT,Enerflex Ltd Common Shares,NYSE,EFXT,EFXT,EFXT
EG,"Everest Group, Ltd. Common Stock",NYSE,EG,EG,EG
EGAN,eGain Corporation - Common Stock,NASDAQ,NA,NA,EGAN
EGBN,"Eagle Bancorp, Inc. - Common Stock",NASDAQ,NA,NA,EGBN
EGG,Enigmatig Limited Class A Ordinary Shares,AMEX,EGG,EGG,EGG
EGHA,EGH Acquisition Corp. - Class A ordinary shares,NASDAQ,NA,NA,EGHA
EGHAR,EGH Acquisition Corp. - rights,NASDAQ,NA,NA,EGHAR
EGHAU,EGH Acquisition Corp. - Unit,NASDAQ,NA,NA,EGHAU
EGHT,8x8 Inc - Common stock,NASDAQ,NA,NA,EGHT
EGO,Eldorado Gold Corporation Ordinary Shares,NYSE,EGO,EGO,EGO
EGP,"EastGroup Properties, Inc. Common Stock",NYSE,EGP,EGP,EGP
EGY,"VAALCO Energy, Inc.  Common Stock",NYSE,EGY,EGY,EGY
EH,EHang Holdings Limited - ADS,NASDAQ,NA,NA,EH
EHC,Encompass Health Corporation Common Stock,NYSE,EHC,EHC,EHC
EHGO,Eshallgo Inc. - Class A Ordinary Shares,NASDAQ,NA,NA,EHGO
EHI,Western Asset Global High Income Fund Inc Common Stock,NYSE,EHI,EHI,EHI
EHLD,Euroholdings Ltd. - Common Stock,NASDAQ,NA,NA,EHLD
EHTH,"eHealth, Inc. - Common Stock",NASDAQ,NA,NA,EHTH
EIC,Eagle Point Income Company Inc. Common Stock,NYSE,EIC,EIC,EIC
EICA,Eagle Point Income Company Inc. 5.00% Series A Term Preferred Stock due 2026,NYSE,EICA,EICA,EICA
EIG,Employers Holdings Inc Common Stock,NYSE,EIG,EIG,EIG
EIIA,Eagle Point Institutional Income Fund 8.125% Series A Term Preferred Shares Due 2029,NYSE,EIIA,EIIA,EIIA
EIKN,"Eikon Therapeutics, Inc. - Common Stock",NASDAQ,NA,NA,EIKN
EIM,"Eaton Vance Municipal Bond Fund Common Shares of Beneficial Interest, $.01 par value",AMEX,EIM,EIM,EIM
EIX,Edison International Common Stock,NYSE,EIX,EIX,EIX
EJH,E-Home Household Service Holdings Limited - Ordinary shares,NASDAQ,NA,NA,EJH
EL,"Estee Lauder Companies, Inc. (The) Common Stock",NYSE,EL,EL,EL
ELA,Envela Corporation Common Stock,AMEX,ELA,ELA,ELA
ELAB,PMGC Holdings Inc. - Common Stock,NASDAQ,NA,NA,ELAB
ELAN,Elanco Animal Health Incorporated Common Stock,NYSE,ELAN,ELAN,ELAN
ELBM,Electra Battery Materials Corporation - Common Stock,NASDAQ,NA,NA,ELBM
ELC,"Entergy Louisiana, Inc. Collateral Trust Mortgage Bonds, 4.875 % Series due September 1, 2066",NYSE,ELC,ELC,ELC
ELDN,"Eledon Pharmaceuticals, Inc. - Common Stock",NASDAQ,NA,NA,ELDN
ELE,Elemental Royalty Corporation - Common Stock,NASDAQ,NA,NA,ELE
ELF,"e.l.f. Beauty, Inc. Common Stock",NYSE,ELF,ELF,ELF
ELLA,Ellington Credit Company 8.50% Notes due 2031,NYSE,ELLA,ELLA,ELLA
ELLO,Ellomay Capital Ltd Ordinary Shares (Israel),AMEX,ELLO,ELLO,ELLO
ELMD,"Electromed, Inc. Common Stock",AMEX,ELMD,ELMD,ELMD
ELME,Elme Communities Common Stock,NYSE,ELME,ELME,ELME
ELMT,The Elmet Group Co. - Common Stock,NASDAQ,NA,NA,ELMT
ELOG,Eastern International Ltd. - Ordinary Shares,NASDAQ,NA,NA,ELOG
ELOX,"Eloxx Pharmaceuticals, Inc. - Common Stock",NASDAQ,NA,NA,ELOX
ELPC,Companhia Paranaense de Energia (COPEL) American Depositary Shares (each representing four (4) Common Shares),NYSE,ELPC,ELPC,ELPC
ELPW,Elong Power Holding Limited - Class A Ordinary Shares,NASDAQ,NA,NA,ELPW
ELS,"Equity Lifestyle Properties, Inc. Common Stock",NYSE,ELS,ELS,ELS
ELTK,Eltek Ltd. - Ordinary Shares,NASDAQ,NA,NA,ELTK
ELTX,"Elicio Therapeutics, Inc. - Common Stock",NASDAQ,NA,NA,ELTX
ELUT,"Elutia, Inc. - Class A Common Stock",NASDAQ,NA,NA,ELUT
ELV,"Elevance Health, Inc. Common Stock",NYSE,ELV,ELV,ELV
ELVA,Electrovaya Inc. - Common Shares,NASDAQ,NA,NA,ELVA
ELVN,"Enliven Therapeutics, Inc.  - Common Stock",NASDAQ,NA,NA,ELVN
ELVR,Elevra Lithium Limited - American Depository Shares,NASDAQ,NA,NA,ELVR
ELWT,"Elauwit Connection, Inc. - Common Stock",NASDAQ,NA,NA,ELWT
EMA,Emera Incorporated Common Shares,NYSE,EMA,EMA,EMA
EMAT,Evolution Metals & Technologies Corp. - Common Stock,NASDAQ,NA,NA,EMAT
EMBC,Embecta Corp. - Common Stock,NASDAQ,NA,NA,EMBC
EMBJ,Embraer S.A. Common Stock,NYSE,EMBJ,EMBJ,EMBJ
EMD,Western Asset Emerging Markets Debt Fund Inc Common Stock,NYSE,EMD,EMD,EMD
EME,"EMCOR Group, Inc. Common Stock",NYSE,EME,EME,EME
EMF,Templeton Emerging Markets Fund Common Stock,NYSE,EMF,EMF,EMF
EMIS,Emmis Acquisition Corp. - Class A Ordinary Share,NASDAQ,NA,NA,EMIS
EMISR,Emmis Acquisition Corp. - Rights,NASDAQ,NA,NA,EMISR
EML,Eastern Company (The) - Common Stock,NASDAQ,NA,NA,EML
EMN,Eastman Chemical Company Common Stock,NYSE,EMN,EMN,EMN
EMO,ClearBridge Energy Midstream Opportunity Fund Inc. Common Stock,NYSE,EMO,EMO,EMO
EMP,"Entergy Mississippi, LLC First Mortgage Bonds, 4.90% Series Due October 1, 2066",NYSE,EMP,EMP,EMP
EMPD,Empery Digital Inc. - Common stock,NASDAQ,NA,NA,EMPD
EMR,Emerson Electric Company Common Stock,NYSE,EMR,EMR,EMR
ENB,Enbridge Inc Common Stock,NYSE,ENB,ENB,ENB
ENGN,enGene Therapeutics Inc. - Common Stock,NASDAQ,NA,NA,ENGN
ENGNW,enGene Therapeutics Inc. - Warrants,NASDAQ,NA,NA,ENGNW
ENGS,Energys Group Limited - Ordinary Shares,NASDAQ,NA,NA,ENGS
ENHA,Enhanced Group Inc. Class A Common Stock,NYSE,ENHA,ENHA,ENHA
ENIC,Enel Chile S.A. American Depositary Shares (Each representing 50 shares of Common Stock),NYSE,ENIC,ENIC,ENIC
ENJ,"Entergy New Orleans, LLC First Mortgage Bonds, 5.0% Series due December 1, 2052",NYSE,ENJ,ENJ,ENJ
ENLT,Enlight Renewable Energy Ltd. - Ordinary Shares,NASDAQ,NA,NA,ENLT
ENLV,Enlivex Ltd. - Ordinary Shares,NASDAQ,NA,NA,ENLV
ENO,"Entergy New Orleans, LLC First Mortgage Bonds, 5.50% Series due April 1, 2066",NYSE,ENO,ENO,ENO
ENOV,Enovis Corporation Common Stock,NYSE,ENOV,ENOV,ENOV
ENPH,"Enphase Energy, Inc. - Common Stock",NASDAQ,NA,NA,ENPH
ENR,"Energizer Holdings, Inc. Common Stock",NYSE,ENR,ENR,ENR
ENRD,Einride AB - American Depositary Shares,NASDAQ,NA,NA,ENRD
ENRDW,Einride AB - Warrants,NASDAQ,NA,NA,ENRDW
ENS,EnerSys Common Stock,NYSE,ENS,ENS,ENS
ENSC,"Ensysce Biosciences, Inc. - Common Stock",NASDAQ,NA,NA,ENSC
ENSG,"The Ensign Group, Inc. - Common Stock",NASDAQ,NA,NA,ENSG
ENTA,"Enanta Pharmaceuticals, Inc. - Common Stock",NASDAQ,NA,NA,ENTA
ENTG,"Entegris, Inc. - Common Stock",NASDAQ,NA,NA,ENTG
ENTX,Entera Bio Ltd. - Ordinary Shares,NASDAQ,NA,NA,ENTX
ENVA,"Enova International, Inc. Common Stock",NYSE,ENVA,ENVA,ENVA
ENVB,"Enveric Biosciences, Inc.  - Common Stock",NASDAQ,NA,NA,ENVB
ENVX,Enovix Corporation - Common Stock,NASDAQ,NA,NA,ENVX
EOD,Allspring Global Dividend Opportunity Fund Common Shares of Beneficial Interest,NYSE,EOD,EOD,EOD
EOG,"EOG Resources, Inc. Common Stock",NYSE,EOG,EOG,EOG
EOI,Eaton Vance Enhance Equity Income Fund Eaton Vance Enhanced Equity Income Fund Shares of Beneficial Interest,NYSE,EOI,EOI,EOI
EOLS,"Evolus, Inc. - Common Stock",NASDAQ,NA,NA,EOLS
EONR,EON Resources Inc. Class A Common Stock,AMEX,EONR,EONR,EONR
EONR-WT,"EON Resources Inc. Warrants, each whole warrant exercisable for three quarters of one share of Class A Common Stock at an exercise price of $11.50 per whole share",AMEX,EONR.W,EONR.WS,EONR+
EOS,Eaton Vance Enhance Equity Income Fund II Common Stock,NYSE,EOS,EOS,EOS
EOSE,"Eos Energy Enterprises, Inc. - Common Stock",NASDAQ,NA,NA,EOSE
EOSEW,"Eos Energy Enterprises, Inc. - Warrant",NASDAQ,NA,NA,EOSEW
EOT,Eaton Vance Municipal Income Trust EATON VANCE NATIONAL MUNICIPAL OPPORTUNITIES TRUST,NYSE,EOT,EOT,EOT
EP,Empire Petroleum Corporation Common Stock,AMEX,EP,EP,EP
EP-PC,El Paso Corporation Preferred Stock,NYSE,EP$C,EPpC,EP-C
EPAC,Enerpac Tool Group Corp. Common Stock,NYSE,EPAC,EPAC,EPAC
EPAM,"EPAM Systems, Inc. Common Stock",NYSE,EPAM,EPAM,EPAM
EPC,Edgewell Personal Care Company Common Stock,NYSE,EPC,EPC,EPC
EPD,Enterprise Products Partners L.P. Common Stock,NYSE,EPD,EPD,EPD
EPM,"Evolution Petroleum Corporation, Inc. Common Stock",AMEX,EPM,EPM,EPM
EPOW,E-Power Inc. - Class A Ordinary Shares,NASDAQ,NA,NA,EPOW
EPR,EPR Properties Common Stock,NYSE,EPR,EPR,EPR
EPR-PC,EPR Properties 5.75% Series C Cumulative Convertible Preferred Shares,NYSE,EPR$C,EPRpC,EPR-C
EPR-PE,EPR Properties Series E Cumulative Conv Pfd Shs Ser E,NYSE,EPR$E,EPRpE,EPR-E
EPR-PG,EPR Properties 5.750% Series G Cumulative Redeemable Preferred Shares,NYSE,EPR$G,EPRpG,EPR-G
EPRT,"Essential Properties Realty Trust, Inc. Common Stock",NYSE,EPRT,EPRT,EPRT
EPRX,Eupraxia Pharmaceuticals Inc. - Common Stock,NASDAQ,NA,NA,EPRX
EPSM,Epsium Enterprise Limited - Class A Ordinary Shares,NASDAQ,NA,NA,EPSM
EPSN,Epsilon Energy Ltd. - Common Shares,NASDAQ,NA,NA,EPSN
EQ,"Equillium, Inc. - Common Stock",NASDAQ,NA,NA,EQ
EQBK,"Equity Bancshares, Inc. Class A Common Stock",NYSE,EQBK,EQBK,EQBK
EQH,"Equitable Holdings, Inc. Common Stock",NYSE,EQH,EQH,EQH
EQH-PA,"Equitable Holdings, Inc. Depositary Shares",NYSE,EQH$A,EQHpA,EQH-A
EQH-PC,"Equitable Holdings, Inc. Depositary Shares, each representing a 1/1,000th interest in a share of Fixed Rate Noncumulative Perpetual Preferred Stock, Series C",NYSE,EQH$C,EQHpC,EQH-C
EQIX,"Equinix, Inc. - Common Stock",NASDAQ,NA,NA,EQIX
EQNR,Equinor ASA,NYSE,EQNR,EQNR,EQNR
EQPT,EquipmentShare.com Inc - Class A Common Stock,NASDAQ,NA,NA,EQPT
EQR,Equity Residential Common Shares of Beneficial Interest,NYSE,EQR,EQR,EQR
EQS,"Equus Total Return, Inc. Common Stock",NYSE,EQS,EQS,EQS
EQT,EQT Corporation Common Stock,NYSE,EQT,EQT,EQT
EQX,Equinox Gold Corp. Common Shares,AMEX,EQX,EQX,EQX
ERAS,"Erasca, Inc. - Common Stock",NASDAQ,NA,NA,ERAS
ERC,Allspring Multi-Sector Income Fund Common Stock,AMEX,ERC,ERC,ERC
ERH,Allspring Utilities and High Income Fund Common Shares,AMEX,ERH,ERH,ERH
ERIC,Ericsson - American Depositary Shares each representing 1 underlying Class B share,NASDAQ,NA,NA,ERIC
ERIE,Erie Indemnity Company - Class A Common Stock,NASDAQ,NA,NA,ERIE
ERII,"Energy Recovery, Inc. - Common Stock",NASDAQ,NA,NA,ERII
ERNA,Ernexa Therapeutics Inc. - Common Stock,NASDAQ,NA,NA,ERNA
ERNAW,Ernexa Therapeutics Inc. - Warrants,NASDAQ,NA,NA,ERNAW
ERO,Ero Copper Corp. Common Shares,NYSE,ERO,ERO,ERO
EROC,"ERock, Inc. Class A Common Stock",NYSE,EROC,EROC,EROC
EROK,"EagleRock Land, LLC Class A shares representing limited liability company interests",NYSE,EROK,EROK,EROK
ES,Eversource Energy (D/B/A) Common Stock,NYSE,ES,ES,ES
ESAB,ESAB Corporation Common Stock,NYSE,ESAB,ESAB,ESAB
ESBA,"Empire State Realty OP, L.P. Series ES Operating Partnership Units Representing Limited Partnership Interests",ARCA,ESBA,ESBA,ESBA
ESCA,"Escalade, Incorporated - Common Stock",NASDAQ,NA,NA,ESCA
ESE,ESCO Technologies Inc. Common Stock,NYSE,ESE,ESE,ESE
ESEA,Euroseas Ltd. - Common Stock,NASDAQ,NA,NA,ESEA
ESI,Element Solutions Inc. Common Stock,NYSE,ESI,ESI,ESI
ESLA,"Estrella Immunopharma, Inc. - Common Stock",NASDAQ,NA,NA,ESLA
ESLAW,"Estrella Immunopharma, Inc. - Warrant",NASDAQ,NA,NA,ESLAW
ESLT,Elbit Systems Ltd. - Ordinary Shares,NASDAQ,NA,NA,ESLT
ESNT,Essent Group Ltd. Common Shares,NYSE,ESNT,ESNT,ESNT
ESOA,Energy Services of America Corporation - Common Stock,NASDAQ,NA,NA,ESOA
ESP,Espey Mfg. & Electronics Corp. Common Stock,AMEX,ESP,ESP,ESP
ESQ,"Esquire Financial Holdings, Inc. - Common Stock",NASDAQ,NA,NA,ESQ
ESRT,"Empire State Realty Trust, Inc. Class A Common Stock",NYSE,ESRT,ESRT,ESRT
ESS,"Essex Property Trust, Inc. Common Stock",NYSE,ESS,ESS,ESS
ESTA,Establishment Labs Holdings Inc. - Common Shares,NASDAQ,NA,NA,ESTA
ESTC,Elastic N.V. Ordinary Shares,NYSE,ESTC,ESTC,ESTC
ET,Energy Transfer LP Common Units ,NYSE,ET,ET,ET
ET-PI,Energy Transfer L.P. Series I Fixed Rate Perpetual Preferred Units,NYSE,ET$I,ETpI,ET-I
ETB,Eaton Vance Tax-Managed Buy-Write Income Fund Eaton Vance Tax-Managed Buy-Write Income Fund Common Shares of Beneficial Interest,NYSE,ETB,ETB,ETB
ETD,Ethan Allen Interiors Inc. Common Stock,NYSE,ETD,ETD,ETD
ETG,Eaton Vance Tax-Advantaged Global Dividend Income Fund Common Shares of Beneficial Interest,NYSE,ETG,ETG,ETG
ETI-P,"Entergy Texas Inc 5.375% Series A Preferred Stock, Cumulative, No Par Value",NYSE,ETI$,ETIp,ETI-
ETJ,Eaton Vance Risk-Managed Diversified Equity Income Fund Common Shares of Beneficial Interest,NYSE,ETJ,ETJ,ETJ
ETN,"Eaton Corporation, PLC Ordinary Shares",NYSE,ETN,ETN,ETN
ETO,Eaton Vance Tax-Advantage Global Dividend Opp Common Stock,NYSE,ETO,ETO,ETO
ETON,"Eton Pharmaceuticals, Inc. - Common Stock",NASDAQ,NA,NA,ETON
ETOR,eToro Group Ltd. - Class A Common Shares,NASDAQ,NA,NA,ETOR
ETR,Entergy Corporation Common Stock,NYSE,ETR,ETR,ETR
ETS,Elite Express Holding Inc. - Class A Common Stock,NASDAQ,NA,NA,ETS
ETSS,Energy Transition Special Opportunities Class A Ordinary Shares,NYSE,ETSS,ETSS,ETSS
ETSS-UN,"Energy Transition Special Opportunities Units, each consisting of one Class A ordinary share and one-half of one redeemable warrant",NYSE,ETSS.U,ETSS.U,ETSS=
ETSS-WT,"Energy Transition Special Opportunities Warrants, each whole warrant exercisable for one Class A ordinary share at an exercise price of $11.50",NYSE,ETSS.W,ETSS.WS,ETSS+
ETSY,"Etsy, Inc. Common Stock",NYSE,ETSY,ETSY,ETSY
ETV,Eaton Vance Corporation Eaton Vance Tax-Managed Buy-Write Opportunities Fund Common Shares of Beneficial Interest,NYSE,ETV,ETV,ETV
ETW,Eaton Vance Corporation Eaton Vance Tax-Managed Global Buy-Write Opportunites Fund Common Shares of Beneficial Interest,NYSE,ETW,ETW,ETW
ETX,Eaton Vance Municipal Income 2028 Term Trust Common Shares of Beneficial Interest,NYSE,ETX,ETX,ETX
ETY,"Eaton Vance Tax-Managed Diversified Equity Income Fund Common Shares of Beneficial Interest,",NYSE,ETY,ETY,ETY
EU,enCore Energy Corp. - Common Stock,NASDAQ,NA,NA,EU
EUDA,Euda Health Holdings Limited - Ordinary Shares,NASDAQ,NA,NA,EUDA
EUDAW,Euda Health Holdings Limited - Warrant,NASDAQ,NA,NA,EUDAW
EURK,Eureka Acquisition Corp - Class A Ordinary Share,NASDAQ,NA,NA,EURK
EURKR,Eureka Acquisition Corp - Right,NASDAQ,NA,NA,EURKR
EURKU,Eureka Acquisition Corp - Unit,NASDAQ,NA,NA,EURKU
EVAC,EQV Ventures Acquisition Corp. II Class A Ordinary Shares,NYSE,EVAC,EVAC,EVAC
EVAC-UN,"EQV Ventures Acquisition Corp. II Units, each unit consists of one Class A ordinary share and one-third of one redeemable warrant",NYSE,EVAC.U,EVAC.U,EVAC=
EVAC-WT,"EQV Ventures Acquisition Corp. II Redeemable Warrants, each whole warrant exercisable for one Class A ordinary share at an exercise price of $11.50 per share",NYSE,EVAC.W,EVAC.WS,EVAC+
EVAX,Evaxion A/S - American Depositary Share,NASDAQ,NA,NA,EVAX
EVC,Entravision Communications Corporation Common Stock,NYSE,EVC,EVC,EVC
EVCM,EverCommerce Inc. - Common Stock,NASDAQ,NA,NA,EVCM
EVER,"EverQuote, Inc. - Class A Common Stock",NASDAQ,NA,NA,EVER
EVEX,"Eve Holding, Inc. Common Stock",NYSE,EVEX,EVEX,EVEX
EVEX-WT,"Eve Holding, Inc. Warrants, each exercisable for one share of Common Stock at an exercise price of $11.50 per share",NYSE,EVEX.W,EVEX.WS,EVEX+
EVF,Eaton Vance Senior Income Trust Common Stock,NYSE,EVF,EVF,EVF
EVG,Eaton Vance Short Diversified Income Fund Eaton Vance Short Duration Diversified Income Fund Common Shares of Beneficial Interest,NYSE,EVG,EVG,EVG
EVGN,Evogene Ltd. - Ordinary Shares,NASDAQ,NA,NA,EVGN
EVGO,EVgo Inc. - Common Stock,NASDAQ,NA,NA,EVGO
EVH,"Evolent Health, Inc Class A Common Stock",NYSE,EVH,EVH,EVH
EVI,"EVI Industries, Inc.  Common Stock",AMEX,EVI,EVI,EVI
EVLV,"Evolv Technologies Holdings, Inc. - Class A Common Stock",NASDAQ,NA,NA,EVLV
EVMN,"Evommune, Inc. Common Stock",NYSE,EVMN,EVMN,EVMN
EVN,Eaton Vance Municipal Income Trust Common Stock,NYSE,EVN,EVN,EVN
EVO,Evotec SE - American Depositary Shares each representing 1/2 of one ordinary share,NASDAQ,NA,NA,EVO
EVOX,Evolution Global Acquisition Corp - Class A Ordinary Shares,NASDAQ,NA,NA,EVOX
EVOXU,Evolution Global Acquisition Corp - Units,NASDAQ,NA,NA,EVOXU
EVOXW,Evolution Global Acquisition Corp - Warrants,NASDAQ,NA,NA,EVOXW
EVR,Evercore Inc. Class A Common Stock,NYSE,EVR,EVR,EVR
EVRG,"Evergy, Inc. - Common Stock",NASDAQ,NA,NA,EVRG
EVT,Eaton Vance Tax Advantaged Dividend Income Fund Common Shares of Beneficial Interest,NYSE,EVT,EVT,EVT
EVTC,"Evertec, Inc. Common Stock",NYSE,EVTC,EVTC,EVTC
EVTL,Vertical Aerospace Ltd. Ordinary Shares,NYSE,EVTL,EVTL,EVTL
EVV,Eaton Vance Limited Duration Income Fund Common Shares of Beneficial Interest,AMEX,EVV,EVV,EVV
EW,Edwards Lifesciences Corporation Common Stock,NYSE,EW,EW,EW
EWAV,East West Ave Acquisition Corp. - Common Stock,NASDAQ,NA,NA,EWAV
EWAVR,East West Ave Acquisition Corp. - Rights,NASDAQ,NA,NA,EWAVR
EWAVU,East West Ave Acquisition Corp. - Units,NASDAQ,NA,NA,EWAVU
EWBC,"East West Bancorp, Inc. - Common Stock",NASDAQ,NA,NA,EWBC
EWTX,"Edgewise Therapeutics, Inc. - Common Stock",NASDAQ,NA,NA,EWTX
EXC,Exelon Corporation - Common Stock,NASDAQ,NA,NA,EXC
EXE,Expand Energy Corporation - Common Stock,NASDAQ,NA,NA,EXE
EXEL,"Exelixis, Inc. - Common Stock",NASDAQ,NA,NA,EXEL
EXFY,"Expensify, Inc. - Class A Common Stock",NASDAQ,NA,NA,EXFY
EXG,Eaton Vance Tax-Managed Global Diversified Equity Income Fund Common Shares of Beneficial Interest,NYSE,EXG,EXG,EXG
EXK,Endeavour Silver Corporation Ordinary Shares (Canada),NYSE,EXK,EXK,EXK
EXLS,"ExlService Holdings, Inc. - Common Stock",NASDAQ,NA,NA,EXLS
EXOD,"Exodus Movement, Inc. Class A Common Stock",AMEX,EXOD,EXOD,EXOD
EXOZ,eXoZymes Inc. - Common Stock,NASDAQ,NA,NA,EXOZ
EXP,Eagle Materials Inc Common Stock,NYSE,EXP,EXP,EXP
EXPD,"Expeditors International of Washington, Inc. Common Stock",NYSE,EXPD,EXPD,EXPD
EXPE,"Expedia Group, Inc. - Common Stock",NASDAQ,NA,NA,EXPE
EXPO,"Exponent, Inc. - Common Stock",NASDAQ,NA,NA,EXPO
EXR,Extra Space Storage Inc Common Stock,NYSE,EXR,EXR,EXR
EXTR,"Extreme Networks, Inc. - Common Stock",NASDAQ,NA,NA,EXTR
EXYN,"Exyn Technologies, Inc. - Common Stock",NASDAQ,NA,NA,EXYN
EXYNW,"Exyn Technologies, Inc. - Warrant",NASDAQ,NA,NA,EXYNW
EYE,"National Vision Holdings, Inc. - Common Stock",NASDAQ,NA,NA,EYE
EYPT,"EyePoint, Inc. - Common Stock",NASDAQ,NA,NA,EYPT
EZGO,EZGO Technologies Ltd. - Ordinary Shares,NASDAQ,NA,NA,EZGO
EZPW,"EZCORP, Inc. - Class A Non-Voting Common Stock",NASDAQ,NA,NA,EZPW
EZRA,"Reliance Global Group, Inc. - Common Stock",NASDAQ,NA,NA,EZRA
F,Ford Motor Company Common Stock,NYSE,F,F,F
F-PB,"Ford Motor Company 6.20% Notes due June 1, 2059",NYSE,F$B,FpB,F-B
F-PC,"Ford Motor Company 6% Notes due December 1, 2059",NYSE,F$C,FpC,F-C
F-PD,"Ford Motor Company 6.500% Notes due August 15, 2062",NYSE,F$D,FpD,F-D
FA,First Advantage Corporation - Common Stock,NASDAQ,NA,NA,FA
FABC,"Fabric.AI, Inc. - Common Stock",NASDAQ,NA,NA,FABC
FAC,Factorial Energy Inc. - Class A Common Stock,NASDAQ,NA,NA,FAC
FACT,FACT II Acquisition Corp. - Class A Ordinary Shares,NASDAQ,NA,NA,FACT
FACTU,FACT II Acquisition Corp. - Unit,NASDAQ,NA,NA,FACTU
FACTW,FACT II Acquisition Corp. - Warrant,NASDAQ,NA,NA,FACTW
FACWW,Factorial Energy Inc. - Warrant,NASDAQ,NA,NA,FACWW
FAF,First American Corporation (New) Common Stock,NYSE,FAF,FAF,FAF
FAMI,"Farmmi, Inc. - Class A Ordinary Shares",NASDAQ,NA,NA,FAMI
FANG,"Diamondback Energy, Inc. - Common Stock",NASDAQ,NA,NA,FANG
FAST,Fastenal Company - Common Stock,NASDAQ,NA,NA,FAST
FATE,"Fate Therapeutics, Inc. - Common Stock",NASDAQ,NA,NA,FATE
FATN,"FatPipe, Inc. - common stock",NASDAQ,NA,NA,FATN
FAX,"abrdn Asia-Pacific Income Fund, Inc. Common Stock",AMEX,FAX,FAX,FAX
FBGL,FBS Global Limited - Ordinary Shares,NASDAQ,NA,NA,FBGL
FBIN,"Fortune Brands Innovations, Inc. Common Stock",NYSE,FBIN,FBIN,FBIN
FBIO,"Fortress Biotech, Inc. - Common Stock",NASDAQ,NA,NA,FBIO
FBIOP,"Fortress Biotech, Inc. - 9.375% Series A Cumulative Redeemable Perpetual Preferred Stock",NASDAQ,NA,NA,FBIOP
FBIZ,"First Business Financial Services, Inc. - Common Stock",NASDAQ,NA,NA,FBIZ
FBK,FB Financial Corporation Common Stock,NYSE,FBK,FBK,FBK
FBLA,"FB Bancorp, Inc. - Common Stock",NASDAQ,NA,NA,FBLA
FBLG,"FibroBiologics, Inc. - Common Stock",NASDAQ,NA,NA,FBLG
FBNC,First Bancorp - Common Stock,NASDAQ,NA,NA,FBNC
FBP,First BanCorp. New Common Stock,NYSE,FBP,FBP,FBP
FBRT,"Franklin BSP Realty Trust, Inc. Common Stock",NYSE,FBRT,FBRT,FBRT
FBRT-PE,"Franklin BSP Realty Trust, Inc. 7.50% Series E Cumulative Redeemable Preferred Stock",NYSE,FBRT$E,FBRTpE,FBRT-E
FBRX,"Forte Biosciences, Inc.  - Common Stock",NASDAQ,NA,NA,FBRX
FBYD,"Falcon's Beyond Global, Inc. - Class A Common Stock",NASDAQ,NA,NA,FBYD
FBYDP,"Falcon's Beyond Global, Inc. - 11% Series B Cumulative Convertible Preferred Stock",NASDAQ,NA,NA,FBYDP
FBYDW,"Falcon's Beyond Global, Inc. - Warrants",NASDAQ,NA,NA,FBYDW
FC,Franklin Covey Company Common Stock,NYSE,FC,FC,FC
FCAP,"First Capital, Inc. - Common Stock",NASDAQ,NA,NA,FCAP
FCBC,"First Community Bankshares, Inc. - Common Stock",NASDAQ,NA,NA,FCBC
FCBM,"First Carolina Financial Services, Inc. Common Stock",NYSE,FCBM,FCBM,FCBM
FCCO,First Community Corporation - Common Stock,NASDAQ,NA,NA,FCCO
FCEL,"FuelCell Energy, Inc. - Common Stock",NASDAQ,NA,NA,FCEL
FCF,First Commonwealth Financial Corporation Common Stock,NYSE,FCF,FCF,FCF
FCFS,"FirstCash Holdings, Inc. - Common Stock",NASDAQ,NA,NA,FCFS
FCHL,Fitness Champs Holdings Limited - Ordinary Shares,NASDAQ,NA,NA,FCHL
FCN,"FTI Consulting, Inc. Common Stock",NYSE,FCN,FCN,FCN
FCNCA,"First Citizens BancShares, Inc. - Class A Common Stock",NASDAQ,NA,NA,FCNCA
FCNCN,"First Citizens BancShares, Inc. - Depositary Shares, each representing a 1/40th interest in a share of 6.625% Non-Cumulative Perpetual Preferred Stock, Series E",NASDAQ,NA,NA,FCNCN
FCNCO,"First Citizens BancShares, Inc. - 5.625% Non-Cumulative Perpetual Preferred Stock, Series C",NASDAQ,NA,NA,FCNCO
FCNCP,"First Citizens BancShares, Inc. - Depositary Shares Each Representing a 1/40th Interest in a Share of 5.375% Non-Cumulative Perpetual Preferred Stock, Series A",NASDAQ,NA,NA,FCNCP
FCPT,"Four Corners Property Trust, Inc. Common Stock",NYSE,FCPT,FCPT,FCPT
FCRS,FutureCrest Acquisition Corp. Class A Ordinary Shares,NYSE,FCRS,FCRS,FCRS
FCRS-UN,"FutureCrest Acquisition Corp. Units, each consisting of one Class A ordinary share and one-quarter of one redeemable warrant",NYSE,FCRS.U,FCRS.U,FCRS=
FCRS-WT,"FutureCrest Acquisition Corp. Redeemable warrants, each whole warrant exercisable for one Class A ordinary share at an exercise price of $11.50",NYSE,FCRS.W,FCRS.WS,FCRS+
FCUV,Focus Universal Inc. - Common Stock,NASDAQ,NA,NA,FCUV
FCX,"Freeport-McMoRan, Inc. Common Stock",NYSE,FCX,FCX,FCX
FDBC,"Fidelity D & D Bancorp, Inc. - Common Stock",NASDAQ,NA,NA,FDBC
FDMM,Freedom Metals Acquisition Corp. - Class A Ordinary Shares,NASDAQ,NA,NA,FDMM
FDMMU,Freedom Metals Acquisition Corp. - Units,NASDAQ,NA,NA,FDMMU
FDMMW,Freedom Metals Acquisition Corp. - Warrants,NASDAQ,NA,NA,FDMMW
FDMT,"4D Molecular Therapeutics, Inc. - Common Stock",NASDAQ,NA,NA,FDMT
FDS,FactSet Research Systems Inc. Common Stock,NYSE,FDS,FDS,FDS
FDSB,"Fifth District Bancorp, Inc. - Common Stock",NASDAQ,NA,NA,FDSB
FDUS,Fidus Investment Corporation - Closed End Fund,NASDAQ,NA,NA,FDUS
FDX,FedEx Corporation Common Stock,NYSE,FDX,FDX,FDX
FDXF,"FedEx Freight Holding Company, Inc. Common Stock",NYSE,FDXF,FDXF,FDXF
FE,FirstEnergy Corp. Common Stock,NYSE,FE,FE,FE
FEAM,"5E Advanced Materials, Inc. - Common Stock",NASDAQ,NA,NA,FEAM
FEBO,Fenbo Holdings Limited - Class A Ordinary Shares,NASDAQ,NA,NA,FEBO
FEDU,"Four Seasons Education (Cayman) Inc. American Depositary Shares, each ADS representing 10 ordinary shares",NYSE,FEDU,FEDU,FEDU
FEED,"ENvue Medical, Inc. - Common Stock",NASDAQ,NA,NA,FEED
FEIM,"Frequency Electronics, Inc. - Common Stock",NASDAQ,NA,NA,FEIM
FELE,"Franklin Electric Co., Inc. - Common Stock",NASDAQ,NA,NA,FELE
FEMY,Femasys Inc. - Common Stock,NASDAQ,NA,NA,FEMY
FENC,Fennec Pharmaceuticals Inc. - Common Stock,NASDAQ,NA,NA,FENC
FENG,"Phoenix New Media Limited American Depositary Shares, each representing 48 Class A ordinary shares.",NYSE,FENG,FENG,FENG
FER,Ferrovial N.V. - Ordinary Shares,NASDAQ,NA,NA,FER
FERA,Fifth Era Acquisition Corp I - Class A Ordinary Shares,NASDAQ,NA,NA,FERA
FERAR,Fifth Era Acquisition Corp I - Rights,NASDAQ,NA,NA,FERAR
FERAU,Fifth Era Acquisition Corp I - Units,NASDAQ,NA,NA,FERAU
FERG,Ferguson Enterprises Inc. Common Stock,NYSE,FERG,FERG,FERG
FET,"Forum Energy Technologies, Inc. Common Stock",NYSE,FET,FET,FET
FF,FutureFuel Corp.  Common shares,NYSE,FF,FF,FF
FFA,First Trust Enhanced Equity Income Fund Common Shares of Beneficial Interest,NYSE,FFA,FFA,FFA
FFAI,Faraday Future Intelligent Electric Inc. - Class A Common Stock,NASDAQ,NA,NA,FFAI
FFBC,First Financial Bancorp. - Common Stock,NASDAQ,NA,NA,FFBC
FFC,Flaherty & Crumrine Preferred and Income Securities Fund Incorporated,NYSE,FFC,FFC,FFC
FFIN,"First Financial Bankshares, Inc. - Common Stock",NASDAQ,NA,NA,FFIN
FFIV,"F5, Inc. - Common Stock",NASDAQ,NA,NA,FFIV
FG,"F&G Annuities & Life, Inc. Common Stock",NYSE,FG,FG,FG
FGBI,"First Guaranty Bancshares, Inc. - Common Stock",NASDAQ,NA,NA,FGBI
FGBIP,"First Guaranty Bancshares, Inc. - 6.75% Series A Fixed-Rate Non-Cumulative Perpetual Preferred Stock",NASDAQ,NA,NA,FGBIP
FGI,FGI Industries Ltd. - Ordinary Shares,NASDAQ,NA,NA,FGI
FGII,FG Imperii Acquisition Corp. - Class A Ordinary Shares,NASDAQ,NA,NA,FGII
FGIIU,FG Imperii Acquisition Corp. - Units,NASDAQ,NA,NA,FGIIU
FGIIW,FG Imperii Acquisition Corp. - Warrants,NASDAQ,NA,NA,FGIIW
FGIWW,FGI Industries Ltd. - warrant,NASDAQ,NA,NA,FGIWW
FGL,Founder Group Limited - Class A Ordinary Shares,NASDAQ,NA,NA,FGL
FGN,"F&G Annuities & Life, Inc. 7.950% Senior Notes due 2053",NYSE,FGN,FGN,FGN
FGNX,FG Nexus Inc. - Common Stock,NASDAQ,NA,NA,FGNX
FGNXP,FG Nexus Inc. - 8.00% Cumulative Series A Preferred Stock,NASDAQ,NA,NA,FGNXP
FGSN,"F&G Annuities & Life, Inc. 7.300% Junior Subordinated Notes due 2065",NYSE,FGSN,FGSN,FGSN
FHB,"First Hawaiian, Inc. - Common Stock",NASDAQ,NA,NA,FHB
FHI,"Federated Hermes, Inc. Common Stock",NYSE,FHI,FHI,FHI
FHN,First Horizon Corporation Common Stock,NYSE,FHN,FHN,FHN
FHN-PE,"First Horizon Corporation Depositary Shares, each representing a 1/4,000th interest in a share of Non-Cumulative Perpetual Preferred Stock, Series E",NYSE,FHN$E,FHNpE,FHN-E
FHN-PF,"First Horizon Corporation Depositary Shares, each representing 1/4000th Interest in a Share of Non-Cumulative Perpetual Preferred Stock, Series F",NYSE,FHN$F,FHNpF,FHN-F
FHN-PH,"First Horizon Corporation Depositary Shares each representing a 1/4,000th interest in a share of Non-Cumulative Perpetual Preferred Stock, Series H",NYSE,FHN$H,FHNpH,FHN-H
FHTX,Foghorn Therapeutics Inc. - Common Stock,NASDAQ,NA,NA,FHTX
FIBK,"First Interstate BancSystem, Inc. - Common Stock",NASDAQ,NA,NA,FIBK
FICO,Fair Isaac Corporation Common Stock,NYSE,FICO,FICO,FICO
FIEE,"FiEE, Inc - Common Stock",NASDAQ,NA,NA,FIEE
FIG,"Figma, Inc. Class A Common Stock",NYSE,FIG,FIG,FIG
FIGR,"Figure Technology Solutions, Inc. - Class A Common Stock",NASDAQ,NA,NA,FIGR
FIGS,"FIGS, Inc. Class A Common Stock",NYSE,FIGS,FIGS,FIGS
FIGX,FIGX Capital Acquisition Corp. - Class A ordinary share,NASDAQ,NA,NA,FIGX
FIGXU,FIGX Capital Acquisition Corp. - Units,NASDAQ,NA,NA,FIGXU
FIGXW,FIGX Capital Acquisition Corp. - one-half of one redeemable warrant.,NASDAQ,NA,NA,FIGXW
FINS,Angel Oak Financial Strategies Income Term Trust Common Shares of Beneficial Interest,NYSE,FINS,FINS,FINS
FINV,FinVolution Group American Depositary Shares,NYSE,FINV,FINV,FINV
FINW,FinWise Bancorp - Common Stock,NASDAQ,NA,NA,FINW
FIP,FTAI Infrastructure Inc. - Common Stock,NASDAQ,NA,NA,FIP
FIRY,Firy Inc. Class A Common Stock,NYSE,FIRY,FIRY,FIRY
FIS,"Fidelity National Information Services, Inc. Common Stock",NYSE,FIS,FIS,FIS
FISI,"Financial Institutions, Inc. - Common Stock",NASDAQ,NA,NA,FISI
FISK,"Empire State Realty OP, L.P. Series 250 Operating Partnership Units Representing Limited Partnership Interests",ARCA,FISK,FISK,FISK
FISN,"Deep Fission, Inc. - Common Stock",NASDAQ,NA,NA,FISN
FISV,"Fiserv, Inc. - Common Stock",NASDAQ,NA,NA,FISV
FITB,Fifth Third Bancorp Common Stock,NYSE,FITB,FITB,FITB
FITB-PA,"Fifth Third Bancorp Depositary Shares each representing 1/40th share of Fifth Third 6.00% Non-Cumulative Perpetual Class B Preferred Stock, Series A",NYSE,FITB$A,FITBpA,FITB-A
FITB-PI,Fifth Third Bancorp Depositary Share repstg 1/1000th Ownership Interest Perp Pfd Series I,NYSE,FITB$I,FITBpI,FITB-I
FITB-PK,"Fifth Third Bancorp Depositary Shares each representing a 1/1000th ownership interest in a share of Non-Cumulative Perpetual Preferred Stock, Series K",NYSE,FITB$K,FITBpK,FITB-K
FITB-PM,"Fifth Third Bancorp Depositary Shares Representing a 1/40th Ownership Interest in a Share of 6.875% Fixed-Rate Reset Non-Cumulative Perpetual Preferred Stock, Series M",NYSE,FITB$M,FITBpM,FITB-M
FIVE,"Five Below, Inc. - Common Stock",NASDAQ,NA,NA,FIVE
FIVN,"Five9, Inc. - Common Stock",NASDAQ,NA,NA,FIVN
FIX,"Comfort Systems USA, Inc. Common Stock",NYSE,FIX,FIX,FIX
FIZZ,National Beverage Corp. - Common Stock,NASDAQ,NA,NA,FIZZ
FJDIU,ARC Group Securities Acquisition I - Units,NASDAQ,NA,NA,FJDIU
FJET,"Starfighters Space, Inc. Common Stock",AMEX,FJET,FJET,FJET
FKWL,Franklin Wireless Corp. - common stock,NASDAQ,NA,NA,FKWL
FLC,Flaherty & Crumrine Total Return Fund Inc Common Stock,NYSE,FLC,FLC,FLC
FLD,"Fold Holdings, Inc. - Class A Common Stock",NASDAQ,NA,NA,FLD
FLDDW,"Fold Holdings, Inc. - Warrant",NASDAQ,NA,NA,FLDDW
FLEX,Flex Ltd. - Ordinary Shares,NASDAQ,NA,NA,FLEX
FLG,"Flagstar Bank, N.A. Common Stock",NYSE,FLG,FLG,FLG
FLG-PA,"Flagstar Bank, N.A. Depositary shares, each representing a 1/40th interest in a share of Fixed-to-Floating Rate Series A Noncumulative Perpetual Preferred Stock",NYSE,FLG$A,FLGpA,FLG-A
FLG-PU,"Flagstar Bank, N.A. Bifurcated Option Note Unit SecuritiES",NYSE,FLG$U,FLGpU,FLG-U
FLGT,"Fulgent Genetics, Inc. - Common Stock",NASDAQ,NA,NA,FLGT
FLL,"Full House Resorts, Inc. - Common Stock",NASDAQ,NA,NA,FLL
FLNA,"Filana Therapeutics, Inc. - Common Stock",NASDAQ,NA,NA,FLNA
FLNC,"Fluence Energy, Inc. - Class A Common Stock",NASDAQ,NA,NA,FLNC
FLNG,FLEX LNG Ltd. Ordinary Shares,NYSE,FLNG,FLNG,FLNG
FLNT,"Fluent, Inc. - Common Stock",NASDAQ,NA,NA,FLNT
FLO,"Flowers Foods, Inc. Common Stock",NYSE,FLO,FLO,FLO
FLOC,Flowco Holdings Inc. Class A Common Stock,NYSE,FLOC,FLOC,FLOC
FLR,Fluor Corporation Common Stock,NYSE,FLR,FLR,FLR
FLS,Flowserve Corporation Common Stock,NYSE,FLS,FLS,FLS
FLUT,Flutter Entertainment plc Ordinary Shares,NYSE,FLUT,FLUT,FLUT
FLUX,"Flux Power Holdings, Inc. - Common Stock",NASDAQ,NA,NA,FLUX
FLWS,"1-800-FLOWERS.COM, Inc. - Class A Common Stock",NASDAQ,NA,NA,FLWS
FLX,BingEx Limited - American Depositary Shares,NASDAQ,NA,NA,FLX
FLXS,"Flexsteel Industries, Inc. - Common Stock",NASDAQ,NA,NA,FLXS
FLY,Firefly Aerospace Inc. - Common Stock,NASDAQ,NA,NA,FLY
FLYE,"Fly-E Group, Inc. - Common Stock",NASDAQ,NA,NA,FLYE
FLYW,Flywire Corporation - Voting Common Stock,NASDAQ,NA,NA,FLYW
FLYX,"flyExclusive, Inc. Class A Common Stock",AMEX,FLYX,FLYX,FLYX
FLYX-WT,"flyExclusive, Inc. Redeemable warrants, each whole warrant exercisable for one Class A common stock at an exercise price of $11.50 per share",AMEX,FLYX.W,FLYX.WS,FLYX+
FLZH,"Flash Sports & Media Holdings, Inc. - Common Stock",NASDAQ,NA,NA,FLZH
FMAC,Future Money Acquisition Corporation - Ordinary Shares,NASDAQ,NA,NA,FMAC
FMACR,Future Money Acquisition Corporation - Rights,NASDAQ,NA,NA,FMACR
FMACU,Future Money Acquisition Corporation - Units,NASDAQ,NA,NA,FMACU
FMAO,"Farmers & Merchants Bancorp, Inc. - Common Stock",NASDAQ,NA,NA,FMAO
FMBH,"First Mid Bancshares, Inc. - Common Stock",NASDAQ,NA,NA,FMBH
FMC,FMC Corporation Common Stock,NYSE,FMC,FMC,FMC
FMFC,Kandal M Venture Limited - Class A ordinary Shares,NASDAQ,NA,NA,FMFC
FMN,Federated Hermes Premier Municipal Income Fund,NYSE,FMN,FMN,FMN
FMNB,Farmers National Banc Corp. - Common Stock,NASDAQ,NA,NA,FMNB
FMS,Fresenius Medical Care AG American Depositary Shares (Each representing 1/2 of an Ordinary Share),NYSE,FMS,FMS,FMS
FMST,Foremost Clean Energy Ltd. - Common Shares,NASDAQ,NA,NA,FMST
FMSTW,Foremost Clean Energy Ltd. - Warrant,NASDAQ,NA,NA,FMSTW
FMX,Fomento Economico Mexicano S.A.B. de C.V. Common Stock,NYSE,FMX,FMX,FMX
FMY,First Trust Mortgage Income Fund Common Shares of Beneficial Interest,NYSE,FMY,FMY,FMY
FN,Fabrinet Ordinary Shares,NYSE,FN,FN,FN
FNB,F.N.B. Corporation Common Stock,NYSE,FNB,FNB,FNB
FND,"Floor & Decor Holdings, Inc. Common Stock",NYSE,FND,FND,FND
FNF,"Fidelity National Financial, Inc. Common Stock",NYSE,FNF,FNF,FNF
FNGD,"MicroSectors FANG  Index -3X Inverse Leveraged ETNs due January 8, 2038",ARCA,FNGD,FNGD,FNGD
FNGO,"MicroSectors FANG  Index 2X Leveraged ETNs due January 8, 2038",ARCA,FNGO,FNGO,FNGO
FNGR,"FingerMotion, Inc. - common stock",NASDAQ,NA,NA,FNGR
FNKO,"Funko, Inc. - Class A Common Stock",NASDAQ,NA,NA,FNKO
FNLC,"First Bancorp, Inc (ME) - Common Stock",NASDAQ,NA,NA,FNLC
FNRN,First Northern Community Bancorp - Common stock,NASDAQ,NA,NA,FNRN
FNUC,Frontier Nuclear and Minerals Inc. - Common Shares,NASDAQ,NA,NA,FNUC
FNV,Franco-Nevada Corporation,NYSE,FNV,FNV,FNV
FNWB,First Northwest Bancorp - Common Stock,NASDAQ,NA,NA,FNWB
FNWD,Finward Bancorp - common stock,NASDAQ,NA,NA,FNWD
FOA,Finance of America Companies Inc. Class A Common Stock,NYSE,FOA,FOA,FOA
FOCL,"EDAP TMS S.A. - American Depositary Shares, each representing One Ordinary Share",NASDAQ,NA,NA,FOCL
FOF,"Cohen & Steers Closed-End Opportunity Fund, Inc. Common Stock",NYSE,FOF,FOF,FOF
FOFO,"Hang Feng Technology Innovation Co., Ltd. - Ordinary Shares",NASDAQ,NA,NA,FOFO
FOIL,"Londian Wason New Energy Tech Inc. American Depositary Shares, each representing five Ordinary Shares",NYSE,FOIL,FOIL,FOIL
FOR,Forestar Group Inc Common Stock ,NYSE,FOR,FOR,FOR
FORM,"FormFactor, Inc. - Common Stock",NASDAQ,NA,NA,FORM
FORR,"Forrester Research, Inc. - Common Stock",NASDAQ,NA,NA,FORR
FORTY,Formula Systems (1985) Ltd. - American Depositary Shares,NASDAQ,NA,NA,FORTY
FOSL,"Fossil Group, Inc. - Common Stock",NASDAQ,NA,NA,FOSL
FOUR,"Shift4 Payments, Inc. Class A Common Stock",NYSE,FOUR,FOUR,FOUR
FOUR-PA,"Shift4 Payments, Inc. 6.00% Series A Mandatory Convertible Preferred Stock",NYSE,FOUR$A,FOURpA,FOUR-A
FOX,Fox Corporation - Class B Common Stock,NASDAQ,NA,NA,FOX
FOXA,Fox Corporation - Class A Common Stock,NASDAQ,NA,NA,FOXA
FOXF,Fox Factory Holding Corp. - Common Stock,NASDAQ,NA,NA,FOXF
FOXX,Foxx Development Holdings Inc. - Common Stock,NASDAQ,NA,NA,FOXX
FOXXW,Foxx Development Holdings Inc. - Warrant,NASDAQ,NA,NA,FOXXW
FPF,First Trust Intermediate Duration Preferred & Income Fund Common Shares of Beneficial Interest,NYSE,FPF,FPF,FPF
FPH,"Five Point Holdings, LLC Class A Common Shares",NYSE,FPH,FPH,FPH
FPI,Farmland Partners Inc. Common Stock,NYSE,FPI,FPI,FPI
FPS,"Forgent Power Solutions, Inc. Class A Common Stock",NYSE,FPS,FPS,FPS
FR,"First Industrial Realty Trust, Inc. Common Stock",NYSE,FR,FR,FR
FRA,Blackrock Floating Rate Income Strategies Fund Inc  Common Stock,NYSE,FRA,FRA,FRA
FRAF,Franklin Financial Services Corporation - Common Stock,NASDAQ,NA,NA,FRAF
FRBA,First Bank  - Common Stock,NASDAQ,NA,NA,FRBA
FRBT,"Forbright, Inc. - Class A Common Stock",NASDAQ,NA,NA,FRBT
FRD,Friedman Industries Inc. - Common Stock,NASDAQ,NA,NA,FRD
FRGT,"Freight Technologies, Inc. - Ordinary Shares",NASDAQ,NA,NA,FRGT
FRHC,Freedom Holding Corp. - Common Stock,NASDAQ,NA,NA,FRHC
FRME,First Merchants Corporation - Common Stock,NASDAQ,NA,NA,FRME
FRMEP,"First Merchants Corporation - Depository Shares, each representing a 1/100th interest in a share of 7.50% Non-Cumulative Perpetual Preferred Stock, A",NASDAQ,NA,NA,FRMEP
FRMI,Fermi Inc. - Common Stock,NASDAQ,NA,NA,FRMI
FRMM,"Forum Markets, Incorporated - Common Stock",NASDAQ,NA,NA,FRMM
FRNM,"Freenome, Inc. - Common stock",NASDAQ,NA,NA,FRNM
FRO,Frontline Plc Ordinary Shares,NYSE,FRO,FRO,FRO
FROG,JFrog Ltd. - Ordinary shares,NASDAQ,NA,NA,FROG
FRPH,"FRP Holdings, Inc. - Common Stock",NASDAQ,NA,NA,FRPH
FRPT,"Freshpet, Inc. - Common Stock",NASDAQ,NA,NA,FRPT
FRSH,Freshworks Inc. - Class A Common Stock,NASDAQ,NA,NA,FRSH
FRST,Primis Financial Corp. - Common Stock,NASDAQ,NA,NA,FRST
FRSX,Foresight Autonomous Holdings Ltd. - American Depositary Shares,NASDAQ,NA,NA,FRSX
FRT,Federal Realty Investment Trust Common Stock,NYSE,FRT,FRT,FRT
FRT-PC,"Federal Realty Investment Trust Depositary Shares, each representing a 1/1000th interest in a 5.000% Series C Cumulative Redeemable Preferred Share",NYSE,FRT$C,FRTpC,FRT-C
FRTT,Fort Technology Inc. - Common Shares,NASDAQ,NA,NA,FRTT
FRVO,Fervo Energy Company - Class A common stock,NASDAQ,NA,NA,FRVO
FSBC,Five Star Bancorp - Common Stock,NASDAQ,NA,NA,FSBC
FSBW,"FS Bancorp, Inc. - Common Stock",NASDAQ,NA,NA,FSBW
FSCO,FS Credit Opportunities Corp. Common Stock,NYSE,FSCO,FSCO,FSCO
FSEA,"First Seacoast Bancorp, Inc. - Common Stock",NASDAQ,NA,NA,FSEA
FSHP,Flag Ship Acquisition Corp. - Ordinary Shares,NASDAQ,NA,NA,FSHP
FSHPR,Flag Ship Acquisition Corp. - Right,NASDAQ,NA,NA,FSHPR
FSHPU,Flag Ship Acquisition Corp. - Unit,NASDAQ,NA,NA,FSHPU
FSI,Flexible Solutions International Inc. Common Stock (CDA),AMEX,FSI,FSI,FSI
FSK,FS KKR Capital Corp. Common Stock,NYSE,FSK,FSK,FSK
FSLR,"First Solar, Inc. - Common Stock",NASDAQ,NA,NA,FSLR
FSLY,"Fastly, Inc. - Class A Common Stock",NASDAQ,NA,NA,FSLY
FSM,Fortuna Mining Corp. Common Shares,NYSE,FSM,FSM,FSM
FSP,Franklin Street Properties Corp. Common Stock,AMEX,FSP,FSP,FSP
FSS,Federal Signal Corporation Common Stock,NYSE,FSS,FSS,FSS
FSSL,FS Specialty Lending Fund Common Shares of Beneficial Interest,NYSE,FSSL,FSSL,FSSL
FSTR,L.B. Foster Company - Common Stock,NASDAQ,NA,NA,FSTR
FSUN,FirstSun Capital Bancorp - Common Stock,NASDAQ,NA,NA,FSUN
FSV,FirstService Corporation - Common Shares,NASDAQ,NA,NA,FSV
FT,Franklin Universal Trust Common Stock,NYSE,FT,FT,FT
FTAI,FTAI Aviation Ltd. - Common Stock,NASDAQ,NA,NA,FTAI
FTAIM,FTAI Aviation Ltd. - 9.500% Fixed-Rate Reset Series D Cumulative Perpetual Redeemable Preferred Shares,NASDAQ,NA,NA,FTAIM
FTCI,"FTC Solar, Inc. - Common Stock",NASDAQ,NA,NA,FTCI
FTDR,"Frontdoor, Inc. - Common Stock",NASDAQ,NA,NA,FTDR
FTEK,"Fuel Tech, Inc. - Common Stock",NASDAQ,NA,NA,FTEK
FTF,Franklin Limited Duration Income Trust Common Shares of Beneficial Interest,AMEX,FTF,FTF,FTF
FTFT,Future FinTech Group Inc. - Common Stock,NASDAQ,NA,NA,FTFT
FTH,"Faeth Therapeutics, Inc.  - Common Stock",NASDAQ,NA,NA,FTH
FTHA,Forefront Tech Holdings Acquisition Corp - Class A Ordinary Shares,NASDAQ,NA,NA,FTHA
FTHAU,Forefront Tech Holdings Acquisition Corp - Unit,NASDAQ,NA,NA,FTHAU
FTHAW,Forefront Tech Holdings Acquisition Corp - Warrant,NASDAQ,NA,NA,FTHAW
FTHM,Fathom Holdings Inc. - Common Stock,NASDAQ,NA,NA,FTHM
FTHY,First Trust High Yield Opportunities 2027 Term Fund Common Stock,NYSE,FTHY,FTHY,FTHY
FTI,TechnipFMC plc Ordinary Share,NYSE,FTI,FTI,FTI
FTK,"Flotek Industries, Inc. Common Stock",NYSE,FTK,FTK,FTK
FTLF,"FitLife Brands, Inc. - Common Stock",NASDAQ,NA,NA,FTLF
FTNT,"Fortinet, Inc. - Common Stock",NASDAQ,NA,NA,FTNT
FTRA,FutureCorp Space Acquisition 1 Class A Ordinary Shares,NYSE,FTRA,FTRA,FTRA
FTRA-UN,"FutureCorp Space Acquisition 1 Units, each consisting of one Class A ordinary share and one-half of one redeemable warrant",NYSE,FTRA.U,FTRA.U,FTRA=
FTRA-WT,"FutureCorp Space Acquisition 1 Redeemable warrants, each whole warrant exercisable for one Class A ordinary share at an exercise price of $11.50",NYSE,FTRA.W,FTRA.WS,FTRA+
FTRE,Fortrea Holdings Inc. - Common Stock,NASDAQ,NA,NA,FTRE
FTRK,FAST TRACK GROUP - Ordinary shares,NASDAQ,NA,NA,FTRK
FTS,Fortis Inc. Common Shares,NYSE,FTS,FTS,FTS
FTV,Fortive Corporation Common Stock ,NYSE,FTV,FTV,FTV
FTW,Presidio Production Company Class A Common Stock,NYSE,FTW,FTW,FTW
FTW-WT,"Presidio Production Company Warrants, each whole warrant exercisable for one share of Class A common stock at an exercise price of $11.50 per share",NYSE,FTW.W,FTW.WS,FTW+
FUBO,FuboTV Inc. Class A Common Stock,NYSE,FUBO,FUBO,FUBO
FUFU,BitFuFu Inc. - Class A Ordinary Shares,NASDAQ,NA,NA,FUFU
FUFUW,BitFuFu Inc. - Warrant,NASDAQ,NA,NA,FUFUW
FUL,H. B. Fuller Company Common Stock,NYSE,FUL,FUL,FUL
FULC,"Fulcrum Therapeutics, Inc. - Common Stock",NASDAQ,NA,NA,FULC
FULT,Fulton Financial Corporation - Common Stock,NASDAQ,NA,NA,FULT
FULTP,"Fulton Financial Corporation - Depositary Shares Each Representing a 1/40th Interest in a Share of Fixed Rate Non-Cumulative Perpetual Preferred Stock, Series A",NASDAQ,NA,NA,FULTP
FUN,Six Flags Entertainment Corporation Common Stock New,NYSE,FUN,FUN,FUN
FUNC,First United Corporation - Common Stock,NASDAQ,NA,NA,FUNC
FUND,"Sprott Focus Trust, Inc. - Closed End Fund",NASDAQ,NA,NA,FUND
FURY,Fury Gold Mines Limited Common Shares,AMEX,FURY,FURY,FURY
FUSB,"First US Bancshares, Inc. - Common Stock",NASDAQ,NA,NA,FUSB
FUSE,Fusemachines Inc. - Common stock,NASDAQ,NA,NA,FUSE
FUSEW,Fusemachines Inc. - Warrants,NASDAQ,NA,NA,FUSEW
FUTU,Futu Holdings Limited - American Depositary Shares,NASDAQ,NA,NA,FUTU
FVAV,Fortress Value Acquisition Corp. V - Class A Ordinary Shares,NASDAQ,NA,NA,FVAV
FVCB,"FVCBankcorp, Inc. - Common Stock",NASDAQ,NA,NA,FVCB
FVN,Future Vision II Acquisition Corporation - Ordinary Shares,NASDAQ,NA,NA,FVN
FVNNR,Future Vision II Acquisition Corporation - Right,NASDAQ,NA,NA,FVNNR
FVNNU,Future Vision II Acquisition Corporation - Units,NASDAQ,NA,NA,FVNNU
FVR,"FrontView REIT, Inc. Common Stock",NYSE,FVR,FVR,FVR
FVRR,"Fiverr International Ltd. Ordinary Shares, no par value",NYSE,FVRR,FVRR,FVRR
FWAC,Futurewave Acquisition Corporation - Ordinary Shares,NASDAQ,NA,NA,FWAC
FWACR,Futurewave Acquisition Corporation - Rights,NASDAQ,NA,NA,FWACR
FWACU,Futurewave Acquisition Corporation - Units,NASDAQ,NA,NA,FWACU
FWACW,Futurewave Acquisition Corporation - Warrants,NASDAQ,NA,NA,FWACW
FWDI,"Forward Industries, Inc. - Common Stock",NASDAQ,NA,NA,FWDI
FWONA,Liberty Media Corporation - Series A Liberty Formula One Common Stock,NASDAQ,NA,NA,FWONA
FWONK,Liberty Media Corporation - Series C Liberty Formula One Common Stock,NASDAQ,NA,NA,FWONK
FWRD,Forward Air Corporation - Common Stock,NASDAQ,NA,NA,FWRD
FWRG,"First Watch Restaurant Group, Inc. - Common Stock",NASDAQ,NA,NA,FWRG
FXAC,FortuneX Acquisition Corporation - Ordinary shares,NASDAQ,NA,NA,FXAC
FXACU,FortuneX Acquisition Corporation - Units,NASDAQ,NA,NA,FXACU
FXACW,FortuneX Acquisition Corporation - Warrant,NASDAQ,NA,NA,FXACW
FXHO,UTime Limited - Class A Ordinary Shares,NASDAQ,NA,NA,FXHO
FXNC,First National Corporation - Common Stock,NASDAQ,NA,NA,FXNC
File Creation Time: 0814202621:31,,NASDAQ,NA,NA,File Creation Time: 0814202621:31
G,Genpact Limited Common Stock,NYSE,G,G,G
GAB,"Gabelli Equity Trust, Inc. (The) Common Stock",NYSE,GAB,GAB,GAB
GAB-PG,"Gabelli Equity Trust, Inc. (The) Series G Cumulative Preferred Stock",NYSE,GAB$G,GABpG,GAB-G
GAB-PH,"Gabelli Equity Trust, Inc. (The) Pfd Ser H",NYSE,GAB$H,GABpH,GAB-H
GAB-PK,"Gabelli Equity Trust, Inc. (The) 5.00% Series K Cumulative Preferred Stock",NYSE,GAB$K,GABpK,GAB-K
GABC,"German American Bancorp, Inc. - Common Stock",NASDAQ,NA,NA,GABC
GAIA,"Gaia, Inc. - Class A Common Stock",NASDAQ,NA,NA,GAIA
GAIN,Gladstone Investment Corporation - Business Development Company,NASDAQ,NA,NA,GAIN
GAING,Gladstone Investment Corporation - 7.125% Notes due 2031,NASDAQ,NA,NA,GAING
GAINI,Gladstone Investment Corporation - 7.875% Notes due 2030,NASDAQ,NA,NA,GAINI
GAINZ,Gladstone Investment Corporation - 4.875% Notes due 2028,NASDAQ,NA,NA,GAINZ
GALT,Galectin Therapeutics Inc. - Common Stock,NASDAQ,NA,NA,GALT
GAM,"General American Investors, Inc. Common Stock",NYSE,GAM,GAM,GAM
GAM-PB,"General American Investors Company, Inc. Cumulative Preferred Stock",NYSE,GAM$B,GAMpB,GAM-B
GAME,"GameSquare Holdings, Inc. - Common stock",NASDAQ,NA,NA,GAME
GANX,"Gain Therapeutics, Inc. - Common Stock",NASDAQ,NA,NA,GANX
GAP,"Gap, Inc. (The) Common Stock",NYSE,GAP,GAP,GAP
GASS,"StealthGas, Inc. - common stock",NASDAQ,NA,NA,GASS
GATX,GATX Corporation Common Stock,NYSE,GATX,GATX,GATX
GAU,Galiano Gold Inc.,AMEX,GAU,GAU,GAU
GAUZ,Gauzy Ltd. - Ordinary Shares,NASDAQ,NA,NA,GAUZ
GBAB,Guggenheim Taxable Municipal Bond & Investment Grade Debt Trust Common Shares of Beneficial Interest,NYSE,GBAB,GBAB,GBAB
GBCI,"Glacier Bancorp, Inc. Common Stock",NYSE,GBCI,GBCI,GBCI
GBDC,"Golub Capital BDC, Inc. - Closed End Fund",NASDAQ,NA,NA,GBDC
GBFH,GBank Financial Holdings Inc. - Common Stock,NASDAQ,NA,NA,GBFH
GBLI,"Global Indemnity Group, LLC - Class A Common Shares",NASDAQ,NA,NA,GBLI
GBR,"New Concept Energy, Inc Common Stock",AMEX,GBR,GBR,GBR
GBTG,"Global Business Travel Group, Inc. Class A Common Stock",NYSE,GBTG,GBTG,GBTG
GBX,"Greenbrier Companies, Inc. (The) Common Stock",NYSE,GBX,GBX,GBX
GCBC,"Greene County Bancorp, Inc. - Common Stock",NASDAQ,NA,NA,GCBC
GCDT,Green Circle Decarbonize Technology Limited Class A Ordinary Shares,AMEX,GCDT,GCDT,GCDT
GCGR,General Catalyst Global Resilience Merger Corp. - Class A Ordinary Shares,NASDAQ,NA,NA,GCGR
GCGRU,General Catalyst Global Resilience Merger Corp. - Units,NASDAQ,NA,NA,GCGRU
GCGRW,General Catalyst Global Resilience Merger Corp. - Warrants,NASDAQ,NA,NA,GCGRW
GCL,GCL Global Holdings Ltd - Ordinary Shares,NASDAQ,NA,NA,GCL
GCLWW,GCL Global Holdings Ltd - Warrants,NASDAQ,NA,NA,GCLWW
GCMG,GCM Grosvenor Inc. - Class A Common Stock,NASDAQ,NA,NA,GCMG
GCO,Genesco Inc. Common Stock,NYSE,GCO,GCO,GCO
GCT,GigaCloud Technology Inc - Class A Ordinary Shares,NASDAQ,NA,NA,GCT
GCTK,"GlucoTrack, Inc. - Common Stock",NASDAQ,NA,NA,GCTK
GCTS,"GCT Semiconductor Holding, Inc. Common Stock",NYSE,GCTS,GCTS,GCTS
GCTS-WT,"GCT Semiconductor Holding, Inc. Warrants, each whole warrant exercisable for one share of Common Stock at an exercise price of $11.50",NYSE,GCTS.W,GCTS.WS,GCTS+
GCV,"Gabelli Convertible and Income Securities Fund, Inc. (The) Common Stock",NYSE,GCV,GCV,GCV
GD,General Dynamics Corporation Common Stock,NYSE,GD,GD,GD
GDC,GD Culture Group Limited - Common Stock,NASDAQ,NA,NA,GDC
GDDY,GoDaddy Inc. Class A Common Stock,NYSE,GDDY,GDDY,GDDY
GDEV,GDEV Inc. - Ordinary Shares,NASDAQ,NA,NA,GDEV
GDEVW,GDEV Inc. - Warrant,NASDAQ,NA,NA,GDEVW
GDHG,Golden Heaven Group Holdings Ltd.  - Class A Ordinary Shares,NASDAQ,NA,NA,GDHG
GDL,"GDL Fund, The Common Shares of Beneficial Interest",NYSE,GDL,GDL,GDL
GDO,Western Asset Global Corporate Opportunity Fund Inc. Common Stock,NYSE,GDO,GDO,GDO
GDOT,"Green Dot Corporation Class A Common Stock, $0.001 par value",NYSE,GDOT,GDOT,GDOT
GDRX,"GoodRx Holdings, Inc. - Class A Common Stock",NASDAQ,NA,NA,GDRX
GDS,GDS Holdings Limited - American Depositary Shares,NASDAQ,NA,NA,GDS
GDTC,CytoMed Therapeutics Limited - Ordinary Shares,NASDAQ,NA,NA,GDTC
GDV,Gabelli Dividend & Income Trust Common Shares of Beneficial Interest,NYSE,GDV,GDV,GDV
GDV-PH,The Gabelli Dividend & Income Trust 5.375% Series H Cumulative Preferred Shares,NYSE,GDV$H,GDVpH,GDV-H
GDV-PK,The Gabelli Dividend & Income Trust 4.250% Series K Cumulative Preferred Shares,NYSE,GDV$K,GDVpK,GDV-K
GDYN,"Grid Dynamics Holdings, Inc. - Class A Common Stock",NASDAQ,NA,NA,GDYN
GE,GE Aerospace Common Stock,NYSE,GE,GE,GE
GECC,Great Elm Capital Corp. - Closed End Fund,NASDAQ,NA,NA,GECC
GECCG,Great Elm Capital Corp. - 7.75% Notes Due 2030,NASDAQ,NA,NA,GECCG
GECCH,Great Elm Capital Corp. - 8.125% Notes Due 2029,NASDAQ,NA,NA,GECCH
GECCI,Great Elm Capital Corp. - 8.50% NOTES DUE 2029,NASDAQ,NA,NA,GECCI
GEF,Greif Inc. Class A Common Stock,NYSE,GEF,GEF,GEF
GEF-B,"Greif, Inc. Corporation Class B Common Stock",NYSE,GEF.B,GEF.B,GEF.B
GEG,"Great Elm Group, Inc.  - Common Stock",NASDAQ,NA,NA,GEG
GEGGL,"Great Elm Group, Inc.  - 7.25% Notes due 2027",NASDAQ,NA,NA,GEGGL
GEHC,GE HealthCare Technologies Inc. - Common Stock,NASDAQ,NA,NA,GEHC
GEL,"Genesis Energy, L.P. Common Units",NYSE,GEL,GEL,GEL
GELS,Gelteq Limited - Ordinary Shares,NASDAQ,NA,NA,GELS
GEMI,"Gemini Space Station, Inc. - Class A Common Stock",NASDAQ,NA,NA,GEMI
GEN,Gen Digital Inc. - Common Stock,NASDAQ,NA,NA,GEN
GENB,"Generate Biomedicines, Inc. - Common Stock",NASDAQ,NA,NA,GENB
GENC,"Gencor Industries, Inc. Common Stock",AMEX,GENC,GENC,GENC
GENI,Genius Sports Limited Ordinary Shares,NYSE,GENI,GENI,GENI
GENK,"GEN Restaurant Group, Inc. - Class A Common Stock",NASDAQ,NA,NA,GENK
GENVR,Gen Digital Inc. - Contingent Value Rights,NASDAQ,NA,NA,GENVR
GEO,Geo Group Inc (The) REIT,NYSE,GEO,GEO,GEO
GEOS,Geospace Technologies Corporation - Common Stock,NASDAQ,NA,NA,GEOS
GERN,Geron Corporation - Common Stock,NASDAQ,NA,NA,GERN
GETY,"Getty Images Holdings, Inc. Class A Common Stock",NYSE,GETY,GETY,GETY
GEV,GE Vernova Inc. Common Stock,NYSE,GEV,GEV,GEV
GEVO,"Gevo, Inc. - Common Stock",NASDAQ,NA,NA,GEVO
GF,"New Germany Fund, Inc. (The) Common Stock",NYSE,GF,GF,GF
GFAI,"Guardforce AI Co., Limited - Ordinary Shares",NASDAQ,NA,NA,GFAI
GFAIW,"Guardforce AI Co., Limited - Warrant",NASDAQ,NA,NA,GFAIW
GFF,Griffon Corporation Common Stock,NYSE,GFF,GFF,GFF
GFI,Gold Fields Limited American Depositary Shares,NYSE,GFI,GFI,GFI
GFL,"GFL Environmental Inc. Subordinate voting shares, no par value",NYSE,GFL,GFL,GFL
GFR,Greenfire Resources Ltd. Common Shares,NYSE,GFR,GFR,GFR
GFR-R,"Greenfire Resources Ltd. Rights (expiring September 15, 2026) Rights when issued",NYSE,GFR.V,GFRrw,GFR^
GFS,GlobalFoundries Inc. - Ordinary Share,NASDAQ,NA,NA,GFS
GFUZ,General Fusion Group Ltd. - Common Shares,NASDAQ,NA,NA,GFUZ
GFUZW,General Fusion Group Ltd. - Warrant,NASDAQ,NA,NA,GFUZW
GGAL,"Grupo Financiero Galicia S.A. - American Depositary Shares, Class B Shares underlying",NASDAQ,NA,NA,GGAL
GGB,Gerdau S.A. Common Stock,NYSE,GGB,GGB,GGB
GGG,Graco Inc. Common Stock,NYSE,GGG,GGG,GGG
GGN,"GAMCO Global Gold, Natural Resources & Income Trust",AMEX,GGN,GGN,GGN
GGN-PB,"GAMCO Global Gold, Natural Reources & Income Trust 5.00% Series B Cumulative 25.00 Liquidation Preference",AMEX,GGN$B,GGNpB,GGN-B
GGR,Gogoro Inc. - Ordinary Shares,NASDAQ,NA,NA,GGR
GGROW,Gogoro Inc. - Warrant,NASDAQ,NA,NA,GGROW
GGRP,"The Glimpse Group, Inc. - Common Stock",NASDAQ,NA,NA,GGRP
GGT,"Gabelli Multi-Media Trust, Inc. (The) Common Stock",NYSE,GGT,GGT,GGT
GGT-PE,Gabelli Multi-Media Trust Inc. (The) 5.125% Series E Cumulative Preferred Stock,NYSE,GGT$E,GGTpE,GGT-E
GGT-PG,Gabelli Multi-Media Trust Inc. (The) 5.125% Series G Cumulative Preferred Shares,NYSE,GGT$G,GGTpG,GGT-G
GGZ,Gabelli Global Small and Mid Cap Value Trust (The) Common Shares of Beneficial Interest,NYSE,GGZ,GGZ,GGZ
GH,"Guardant Health, Inc. - Common Stock",NASDAQ,NA,NA,GH
GHC,Graham Holdings Company Common Stock,NYSE,GHC,GHC,GHC
GHG,"GreenTree Hospitality Group Ltd. American depositary shares, each representing one Class A ordinary share",NYSE,GHG,GHG,GHG
GHI,Greystone Housing Impact Investors LP Beneficial Unit Certificates representing assignments of limited partnership interests,NYSE,GHI,GHI,GHI
GHM,Graham Corporation Common Stock,NYSE,GHM,GHM,GHM
GHRS,GH Research PLC - Ordinary Shares,NASDAQ,NA,NA,GHRS
GHXI,"Gores Holdings XI, Inc. - Class A Ordinary Shares",NASDAQ,NA,NA,GHXI
GHXIU,"Gores Holdings XI, Inc. - Units",NASDAQ,NA,NA,GHXIU
GHXIW,"Gores Holdings XI, Inc. - Warrant",NASDAQ,NA,NA,GHXIW
GHY,"PGIM Global High Yield Fund, Inc.",NYSE,GHY,GHY,GHY
GIB,CGI Inc. Common Stock,NYSE,GIB,GIB,GIB
GIBO,GIBO Holdings Limited - Class A Ordinary Shares,NASDAQ,NA,NA,GIBO
GIBOW,GIBO Holdings Limited - Warrants,NASDAQ,NA,NA,GIBOW
GIC,Global Industrial Company Common Stock,NYSE,GIC,GIC,GIC
GIFT,"Giftify, Inc. - Common Stock",NASDAQ,NA,NA,GIFT
GIGM,GigaMedia Limited - Ordinary Shares,NASDAQ,NA,NA,GIGM
GIII,"G-III Apparel Group, LTD. - Common Stock",NASDAQ,NA,NA,GIII
GIL,"Gildan Activewear, Inc. Class A Sub. Vot. Common Stock",NYSE,GIL,GIL,GIL
GILD,"Gilead Sciences, Inc. - Common Stock",NASDAQ,NA,NA,GILD
GILT,Gilat Satellite Networks Ltd. - Ordinary Shares,NASDAQ,NA,NA,GILT
GIPR,Generation Income Properties Inc. - Common stock,NASDAQ,NA,NA,GIPR
GIPRW,Generation Income Properties Inc. - Warrant,NASDAQ,NA,NA,GIPRW
GIS,"General Mills, Inc. Common Stock",NYSE,GIS,GIS,GIS
GITS,"Global Interactive Technologies, Inc. Common Stock - Common Stock",NASDAQ,NA,NA,GITS
GIW,GigCapital8 Corp. - Class A Ordinary Shares,NASDAQ,NA,NA,GIW
GIWWR,GigCapital8 Corp. - Rights,NASDAQ,NA,NA,GIWWR
GIWWU,GigCapital8 Corp. - Units,NASDAQ,NA,NA,GIWWU
GIX,GigCapital9 Corp. - Class A Ordinary Share,NASDAQ,NA,NA,GIX
GIXXR,GigCapital9 Corp. - Rights,NASDAQ,NA,NA,GIXXR
GIXXU,GigCapital9 Corp. - Units,NASDAQ,NA,NA,GIXXU
GJH,Synthetic Fixed-Income Securities Inc 6.375% (STRATS) Cl A-1,NYSE,GJH,GJH,GJH
GJO,"Synthetic Fixed-Income Securities, Inc. on behalf of STRATS(SM) Trust for Wal-Mart Stores, Inc. Securities, Series 2004-5",NYSE,GJO,GJO,GJO
GJP,"Synthetic Fixed-Income Securities, Inc. on behalf of STRATS (SM) Trust for Dominion Resources, Inc. Securities, Series 2005-6, Floating Rate Structured Repackaged Asset-Backed Trust Securities (STRATS) Certificates",NYSE,GJP,GJP,GJP
GJR,"Synthetic Fixed-Income Securities, Inc. STRATS Trust for Procter&Gamble Securities, Series 2006-1",NYSE,GJR,GJR,GJR
GJS,"Goldman Sachs Group Securities STRATS Trust for Goldman Sachs Group Securities, Series 2006-2",NYSE,GJS,GJS,GJS
GJT,"Synthetic Fixed-Income Securities, Inc. Floating Rate Structured Repackaged Asset-Backed Trust Securities Certificates, Series 2006-3",NYSE,GJT,GJT,GJT
GKOS,Glaukos Corporation Common Stock,NYSE,GKOS,GKOS,GKOS
GL,Globe Life Inc. Common Stock,NYSE,GL,GL,GL
GL-PD,Globe Life Inc. 4.25% Junior Subordinated Debentures due 2061,NYSE,GL$D,GLpD,GL-D
GLAD,Gladstone Capital Corporation - Closed End Fund,NASDAQ,NA,NA,GLAD
GLAS,Glass House Brands Inc. Subordinate Voting Shares,NYSE,GLAS,GLAS,GLAS
GLBE,Global-E Online Ltd. - ordinary shares,NASDAQ,NA,NA,GLBE
GLBS,Globus Maritime Limited - Common Stock,NASDAQ,NA,NA,GLBS
GLDG,GoldMining Inc. Common Shares,AMEX,GLDG,GLDG,GLDG
GLE,Global Engine Group Holding Limited - Class A Ordinary Shares,NASDAQ,NA,NA,GLE
GLED,GalaxyEdge Acquisition Corporation Ordinary Shares,NYSE,GLED,GLED,GLED
GLED-R,GalaxyEdge Acquisition Corporation Rights to receive one-fourth (1/4) of one ordinary share,NYSE,GLED.R,GLEDr,GLED^
GLED-UN,"GalaxyEdge Acquisition Corporation Units, each consisting of one Ordinary Share and one Right entitling the holder to receive 1/4th of one ordinary share",NYSE,GLED.U,GLED.U,GLED=
GLIBA,Liberty Capital Corporation - Series A GCI Group Common Stock,NASDAQ,NA,NA,GLIBA
GLIBK,Liberty Capital Corporation - Series C GCI Group Common Stock,NASDAQ,NA,NA,GLIBK
GLMD,Galmed Pharmaceuticals Ltd. - Ordinary Shares,NASDAQ,NA,NA,GLMD
GLND,Greenland Energy Company - Common Stock,NASDAQ,NA,NA,GLND
GLNDW,Greenland Energy Company - Warrant,NASDAQ,NA,NA,GLNDW
GLNG,Golar LNG Limited - Common Shares,NASDAQ,NA,NA,GLNG
GLO,Clough Global Opportunities Fund Common Stock,AMEX,GLO,GLO,GLO
GLOB,Globant S.A. Common Shares,NYSE,GLOB,GLOB,GLOB
GLOO,"Gloo Holdings, Inc. - Common Stock",NASDAQ,NA,NA,GLOO
GLOP-PA,GasLog Partners LP 8.625% Series A Cumulative Redeemable Perpetual Fixed to Floating Rate Preference Units,NYSE,GLOP$A,GLOPpA,GLOP-A
GLOP-PB,GasLog Partners LP 8.200% Series B Cumulative Redeemable Perpetual Fixed to Floating Rate Preference Units,NYSE,GLOP$B,GLOPpB,GLOP-B
GLOP-PC,GasLog Partners LP 8.500% Series C Cumulative Redeemable Perpetual Fixed to Floating Rate Preference Units,NYSE,GLOP$C,GLOPpC,GLOP-C
GLP,Global Partners LP Common Units representing Limited Partner Interests,NYSE,GLP,GLP,GLP
GLPI,"Gaming and Leisure Properties, Inc. - Common Stock",NASDAQ,NA,NA,GLPI
GLQ,Clough Global Equity Fund Clough Global Equity Fund Common Shares of Beneficial Interest,AMEX,GLQ,GLQ,GLQ
GLRE,"Greenlight Reinsurance, Ltd. - Class A Ordinary Shares",NASDAQ,NA,NA,GLRE
GLSI,"Greenwich LifeSciences, Inc. - Common stock",NASDAQ,NA,NA,GLSI
GLU,Gabelli Global Utility Common Shares of Beneficial Ownership,AMEX,GLU,GLU,GLU
GLU-PA,The Gabelli Global Utility and Income Trust Series A Cumulative Puttable and Callable Preferred Shares,AMEX,GLU$A,GLUpA,GLU-A
GLU-PB,The Gabelli Global Utility and Income Trust Series B Cumulative Puttable and Callable Preferred Shares,AMEX,GLU$B,GLUpB,GLU-B
GLUE,"Monte Rosa Therapeutics, Inc. - Common Stock",NASDAQ,NA,NA,GLUE
GLV,Clough Global Dividend and Income Fund Common Shares of beneficial interest,AMEX,GLV,GLV,GLV
GLW,Corning Incorporated Common Stock,NYSE,GLW,GLW,GLW
GLXG,Galaxy Payroll Group Limited - Class A Ordinary Shares,NASDAQ,NA,NA,GLXG
GLXY,Galaxy Digital Inc. - Class A common stock,NASDAQ,NA,NA,GLXY
GM,General Motors Company Common Stock,NYSE,GM,GM,GM
GMAB,Genmab A/S - American Depositary Shares,NASDAQ,NA,NA,GMAB
GME,GameStop Corporation Common Stock,NYSE,GME,GME,GME
GME-WT,GameStop Corporation Warrants to Purchase Common Stock,NYSE,GME.W,GME.WS,GME+
GMED,"Globus Medical, Inc. Class A Common Stock",NYSE,GMED,GMED,GMED
GMEX,GMEX ROBOTICS CORPORATION - Class A Ordinary Shares,NASDAQ,NA,NA,GMEX
GMHS,Gamehaus Holdings Inc. - Class A Ordinary Shares,NASDAQ,NA,NA,GMHS
GMM,Global Mofy AI Limited  - Class A Ordinary Shares,NASDAQ,NA,NA,GMM
GMRS,GMR Solutions Inc. Class A Common Stock,NYSE,GMRS,GMRS,GMRS
GMTL,Guardian Metal Resources PLC ADS,AMEX,GMTL,GMTL,GMTL
GNE,Genie Energy Ltd. Class B Common Stock Stock,NYSE,GNE,GNE,GNE
GNK,Genco Shipping & Trading Limited Ordinary Shares New (Marshall Islands),NYSE,GNK,GNK,GNK
GNL,"Global Net Lease, Inc. Common Stock",NYSE,GNL,GNL,GNL
GNL-PA,"Global Net Lease, Inc. 7.25% Series A Cumulative Redeemable Preferred Stock, $0.01 par value per share",NYSE,GNL$A,GNLpA,GNL-A
GNL-PB,"Global Net Lease, Inc. 6.875% Series B Cumulative Redeemable Perpetual Preferred Stock",NYSE,GNL$B,GNLpB,GNL-B
GNL-PD,"Global Net Lease, Inc. 7.50% Series D Cumulative Redeemable Perpetual Preferred Stock",NYSE,GNL$D,GNLpD,GNL-D
GNL-PE,"Global Net Lease, Inc. 7.375% Series E Cumulative Redeemable Perpetual Preferred Stock",NYSE,GNL$E,GNLpE,GNL-E
GNLN,"Greenlane Holdings, Inc. - Class A Common Stock",NASDAQ,NA,NA,GNLN
GNLX,Genelux Corporation - Common Stock,NASDAQ,NA,NA,GNLX
GNPX,"Genprex, Inc. - Common Stock",NASDAQ,NA,NA,GNPX
GNRC,Generac Holdlings Inc. Common Stock,NYSE,GNRC,GNRC,GNRC
GNS,Genius Group Limited Ordinary Shares,AMEX,GNS,GNS,GNS
GNSS,Genasys Inc. - Common Stock,NASDAQ,NA,NA,GNSS
GNT,"GAMCO Natural Resources, Gold & Income Trust",NYSE,GNT,GNT,GNT
GNT-PA,"GAMCO Natural Resources, Gold & Income Tust  5.20% Series A Cumulative Preferred Shares (Liquidation Preference $25.00 per share)",NYSE,GNT$A,GNTpA,GNT-A
GNTA,Genenta Science S.p.A. - American Depositary Shares,NASDAQ,NA,NA,GNTA
GNTX,Gentex Corporation - Common Stock,NASDAQ,NA,NA,GNTX
GNW,Genworth Financial Inc Common Stock,NYSE,GNW,GNW,GNW
GO,Grocery Outlet Holding Corp. - Common Stock,NASDAQ,NA,NA,GO
GOAI,Eva Live Inc. - Common Stock,NASDAQ,NA,NA,GOAI
GOF,Guggenheim Strategic Opportunities Fund Common Shares of Beneficial Interest,NYSE,GOF,GOF,GOF
GOGO,Gogo Inc. - Common Stock,NASDAQ,NA,NA,GOGO
GOLD,"Gold.com, Inc. Common Stock",NYSE,GOLD,GOLD,GOLD
GOLF,Acushnet Holdings Corp. Common Stock,NYSE,GOLF,GOLF,GOLF
GOOD,Gladstone Commercial Corporation - Real Estate Investment Trust,NASDAQ,NA,NA,GOOD
GOODN,Gladstone Commercial Corporation - 6.625% Series E Cumulative Redeemable Preferred Stock,NASDAQ,NA,NA,GOODN
GOODO,"Gladstone Commercial Corporation - 6.00% Series G Cumulative Redeemable Preferred Stock, par value $0.001 per share",NASDAQ,NA,NA,GOODO
GOOG,Alphabet Inc. - Class C Capital Stock,NASDAQ,NA,NA,GOOG
GOOGL,Alphabet Inc. - Class A Common Stock,NASDAQ,NA,NA,GOOGL
GOOGM,Alphabet Inc. - Depositary Shares representing a 1/20th Interest in a Share of Series A Mandatory Convertible Preferred Stock,NASDAQ,NA,NA,GOOGM
GOOGN,Alphabet Inc. - Depositary Shares representing a 1/20th Interest in a Share of Series B Mandatory Convertible Preferred Stock,NASDAQ,NA,NA,GOOGN
GOOS,Canada Goose Holdings Inc. Subordinate Voting Shares,NYSE,GOOS,GOOS,GOOS
GORO,Goldgroup Mining Inc. Common Shares,AMEX,GORO,GORO,GORO
GOSS,"Gossamer Bio, Inc. - Common Stock",NASDAQ,NA,NA,GOSS
GOTU,Gaotu Techedu Inc. American Depositary Shares,NYSE,GOTU,GOTU,GOTU
GOVX,"GeoVax Labs, Inc. - Common Stock",NASDAQ,NA,NA,GOVX
GP,GreenPower Motor Company Inc. - Common Shares,NASDAQ,NA,NA,GP
GPAC,General Purpose Acquisition Corp. - Class A Ordinary Shares,NASDAQ,NA,NA,GPAC
GPACU,General Purpose Acquisition Corp. - Units,NASDAQ,NA,NA,GPACU
GPACW,General Purpose Acquisition Corp. - Warrant,NASDAQ,NA,NA,GPACW
GPAT,GP-Act III Acquisition Corp. - Class A Ordinary Share,NASDAQ,NA,NA,GPAT
GPATU,GP-Act III Acquisition Corp. - Units,NASDAQ,NA,NA,GPATU
GPATW,GP-Act III Acquisition Corp. - Warrants,NASDAQ,NA,NA,GPATW
GPC,Genuine Parts Company Common Stock,NYSE,GPC,GPC,GPC
GPCR,Structure Therapeutics Inc. - American Depositary Shares,NASDAQ,NA,NA,GPCR
GPGI,"GPGI, Inc. Class A Common Stock",NYSE,GPGI,GPGI,GPGI
GPI,"Group 1 Automotive, Inc. Common Stock",NYSE,GPI,GPI,GPI
GPJA,"Georgia Power Company Series 2017A 5.00% Junior Subordinated Notes due October 1, 2077",NYSE,GPJA,GPJA,GPJA
GPK,Graphic Packaging Holding Company,NYSE,GPK,GPK,GPK
GPMT,Granite Point Mortgage Trust Inc. Common Stock,NYSE,GPMT,GPMT,GPMT
GPMT-PA,Granite Point Mortgage Trust Inc. 7.00% Series A Fixed-to-Floating Rate Cumulative Redeemable Preferred Stock,NYSE,GPMT$A,GPMTpA,GPMT-A
GPN,Global Payments Inc. Common Stock,NYSE,GPN,GPN,GPN
GPOR,Gulfport Energy Corporation Common Shares,NYSE,GPOR,GPOR,GPOR
GPRE,"Green Plains, Inc. - Common Stock",NASDAQ,NA,NA,GPRE
GPRK,Geopark Ltd Common Shares,NYSE,GPRK,GPRK,GPRK
GPRO,"GoPro, Inc. - Class A Common Stock",NASDAQ,NA,NA,GPRO
GPUS,"Hyperscale Data, Inc. Common Stock",AMEX,GPUS,GPUS,GPUS
GPUS-PD,"Hyperscale Data, Inc. 13.00% Series D Cumulative Redeemable Perpetual Preferred Stock",AMEX,GPUS$D,GPUSpD,GPUS-D
GRAB,Grab Holdings Limited - Class A Ordinary Shares,NASDAQ,NA,NA,GRAB
GRABW,Grab Holdings Limited - Warrant,NASDAQ,NA,NA,GRABW
GRAL,"GRAIL, Inc. - Common Stock",NASDAQ,NA,NA,GRAL
GRAN,Grande Group Limited - Class A Ordinary Shares,NASDAQ,NA,NA,GRAN
GRBK,"Green Brick Partners, Inc. Common Stock",NYSE,GRBK,GRBK,GRBK
GRBK-PA,"Green Brick Partners, Inc. Depositary Shares (each representing a 1/1000th fractional interest in a share of 5.75% Series A Cumulative Perpetual Preferred Stock)",NYSE,GRBK$A,GRBKpA,GRBK-A
GRC,Gorman-Rupp Company (The) Common Stock,NYSE,GRC,GRC,GRC
GRCE,"Grace Therapeutics, Inc. - Common Stock",NASDAQ,NA,NA,GRCE
GRDN,"Guardian Pharmacy Services, Inc. Class A Common Stock",NYSE,GRDN,GRDN,GRDN
GRDX,GridAI Technologies Corp.  - Common Stock,NASDAQ,NA,NA,GRDX
GREEL,Vulcan Infrastructure and Power Inc. - 8.50% Senior Notes due 2026,NASDAQ,NA,NA,GREEL
GRF,"Eagle Capital Growth Fund, Inc. Common Stock",AMEX,GRF,GRF,GRF
GRFS,"Grifols, S.A. - American Depositary Shares",NASDAQ,NA,NA,GRFS
GRI,"GRI Bio, Inc. - Common Stock",NASDAQ,NA,NA,GRI
GRML,Greenland Mines Ltd - Common Stock,NASDAQ,NA,NA,GRML
GRMLW,Greenland Mines Ltd - Warrants,NASDAQ,NA,NA,GRMLW
GRMN,Garmin Ltd. Common Stock (Switzerland),NYSE,GRMN,GRMN,GRMN
GRN,iPath Series B Carbon Exchange-Traded Notes,ARCA,GRN,GRN,GRN
GRND,Grindr Inc. Common Stock,NYSE,GRND,GRND,GRND
GRNQ,Greenpro Capital Corp. - Common Stock,NASDAQ,NA,NA,GRNQ
GRNT,"Granite Ridge Resources, Inc. Common Stock",NYSE,GRNT,GRNT,GRNT
GRO,Brazil Potash Corp. Common Shares,AMEX,GRO,GRO,GRO
GROV,"Grove Collaborative Holdings, Inc. Class A Common Stock",NYSE,GROV,GROV,GROV
GROW,"U.S. Global Investors, Inc. - Class A Common Stock",NASDAQ,NA,NA,GROW
GROY,Gold Royalty Corp. Common Shares,AMEX,GROY,GROY,GROY
GROY-WT,Gold Royalty Corp. Warrants,AMEX,GROY.W,GROY.WS,GROY+
GRPN,"Groupon, Inc. - Common Stock",NASDAQ,NA,NA,GRPN
GRRR,Gorilla Technology Group Inc. - Ordinary shares,NASDAQ,NA,NA,GRRR
GRRRW,Gorilla Technology Group Inc. - Warrant,NASDAQ,NA,NA,GRRRW
GRSD,Grandstand Limited - Ordinary Shares,NASDAQ,NA,NA,GRSD
GRVY,"GRAVITY Co., Ltd. - American depositary shares, each representing one common share.",NASDAQ,NA,NA,GRVY
GRWG,GrowGeneration Corp. - Common Stock,NASDAQ,NA,NA,GRWG
GRX,The Gabelli Healthcare & Wellness Trust Common Shares of Beneficial Interest,NYSE,GRX,GRX,GRX
GS,"Goldman Sachs Group, Inc. (The) Common Stock",NYSE,GS,GS,GS
GS-PA,"Goldman Sachs Group, Inc. (The) Depositary Shares each representing 1/1000th Interest in a Share of Floating Rate Non-Cumulative Preferred Stock Series A",NYSE,GS$A,GSpA,GS-A
GS-PC,"Goldman Sachs Group, Inc. (The) Depositary Share repstg 1/1000th Preferred Series C",NYSE,GS$C,GSpC,GS-C
GS-PD,"Goldman Sachs Group, Inc. (The) Dep Shs repstg 1/1000 Pfd Ser D Fltg",NYSE,GS$D,GSpD,GS-D
GSAT,"Globalstar, Inc. - Common Stock",NASDAQ,NA,NA,GSAT
GSBC,"Great Southern Bancorp, Inc. - Common Stock",NASDAQ,NA,NA,GSBC
GSBD,"Goldman Sachs BDC, Inc. Common Stock",NYSE,GSBD,GSBD,GSBD
GSHD,"Goosehead Insurance, Inc. - Class A Common Stock",NASDAQ,NA,NA,GSHD
GSHR,Gesher Acquisition Corp. II - Class A Ordinary Shares,NASDAQ,NA,NA,GSHR
GSHRU,Gesher Acquisition Corp. II - Units,NASDAQ,NA,NA,GSHRU
GSHRW,Gesher Acquisition Corp. II - Warrants,NASDAQ,NA,NA,GSHRW
GSIT,"GSI Technology, Inc. - Common Stock",NASDAQ,NA,NA,GSIT
GSIW,Garden Stage Limited - Class A Ordinary Shares,NASDAQ,NA,NA,GSIW
GSK,GSK plc American Depositary Shares (Each representing two Ordinary Shares),NYSE,GSK,GSK,GSK
GSL,Global Ship Lease Inc New Class A Common Shares,NYSE,GSL,GSL,GSL
GSL-PB,"Global Ship Lease, Inc. Depository Shares Representing 1/100th Perpetual Preferred Series B% (Marshall Island)",NYSE,GSL$B,GSLpB,GSL-B
GSM,Ferroglobe PLC - Ordinary Shares,NASDAQ,NA,NA,GSM
GSRF,GSR IV Acquisition Corp. - Class A ordinary share,NASDAQ,NA,NA,GSRF
GSRFR,GSR IV Acquisition Corp. - Rights,NASDAQ,NA,NA,GSRFR
GSRFU,GSR IV Acquisition Corp. - Units,NASDAQ,NA,NA,GSRFU
GSRV,GSR V Acquisition Corp. - Class A ordinary shares,NASDAQ,NA,NA,GSRV
GSRVR,GSR V Acquisition Corp. - Rights,NASDAQ,NA,NA,GSRVR
GSRVU,GSR V Acquisition Corp. - Units,NASDAQ,NA,NA,GSRVU
GSUN,Golden Sun Technology Group Limited - Class A Ordinary Shares,NASDAQ,NA,NA,GSUN
GT,The Goodyear Tire & Rubber Company - Common Stock,NASDAQ,NA,NA,GT
GTBP,"GT Biopharma, Inc. - Common Stock",NASDAQ,NA,NA,GTBP
GTE,Gran Tierra Energy Inc. Common Stock,AMEX,GTE,GTE,GTE
GTEC,Greenland Technologies Holding Corporation - Class A Ordinary Shares,NASDAQ,NA,NA,GTEC
GTEN,"Gores Holdings X, Inc. - Class A ordinary shares",NASDAQ,NA,NA,GTEN
GTENU,"Gores Holdings X, Inc. - Units",NASDAQ,NA,NA,GTENU
GTENW,"Gores Holdings X, Inc. - Warrants",NASDAQ,NA,NA,GTENW
GTERA,Globa Terra Acquisition Corporation - Class A Ordinary Shares,NASDAQ,NA,NA,GTERA
GTERR,Globa Terra Acquisition Corporation - Rights,NASDAQ,NA,NA,GTERR
GTERU,Globa Terra Acquisition Corporation - Units,NASDAQ,NA,NA,GTERU
GTERW,Globa Terra Acquisition Corporation - Warrants,NASDAQ,NA,NA,GTERW
GTES,Gates Industrial Corporation Ltd. Common Shares,NYSE,GTES,GTES,GTES
GTIM,Good Times Restaurants Inc. - Common Stock,NASDAQ,NA,NA,GTIM
GTLB,GitLab Inc. - Class A Common Stock,NASDAQ,NA,NA,GTLB
GTM,ZoomInfo Technologies Inc. - Common Stock,NASDAQ,NA,NA,GTM
GTN,"Gray Media, Inc. Common Stock",NYSE,GTN,GTN,GTN
GTN-A,"Gray Media, Inc. Class A Common Stock",NYSE,GTN.A,GTN.A,GTN.A
GTX,Garrett Motion Inc. - Common Stock,NASDAQ,NA,NA,GTX
GTY,Getty Realty Corporation Common Stock,NYSE,GTY,GTY,GTY
GUAC,Berto Acquisition Corp. II - Ordinary Shares,NASDAQ,NA,NA,GUAC
GUACU,Berto Acquisition Corp. II - Units,NASDAQ,NA,NA,GUACU
GUACW,Berto Acquisition Corp. II - Warrants,NASDAQ,NA,NA,GUACW
GUG,Guggenheim Active Allocation Fund Common Shares of Beneficial Interest,NYSE,GUG,GUG,GUG
GURE,"Gulf Resources, Inc. - Common Stock",NASDAQ,NA,NA,GURE
GUT,Gabelli Utility Trust (The) Common Stock,NYSE,GUT,GUT,GUT
GUT-PC,Gabelli Utility Trust (The) 5.375% Series C Cumulative Preferred Shares,NYSE,GUT$C,GUTpC,GUT-C
GUTS,"Fractyl Health, Inc. - Common Stock",NASDAQ,NA,NA,GUTS
GVA,Granite Construction Incorporated Common Stock,NYSE,GVA,GVA,GVA
GVH,Globavend Holdings Limited - Ord Shares,NASDAQ,NA,NA,GVH
GWAV,"Greenwave Technology Solutions, Inc. - Common Stock",NASDAQ,NA,NA,GWAV
GWH,"ESS Tech, Inc. Common Stock",NYSE,GWH,GWH,GWH
GWRE,"Guidewire Software, Inc. Common Stock",NYSE,GWRE,GWRE,GWRE
GWRS,"Global Water Resources, Inc. - common stock",NASDAQ,NA,NA,GWRS
GWW,"W.W. Grainger, Inc. Common Stock",NYSE,GWW,GWW,GWW
GXAI,Gaxos.ai Inc. - Common Stock,NASDAQ,NA,NA,GXAI
GXO,"GXO Logistics, Inc. Common Stock ",NYSE,GXO,GXO,GXO
GYGY,"Game Your Game, Inc. - Common Stock",NASDAQ,NA,NA,GYGY
GYRE,"Gyre Therapeutics, Inc. - Common Stock",NASDAQ,NA,NA,GYRE
GYRO,"Gyrodyne , LLC - Common Stock",NASDAQ,NA,NA,GYRO
H,Hyatt Hotels Corporation Class A Common Stock,NYSE,H,H,H
HACQ,HCM IV Acquisition Corp. - Class A Ordinary Share,NASDAQ,NA,NA,HACQ
HACQU,HCM IV Acquisition Corp. - Unit,NASDAQ,NA,NA,HACQU
HACQW,HCM IV Acquisition Corp. - Warrants,NASDAQ,NA,NA,HACQW
HAE,Haemonetics Corporation Common Stock,NYSE,HAE,HAE,HAE
HAFC,Hanmi Financial Corporation - Common Stock,NASDAQ,NA,NA,HAFC
HAFN,Hafnia Limited Common Shares,NYSE,HAFN,HAFN,HAFN
HAIN,"The Hain Celestial Group, Inc. - Common Stock",NASDAQ,NA,NA,HAIN
HAL,Halliburton Company Common Stock,NYSE,HAL,HAL,HAL
HALO,"Halozyme Therapeutics, Inc. - Common Stock",NASDAQ,NA,NA,HALO
HAO,Haoxi Health Technology Limited - Class A Ord Share,NASDAQ,NA,NA,HAO
HAPN,"Happen, Inc. - Common Stock",NASDAQ,NA,NA,HAPN
HAS,"Hasbro, Inc. - Common Stock",NASDAQ,NA,NA,HAS
HASI,"HA Sustainable Infrastructure Capital, Inc. Common Stock",NYSE,HASI,HASI,HASI
HAVA,Harvard Ave Acquisition Corporation - Class A Ordinary Share,NASDAQ,NA,NA,HAVA
HAVAR,Harvard Ave Acquisition Corporation - Rights that convert on a 1/10th of 1 basis to Class A ordinary Shares,NASDAQ,NA,NA,HAVAR
HAVAU,Harvard Ave Acquisition Corporation - Unit,NASDAQ,NA,NA,HAVAU
HAWK,"HawkEye 360, Inc. Common Stock",NYSE,HAWK,HAWK,HAWK
HAYW,"Hayward Holdings, Inc. Common Stock",NYSE,HAYW,HAYW,HAYW
HBAN,Huntington Bancshares Incorporated - Common Stock,NASDAQ,NA,NA,HBAN
HBANL,"Huntington Bancshares Incorporated - Depositary Shares, Each Representing a 1/40th Interest in a Share of 6.875% Series J Non-Cumulative Perpetual Preferred Stock",NASDAQ,NA,NA,HBANL
HBANM,Huntington Bancshares Incorporated - Depositary Shares each representing a 1/1000th interest in a share of Huntington Series I Preferred Stock,NASDAQ,NA,NA,HBANM
HBANP,Huntington Bancshares Incorporated - Depositary Shares 4.500% Series H Non-Cumulative Perpetual Preferred Stock,NASDAQ,NA,NA,HBANP
HBANZ,"Huntington Bancshares Incorporated - Depositary Shares, Each Representing a 1/1000th Interest in a Share of 5.50% Series L Non-Cumulative Perpetual Preferred Stock",NASDAQ,NA,NA,HBANZ
HBB,Hamilton Beach Brands Holding Company Class A Common Stock ,NYSE,HBB,HBB,HBB
HBCP,"Home Bancorp, Inc. - Common Stock",NASDAQ,NA,NA,HBCP
HBIO,"Harvard Bioscience, Inc. - Common Stock",NASDAQ,NA,NA,HBIO
HBM,Hudbay Minerals Inc. Ordinary Shares (Canada),NYSE,HBM,HBM,HBM
HBNB,Hotel101 Global Holdings Corp. - Class A Ordinary Shares,NASDAQ,NA,NA,HBNB
HBNC,"Horizon Bancorp, Inc. - Common Stock",NASDAQ,NA,NA,HBNC
HBT,"HBT Financial, Inc. - Common Stock",NASDAQ,NA,NA,HBT
HCA,"HCA Healthcare, Inc. Common Stock",NYSE,HCA,HCA,HCA
HCAC,Hall Chadwick Acquisition Corp. - Class A Ordinary Shares,NASDAQ,NA,NA,HCAC
HCACR,Hall Chadwick Acquisition Corp. - Rights,NASDAQ,NA,NA,HCACR
HCACU,Hall Chadwick Acquisition Corp. - Unit,NASDAQ,NA,NA,HCACU
HCAI,"Huachen AI Parking Management Technology Holding Co., Ltd. - Class A Ordinary Shares",NASDAQ,NA,NA,HCAI
HCAT,"Health Catalyst, Inc - Common stock",NASDAQ,NA,NA,HCAT
HCC,"Warrior Met Coal, Inc. Common Stock",NYSE,HCC,HCC,HCC
HCHL,Happy City Holdings Limited - Class A Ordinary shares,NASDAQ,NA,NA,HCHL
HCI,"HCI Group, Inc. Common Stock",NYSE,HCI,HCI,HCI
HCIC,Hennessy Capital Investment Corp. VIII - Class A Ordinary Shares,NASDAQ,NA,NA,HCIC
HCICR,Hennessy Capital Investment Corp. VIII - Share Rights,NASDAQ,NA,NA,HCICR
HCICU,Hennessy Capital Investment Corp. VIII - Units,NASDAQ,NA,NA,HCICU
HCKT,"The Hackett Group, Inc. - Common Stock",NASDAQ,NA,NA,HCKT
HCM,HUTCHMED (China) Limited - American Depositary Shares,NASDAQ,NA,NA,HCM
HCMA,HCM III Acquisition Corp. - Class A Ordinary Share,NASDAQ,NA,NA,HCMA
HCMAU,HCM III Acquisition Corp. - Units,NASDAQ,NA,NA,HCMAU
HCMAW,HCM III Acquisition Corp. - Warrants,NASDAQ,NA,NA,HCMAW
HCSG,"Healthcare Services Group, Inc. - Common Stock",NASDAQ,NA,NA,HCSG
HCTI,"Healthcare Triangle, Inc. - Common Stock",NASDAQ,NA,NA,HCTI
HCWB,HCW Biologics Inc. - Common Stock,NASDAQ,NA,NA,HCWB
HCWC,Healthy Choice Wellness Corp. Class A Common Stock,AMEX,HCWC,HCWC,HCWC
HCXY,"Hercules Capital, Inc. 6.25% Notes due 2033",NYSE,HCXY,HCXY,HCXY
HD,"Home Depot, Inc. (The) Common Stock",NYSE,HD,HD,HD
HDB,HDFC Bank Limited Common Stock,NYSE,HDB,HDB,HDB
HDL,SUPER HI INTERNATIONAL HOLDING LTD. - American Depositary Shares,NASDAQ,NA,NA,HDL
HDRN,"Hadron Energy, Inc. - Common Stock",NASDAQ,NA,NA,HDRN
HDRNW,"Hadron Energy, Inc. - Warrant",NASDAQ,NA,NA,HDRNW
HDSN,"Hudson Technologies, Inc. - Common Stock",NASDAQ,NA,NA,HDSN
HE,"Hawaiian Electric Industries, Inc. Common Stock",NYSE,HE,HE,HE
HEI,Heico Corporation Common Stock,NYSE,HEI,HEI,HEI
HEI-A,Heico Corporation Common Stock,NYSE,HEI.A,HEI.A,HEI.A
HELE,Helen of Troy Limited - Common Stock,NASDAQ,NA,NA,HELE
HELP,Cybin Inc. - Common Stock,NASDAQ,NA,NA,HELP
HEPS,D-Market Electronic Services & Trading - American Depositary Shares,NASDAQ,NA,NA,HEPS
HEQ,John Hancock Diversified Income Fund Common Shares of Beneficial Interest,NYSE,HEQ,HEQ,HEQ
HERE,Here Group Limited - American Depositary Shares,NASDAQ,NA,NA,HERE
HERZ,"Herzfeld Credit Income Fund, Inc.  - Closed End Fund",NASDAQ,NA,NA,HERZ
HESM,Hess Midstream LP Class A Representing Limited Partner Interests,NYSE,HESM,HESM,HESM
HFBL,"Home Federal Bancorp, Inc. of Louisiana - Common Stock",NASDAQ,NA,NA,HFBL
HFFG,HF Foods Group Inc. - Common Stock,NASDAQ,NA,NA,HFFG
HFRO,Highland Opportunities and Income Fund Common Shares of Beneficial Interest,NYSE,HFRO,HFRO,HFRO
HFRO-PA,Highland Opportunities and Income Fund 5.375% Series A Cumulative Preferred Shares,NYSE,HFRO$A,HFROpA,HFRO-A
HFRO-PB,Highland Opportunities and Income Fund 5.375% Series B Cumulative Preferred Shares,NYSE,HFRO$B,HFROpB,HFRO-B
HFWA,Heritage Financial Corporation - Common Stock,NASDAQ,NA,NA,HFWA
HG,"Hamilton Insurance Group, Ltd. Class B Common Shares",NYSE,HG,HG,HG
HGBL,Heritage Global Inc. - Common Stock,NASDAQ,NA,NA,HGBL
HGLB,Highland Global Allocation Fund Common Stock,NYSE,HGLB,HGLB,HGLB
HGTY,"Hagerty, Inc. Class A Common Stock",NYSE,HGTY,HGTY,HGTY
HGV,Hilton Grand Vacations Inc. Common Stock ,NYSE,HGV,HGV,HGV
HHH,Howard Hughes Holdings Inc. Common Stock,NYSE,HHH,HHH,HHH
HHS,"Harte Hanks, Inc. - Common Stock",NASDAQ,NA,NA,HHS
HIFS,Hingham Institution for Savings - Common Stock,NASDAQ,NA,NA,HIFS
HIG,"The Hartford Insurance Group, Inc. Common Stock",NYSE,HIG,HIG,HIG
HIG-PG,"The Hartford Insurance Group, Inc. Depositary Shares each representing a 1/1000th interest in a share of 6.000% Non-Cumulative Preferred Stock, Series G",NYSE,HIG$G,HIGpG,HIG-G
HIHO,Highway Holdings Limited - Common Stock,NASDAQ,NA,NA,HIHO
HII,"Huntington Ingalls Industries, Inc. Common Stock",NYSE,HII,HII,HII
HIMS,"Hims & Hers Health, Inc. Class A Common Stock",NYSE,HIMS,HIMS,HIMS
HIMX,"Himax Technologies, Inc. - American depositary shares, each of which represents two ordinary shares.",NASDAQ,NA,NA,HIMX
HIND,"Vyome Holdings, Inc. - Common Stock",NASDAQ,NA,NA,HIND
HIO,"Western Asset High Income Opportunity Fund, Inc. Common Stock",NYSE,HIO,HIO,HIO
HIPO,Hippo Holdings Inc. Common Stock,NYSE,HIPO,HIPO,HIPO
HIT,"Health In Tech, Inc. - Class A Common Stock",NASDAQ,NA,NA,HIT
HITI,High Tide Inc. - Common Shares,NASDAQ,NA,NA,HITI
HIVE,HIVE Digital Technologies Ltd - Common Shares,NASDAQ,NA,NA,HIVE
HIW,"Highwoods Properties, Inc. Common Stock",NYSE,HIW,HIW,HIW
HIX,Western Asset High Income Fund II Inc. Common Stock,NYSE,HIX,HIX,HIX
HKD,AMTD Digital Inc. American Depositary Shares (every five of which represent two Class A Ordinary Shares),NYSE,HKD,HKD,HKD
HKIT,Hitek Global Inc. - Class A Ordinary Share,NASDAQ,NA,NA,HKIT
HKPD,"Cellyan Biotechnology Co., Ltd  - Class A Ordinary Shares",NASDAQ,NA,NA,HKPD
HL,Hecla Mining Company Common Stock,NYSE,HL,HL,HL
HL-PB,Hecla Mining Company Preferred Stock,NYSE,HL$B,HLpB,HL-B
HLF,Herbalife Ltd. Common Shares,NYSE,HLF,HLF,HLF
HLI,"Houlihan Lokey, Inc. Class A Common Stock",NYSE,HLI,HLI,HLI
HLIO,"Helios Technologies, Inc. Common Stock",NYSE,HLIO,HLIO,HLIO
HLIT,Harmonic Inc. - Common Stock,NASDAQ,NA,NA,HLIT
HLLY,Holley Inc. Common Stock,NYSE,HLLY,HLLY,HLLY
HLMN,Hillman Solutions Corp. - Common Stock,NASDAQ,NA,NA,HLMN
HLN,Haleon plc American Depositary Shares (Each representing two Ordinary Shares),NYSE,HLN,HLN,HLN
HLNE,Hamilton Lane Incorporated - Class A Common Stock,NASDAQ,NA,NA,HLNE
HLP,Hongli Group Inc. - Class A Ordinary Shares,NASDAQ,NA,NA,HLP
HLT,Hilton Worldwide Holdings Inc. Common Stock ,NYSE,HLT,HLT,HLT
HLX,"Helix Energy Solutions Group, Inc. Common Stock",NYSE,HLX,HLX,HLX
HLXC,Helix Acquisition Corp. III - Class A Ordinary Shares,NASDAQ,NA,NA,HLXC
HMC,"Honda Motor Company, Ltd. Common Stock",NYSE,HMC,HMC,HMC
HMH,HMH Holding Inc. - Common Stock,NASDAQ,NA,NA,HMH
HMN,Horace Mann Educators Corporation Common Stock,NYSE,HMN,HMN,HMN
HMR,Heidmar Maritime Holdings Corp. - Common Stock,NASDAQ,NA,NA,HMR
HMY,Harmony Gold Mining Company Limited,NYSE,HMY,HMY,HMY
HNGE,"Hinge Health, Inc. Class A Common Stock",NYSE,HNGE,HNGE,HNGE
HNI,HNI Corporation Common Stock,NYSE,HNI,HNI,HNI
HNNA,"Hennessy Advisors, Inc. - Common Stock",NASDAQ,NA,NA,HNNA
HNRG,Hallador Energy Company - Common Stock,NASDAQ,NA,NA,HNRG
HNST,"The Honest Company, Inc. - Common Stock",NASDAQ,NA,NA,HNST
HNVR,"Hanover Bancorp, Inc. - Common Stock",NASDAQ,NA,NA,HNVR
HODO,House of Doge Inc. - Common Stock,NASDAQ,NA,NA,HODO
HOFT,Hooker Furnishings Corporation - Common Stock,NASDAQ,NA,NA,HOFT
HOG,"Harley-Davidson, Inc. Common Stock",NYSE,HOG,HOG,HOG
HOLO,MicroCloud Hologram Inc. - Ordinary Shares,NASDAQ,NA,NA,HOLO
HOLOW,MicroCloud Hologram Inc. - Warrant,NASDAQ,NA,NA,HOLOW
HOMB,"Home BancShares, Inc. Common Stock",NYSE,HOMB,HOMB,HOMB
HON,Honeywell International Inc. - Common Stock,NASDAQ,NA,NA,HON
HONA,Honeywell Aerospace Inc. - Common Stock,NASDAQ,NA,NA,HONA
HOOD,"Robinhood Markets, Inc. - Class A Common Stock",NASDAQ,NA,NA,HOOD
HOPE,"Hope Bancorp, Inc. - Common Stock",NASDAQ,NA,NA,HOPE
HOUR,"Hour Loop, Inc. - common stock",NASDAQ,NA,NA,HOUR
HOV,"Hovnanian Enterprises, Inc. Class A Common Stock",NYSE,HOV,HOV,HOV
HOVNP,Hovnanian Enterprises Inc - Depositary Share representing 1/1000th of 7.625% Series A Preferred Stock,NASDAQ,NA,NA,HOVNP
HOVR,New Horizon Aircraft Ltd. - Class A Ordinary Shares,NASDAQ,NA,NA,HOVR
HOVRW,New Horizon Aircraft Ltd. - Warrant,NASDAQ,NA,NA,HOVRW
HOWL,"Werewolf Therapeutics, Inc. - Common Stock",NASDAQ,NA,NA,HOWL
HP,"Helmerich & Payne, Inc. Common Stock",NYSE,HP,HP,HP
HPAI,Helport AI Limited - Ordinary Shares,NASDAQ,NA,NA,HPAI
HPAIW,Helport AI Limited - Warrants,NASDAQ,NA,NA,HPAIW
HPE,Hewlett Packard Enterprise Company Common Stock,NYSE,HPE,HPE,HPE
HPE-PC,Hewlett Packard Enterprise Company 7.625% Series C Mandatory Convertible Preferred Stock,NYSE,HPE$C,HPEpC,HPE-C
HPF,John Hancock Pfd Income Fund II Pfd Income Fund II,NYSE,HPF,HPF,HPF
HPI,John Hancock Preferred Income Fund Common Shares of Beneficial Interest,NYSE,HPI,HPI,HPI
HPK,"HighPeak Energy, Inc. - Common Stock",NASDAQ,NA,NA,HPK
HPP,"Hudson Pacific Properties, Inc. Common Stock",NYSE,HPP,HPP,HPP
HPP-PC,"Hudson Pacific Properties, Inc. 4.750% Series C Cumulative Redeemable Preferred Stock",NYSE,HPP$C,HPPpC,HPP-C
HPQ,HP Inc. Common Stock,NYSE,HPQ,HPQ,HPQ
HPS,John Hancock Preferred Income Fund III Preferred Income Fund III,NYSE,HPS,HPS,HPS
HQ,Horizon Quantum Holdings Ltd. - Class A Ordinary Shares,NASDAQ,NA,NA,HQ
HQH,abrdn Healthcare Investors Shares of Beneficial Interest,NYSE,HQH,HQH,HQH
HQI,"HireQuest, Inc. - Common Stock",NASDAQ,NA,NA,HQI
HQL,abrdn Life Sciences Investors Shares of Beneficial Interest,NYSE,HQL,HQL,HQL
HQWWW,Horizon Quantum Holdings Ltd. - Warrant,NASDAQ,NA,NA,HQWWW
HQY,"HealthEquity, Inc. - Common Stock",NASDAQ,NA,NA,HQY
HR,Healthcare Realty Trust Incorporated Common Stock,NYSE,HR,HR,HR
HRB,"H&R Block, Inc. Common Stock",NYSE,HRB,HRB,HRB
HRI,Herc Holdings Inc. Common Stock ,NYSE,HRI,HRI,HRI
HRL,Hormel Foods Corporation Common Stock,NYSE,HRL,HRL,HRL
HRMY,"Harmony Biosciences Holdings, Inc. - Common Stock",NASDAQ,NA,NA,HRMY
HROW,"Harrow, Inc. - Common Stock",NASDAQ,NA,NA,HROW
HRTG,"Heritage Insurance Holdings, Inc. Common Stock",NYSE,HRTG,HRTG,HRTG
HRTX,"Heron Therapeutics, Inc.   - Common Stock",NASDAQ,NA,NA,HRTX
HRZN,Horizon Technology Finance Corporation - Common Stock,NASDAQ,NA,NA,HRZN
HSAI,Hesai Group - American Depositary Share,NASDAQ,NA,NA,HSAI
HSBC,"HSBC Holdings, plc. Common Stock",NYSE,HSBC,HSBC,HSBC
HSCS,HeartSciences Inc. - Common Stock,NASDAQ,NA,NA,HSCS
HSCSW,HeartSciences Inc. - Warrant,NASDAQ,NA,NA,HSCSW
HSDT,Solana Company - Class A Common Stock,NASDAQ,NA,NA,HSDT
HSHP,Himalaya Shipping Ltd. Common Shares,NYSE,HSHP,HSHP,HSHP
HSIC,"Henry Schein, Inc. - Common Stock",NASDAQ,NA,NA,HSIC
HSLV,Highlander Silver Corp. Common Shares,AMEX,HSLV,HSLV,HSLV
HST,"Host Hotels & Resorts, Inc. - Common Stock",NASDAQ,NA,NA,HST
HSTM,"HealthStream, Inc. - Common Stock",NASDAQ,NA,NA,HSTM
HSY,The Hershey Company Common Stock,NYSE,HSY,HSY,HSY
HTB,"HomeTrust Bancshares, Inc. Common Stock",NYSE,HTB,HTB,HTB
HTCO,High-Trend International Group - Class A Ordinary Shares,NASDAQ,NA,NA,HTCO
HTCR,"Heartcore Enterprises, Inc. - Common Stock",NASDAQ,NA,NA,HTCR
HTD,John Hancock Tax Advantaged Dividend Income Fund Common Shares of Beneficial Interest,NYSE,HTD,HTD,HTD
HTFC,Horizon Technology Finance Corporation 6.25% Notes due 2027,NYSE,HTFC,HTFC,HTFC
HTFL,"Heartflow, Inc. - Common Stock",NASDAQ,NA,NA,HTFL
HTGC,"Hercules Capital, Inc. Common Stock",NYSE,HTGC,HTGC,HTGC
HTH,Hilltop Holdings Inc.,NYSE,HTH,HTH,HTH
HTHT,H World Group Limited - American Depositary Shares,NASDAQ,NA,NA,HTHT
HTLD,"Heartland Express, Inc. - Common Stock",NASDAQ,NA,NA,HTLD
HTLM,HomesToLife Ltd - Ordinary Shares,NASDAQ,NA,NA,HTLM
HTO,H2O America  - Common Stock,NASDAQ,NA,NA,HTO
HTOO,Fusion Fuel Green PLC - Ordinary Shares,NASDAQ,NA,NA,HTOO
HTT,"High Templar Tech Limited American depositary shares, each representing one Class A ordinary share",NYSE,HTT,HTT,HTT
HTZ,"Hertz Global Holdings, Inc - Common Stock",NASDAQ,NA,NA,HTZ
HTZWW,"Hertz Global Holdings, Inc - Warrant",NASDAQ,NA,NA,HTZWW
HUBB,Hubbell Inc Common Stock,NYSE,HUBB,HUBB,HUBB
HUBC,Hub Cyber Security Ltd. - Ordinary Shares,NASDAQ,NA,NA,HUBC
HUBCW,Hub Cyber Security Ltd. - Warrant expiring 2/27/28,NASDAQ,NA,NA,HUBCW
HUBCZ,Hub Cyber Security Ltd. - Warrant,NASDAQ,NA,NA,HUBCZ
HUBG,"Hub Group, Inc. - Class A Common Stock",NASDAQ,NA,NA,HUBG
HUBS,"HubSpot, Inc. Common Stock",NYSE,HUBS,HUBS,HUBS
HUDI,"Huadi International Group Co., Ltd. - Ordinary Shares",NASDAQ,NA,NA,HUDI
HUHU,HUHUTECH International Group Inc. - Ordinary Shares,NASDAQ,NA,NA,HUHU
HUIZ,Huize Holding Limited - American Depositary Shares,NASDAQ,NA,NA,HUIZ
HUM,Humana Inc. Common Stock,NYSE,HUM,HUM,HUM
HUMA,"Humacyte, Inc. - Common Stock",NASDAQ,NA,NA,HUMA
HUMAW,"Humacyte, Inc. - Warrant",NASDAQ,NA,NA,HUMAW
HUN,Huntsman Corporation Common Stock,NYSE,HUN,HUN,HUN
HURA,"TuHURA Biosciences, Inc. - Common Stock",NASDAQ,NA,NA,HURA
HURC,"Hurco Companies, Inc. - Common Stock",NASDAQ,NA,NA,HURC
HURN,Huron Consulting Group Inc. - Common Stock,NASDAQ,NA,NA,HURN
HUT,Hut 8 Corp. - Common Stock,NASDAQ,NA,NA,HUT
HUYA,"HUYA Inc. American depositary shares, each  representing one Class A ordinary share",NYSE,HUYA,HUYA,HUYA
HVII,Hennessy Capital Investment Corp. VII - Ordinary Shares,NASDAQ,NA,NA,HVII
HVIIR,Hennessy Capital Investment Corp. VII - Rights,NASDAQ,NA,NA,HVIIR
HVIIU,Hennessy Capital Investment Corp. VII - Unit,NASDAQ,NA,NA,HVIIU
HVMC,Highview Merger Corp. - Class A Ordinary Share,NASDAQ,NA,NA,HVMC
HVMCU,Highview Merger Corp. - Units,NASDAQ,NA,NA,HVMCU
HVMCW,Highview Merger Corp. - Warrants,NASDAQ,NA,NA,HVMCW
HVT,"Haverty Furniture Companies, Inc. Common Stock",NYSE,HVT,HVT,HVT
HVT-A,"Haverty Furniture Companies, Inc. Common Stock",NYSE,HVT.A,HVT.A,HVT.A
HWBK,"Hawthorn Bancshares, Inc. - Common Stock",NASDAQ,NA,NA,HWBK
HWC,Hancock Whitney Corporation - Common Stock,NASDAQ,NA,NA,HWC
HWCPZ,Hancock Whitney Corporation - 6.25% Subordinated Notes due 2060,NASDAQ,NA,NA,HWCPZ
HWH,HWH International Inc. - Common Stock,NASDAQ,NA,NA,HWH
HWKN,"Hawkins, Inc. - Common Stock",NASDAQ,NA,NA,HWKN
HWM,Howmet Aerospace Inc. Common Stock,NYSE,HWM,HWM,HWM
HXHX,Haoxin Holdings Limited - Class A Ordinary Shares,NASDAQ,NA,NA,HXHX
HXL,Hexcel Corporation Common Stock,NYSE,HXL,HXL,HXL
HY,"Hyster-Yale, Inc. Class A common stock",NYSE,HY,HY,HY
HYFM,"Hydrofarm Holdings Group, Inc. - Common Stock",NASDAQ,NA,NA,HYFM
HYFT,MindWalk Holdings Corp. - Common Stock,NASDAQ,NA,NA,HYFT
HYI,Western Asset High Yield Opportunity Fund Inc. Common Stock,NYSE,HYI,HYI,HYI
HYLN,Hyliion Holdings Corp. Class A Common Stock,AMEX,HYLN,HYLN,HYLN
HYMC,Hycroft Mining Holding Corporation - Class A Common Stock,NASDAQ,NA,NA,HYMC
HYNE,"Hoyne Bancorp, Inc. - Common Stock",NASDAQ,NA,NA,HYNE
HYPD,"Hyperion DeFi, Inc. - Common Stock",NASDAQ,NA,NA,HYPD
HYPR,"Hyperfine, Inc.  - Class A Common Stock",NASDAQ,NA,NA,HYPR
HYT,"Blackrock Corporate High Yield Fund, Inc. Common Stock",NYSE,HYT,HYT,HYT
HZO,"MarineMax, Inc.  (FL) Common Stock",NYSE,HZO,HZO,HZO
IACO,Idea Acquisition Corp. - Class A Ordinary Shares,NASDAQ,NA,NA,IACO
IACOU,Idea Acquisition Corp. - Units,NASDAQ,NA,NA,IACOU
IACOW,Idea Acquisition Corp. - Warrants,NASDAQ,NA,NA,IACOW
IACQ,Irenic Acquisition Corp. - Class A Ordinary Shares,NASDAQ,NA,NA,IACQ
IACQU,Irenic Acquisition Corp. - Unit,NASDAQ,NA,NA,IACQU
IACQW,Irenic Acquisition Corp. - Warrants,NASDAQ,NA,NA,IACQW
IAE,Voya Asia Pacific High Dividend Equity Income Fund ING Asia Pacific High Dividend Equity Income Fund Common Shares of Beneficial Interest,NYSE,IAE,IAE,IAE
IAF,"abrdn Australia Equity Fund, Inc. Common Stock",AMEX,IAF,IAF,IAF
IAG,Iamgold Corporation Ordinary Shares,NYSE,IAG,IAG,IAG
IART,Integra LifeSciences Holdings Corporation - Common Stock,NASDAQ,NA,NA,IART
IAUX,i-80 Gold Corp. Common Shares,AMEX,IAUX,IAUX,IAUX
IAUX-WT,"i-80 Gold Corp. Warrants, each warrant exercisable for one Common Share at an exercise price of $0.70",AMEX,IAUX.W,IAUX.WS,IAUX+
IBAC,IB Acquisition Corp. - Common Stock,NASDAQ,NA,NA,IBAC
IBACR,IB Acquisition Corp. - Right,NASDAQ,NA,NA,IBACR
IBCP,Independent Bank Corporation - Common Stock,NASDAQ,NA,NA,IBCP
IBEX,IBEX Limited - Common Share,NASDAQ,NA,NA,IBEX
IBG,Innovation Beverage Group Limited - Ordinary Shares,NASDAQ,NA,NA,IBG
IBIO,"iBio, Inc. - Common Stock",NASDAQ,NA,NA,IBIO
IBKR,"Interactive Brokers Group, Inc. - Class A Common Stock",NASDAQ,NA,NA,IBKR
IBM,International Business Machines Corporation Common Stock,NYSE,IBM,IBM,IBM
IBN,ICICI Bank Limited Common Stock,NYSE,IBN,IBN,IBN
IBO,"Impact BioMedical, Inc. Common Stock",AMEX,IBO,IBO,IBO
IBOC,International Bancshares Corporation - Common Stock,NASDAQ,NA,NA,IBOC
IBP,"Installed Building Products, Inc. Common Stock",NYSE,IBP,IBP,IBP
IBRX,"ImmunityBio, Inc. - Common Stock",NASDAQ,NA,NA,IBRX
IBTA,"Ibotta, Inc. Class A Common Stock",NYSE,IBTA,IBTA,IBTA
ICCC,ImmuCell Corporation - Common Stock,NASDAQ,NA,NA,ICCC
ICCM,IceCure Medical Ltd. - Ordinary Shares,NASDAQ,NA,NA,ICCM
ICE,Intercontinental Exchange Inc. Common Stock,NYSE,ICE,ICE,ICE
ICFI,"ICF International, Inc. - Common Stock",NASDAQ,NA,NA,ICFI
ICG,Intchains Group Limited - American Depositary Shares,NASDAQ,NA,NA,ICG
ICHR,Ichor Holdings - Ordinary Shares,NASDAQ,NA,NA,ICHR
ICL,ICL Group Ltd. Ordinary Shares,NYSE,ICL,ICL,ICL
ICLR,ICON plc - Ordinary Shares,NASDAQ,NA,NA,ICLR
ICMB,"Investcorp Credit Management BDC, Inc. - Common Stock",NASDAQ,NA,NA,ICMB
ICON,Icon Energy Corp. - Common stock,NASDAQ,NA,NA,ICON
ICR-PA,"InPoint Commercial Real Estate Income, Inc. 6.75% Series A Cumulative Redeemable Preferred Stock",NYSE,ICR$A,ICRpA,ICR-A
ICU,SeaStar Medical Holding Corporation - Common Stock,NASDAQ,NA,NA,ICU
ICUCW,SeaStar Medical Holding Corporation - Warrant,NASDAQ,NA,NA,ICUCW
ICUI,"ICU Medical, Inc. - Common Stock",NASDAQ,NA,NA,ICUI
IDA,"IDACORP, Inc. Common Stock",NYSE,IDA,IDA,IDA
IDAC,Iron Dome Acquisition I Corp. - Class A Ordinary Shares,NASDAQ,NA,NA,IDAC
IDACU,Iron Dome Acquisition I Corp. - Units,NASDAQ,NA,NA,IDACU
IDACW,Iron Dome Acquisition I Corp. - Warrant,NASDAQ,NA,NA,IDACW
IDAI,T Stamp Inc. - Class A Common Stock,NASDAQ,NA,NA,IDAI
IDCC,"InterDigital, Inc. - Common Stock",NASDAQ,NA,NA,IDCC
IDE,"Voya Infrastructure, Industrials and Materials Fund Common Shares of Beneficial Interest",NYSE,IDE,IDE,IDE
IDN,"Intellicheck, Inc. - Common Stock",NASDAQ,NA,NA,IDN
IDR,"Idaho Strategic Resources, Inc. Common Stock",AMEX,IDR,IDR,IDR
IDT,IDT Corporation Class B Common Stock,NYSE,IDT,IDT,IDT
IDXX,"IDEXX Laboratories, Inc. - Common Stock",NASDAQ,NA,NA,IDXX
IDYA,"IDEAYA Biosciences, Inc. - Common Stock",NASDAQ,NA,NA,IDYA
IE,Ivanhoe Electric Inc. Common Stock,AMEX,IE,IE,IE
IEAG,Infinite Eagle Acquisition Corp. - Class A Ordinary Shares,NASDAQ,NA,NA,IEAG
IEAGR,Infinite Eagle Acquisition Corp. - Rights,NASDAQ,NA,NA,IEAGR
IEAGU,Infinite Eagle Acquisition Corp. - Unit,NASDAQ,NA,NA,IEAGU
IEP,Icahn Enterprises L.P. - Depositary Units representing Limited Partner Interests,NASDAQ,NA,NA,IEP
IESC,"IES Holdings, Inc. - Common Stock",NASDAQ,NA,NA,IESC
IEX,IDEX Corporation Common Stock,NYSE,IEX,IEX,IEX
IFBD,"Infobird Co., Ltd - Ordinary Shares",NASDAQ,NA,NA,IFBD
IFF,"International Flavors & Fragrances, Inc. Common Stock",NYSE,IFF,IFF,IFF
IFN,"Aberdeen India Fund, Inc. Common Stock",NYSE,IFN,IFN,IFN
IFRX,InflaRx N.V. - Common Stock,NASDAQ,NA,NA,IFRX
IFS,Intercorp Financial Services Inc. Common Shares,NYSE,IFS,IFS,IFS
IGA,Voya Global Advantage and Premium Opportunity Fund Common Shares of Beneficial Interest,NYSE,IGA,IGA,IGA
IGAC,Invest Green Acquisition Corporation - Class A Ordinary Shares,NASDAQ,NA,NA,IGAC
IGACR,Invest Green Acquisition Corporation - Rights,NASDAQ,NA,NA,IGACR
IGACU,Invest Green Acquisition Corporation - Units,NASDAQ,NA,NA,IGACU
IGC,"IGC Pharma, Inc. Common Stock",AMEX,IGC,IGC,IGC
IGD,Voya Global Equity Dividend and Premium Opportunity Fund,NYSE,IGD,IGD,IGD
IGI,Western Asset Investment Grade Opportunity Trust Inc. Common Stock,NYSE,IGI,IGI,IGI
IGIC,International General Insurance Holdings Ltd. - Ordinary Shares,NASDAQ,NA,NA,IGIC
IGR,CBRE Global Real Estate Income Fund Common Shares of Beneficial Interest,NYSE,IGR,IGR,IGR
IGZ,IGZ (Listing Market NYSE Arca Network B F) Common Stock,ARCA,IGZ,IGZ,IGZ
IH,"iHuman Inc. American depositary shares, each representing five Class A ordinary shares",NYSE,IH,IH,IH
IHD,Voya Emerging Markets High Income Dividend Equity Fund Common Shares,NYSE,IHD,IHD,IHD
IHG,Intercontinental Hotels Group American Depositary Shares (Each representing one Ordinary Share),NYSE,IHG,IHG,IHG
IHRT,"iHeartMedia, Inc. - Class A Common Stock",NASDAQ,NA,NA,IHRT
IHS,IHS Holding Limited Ordinary Shares,NYSE,IHS,IHS,IHS
IHT,InnSuites Hospitality Trust Shares of Beneficial Interest,AMEX,IHT,IHT,IHT
IIF,"Morgan Stanley India Investment Fund, Inc. Common Stock",NYSE,IIF,IIF,IIF
III,"Information Services Group, Inc. - Common Stock",NASDAQ,NA,NA,III
IIIN,"Insteel Industries, Inc. Common Stock",NYSE,IIIN,IIIN,IIIN
IIIV,"i3 Verticals, Inc. - Common Stock",NASDAQ,NA,NA,IIIV
IIM,Invesco Value Municipal Income Trust Common Stock,NYSE,IIM,IIM,IIM
IIPR,"Innovative Industrial Properties, Inc. Common Stock",NYSE,IIPR,IIPR,IIPR
IIPR-PA,"Innovative Industrial Properties, Inc. 9.00% Series A Cumulative Redeemable Preferred Stock",NYSE,IIPR$A,IIPRpA,IIPR-A
IKT,"Inhibikase Therapeutics, Inc. - Common Stock",NASDAQ,NA,NA,IKT
ILAG,Intelligent Living Application Group Inc. - Ordinary Shares,NASDAQ,NA,NA,ILAG
ILLR,Triller Group Inc. - Common Stock,NASDAQ,NA,NA,ILLR
ILLRW,Triller Group Inc. - Warrant,NASDAQ,NA,NA,ILLRW
ILLU,Illumination Acquisition Corp I - Class A Ordinary Shares,NASDAQ,NA,NA,ILLU
ILLUU,Illumination Acquisition Corp I - Units,NASDAQ,NA,NA,ILLUU
ILLUW,Illumination Acquisition Corp I - Warrant,NASDAQ,NA,NA,ILLUW
ILMN,"Illumina, Inc. - Common Stock",NASDAQ,NA,NA,ILMN
ILPT,Industrial Logistics Properties Trust - Common Shares of Beneficial Interest,NASDAQ,NA,NA,ILPT
IMA,"ImageneBio, Inc. - Common Stock",NASDAQ,NA,NA,IMA
IMAX,Imax Corporation Common Stock,NYSE,IMAX,IMAX,IMAX
IMC,IMC Rare Earths Ltd Ordinary Shares,AMEX,IMC,IMC,IMC
IMCC,IM Cannabis Corp. - Common Shares,NASDAQ,NA,NA,IMCC
IMCR,Immunocore Holdings plc - American Depositary Shares,NASDAQ,NA,NA,IMCR
IMDX,Insight Molecular Diagnostics Inc. - Common Stock,NASDAQ,NA,NA,IMDX
IMKTA,"Ingles Markets, Incorporated - Class A Common Stock",NASDAQ,NA,NA,IMKTA
IMMP,Immutep Limited - American Depositary Shares,NASDAQ,NA,NA,IMMP
IMMR,Immersion Corporation - Common Stock,NASDAQ,NA,NA,IMMR
IMMX,"Immix Biopharma, Inc. - Common Stock",NASDAQ,NA,NA,IMMX
IMNM,"Immunome, Inc. - Common Stock",NASDAQ,NA,NA,IMNM
IMNN,"Imunon, Inc. - Common Stock",NASDAQ,NA,NA,IMNN
IMO,Imperial Oil Limited Common Stock,AMEX,IMO,IMO,IMO
IMOS,ChipMOS TECHNOLOGIES INC. - American Depositary Shares,NASDAQ,NA,NA,IMOS
IMPP,Imperial Petroleum Inc. - Common Shares,NASDAQ,NA,NA,IMPP
IMPPP,Imperial Petroleum Inc. - 8.75% Series A Cumulative Redeemable Perpetual Preferred Shares,NASDAQ,NA,NA,IMPPP
IMRN,Immuron Limited - American Depositary Shares,NASDAQ,NA,NA,IMRN
IMRX,Immuneering Corporation - Class A Common Stock,NASDAQ,NA,NA,IMRX
IMSR,Terrestrial Energy Inc. - Common Stock,NASDAQ,NA,NA,IMSR
IMSRW,Terrestrial Energy Inc. - Warrant,NASDAQ,NA,NA,IMSRW
IMTE,Integrated Media Technology Limited - Ordinary Shares,NASDAQ,NA,NA,IMTE
IMTX,Immatics N.V. - Ordinary Shares,NASDAQ,NA,NA,IMTX
IMUX,"Immunic, Inc.  - Common Stock",NASDAQ,NA,NA,IMUX
IMVT,"Immunovant, Inc.  - Common Stock",NASDAQ,NA,NA,IMVT
IMXI,"International Money Express, Inc. - Common Stock",NASDAQ,NA,NA,IMXI
INAB,"IN8bio, Inc. - Common Stock",NASDAQ,NA,NA,INAB
INAC,Indigo Acquisition Corp. - Ordinary Shares,NASDAQ,NA,NA,INAC
INACR,Indigo Acquisition Corp. - Right,NASDAQ,NA,NA,INACR
INACU,Indigo Acquisition Corp. - Unit,NASDAQ,NA,NA,INACU
INBK,First Internet Bancorp - Common Stock,NASDAQ,NA,NA,INBK
INBKZ,First Internet Bancorp - Fixed-to-Floating Rate Subordinated Notes Due 2029,NASDAQ,NA,NA,INBKZ
INBS,Intelligent Bio Solutions Inc.  - Common Stock,NASDAQ,NA,NA,INBS
INBX,"Inhibrx Biosciences, Inc. - Common Stock",NASDAQ,NA,NA,INBX
INCR,Intercure Ltd. - ordinary shares,NASDAQ,NA,NA,INCR
INCY,Incyte Corporation - Common Stock,NASDAQ,NA,NA,INCY
INDB,Independent Bank Corp. - Common Stock,NASDAQ,NA,NA,INDB
INDI,"indie Semiconductor, Inc. - Class A Common Stock",NASDAQ,NA,NA,INDI
INDO,Indonesia Energy Corporation Limited Ordinary Shares,AMEX,INDO,INDO,INDO
INDP,"Indaptus Therapeutics, Inc. - Common Stock",NASDAQ,NA,NA,INDP
INDV,"Indivior Pharmaceuticals, Inc.  - Common Stock",NASDAQ,NA,NA,INDV
INEO,INNEOVA Holdings Limited - Class A Ordinary Shares,NASDAQ,NA,NA,INEO
INFQ,"Infleqtion, Inc. Common Stock",NYSE,INFQ,INFQ,INFQ
INFQ-WT,"Infleqtion, Inc. Warrants, each whole warrant exercisable for one share of Common Stock at an exercise price of $11.50 per share",NYSE,INFQ.W,INFQ.WS,INFQ+
INFU,"InfuSystems Holdings, Inc. Common Stock",AMEX,INFU,INFU,INFU
INFY,Infosys Limited American Depositary Shares,NYSE,INFY,INFY,INFY
ING,"ING Group, N.V. Common Stock",NYSE,ING,ING,ING
INGM,Ingram Micro Holding Corporation Common Stock,NYSE,INGM,INGM,INGM
INGN,"Inogen, Inc - Common Stock",NASDAQ,NA,NA,INGN
INGR,Ingredion Incorporated Common Stock,NYSE,INGR,INGR,INGR
INHD,Inno Holdings Inc. - Common Stock,NASDAQ,NA,NA,INHD
INIO,INNIO N.V. - Ordinary Shares,NASDAQ,NA,NA,INIO
INKT,"MiNK Therapeutics, Inc. - Common Stock",NASDAQ,NA,NA,INKT
INLF,INLIF LIMITED - Class A Ordinary shares,NASDAQ,NA,NA,INLF
INLX,"Intellinetics, Inc. Common Stock",AMEX,INLX,INLX,INLX
INM,InMed Pharmaceuticals Inc. - Common Shares,NASDAQ,NA,NA,INM
INMB,INmune Bio Inc. - Common stock,NASDAQ,NA,NA,INMB
INMD,InMode Ltd.  - Ordinary Shares,NASDAQ,NA,NA,INMD
INN,"Summit Hotel Properties, Inc. Common Stock",NYSE,INN,INN,INN
INN-PE,"Summit Hotel Properties, Inc. 6.250% Series E Cumulative Redeemable Preferred Stock",NYSE,INN$E,INNpE,INN-E
INN-PF,"Summit Hotel Properties, Inc. 5.875% Series F Cumulative Redeemable Preferred Stock, $0.01 par value per share",NYSE,INN$F,INNpF,INN-F
INNV,InnovAge Holding Corp. - Common Stock,NASDAQ,NA,NA,INNV
INO,"Inovio Pharmaceuticals, Inc. - Common Stock",NASDAQ,NA,NA,INO
INOD,Innodata Inc. - Common Stock,NASDAQ,NA,NA,INOD
INR,"Infinity Natural Resources, Inc. Class A Common Stock",NYSE,INR,INR,INR
INSE,"Inspired Entertainment, Inc. - Common Stock",NASDAQ,NA,NA,INSE
INSG,Inseego Corp. - Common Stock,NASDAQ,NA,NA,INSG
INSM,Insmed Incorporated - Common Stock,NASDAQ,NA,NA,INSM
INSP,"Inspire Medical Systems, Inc. Common Stock",NYSE,INSP,INSP,INSP
INSW,"International Seaways, Inc. Common Stock ",NYSE,INSW,INSW,INSW
INTA,"Intapp, Inc. - Common Stock",NASDAQ,NA,NA,INTA
INTC,Intel Corporation - Common Stock,NASDAQ,NA,NA,INTC
INTG,The Intergroup Corporation - Common Stock,NASDAQ,NA,NA,INTG
INTJ,Intelligent Group Limited - Class A Ordinary Shares,NASDAQ,NA,NA,INTJ
INTR,Inter & Co. Inc. - Class A Common Shares,NASDAQ,NA,NA,INTR
INTS,"Intensity Therapeutics, Inc. - Common Stock",NASDAQ,NA,NA,INTS
INTT,inTest Corporation Common Stock,AMEX,INTT,INTT,INTT
INTU,Intuit Inc. - Common Stock,NASDAQ,NA,NA,INTU
INTZ,Intrusion Inc. - Common Stock,NASDAQ,NA,NA,INTZ
INUV,"Inuvo, Inc.",AMEX,INUV,INUV,INUV
INV,"Innventure, Inc. - Common Stock",NASDAQ,NA,NA,INV
INVA,"Innoviva, Inc. - Common Stock",NASDAQ,NA,NA,INVA
INVE,"Identiv, Inc. - Common Stock",NASDAQ,NA,NA,INVE
INVH,Invitation Homes Inc. Common Stock,NYSE,INVH,INVH,INVH
INVX,"Innovex International, Inc. Common Stock",NYSE,INVX,INVX,INVX
INVZ,Innoviz Technologies Ltd. - Ordinary shares,NASDAQ,NA,NA,INVZ
IOND,Ionic Digital Inc. - Class A Common Stock,NASDAQ,NA,NA,IOND
IONQ,"IonQ, Inc. Common Stock",NYSE,IONQ,IONQ,IONQ
IONQ-WT,"IonQ, Inc. Redeemable warrants, each whole warrant exercisable for one share of Common Stock, each at an exercise price of $11.50 per share",NYSE,IONQ.W,IONQ.WS,IONQ+
IONR,ioneer Ltd - American Depositary Shares,NASDAQ,NA,NA,IONR
IONS,"Ionis Pharmaceuticals, Inc. - Common Stock",NASDAQ,NA,NA,IONS
IOR,"Income Opportunity Realty Investors, Inc. Common Stock",AMEX,IOR,IOR,IOR
IOSP,Innospec Inc. - Common Stock,NASDAQ,NA,NA,IOSP
IOT,Samsara Inc. Class A Common Stock,NYSE,IOT,IOT,IOT
IOTR,iOThree Limited - Ordinary Shares,NASDAQ,NA,NA,IOTR
IOVA,"Iovance Biotherapeutics, Inc. - Common Stock",NASDAQ,NA,NA,IOVA
IP,International Paper Company Common Stock,NYSE,IP,IP,IP
IPAR,"Interparfums, Inc. - Common Stock",NASDAQ,NA,NA,IPAR
IPCX,Inflection Point Acquisition Corp. III - Class A ordinary shares,NASDAQ,NA,NA,IPCX
IPCXR,Inflection Point Acquisition Corp. III - Rights,NASDAQ,NA,NA,IPCXR
IPCXU,Inflection Point Acquisition Corp. III - Units,NASDAQ,NA,NA,IPCXU
IPDN,"Professional Diversity Network, Inc. - Common Stock",NASDAQ,NA,NA,IPDN
IPEX,Inflection Point Acquisition Corp. - Class A Ordinary Shares,NASDAQ,NA,NA,IPEX
IPEXR,Inflection Point Acquisition Corp. - Right,NASDAQ,NA,NA,IPEXR
IPEXU,Inflection Point Acquisition Corp. - Unit,NASDAQ,NA,NA,IPEXU
IPFX,Inflection Point Acquisition Corp. VI - Class A Ordinary Shares,NASDAQ,NA,NA,IPFX
IPFXU,Inflection Point Acquisition Corp. VI - Units,NASDAQ,NA,NA,IPFXU
IPFXW,Inflection Point Acquisition Corp. VI - Warrant,NASDAQ,NA,NA,IPFXW
IPGP,IPG Photonics Corporation - Common Stock,NASDAQ,NA,NA,IPGP
IPHA,Innate Pharma S.A. - American Depositary Shares,NASDAQ,NA,NA,IPHA
IPI,"Intrepid Potash, Inc Common Stock",NYSE,IPI,IPI,IPI
IPM,Intelligent Protection Management Corp.  - Common Stock,NASDAQ,NA,NA,IPM
IPSC,"Century Therapeutics, Inc. - Common Stock",NASDAQ,NA,NA,IPSC
IPST,"IP Strategy Holdings, Inc. - Common Stock",NASDAQ,NA,NA,IPST
IPVV,"InterPrivate Investment Partners V, Inc. - Class A Ordinary Shares",NASDAQ,NA,NA,IPVV
IPVVU,"InterPrivate Investment Partners V, Inc. - Units",NASDAQ,NA,NA,IPVVU
IPVVW,"InterPrivate Investment Partners V, Inc. - Warrants",NASDAQ,NA,NA,IPVVW
IPW,iPower Inc. - Common Stock,NASDAQ,NA,NA,IPW
IPWR,Ideal Power Inc. - Common Stock,NASDAQ,NA,NA,IPWR
IPX,IperionX Limited - American Depositary Share,NASDAQ,NA,NA,IPX
IQ,"iQIYI, Inc. - American Depositary Shares",NASDAQ,NA,NA,IQ
IQI,Invesco Quality Municipal Income Trust Common Stock,NYSE,IQI,IQI,IQI
IQMX,IQM Quantum Computers Oyj - American Depositary Shares,NASDAQ,NA,NA,IQMX
IQMXW,IQM Quantum Computers Oyj - Warrants to purchase American Depositary Shares,NASDAQ,NA,NA,IQMXW
IQST,iQSTEL Inc. - Common Stock,NASDAQ,NA,NA,IQST
IQV,"IQVIA Holdings, Inc. Common Stock",NYSE,IQV,IQV,IQV
IR,Ingersoll Rand Inc. Common Stock,NYSE,IR,IR,IR
IRAB,Iris Acquisition Corp II Class A Ordinary Shares,NYSE,IRAB,IRAB,IRAB
IRAB-UN,"Iris Acquisition Corp II Units, each consisting of one Class A Ordinary Share and one-half of one redeemable Warrant",NYSE,IRAB.U,IRAB.U,IRAB=
IRAB-WT,"Iris Acquisition Corp II Redeemable Warrants, each whole warrant exercisable for one Class A Ordinary Share at an exercise price of $11.50 per share",NYSE,IRAB.W,IRAB.WS,IRAB+
IRD,"Opus Genetics, Inc. - Common Stock",NASDAQ,NA,NA,IRD
IRDM,Iridium Communications Inc - Common Stock,NASDAQ,NA,NA,IRDM
IREN,IREN Limited - Ordinary Shares,NASDAQ,NA,NA,IREN
IRHO,Iron Horse Acquisitions II Corp. - Common Stock,NASDAQ,NA,NA,IRHO
IRHOR,Iron Horse Acquisitions II Corp. - Rights,NASDAQ,NA,NA,IRHOR
IRHOU,Iron Horse Acquisitions II Corp. - Units,NASDAQ,NA,NA,IRHOU
IRIX,IRIDEX Corporation - Common Stock,NASDAQ,NA,NA,IRIX
IRM,Iron Mountain Incorporated (Delaware)Common Stock REIT,NYSE,IRM,IRM,IRM
IRMD,iRadimed Corporation - Common Stock,NASDAQ,NA,NA,IRMD
IRON,"Disc Medicine, Inc. - Common Stock",NASDAQ,NA,NA,IRON
IRS,IRSA Inversiones Y Representaciones S.A. Global Depositary Shares (Each representing ten shares of Common Stock),NYSE,IRS,IRS,IRS
IRT,"Independence Realty Trust, Inc. Common Stock",NYSE,IRT,IRT,IRT
IRTC,"iRhythm Holdings, Inc.  - Common Stock",NASDAQ,NA,NA,IRTC
IRWD,"Ironwood Pharmaceuticals, Inc. - Class A Common Stock",NASDAQ,NA,NA,IRWD
ISBA,Isabella Bank Corporation - Common stock,NASDAQ,NA,NA,ISBA
ISD,"PGIM High Yield Bond Fund, Inc.",NYSE,ISD,ISD,ISD
ISNR,Snow Rothschild Acquisition Corp. - Class A Ordinary Shares,NASDAQ,NA,NA,ISNR
ISNRU,Snow Rothschild Acquisition Corp. - Units,NASDAQ,NA,NA,ISNRU
ISNRW,Snow Rothschild Acquisition Corp. - Warrants,NASDAQ,NA,NA,ISNRW
ISOU,IsoEnergy Ltd. Common Shares,AMEX,ISOU,ISOU,ISOU
ISPC,iSpecimen Inc. - Common Stock,NASDAQ,NA,NA,ISPC
ISPR,Ispire Technology Inc. - Common Stock,NASDAQ,NA,NA,ISPR
ISRG,"Intuitive Surgical, Inc. - Common Stock",NASDAQ,NA,NA,ISRG
ISSC,"Innovative Solutions and Support, Inc. - Common Stock",NASDAQ,NA,NA,ISSC
ISTR,Investar Holding Corporation - Common Stock,NASDAQ,NA,NA,ISTR
IT,"Gartner, Inc. Common Stock",NYSE,IT,IT,IT
ITG,"ITG, Inc. - Class A Common Stock",NASDAQ,NA,NA,ITG
ITGR,Integer Holdings Corporation Common Stock,NYSE,ITGR,ITGR,ITGR
ITHA,ITHAX Acquisition Corp III - Class A Ordinary Shares,NASDAQ,NA,NA,ITHA
ITHAU,ITHAX Acquisition Corp III - Units,NASDAQ,NA,NA,ITHAU
ITHAW,ITHAX Acquisition Corp III - Warrants,NASDAQ,NA,NA,ITHAW
ITIC,Investors Title Company - Common Stock,NASDAQ,NA,NA,ITIC
ITOC,iTonic Holdings Ltd - Class A Ordinary Shares,NASDAQ,NA,NA,ITOC
ITP,"IT Tech Packaging, Inc. Common Stock",AMEX,ITP,ITP,ITP
ITRG,Integra Resources Corp. Common Shares,AMEX,ITRG,ITRG,ITRG
ITRI,"Itron, Inc. - Common Stock",NASDAQ,NA,NA,ITRI
ITRN,Ituran Location and Control Ltd. - Ordinary Shares,NASDAQ,NA,NA,ITRN
ITT,ITT Inc. Common Stock ,NYSE,ITT,ITT,ITT
ITUB,Itau Unibanco Banco Holding SA American Depositary Shares (Each repstg 500 Preferred shares),NYSE,ITUB,ITUB,ITUB
ITW,Illinois Tool Works Inc. Common Stock,NYSE,ITW,ITW,ITW
IVA,Inventiva S.A. - American Depository Shares,NASDAQ,NA,NA,IVA
IVDA,"Iveda Solutions, Inc. - Common Stock",NASDAQ,NA,NA,IVDA
IVDAW,"Iveda Solutions, Inc. - Warrant",NASDAQ,NA,NA,IVDAW
IVF,"INVO Fertility, Inc. - Common Stock",NASDAQ,NA,NA,IVF
IVR,INVESCO MORTGAGE CAPITAL INC Common Stock,NYSE,IVR,IVR,IVR
IVR-PC,"INVESCO MORTGAGE CAPITAL INC 7.5% Fixed-to-Floating Series C Cumulative Redeemable Preferred Stock, Liquation Preference $25.00 per Share",NYSE,IVR$C,IVRpC,IVR-C
IVT,InvenTrust Properties Corp. Common Stock,NYSE,IVT,IVT,IVT
IVVD,"Invivyd, Inc. - Common Stock",NASDAQ,NA,NA,IVVD
IVZ,Invesco Ltd Common Stock,NYSE,IVZ,IVZ,IVZ
IX,ORIX Corporation American Depositary Shares,NYSE,IX,IX,IX
IXHL,Incannex Healthcare Inc. - Common Stock,NASDAQ,NA,NA,IXHL
IZEA,"IZEA Worldwide, Inc. - Common Stock",NASDAQ,NA,NA,IZEA
IZM,ICZOOM Group Inc. - Class A Ordinary Shares,NASDAQ,NA,NA,IZM
J,Jacobs Solutions Inc. Common Stock,NYSE,J,J,J
JAB,JAB Acquisition Corp I - Class A Ordinary Shares,NASDAQ,NA,NA,JAB
JABRR,JAB Acquisition Corp I - Rights,NASDAQ,NA,NA,JABRR
JABRU,JAB Acquisition Corp I - Units,NASDAQ,NA,NA,JABRU
JABRW,JAB Acquisition Corp I - Warrants,NASDAQ,NA,NA,JABRW
JACK,Jack In The Box Inc. - Common Stock,NASDAQ,NA,NA,JACK
JACS,Jackson Acquisition Company II Class A Ordinary Shares,NYSE,JACS,JACS,JACS
JACS-R,"Jackson Acquisition Company II Rights, each right to acquire one-tenth (1/10) of one Class A ordinary share",NYSE,JACS.R,JACSr,JACS^
JACS-UN,"Jackson Acquisition Company II Units, each consisting of one Class A ordinary share and one right to acquire one-tenth (1/10) of one Class A ordinary share",NYSE,JACS.U,JACS.U,JACS=
JAGU,Jaguar Uranium Corp. Class A Common Shares,AMEX,JAGU,JAGU,JAGU
JAGX,"Jaguar Health, Inc. - Common Stock",NASDAQ,NA,NA,JAGX
JAKK,"JAKKS Pacific, Inc. - Common Stock",NASDAQ,NA,NA,JAKK
JAN,"Janus Living, Inc. Class A-1 Common Stock",NYSE,JAN,JAN,JAN
JANX,"Janux Therapeutics, Inc. - Common Stock",NASDAQ,NA,NA,JANX
JATT,JATT II Acquisition Corp - Ordinary Shares,NASDAQ,NA,NA,JATT
JAZZ,Jazz Pharmaceuticals plc - Ordinary Shares,NASDAQ,NA,NA,JAZZ
JBDI,JBDI Holdings Limited - Ordinary Shares,NASDAQ,NA,NA,JBDI
JBGS,JBG SMITH Properties Common Shares ,NYSE,JBGS,JBGS,JBGS
JBHT,"J.B. Hunt Transport Services, Inc. - Common Stock",NASDAQ,NA,NA,JBHT
JBI,"Janus International Group, Inc. Common Stock",NYSE,JBI,JBI,JBI
JBIO,"Jade Biosciences, Inc. - Common Stock",NASDAQ,NA,NA,JBIO
JBK,Lehman ABS 3.50 3.50% Adjustable Corp Backed Tr Certs GS Cap I,NYSE,JBK,JBK,JBK
JBL,Jabil Inc. Common Stock,NYSE,JBL,JBL,JBL
JBLU,JetBlue Airways Corporation - Common Stock,NASDAQ,NA,NA,JBLU
JBS,JBS N.V. Class A Common Shares,NYSE,JBS,JBS,JBS
JBSS,"John B. Sanfilippo & Son, Inc. - Common Stock",NASDAQ,NA,NA,JBSS
JBTM,JBT Marel Corporation Common Stock,NYSE,JBTM,JBTM,JBTM
JCAP,"Jefferson Capital, Inc. - Common Stock",NASDAQ,NA,NA,JCAP
JCE,Nuveen Core Equity Alpha Fund Common Shares of Beneficial Interest,NYSE,JCE,JCE,JCE
JCI,Johnson Controls International plc Ordinary Share,NYSE,JCI,JCI,JCI
JCSE,JE Cleantech Holdings Limited - Ordinary Shares,NASDAQ,NA,NA,JCSE
JCTC,Jewett-Cameron Trading Company - Common Shares,NASDAQ,NA,NA,JCTC
JD,"JD.com, Inc. - American Depositary Shares",NASDAQ,NA,NA,JD
JDZG,JIADE LIMITED - Class A Ordinary Shares,NASDAQ,NA,NA,JDZG
JEF,Jefferies Financial Group Inc. Common Stock,NYSE,JEF,JEF,JEF
JELD,"JELD-WEN Holding, Inc. Common Stock",NYSE,JELD,JELD,JELD
JEM,707 Cayman Holdings Limited - Ordinary Shares,NASDAQ,NA,NA,JEM
JENA,Jena Acquisition Corporation II Class A Ordinary Shares,NYSE,JENA,JENA,JENA
JENA-R,"Jena Acquisition Corporation II Rights, each right to acquire one-twentieth (1/20) of one Class A ordinary share",NYSE,JENA.R,JENAr,JENA^
JENA-UN,"Jena Acquisition Corporation II Units, each consisting of one Class A ordinary share and one right",NYSE,JENA.U,JENA.U,JENA=
JF,J and Friends Holdings Limited - American Depositary Shares,NASDAQ,NA,NA,JF
JFB,JFB Construction Holdings - Class A Common Stock,NASDAQ,NA,NA,JFB
JFIN,Jiayin Group Inc. - American Depositary Shares,NASDAQ,NA,NA,JFIN
JFR,Nuveen Floating Rate Income Fund Common Stock,NYSE,JFR,JFR,JFR
JFU,9F Inc. - American Depositary Shares,NASDAQ,NA,NA,JFU
JG,Aurora Mobile Limited - American Depositary Shares,NASDAQ,NA,NA,JG
JGH,Nuveen Global High Income Fund Common Shares of Beneficial Interest,NYSE,JGH,JGH,JGH
JHI,John Hancock Investors Trust Common Stock,NYSE,JHI,JHI,JHI
JHS,John Hancock Income Securities Trust Common Stock,NYSE,JHS,JHS,JHS
JHX,James Hardie Industries plc. Ordinary Shares,NYSE,JHX,JHX,JHX
JILL,"J. Jill, Inc. Common Stock",NYSE,JILL,JILL,JILL
JJSF,J & J Snack Foods Corp. - Common Stock,NASDAQ,NA,NA,JJSF
JKHY,"Jack Henry & Associates, Inc. - Common Stock",NASDAQ,NA,NA,JKHY
JKS,JinkoSolar Holding Company Limited American Depositary Shares (each representing 4 Common Shares),NYSE,JKS,JKS,JKS
JL,J-Long Group Limited - Class A Ordinary Shares,NASDAQ,NA,NA,JL
JLHL,Julong Holding Limited - Class A Ordinary Shares,NASDAQ,NA,NA,JLHL
JLL,Jones Lang LaSalle Incorporated Common Stock,NYSE,JLL,JLL,JLL
JLS,Nuveen Mortgage and Income Fund,NYSE,JLS,JLS,JLS
JMIA,"Jumia Technologies AG American Depositary Shares, each representing two Ordinary Shares",NYSE,JMIA,JMIA,JMIA
JMKE,Jersey Mike's Subs Inc. Class A Common Stock,NYSE,JMKE,JMKE,JMKE
JMM,Nuveen Multi-Market Income Fund (MA),NYSE,JMM,JMM,JMM
JMSB,"John Marshall Bancorp, Inc. - Common Stock",NASDAQ,NA,NA,JMSB
JNJ,Johnson & Johnson Common Stock,NYSE,JNJ,JNJ,JNJ
JOB,GEE Group Inc. Common Stock,AMEX,JOB,JOB,JOB
JOBY,"Joby Aviation, Inc. Common Stock",NYSE,JOBY,JOBY,JOBY
JOE,St. Joe Company (The) Common Stock,NYSE,JOE,JOE,JOE
JOF,Japan Smaller Capitalization Fund Inc Common Stock,NYSE,JOF,JOF,JOF
JONEU,Jones Ventures INTL Acquisition1 Corp - Units,NASDAQ,NA,NA,JONEU
JOUT,Johnson Outdoors Inc. - Class A Common Stock,NASDAQ,NA,NA,JOUT
JOYY,JOYY Inc. - American Depositary Shares,NASDAQ,NA,NA,JOYY
JPC,Nuveen Preferred & Income Opportunities Fund,NYSE,JPC,JPC,JPC
JPM,JP Morgan Chase & Co. Common Stock,NYSE,JPM,JPM,JPM
JPM-PC,"J P Morgan Chase & Co Depositary Shares, each representing a 1/400th interest in a share of 6.00% Non-Cumulative  Preferred Stock, Series EE",NYSE,JPM$C,JPMpC,JPM-C
JPM-PD,"J P Morgan Chase & Co Depositary Shares, each representing a 1/400th  interest in a share of 5.75% Non-Cumulative  Preferred Stock, Series DD",NYSE,JPM$D,JPMpD,JPM-D
JPM-PJ,"J P Morgan Chase & Co Depositary Shares, each representing a 1/400th interest in a share of JPMorgan Chase & Co. 4.75% Non-Cumulative Preferred Stock, Series GG",NYSE,JPM$J,JPMpJ,JPM-J
JPM-PK,"J P Morgan Chase & Co Depositary Shares, each representing a 1/400th interest in a share of 4.55% Non-Cumulative Preferred Stock, Series JJ",NYSE,JPM$K,JPMpK,JPM-K
JPM-PL,"J P Morgan Chase & Co Depositary Shares, each representing a 1/400th interest in a share of 4.625% Non-Cumulative Preferred Stock, Series LL",NYSE,JPM$L,JPMpL,JPM-L
JPM-PM,"J P Morgan Chase & Co Depositary Shares, each representing a 1/400th interest in a share of 4.20% Non-Cumulative Preferred Stock, Series MM",NYSE,JPM$M,JPMpM,JPM-M
JQC,Nuveen Credit Strategies Income Fund Shares of Beneficial Interest,NYSE,JQC,JQC,JQC
JRI,Nuveen Real Asset Income and Growth Fund Common Shares of Beneficial Interest,NYSE,JRI,JRI,JRI
JRS,Nuveen Real Estate Income Fund Common Shares of Beneficial Interest,NYSE,JRS,JRS,JRS
JRSH,"Jerash Holdings (US), Inc. - Common Stock",NASDAQ,NA,NA,JRSH
JRVR,"James River Group Holdings, Inc. - Common Stock",NASDAQ,NA,NA,JRVR
JSM,"Navient Corporation - 6% Senior Notes due December 15, 2043",NASDAQ,NA,NA,JSM
JSPR,"Jasper Therapeutics, Inc. - Class A Common Stock",NASDAQ,NA,NA,JSPR
JSPRW,"Jasper Therapeutics, Inc. - Warrant",NASDAQ,NA,NA,JSPRW
JTAI,Jet.AI Inc. - Common Stock,NASDAQ,NA,NA,JTAI
JUNS,"Jupiter Neurosciences, Inc. - Common Stock",NASDAQ,NA,NA,JUNS
JVA,"Coffee Holding Co., Inc. - Common Stock",NASDAQ,NA,NA,JVA
JWEL,Jowell Global Ltd. - Ordinary Shares,NASDAQ,NA,NA,JWEL
JXG,JX Luxventure Group Inc. - Common Stock,NASDAQ,NA,NA,JXG
JXN,Jackson Financial Inc. Class A Common Stock ,NYSE,JXN,JXN,JXN
JXN-PA,"Jackson Financial Inc. Depositary Shares, each representing a 1/1,000th interest in a share of Fixed-Rate Reset Noncumulative Perpetual Preferred Stock, Series A",NYSE,JXN$A,JXNpA,JXN-A
JYD,Jayud Global Logistics Limited - Class A Ordinary Shares,NASDAQ,NA,NA,JYD
JYNT,The Joint Corp. - Common Stock,NASDAQ,NA,NA,JYNT
JZ,Jianzhi Education Technology Group Company Limited - American Depositary Shares,NASDAQ,NA,NA,JZ
JZXN,"Jiuzi Holdings, Inc. - Ordinary Shares",NASDAQ,NA,NA,JZXN
KAI,Kadant Inc Common Stock,NYSE,KAI,KAI,KAI
KALA,"KALA BIO, Inc. - Common Stock",NASDAQ,NA,NA,KALA
KALU,Kaiser Aluminum Corporation - Common Stock,NASDAQ,NA,NA,KALU
KAPA,"Kairos Pharma, Ltd. Common Stock",AMEX,KAPA,KAPA,KAPA
KARD,"Kardigan, Inc. - Common Stock",NASDAQ,NA,NA,KARD
KARO,Karooooo Ltd. - Ordinary shares,NASDAQ,NA,NA,KARO
KAZR,Skyline Builders Group Holding Limited - Class A Ordinary Shares,NASDAQ,NA,NA,KAZR
KB,KB Financial Group Inc,NYSE,KB,KB,KB
KBDC,"Kayne Anderson BDC, Inc. Common Stock",NYSE,KBDC,KBDC,KBDC
KBH,KB Home Common Stock,NYSE,KBH,KBH,KBH
KBON,Karbon Capital Partners Corp. - Class A Ordinary Shares,NASDAQ,NA,NA,KBON
KBONU,Karbon Capital Partners Corp. - Units,NASDAQ,NA,NA,KBONU
KBONW,Karbon Capital Partners Corp. - Warrant,NASDAQ,NA,NA,KBONW
KBR,"KBR, Inc. Common Stock",NYSE,KBR,KBR,KBR
KBSX,FST Corp. - Ordinary Shares,NASDAQ,NA,NA,KBSX
KC,Kingsoft Cloud Holdings Limited - American Depositary Shares,NASDAQ,NA,NA,KC
KCA-UN,"Kensington Capital Acquisition Corp. VI New Units, each consisting of one Class A Ordinary Share and three-quarters of one Class 2 Redeemable Warrant",NYSE,KCA.U,KCA.U,KCA=
KCAC-UN,"Kensington Capital Acquisition Corp. VI Units, each consisting of one Class A ordinary share, one-quarter of one Class 1 redeemable warrant and three-quarters of one Class 2 redeemable warrant",NYSE,KCAC.U,KCAC.U,KCAC=
KCAC-WT,"Kensington Capital Acquisition Corp. VI Class 1 redeemable warrants, each exercisable for one Class A ordinary share at an exercise price of $11.50",NYSE,KCAC.W,KCAC.WS,KCAC+
KCHV,Kochav Defense Acquisition Corp. - Class A Ordinary Shares,NASDAQ,NA,NA,KCHV
KCHVR,Kochav Defense Acquisition Corp. - Right,NASDAQ,NA,NA,KCHVR
KCHVU,Kochav Defense Acquisition Corp. - Units,NASDAQ,NA,NA,KCHVU
KD,"Kyndryl Holdings, Inc. Common Stock",NYSE,KD,KD,KD
KDK,"Kodiak AI, Inc. - Common Stock",NASDAQ,NA,NA,KDK
KDKRW,"Kodiak AI, Inc. - Warrant",NASDAQ,NA,NA,KDKRW
KDP,Keurig Dr Pepper Inc. - Common Stock,NASDAQ,NA,NA,KDP
KE,"Kimball Electronics, Inc. - Common Stock",NASDAQ,NA,NA,KE
KEEL,Keel Infrastructure Corp. - Common Stock,NASDAQ,NA,NA,KEEL
KELYA,"Kelly Services, Inc. - Class A Common Stock",NASDAQ,NA,NA,KELYA
KELYB,"Kelly Services, Inc. - Class B Common Stock",NASDAQ,NA,NA,KELYB
KEN,Kenon Holdings Ltd. Ordinary Shares,NYSE,KEN,KEN,KEN
KEP,Korea Electric Power Corporation Common Stock,NYSE,KEP,KEP,KEP
KEQU,Kewaunee Scientific Corporation - Common Stock,NASDAQ,NA,NA,KEQU
KEX,Kirby Corporation Common Stock,NYSE,KEX,KEX,KEX
KEY,KeyCorp Common Stock,NYSE,KEY,KEY,KEY
KEY-PI,"KeyCorp Depositary Shares Each Representing a 1/40th Ownership Interest in a Share of Fixed-to-Floating Rate Perpetual Non-Cumulative Preferred Stock, Series E",NYSE,KEY$I,KEYpI,KEY-I
KEY-PJ,"KeyCorp Depositary Shares each representing a 1/40th ownership interest in a share of Fixed Rate Perpetual Non-Cumulative Preferred Stock, Series F",NYSE,KEY$J,KEYpJ,KEY-J
KEY-PK,"KeyCorp Depositary Shares, each representing a 1/40th ownership interest in a share of Fixed Rate Perpetual Non-Cumulative Preferred Stock, Series G",NYSE,KEY$K,KEYpK,KEY-K
KEY-PL,"KeyCorp Depositary Shares each representing a 1/40th ownership interest in a share of Fixed Rate Perpetual Non-Cumulative Preferred Stock, Series H",NYSE,KEY$L,KEYpL,KEY-L
KEYS,Keysight Technologies Inc. Common Stock,NYSE,KEYS,KEYS,KEYS
KEYY,Keystone Acquisition Corp. - Class A Ordinary Shares,NASDAQ,NA,NA,KEYY
KEYYU,Keystone Acquisition Corp. - Unit,NASDAQ,NA,NA,KEYYU
KEYYW,Keystone Acquisition Corp. - Warrants,NASDAQ,NA,NA,KEYYW
KF,"Korea Fund, Inc. (The) New Common Stock",NYSE,KF,KF,KF
KFFB,Kentucky First Federal Bancorp - Common Stock,NASDAQ,NA,NA,KFFB
KFII,K&F Growth Acquisition Corp. II - Class A Ordinary shares,NASDAQ,NA,NA,KFII
KFIIR,K&F Growth Acquisition Corp. II - Rights,NASDAQ,NA,NA,KFIIR
KFIIU,K&F Growth Acquisition Corp. II - Unit,NASDAQ,NA,NA,KFIIU
KFRC,"Kforce, Inc. Common Stock",NYSE,KFRC,KFRC,KFRC
KFY,Korn Ferry Common Stock,NYSE,KFY,KFY,KFY
KG,"Kestrel Group, Ltd. - Common Stock",NASDAQ,NA,NA,KG
KGC,Kinross Gold Corporation Common Stock,NYSE,KGC,KGC,KGC
KGEI,Kolibri Global Energy Inc. - Common stock,NASDAQ,NA,NA,KGEI
KGS,"Kodiak Gas Services, Inc. Common Stock",NYSE,KGS,KGS,KGS
KHC,The Kraft Heinz Company - Common Stock,NASDAQ,NA,NA,KHC
KIDS,OrthoPediatrics Corp. - Common Stock,NASDAQ,NA,NA,KIDS
KIDZ,KIDZ AI Inc. - Class B Common Stock,NASDAQ,NA,NA,KIDZ
KIDZW,KIDZ AI Inc. - Warrants,NASDAQ,NA,NA,KIDZW
KIM,Kimco Realty Corporation (HC) Common Stock,NYSE,KIM,KIM,KIM
KIM-PL,"Kimco Realty Corporation Class L Depositary Shares, each of which represents a one-one thousandth fractional interest in a share of 5.125% Class L Cumulative Redeemable Preferred Stock, liquidation preference $25,000.00 per share",NYSE,KIM$L,KIMpL,KIM-L
KIM-PM,"Kimco Realty Corporation Class M Depositary Shares, each of which represents a one-one thousandth fractional interest in a share of 5.25% Class M Cumulative Redeemable Preferred Stock, liquidation preference $25,000.00 per share",NYSE,KIM$M,KIMpM,KIM-M
KIM-PN,"Kimco Realty Corporation Depositary Shares, each representing 1/1,000th interest in a share of 7.25% Class N Cumulative Convertible Perpetual Preferred Stock",NYSE,KIM$N,KIMpN,KIM-N
KINS,"Kingstone Companies, Inc - Common Stock",NASDAQ,NA,NA,KINS
KIO,KKR Income Opportunities Fund Common Shares,NYSE,KIO,KIO,KIO
KITT,"Nauticus Robotics, Inc. - Common stock",NASDAQ,NA,NA,KITT
KITTW,"Nauticus Robotics, Inc. - Warrant",NASDAQ,NA,NA,KITTW
KKR,KKR & Co. Inc. Common Stock,NYSE,KKR,KKR,KKR
KKR-PD,KKR & Co. Inc. 6.25% Series D Mandatory Convertible Preferred Stock,NYSE,KKR$D,KKRpD,KKR-D
KKRS,KKR Group Finance Co. IX LLC 4.625% Subordinated Notes due 2061,NYSE,KKRS,KKRS,KKRS
KKRT,KKR & Co. Inc. 6.875% Subordinated Notes due 2065,NYSE,KKRT,KKRT,KKRT
KLAC,KLA Corporation  - Common Stock,NASDAQ,NA,NA,KLAC
KLAR,Klarna Group plc Ordinary Shares,NYSE,KLAR,KLAR,KLAR
KLC,"KinderCare Learning Companies, Inc. Common Stock",NYSE,KLC,KLC,KLC
KLIC,"Kulicke and Soffa Industries, Inc. - Common Stock",NASDAQ,NA,NA,KLIC
KLRA,"Kailera Therapeutics, Inc. - Common stock",NASDAQ,NA,NA,KLRA
KLRS,"Kalaris Therapeutics, Inc.  - Common Stock",NASDAQ,NA,NA,KLRS
KLTR,"Kaltura, Inc. - Common Stock",NASDAQ,NA,NA,KLTR
KLXE,"KLX Energy Services Holdings, Inc.  - Common Stock",NASDAQ,NA,NA,KLXE
KMB,Kimberly-Clark Corporation - Common Stock,NASDAQ,NA,NA,KMB
KMDA,Kamada Ltd. - Ordinary Shares,NASDAQ,NA,NA,KMDA
KMI,"Kinder Morgan, Inc. Common Stock",NYSE,KMI,KMI,KMI
KMPB,Kemper Corporation 5.875% Fixed-Rate Reset Junior Subordinated Debentures due 2062,NYSE,KMPB,KMPB,KMPB
KMPR,Kemper Corporation,NYSE,KMPR,KMPR,KMPR
KMRK,K-Tech Solutions Company Limited - Class A Ordinary Shares,NASDAQ,NA,NA,KMRK
KMT,Kennametal Inc. Common Stock,NYSE,KMT,KMT,KMT
KMTS,"Kestra Medical Technologies, Ltd. - Common Stock",NASDAQ,NA,NA,KMTS
KMX,CarMax Inc,NYSE,KMX,KMX,KMX
KN,Knowles Corporation Common Stock,NYSE,KN,KN,KN
KNDI,"Kandi Technologies Group, Inc. - Ordinary Shares",NASDAQ,NA,NA,KNDI
KNF,Knife Riv Holding Co. Common Stock,NYSE,KNF,KNF,KNF
KNOP,KNOT Offshore Partners LP Common Units representing Limited Partner Interests,NYSE,KNOP,KNOP,KNOP
KNRX,KNOREX LTD. Class A Ordinary Shares,AMEX,KNRX,KNRX,KNRX
KNSA,"Kiniksa Pharmaceuticals International, plc - Class A Ordinary Shares",NASDAQ,NA,NA,KNSA
KNSL,"Kinsale Capital Group, Inc. Common Stock",NYSE,KNSL,KNSL,KNSL
KNTK,Kinetik Holdings Inc. Class A Common Stock,NYSE,KNTK,KNTK,KNTK
KNX,Knight-Swift Transportation Holdings Inc.,NYSE,KNX,KNX,KNX
KO,Coca-Cola Company (The) Common Stock,NYSE,KO,KO,KO
KOD,Kodiak Sciences Inc - Common Stock,NASDAQ,NA,NA,KOD
KODK,Eastman Kodak Company Common New,NYSE,KODK,KODK,KODK
KOF,"Coca Cola Femsa S.A.B. de C.V.  American Depositary Shares, each representing 10 Units (each Unit consists of 3 Series B Shares and 5 Series L Shares)",NYSE,KOF,KOF,KOF
KOP,Koppers Holdings Inc. Common Stock,NYSE,KOP,KOP,KOP
KOPN,Kopin Corporation - Common Stock,NASDAQ,NA,NA,KOPN
KOS,Kosmos Energy Ltd. Common Shares (DE),NYSE,KOS,KOS,KOS
KOSS,Koss Corporation - Common Stock,NASDAQ,NA,NA,KOSS
KOYN,CSLM Digital Asset Acquisition Corp III - Class A Ordinary Shares,NASDAQ,NA,NA,KOYN
KOYNU,CSLM Digital Asset Acquisition Corp III - Units,NASDAQ,NA,NA,KOYNU
KOYNW,CSLM Digital Asset Acquisition Corp III - Warrants,NASDAQ,NA,NA,KOYNW
KPET,KPET Ultra Paceline Corporation Class A Ordinary Shares,NYSE,KPET,KPET,KPET
KPET-UN,"KPET Ultra Paceline Corporation Units, each consisting of one Class A Ordinary Share and one-sixth of one Warrant",NYSE,KPET.U,KPET.U,KPET=
KPET-WT,"KPET Ultra Paceline Corporation Warrants, each whole warrant exercisable for one Class A ordinary share at an exercise price of $11.50 per share",NYSE,KPET.W,KPET.WS,KPET+
KPLT,"Katapult Holdings, Inc. - Common Stock",NASDAQ,NA,NA,KPLT
KPRX,"Kiora Pharmaceuticals, Inc.  - Common Stock",NASDAQ,NA,NA,KPRX
KPTI,Karyopharm Therapeutics Inc. - Common Stock,NASDAQ,NA,NA,KPTI
KR,Kroger Company (The) Common Stock,NYSE,KR,KR,KR
KRAQ,KRAKacquisition Corp - Class A Ordinary Shares,NASDAQ,NA,NA,KRAQ
KRAQU,KRAKacquisition Corp - Unit,NASDAQ,NA,NA,KRAQU
KRAQW,KRAKacquisition Corp - Warrants,NASDAQ,NA,NA,KRAQW
KRC,Kilroy Realty Corporation Common Stock,NYSE,KRC,KRC,KRC
KREF,KKR Real Estate Finance Trust Inc. Common Stock,NYSE,KREF,KREF,KREF
KREF-PA,KKR Real Estate Finance Trust Inc. 6.50% Series A Cumulative Redeemable Preferred Stock,NYSE,KREF$A,KREFpA,KREF-A
KRG,Kite Realty Group Trust Common Stock,NYSE,KRG,KRG,KRG
KRKR,36Kr Holdings Inc. - American Depositary Shares,NASDAQ,NA,NA,KRKR
KRMD,"KORU Medical Systems, Inc. - Common Stock",NASDAQ,NA,NA,KRMD
KRMN,Karman Holdings Inc. Common Stock,NYSE,KRMN,KRMN,KRMN
KRNT,Kornit Digital Ltd. - Ordinary Shares,NASDAQ,NA,NA,KRNT
KRNY,Kearny Financial - Common Stock,NASDAQ,NA,NA,KRNY
KRO,Kronos Worldwide Inc Common Stock,NYSE,KRO,KRO,KRO
KROS,"Keros Therapeutics, Inc. - common stock",NASDAQ,NA,NA,KROS
KRP,Kimbell Royalty Partners Common Units Representing Limited Partner Interests,NYSE,KRP,KRP,KRP
KRRO,"Korro Bio, Inc. - Common Stock",NASDAQ,NA,NA,KRRO
KRSP,Rice Acquisition Corporation 3 Class A Ordinary Shares,NYSE,KRSP,KRSP,KRSP
KRSP-UN,"Rice Acquisition Corporation 3 Units, each consisting of one Class A ordinary share, and one-sixth of one redeemable warrant",NYSE,KRSP.U,KRSP.U,KRSP=
KRSP-WT,"Rice Acquisition Corporation 3 Redeemable warrants, each whole warrant exercisable for one Class A ordinary share at an exercise price of $11.50",NYSE,KRSP.W,KRSP.WS,KRSP+
KRT,Karat Packaging Inc. - Common Stock,NASDAQ,NA,NA,KRT
KRUS,"Kura Sushi USA, Inc. - Class A Common Stock",NASDAQ,NA,NA,KRUS
KRYS,"Krystal Biotech, Inc. - Common Stock",NASDAQ,NA,NA,KRYS
KSCP,"Knightscope, Inc. - Class A Common Stock",NASDAQ,NA,NA,KSCP
KSPI,Joint Stock Company Kaspi.kz - American Depository Shares,NASDAQ,NA,NA,KSPI
KSS,Kohl's Corporation Common Stock,NYSE,KSS,KSS,KSS
KT,KT Corporation Common Stock,NYSE,KT,KT,KT
KTB,"Kontoor Brands, Inc. Common Stock ",NYSE,KTB,KTB,KTB
KTCC,Key Tronic Corporation - Common Stock,NASDAQ,NA,NA,KTCC
KTF,DWS Municipal Income Trust,NYSE,KTF,KTF,KTF
KTH,Structures Products Cp 8% CorTS Issued by Peco Energy Cap Tr II Preferred Stock,NYSE,KTH,KTH,KTH
KTN,Structured Products Corp 8.205% CorTS 8.205% Corporate Backed Trust Securities (CorTS),NYSE,KTN,KTN,KTN
KTOS,"Kratos Defense & Security Solutions, Inc. - Common Stock",NASDAQ,NA,NA,KTOS
KTTA,Pasithea Therapeutics Corp. - Common Stock,NASDAQ,NA,NA,KTTA
KTTAW,Pasithea Therapeutics Corp. - Warrant,NASDAQ,NA,NA,KTTAW
KTWO,K2 Capital Acquisition Corporation - Class A Ordinary Share,NASDAQ,NA,NA,KTWO
KTWOR,K2 Capital Acquisition Corporation - Rights,NASDAQ,NA,NA,KTWOR
KTWOU,K2 Capital Acquisition Corporation - Units,NASDAQ,NA,NA,KTWOU
KULR,"KULR Technology Group, Inc. Common Stock",AMEX,KULR,KULR,KULR
KURA,"Kura Oncology, Inc. - Common Stock",NASDAQ,NA,NA,KURA
KUST,"Kustom Entertainment, Inc. - Common Stock",NASDAQ,NA,NA,KUST
KVHI,"KVH Industries, Inc. - Common Stock",NASDAQ,NA,NA,KVHI
KVUE,Kenvue Inc. Common Stock,NYSE,KVUE,KVUE,KVUE
KVYO,"Klaviyo, Inc. Series A Common Stock",NYSE,KVYO,KVYO,KVYO
KWM,"K Wave Media, Ltd. - Ordinary Shares",NASDAQ,NA,NA,KWM
KWMWW,"K Wave Media, Ltd. - Warrant",NASDAQ,NA,NA,KWMWW
KWR,Quaker Houghton Common Stock,NYSE,KWR,KWR,KWR
KWY,Kingsway Corporation Common Stock,NYSE,KWY,KWY,KWY
KXIN,Kaixin Holdings - Ordinary Shares,NASDAQ,NA,NA,KXIN
KYIV,Kyivstar Group Ltd. - Common Shares,NASDAQ,NA,NA,KYIV
KYIVW,Kyivstar Group Ltd. - Warrant,NASDAQ,NA,NA,KYIVW
KYMR,"Kymera Therapeutics, Inc. - Common Stock",NASDAQ,NA,NA,KYMR
KYN,"Kayne Anderson Energy Infrastructure Fund, Inc.",NYSE,KYN,KYN,KYN
KYNB,"Kyntra Bio, Inc. - Common Stock",NASDAQ,NA,NA,KYNB
KYTX,"Kyverna Therapeutics, Inc. - Common Stock",NASDAQ,NA,NA,KYTX
KZIA,Kazia Therapeutics Limited - American Depositary Shares,NASDAQ,NA,NA,KZIA
L,Loews Corporation Common Stock,NYSE,L,L,L
LAB,Standard BioTools Inc. - Common Stock,NASDAQ,NA,NA,LAB
LABT,Lakewood-Amedex Biotherapeutics Inc. - Common Stock,NASDAQ,NA,NA,LABT
LAC,Lithium Americas Corp. Common Shares,NYSE,LAC,LAC,LAC
LAD,"Lithia Motors, Inc. Common Stock",NYSE,LAD,LAD,LAD
LADR,Ladder Capital Corp Class A Common Stock,NYSE,LADR,LADR,LADR
LAES,SEALSQ Corp - Ordinary Shares,NASDAQ,NA,NA,LAES
LAFA,LaFayette Acquisition Corp. - Ordinary Share,NASDAQ,NA,NA,LAFA
LAFAR,LaFayette Acquisition Corp. - Rights,NASDAQ,NA,NA,LAFAR
LAFAU,LaFayette Acquisition Corp. - Unit,NASDAQ,NA,NA,LAFAU
LAKE,"Lakeland Industries, Inc. - Common Stock",NASDAQ,NA,NA,LAKE
LAMR,Lamar Advertising Company - Class A Common Stock,NASDAQ,NA,NA,LAMR
LAND,Gladstone Land Corporation - Common Stock,NASDAQ,NA,NA,LAND
LANDO,Gladstone Land Corporation - 6.00% Series B Cumulative Redeemable Preferred Stock,NASDAQ,NA,NA,LANDO
LANDP,Gladstone Land Corporation - 6.00% Series C Cumulative Redeemable Preferred Stock,NASDAQ,NA,NA,LANDP
LANV,Lanvin Group Holdings Limited Ordinary Shares,NYSE,LANV,LANV,LANV
LAR,Lithium Argentina AG Common Shares,NYSE,LAR,LAR,LAR
LARK,Landmark Bancorp Inc. - Common Stock,NASDAQ,NA,NA,LARK
LASE,Laser Photonics Corporation - Common Stock,NASDAQ,NA,NA,LASE
LASR,"nLIGHT, Inc. - Common Stock",NASDAQ,NA,NA,LASR
LATA,Galata Acquisition Corp. II - Class A Ordinary Shares,NASDAQ,NA,NA,LATA
LATAU,Galata Acquisition Corp. II - Units,NASDAQ,NA,NA,LATAU
LATAW,Galata Acquisition Corp. II - Warrant,NASDAQ,NA,NA,LATAW
LAUR,"Laureate Education, Inc. - Common Stock",NASDAQ,NA,NA,LAUR
LAW,"CS Disco, Inc. Common Stock",NYSE,LAW,LAW,LAW
LAWR,"Robot Consulting Co., Ltd. - ADS",NASDAQ,NA,NA,LAWR
LAZ,"Lazard, Inc. Common Stock",NYSE,LAZ,LAZ,LAZ
LB,LandBridge Company LLC Class A Shares Representing Limited Liability Company Interests,NYSE,LB,LB,LB
LBGJ,Li Bang International Corporation Inc. - Class A Ordinary Shares,NASDAQ,NA,NA,LBGJ
LBRDA,Liberty Broadband Corporation - Class A Common Stock,NASDAQ,NA,NA,LBRDA
LBRDK,Liberty Broadband Corporation - Class C Common Stock,NASDAQ,NA,NA,LBRDK
LBRDP,Liberty Broadband Corporation - Series A Cumulative Redeemable Preferred Stock,NASDAQ,NA,NA,LBRDP
LBRT,Liberty Energy Inc. Class A common stock,NYSE,LBRT,LBRT,LBRT
LBRX,LB Pharmaceuticals Inc - Common Stock,NASDAQ,NA,NA,LBRX
LBTYA,Liberty Global Ltd. - Class A Common Shares,NASDAQ,NA,NA,LBTYA
LBTYB,Liberty Global Ltd. - Class B Common Shares,NASDAQ,NA,NA,LBTYB
LBTYK,Liberty Global Ltd. - Class C Common Shares,NASDAQ,NA,NA,LBTYK
LCCC,Lakeshore Acquisition III Corp. - Ordinary Shares,NASDAQ,NA,NA,LCCC
LCCCR,Lakeshore Acquisition III Corp. - Rights,NASDAQ,NA,NA,LCCCR
LCCCU,Lakeshore Acquisition III Corp. - Unit,NASDAQ,NA,NA,LCCCU
LCFY,Locafy Limited - Ordinary Share,NASDAQ,NA,NA,LCFY
LCFYW,Locafy Limited - Warrant,NASDAQ,NA,NA,LCFYW
LCID,"Lucid Group, Inc. - Common Stock",NASDAQ,NA,NA,LCID
LCII,LCI Industries,NYSE,LCII,LCII,LCII
LCLN,"Lincoln International, Inc. Class A Common Stock",NYSE,LCLN,LCLN,LCLN
LCNB,LCNB Corporation - Common Stock,NASDAQ,NA,NA,LCNB
LCTX,"Lineage Cell Therapeutics, Inc. Common Stock",AMEX,LCTX,LCTX,LCTX
LCUT,"Lifetime Brands, Inc. - Common Stock",NASDAQ,NA,NA,LCUT
LDI,"loanDepot, Inc. Class A Common Stock",NYSE,LDI,LDI,LDI
LDOS,"Leidos Holdings, Inc. Common Stock",NYSE,LDOS,LDOS,LDOS
LDP,"Cohen & Steers Limited Duration Preferred and Income Fund, Inc.",NYSE,LDP,LDP,LDP
LE,"Lands' End, Inc. - Common Stock",NASDAQ,NA,NA,LE
LEA,Lear Corporation Common Stock,NYSE,LEA,LEA,LEA
LECO,"Lincoln Electric Holdings, Inc. - Common Shares",NASDAQ,NA,NA,LECO
LEDS,SemiLEDS Corporation - Common Stock,NASDAQ,NA,NA,LEDS
LEE,"Lee Enterprises, Incorporated - Common Stock",NASDAQ,NA,NA,LEE
LEG,"Leggett & Platt, Incorporated Common Stock",NYSE,LEG,LEG,LEG
LEGH,Legacy Housing Corporation - Common Stock,NASDAQ,NA,NA,LEGH
LEGN,Legend Biotech Corporation - American Depositary Shares,NASDAQ,NA,NA,LEGN
LEGO,Legato Merger Corp. IV Ordinary Shares,AMEX,LEGO,LEGO,LEGO
LEGO-UN,"Legato Merger Corp. IV Units, each consisting of one ordinary share and one-third of one redeemable warrant",AMEX,LEGO.U,LEGO.U,LEGO=
LEGO-WT,"Legato Merger Corp. IV Redeemable Warrants, each whole warrant exercisable to purchase one ordinary share at an exercise price of $11.50 per share",AMEX,LEGO.W,LEGO.WS,LEGO+
LEN,Lennar Corporation Class A Common Stock,NYSE,LEN,LEN,LEN
LEN-B,Lennar Corporation Class B,NYSE,LEN.B,LEN.B,LEN.B
LENZ,"LENZ Therapeutics, Inc. - Common Stock",NASDAQ,NA,NA,LENZ
LEO,"BNY Mellon Strategic Municipals, Inc. Common Stock",NYSE,LEO,LEO,LEO
LESL,"Leslie's, Inc. - Common Stock",NASDAQ,NA,NA,LESL
LEU,Centrus Energy Corp. Class A Common Stock,NYSE,LEU,LEU,LEU
LEVI,Levi Strauss & Co Class A Common Stock,NYSE,LEVI,LEVI,LEVI
LEXX,Lexaria Bioscience Corp. - Common Stock,NASDAQ,NA,NA,LEXX
LFAC,Leapfrog Acquisition Corporation - Class A Ordinary Shares,NASDAQ,NA,NA,LFAC
LFACU,Leapfrog Acquisition Corporation - Units,NASDAQ,NA,NA,LFACU
LFACW,Leapfrog Acquisition Corporation - Warrants,NASDAQ,NA,NA,LFACW
LFCR,"Lifecore Biomedical, Inc. - Common Stock",NASDAQ,NA,NA,LFCR
LFMD,"LifeMD, Inc. - Common Stock",NASDAQ,NA,NA,LFMD
LFMDP,"LifeMD, Inc. - 8.875% Series A Cumulative Perpetual Preferred Stock",NASDAQ,NA,NA,LFMDP
LFS,"LEIFRAS Co., Ltd. - American Depositary Shares",NASDAQ,NA,NA,LFS
LFST,"LifeStance Health Group, Inc. - Common Stock",NASDAQ,NA,NA,LFST
LFT,"Lument Finance Trust, Inc. Common Stock",NYSE,LFT,LFT,LFT
LFT-PA,"Lument Finance Trust, Inc. 7.875% Series A Cumulative Redeemable Preferred Stock",NYSE,LFT$A,LFTpA,LFT-A
LFTO,"Liftoff Mobile, Inc. - Common Stock",NASDAQ,NA,NA,LFTO
LFUS,"Littelfuse, Inc. - Common Stock",NASDAQ,NA,NA,LFUS
LFVN,Lifevantage Corporation - Common Stock,NASDAQ,NA,NA,LFVN
LFWD,Lifeward Ltd. - Ordinary Shares,NASDAQ,NA,NA,LFWD
LGCL,Lucas GC Limited - Class A Ordinary Shares,NASDAQ,NA,NA,LGCL
LGCY,Legacy Education Inc. Common Stock,AMEX,LGCY,LGCY,LGCY
LGHL,Lion Group Holding Ltd. - American Depositary Share,NASDAQ,NA,NA,LGHL
LGI,Lazard Global Total Return and Income Fund Common Stock,NYSE,LGI,LGI,LGI
LGIH,"LGI Homes, Inc. - Common Stock",NASDAQ,NA,NA,LGIH
LGL,"LGL Group, Inc. (The) Common Stock",AMEX,LGL,LGL,LGL
LGN,Legence Corp. - Class A Common stock,NASDAQ,NA,NA,LGN
LGND,Ligand Pharmaceuticals Incorporated - Common Stock,NASDAQ,NA,NA,LGND
LGO,Largo Inc. - Common Shares,NASDAQ,NA,NA,LGO
LGPS,LogProstyle Inc. Common Shares,AMEX,LGPS,LGPS,LGPS
LGVN,Longeveron Inc. - Class A Common stock,NASDAQ,NA,NA,LGVN
LH,Labcorp Holdings Inc. Common Stock,NYSE,LH,LH,LH
LHAI,Linkhome Holdings Inc. - Common stock,NASDAQ,NA,NA,LHAI
LHSW,Lianhe Sowell International Group Ltd - Class A Ordinary Shares,NASDAQ,NA,NA,LHSW
LHX,"L3Harris Technologies, Inc. Common Stock",NYSE,LHX,LHX,LHX
LI,Li Auto Inc. - American Depositary Shares,NASDAQ,NA,NA,LI
LICN,Lichen International Limited - Class A Ordinary Shares,NASDAQ,NA,NA,LICN
LIDR,"AEye, Inc. - Class A Common Stock",NASDAQ,NA,NA,LIDR
LIEN,"Chicago Atlantic BDC, Inc. - Common Stock",NASDAQ,NA,NA,LIEN
LIF,"Life360, Inc. - Common Stock",NASDAQ,NA,NA,LIF
LIFE,Ethos Technologies Inc. - Class A Common Stock,NASDAQ,NA,NA,LIFE
LII,"Lennox International, Inc. Common Stock",NYSE,LII,LII,LII
LILA,Liberty Latin America Ltd. - Class A Common Stock,NASDAQ,NA,NA,LILA
LILAK,Liberty Latin America Ltd. - Class C Common Stock,NASDAQ,NA,NA,LILAK
LILAP,Liberty Latin America Ltd. - 9.0% Fixed Rate Cumulative Perpetual Redeemable Series A Preference Shares,NASDAQ,NA,NA,LILAP
LIME,"Neutron Holdings, Inc. - Common Stock",NASDAQ,NA,NA,LIME
LIMN,"Liminatus Pharma, Inc. - Class A Common Stock",NASDAQ,NA,NA,LIMN
LIMNW,"Liminatus Pharma, Inc. - Warrants",NASDAQ,NA,NA,LIMNW
LIN,Linde plc - Ordinary Shares,NASDAQ,NA,NA,LIN
LINC,Lincoln Educational Services Corporation - Common Stock,NASDAQ,NA,NA,LINC
LIND,Lindblad Expeditions Holdings Inc.  - Common Stock,NASDAQ,NA,NA,LIND
LINE,"Lineage, Inc. - Common Stock",NASDAQ,NA,NA,LINE
LINK,"Interlink Electronics, Inc. - Common Stock",NASDAQ,NA,NA,LINK
LION,Lionsgate Studios Corp Common Shares,NYSE,LION,LION,LION
LIQT,"LiqTech International, Inc. - Common Stock",NASDAQ,NA,NA,LIQT
LITB,"LightInTheBox Holding Co., Ltd. American Depositary Shares, each representing twelve ordinary shares",NYSE,LITB,LITB,LITB
LITE,Lumentum Holdings Inc. - Common Stock,NASDAQ,NA,NA,LITE
LITS,"Lite Strategy, Inc. - Common Stock",NASDAQ,NA,NA,LITS
LIVE,Live Ventures Incorporated - Common Stock,NASDAQ,NA,NA,LIVE
LIVN,LivaNova PLC - Ordinary Shares,NASDAQ,NA,NA,LIVN
LKFN,Lakeland Financial Corporation - Common Stock,NASDAQ,NA,NA,LKFN
LKFT,Lakefront Biotherapeutics - American Depositary Shares,NASDAQ,NA,NA,LKFT
LKQ,LKQ Corporation - Common Stock,NASDAQ,NA,NA,LKQ
LKSP,Lake Superior Acquisition Corp. - Class A Ordinary Shares,NASDAQ,NA,NA,LKSP
LKSPR,Lake Superior Acquisition Corp. - Rights,NASDAQ,NA,NA,LKSPR
LKSPU,Lake Superior Acquisition Corp. - Units,NASDAQ,NA,NA,LKSPU
LLY,Eli Lilly and Company Common Stock,NYSE,LLY,LLY,LLY
LLYVA,"Liberty Live Holdings, Inc. - Series A Liberty Live Group Common Stock",NASDAQ,NA,NA,LLYVA
LLYVK,"Liberty Live Holdings, Inc. - Series C Liberty Live Group Common Stock",NASDAQ,NA,NA,LLYVK
LMAT,"LeMaitre Vascular, Inc. - Common Stock",NASDAQ,NA,NA,LMAT
LMB,"Limbach Holdings, Inc. - Common Stock",NASDAQ,NA,NA,LMB
LMND,"Lemonade, Inc. Common Stock",NYSE,LMND,LMND,LMND
LMNR,Limoneira Co - Common Stock,NASDAQ,NA,NA,LMNR
LMRI,"Lumexa Imaging Holdings, Inc. - Common Stock",NASDAQ,NA,NA,LMRI
LMT,Lockheed Martin Corporation Common Stock,NYSE,LMT,LMT,LMT
LNAI,Lunai Bioworks Inc. - Common Stock,NASDAQ,NA,NA,LNAI
LNC,Lincoln National Corporation Common Stock,NYSE,LNC,LNC,LNC
LNC-PD,"Lincoln National Corporation Depositary Shares Each Representing a 1/1,000th Interest in a Share of 9.000% Non-Cumulative Preferred Stock, Series D",NYSE,LNC$D,LNCpD,LNC-D
LND,Brasilagro Brazilian Agric Real Estate Co Sponsored ADR (Brazil),NYSE,LND,LND,LND
LNG,"Cheniere Energy, Inc. Common Stock",NYSE,LNG,LNG,LNG
LNKS,Linkers Industries Limited - Class A Ordinary Shares,NASDAQ,NA,NA,LNKS
LNN,Lindsay Corporation Common Stock,NYSE,LNN,LNN,LNN
LNSR,"LENSAR, Inc. - Common Stock",NASDAQ,NA,NA,LNSR
LNT,Alliant Energy Corporation - Common Stock,NASDAQ,NA,NA,LNT
LNTH,"Lantheus Holdings, Inc. - Common Stock",NASDAQ,NA,NA,LNTH
LNZA,"LanzaTech Global, Inc. - Common Stock",NASDAQ,NA,NA,LNZA
LNZAW,"LanzaTech Global, Inc. - Warrant",NASDAQ,NA,NA,LNZAW
LOAN,"Manhattan Bridge Capital, Inc - Common Stock",NASDAQ,NA,NA,LOAN
LOAR,Loar Holdings Inc. Common Stock,NYSE,LOAR,LOAR,LOAR
LOB,"Live Oak Bancshares, Inc. Common Stock",NYSE,LOB,LOB,LOB
LOB-PA,"Live Oak Bancshares, Inc. Depositary Shares, Each Representing a 1/40th Interest in a Share of 8.375% Fixed Rate Series A Non-Cumulative Perpetual Preferred Stock",NYSE,LOB$A,LOBpA,LOB-A
LOBO,LOBO TECHNOLOGIES LTD. - Class A Ordinary Shares,NASDAQ,NA,NA,LOBO
LOCL,Local Bounti Corporation Common Stock,NYSE,LOCL,LOCL,LOCL
LOCO,"El Pollo Loco Holdings, Inc. - Common Stock",NASDAQ,NA,NA,LOCO
LODE,Comstock Inc. Common Stock,AMEX,LODE,LODE,LODE
LOGI,Logitech International S.A. - Registered Shares,NASDAQ,NA,NA,LOGI
LOMA,Loma Negra Compania Industrial Argentina Sociedad Anonima ADS,NYSE,LOMA,LOMA,LOMA
LONA,"LeonaBio, Inc. - Common Stock",NASDAQ,NA,NA,LONA
LOOP,"Loop Industries, Inc. - Common Stock",NASDAQ,NA,NA,LOOP
LOPE,"Grand Canyon Education, Inc. - Common Stock",NASDAQ,NA,NA,LOPE
LOT,Lotus Technology Inc. - American Depositary Shares,NASDAQ,NA,NA,LOT
LOTWW,Lotus Technology Inc. - Warrants,NASDAQ,NA,NA,LOTWW
LOVE,The Lovesac Company - Common Stock,NASDAQ,NA,NA,LOVE
LOW,"Lowe's Companies, Inc. Common Stock",NYSE,LOW,LOW,LOW
LPA,Logistic Properties of the Americas Ordinary Shares,AMEX,LPA,LPA,LPA
LPAA,Launch One Acquisition Corp. - Class A Ordinary Shares,NASDAQ,NA,NA,LPAA
LPAAU,Launch One Acquisition Corp. - Unit,NASDAQ,NA,NA,LPAAU
LPAAW,Launch One Acquisition Corp. - Warrant,NASDAQ,NA,NA,LPAAW
LPBB,Launch Two Acquisition Corp. - Class A Ordinary Shares,NASDAQ,NA,NA,LPBB
LPBBU,Launch Two Acquisition Corp. - Unit,NASDAQ,NA,NA,LPBBU
LPBBW,Launch Two Acquisition Corp. - Warrant,NASDAQ,NA,NA,LPBBW
LPCN,Lipocine Inc. - Common Stock,NASDAQ,NA,NA,LPCN
LPCV,Launchpad Cadenza Acquisition Corp I - Class A Ordinary Share,NASDAQ,NA,NA,LPCV
LPCVU,Launchpad Cadenza Acquisition Corp I - Unit,NASDAQ,NA,NA,LPCVU
LPCVW,Launchpad Cadenza Acquisition Corp I - Warrant,NASDAQ,NA,NA,LPCVW
LPG,Dorian LPG Ltd. Common Stock,NYSE,LPG,LPG,LPG
LPL,"LG Display Co, Ltd AMERICAN DEPOSITORY SHARES",NYSE,LPL,LPL,LPL
LPLA,LPL Financial Holdings Inc. - Common Stock,NASDAQ,NA,NA,LPLA
LPSN,"LivePerson, Inc. - Common Stock",NASDAQ,NA,NA,LPSN
LPTH,"LightPath Technologies, Inc. - Class A Common Stock",NASDAQ,NA,NA,LPTH
LPX,Louisiana-Pacific Corporation Common Stock,NYSE,LPX,LPX,LPX
LQDA,Liquidia Corporation - Common Stock,NASDAQ,NA,NA,LQDA
LQDT,"Liquidity Services, Inc. - Common Stock",NASDAQ,NA,NA,LQDT
LRCX,Lam Research Corporation - Common Stock,NASDAQ,NA,NA,LRCX
LRE,"Lead Real Estate Co., Ltd - American Depositary Shares",NASDAQ,NA,NA,LRE
LRHC,La Rosa Holdings Corp. - Common Stock,NASDAQ,NA,NA,LRHC
LRMR,"Larimar Therapeutics, Inc. - Common Stock",NASDAQ,NA,NA,LRMR
LRN,"Stride, Inc. Common Stock",NYSE,LRN,LRN,LRN
LSAK,"Lesaka Technologies, Inc. - Common Stock",NASDAQ,NA,NA,LSAK
LSBK,"Lake Shore Bancorp, Inc. - Common Stock",NASDAQ,NA,NA,LSBK
LSCC,Lattice Semiconductor Corporation - Common Stock,NASDAQ,NA,NA,LSCC
LSE,"Leishen Energy Holding Co., Ltd. - Class A Ordinary Shares",NASDAQ,NA,NA,LSE
LSF,"Laird Superfood, Inc. Common Stock",AMEX,LSF,LSF,LSF
LSPD,Lightspeed Commerce Inc. Subordinate Voting Shares,NYSE,LSPD,LSPD,LSPD
LSTA,"Lisata Therapeutics, Inc. - Common Stock",NASDAQ,NA,NA,LSTA
LSTR,"Landstar System, Inc. - Common Stock",NASDAQ,NA,NA,LSTR
LTBR,Lightbridge Corporation - Common Stock,NASDAQ,NA,NA,LTBR
LTC,"LTC Properties, Inc. Common Stock",NYSE,LTC,LTC,LTC
LTGO,"Latigo Biotherapeutics, Inc. - Common Stock",NASDAQ,NA,NA,LTGO
LTGR,Long Table Growth Corp. - Class A Ordinary Shares,NASDAQ,NA,NA,LTGR
LTGRU,Long Table Growth Corp. - Units,NASDAQ,NA,NA,LTGRU
LTGRW,Long Table Growth Corp. - Warrants,NASDAQ,NA,NA,LTGRW
LTH,"Life Time Group Holdings, Inc. Common Stock",NYSE,LTH,LTH,LTH
LTM,"LATAM Airlines Group S.A. American Depositary Shares (each representing two thousand (2,000) shares of Common Stock)",NYSE,LTM,LTM,LTM
LTRN,Lantern Pharma Inc. - Common Stock,NASDAQ,NA,NA,LTRN
LTRX,"Lantronix, Inc. - Common Stock",NASDAQ,NA,NA,LTRX
LTRYW,Sports Entertainment Gaming Global Corporation  - Warrant,NASDAQ,NA,NA,LTRYW
LU,"Lufax Holding Ltd American Depositary Shares, each representing two (2) Ordinary Shares",NYSE,LU,LU,LU
LUCD,Lucid Diagnostics Inc. - Common Stock,NASDAQ,NA,NA,LUCD
LUCK,Lucky Strike Entertainment Corporation Class A Common Stock,NYSE,LUCK,LUCK,LUCK
LUCY,"Innovative Eyewear, Inc. - Common Stock",NASDAQ,NA,NA,LUCY
LUCYW,"Innovative Eyewear, Inc. - Warrants",NASDAQ,NA,NA,LUCYW
LUD,Luda Technology Group Limited Ordinary Shares,AMEX,LUD,LUD,LUD
LULU,lululemon athletica inc. - Common Stock,NASDAQ,NA,NA,LULU
LUMN,"Lumen Technologies, Inc. Common Stock",NYSE,LUMN,LUMN,LUMN
LUNG,Pulmonx Corporation - Common Stock,NASDAQ,NA,NA,LUNG
LUNR,"Intuitive Machines, Inc. - Class A Common Stock",NASDAQ,NA,NA,LUNR
LUV,Southwest Airlines Company Common Stock,NYSE,LUV,LUV,LUV
LUXE,"LuxExperience B.V. American Depositary Shares, each representing one Ordinary Share",NYSE,LUXE,LUXE,LUXE
LVLU,"Lulu's Fashion Lounge Holdings, Inc. - Common Stock",NASDAQ,NA,NA,LVLU
LVO,"LiveOne, Inc. - Common Stock",NASDAQ,NA,NA,LVO
LVS,Las Vegas Sands Corp. Common Stock,NYSE,LVS,LVS,LVS
LVWR,"LiveWire Group, Inc. Common Stock",NYSE,LVWR,LVWR,LVWR
LVWR-WT,"LiveWire Group, Inc. Warrants, each exercisable for one share of Common Stock at an exercise price of $11.50 per share",NYSE,LVWR.W,LVWR.WS,LVWR+
LW,"Lamb Weston Holdings, Inc. Common Stock ",NYSE,LW,LW,LW
LWAC,LightWave Acquisition Corp. - Class A Ordinary Shares,NASDAQ,NA,NA,LWAC
LWACU,LightWave Acquisition Corp. - Units,NASDAQ,NA,NA,LWACU
LWACW,LightWave Acquisition Corp. - Warrants,NASDAQ,NA,NA,LWACW
LWAY,"Lifeway Foods, Inc. - Common Stock",NASDAQ,NA,NA,LWAY
LWLG,"Lightwave Logic, Inc. - Common Stock",NASDAQ,NA,NA,LWLG
LX,LexinFintech Holdings Ltd. - American Depositary Shares,NASDAQ,NA,NA,LX
LXEH,"Lixiang Education Holding Co., Ltd. - American Depositary Shares",NASDAQ,NA,NA,LXEH
LXEO,"Lexeo Therapeutics, Inc. - Common Stock",NASDAQ,NA,NA,LXEO
LXFR,Luxfer Holdings PLC Ordinary Shares,NYSE,LXFR,LXFR,LXFR
LXP,LXP Industrial Trust Common Stock (Maryland REIT),NYSE,LXP,LXP,LXP
LXP-PC,LXP Industrial Trust 6.5% Series C Cumulative Convertible Preferred Stock,NYSE,LXP$C,LXPpC,LXP-C
LXRX,"Lexicon Pharmaceuticals, Inc. - Common Stock",NASDAQ,NA,NA,LXRX
LXU,"LSB Industries, Inc. Common Stock",NYSE,LXU,LXU,LXU
LYB,LyondellBasell Industries NV Ordinary Shares Class A (Netherlands),NYSE,LYB,LYB,LYB
LYEL,"Lyell Immunopharma, Inc. - Common Stock",NASDAQ,NA,NA,LYEL
LYFT,"Lyft, Inc. - Class A Common Stock",NASDAQ,NA,NA,LYFT
LYG,Lloyds Banking Group Plc American Depositary Shares,NYSE,LYG,LYG,LYG
LYTS,LSI Industries Inc. - Common Stock,NASDAQ,NA,NA,LYTS
LYV,"Live Nation Entertainment, Inc. Common Stock",NYSE,LYV,LYV,LYV
LZ,"LegalZoom.com, Inc. - Common Stock",NASDAQ,NA,NA,LZ
LZB,La-Z-Boy Incorporated Common Stock,NYSE,LZB,LZB,LZB
LZM,Lifezone Metals Limited Ordinary Shares,NYSE,LZM,LZM,LZM
LZM-WT,Lifezone Metals Limited Warrants,NYSE,LZM.W,LZM.WS,LZM+
LZMH,LZ Technology Holdings Limited - Class B Ordinary Shares,NASDAQ,NA,NA,LZMH
M,Macy's Inc Common Stock,NYSE,M,M,M
MA,Mastercard Incorporated Common Stock,NYSE,MA,MA,MA
MAA,"Mid-America Apartment Communities, Inc. Common Stock",NYSE,MAA,MAA,MAA
MAA-PI,"Mid-America Apartment Communities, Inc. 8.50% Series I Cumulative Redeemable Preferred Stock",NYSE,MAA$I,MAApI,MAA-I
MAAS,Maase Inc. - Class A Ordinary Shares,NASDAQ,NA,NA,MAAS
MAC,Macerich Company (The) Common Stock,NYSE,MAC,MAC,MAC
MACI,Melar Acquisition Corp. I - Class A Ordinary Shares,NASDAQ,NA,NA,MACI
MACIU,Melar Acquisition Corp. I - Unit,NASDAQ,NA,NA,MACIU
MACIW,Melar Acquisition Corp. I - Warrant,NASDAQ,NA,NA,MACIW
MAGH,Magnitude International Ltd - Ordinary Shares,NASDAQ,NA,NA,MAGH
MAGN,Magnera Corporation Common Stock,NYSE,MAGN,MAGN,MAGN
MAIA,"MAIA Biotechnology, Inc. Common Stock",AMEX,MAIA,MAIA,MAIA
MAIN,Main Street Capital Corporation Common Stock,NYSE,MAIN,MAIN,MAIN
MAIR,Madison Air Solutions Corporation Class A Common Stock,NYSE,MAIR,MAIR,MAIR
MAKO,Mako Mining Corp - Common Stock,NASDAQ,NA,NA,MAKO
MAMA,"Mama's Creations, Inc. - Common Stock",NASDAQ,NA,NA,MAMA
MAMK,MaxsMaking Inc. - Class A Ordinary Shares,NASDAQ,NA,NA,MAMK
MAMO,Massimo Group - Common Stock,NASDAQ,NA,NA,MAMO
MAN,ManpowerGroup Common Stock,NYSE,MAN,MAN,MAN
MANE,"Veradermics, Incorporated Common Stock",NYSE,MANE,MANE,MANE
MANH,"Manhattan Associates, Inc. - Common Stock",NASDAQ,NA,NA,MANH
MANU,Manchester United Ltd. Class A Ordinary Shares,NYSE,MANU,MANU,MANU
MAR,Marriott International - Class A Common Stock,NASDAQ,NA,NA,MAR
MARA,"MARA Holdings, Inc. - Common Stock",NASDAQ,NA,NA,MARA
MARPS,Marine Petroleum Trust - Units of Beneficial Interest,NASDAQ,NA,NA,MARPS
MAS,Masco Corporation Common Stock,NYSE,MAS,MAS,MAS
MASK,3 E Network Technology Group Ltd - Class A Ordinary Shares,NASDAQ,NA,NA,MASK
MASS,908 Devices Inc. - Common Stock,NASDAQ,NA,NA,MASS
MAT,"Mattel, Inc. - Common Stock",NASDAQ,NA,NA,MAT
MATH,Metalpha Technology Holding Limited - Ordinary Shares,NASDAQ,NA,NA,MATH
MATV,"Mativ Holdings, Inc. Common Stock",NYSE,MATV,MATV,MATV
MATW,Matthews International Corporation - Class A Common Stock,NASDAQ,NA,NA,MATW
MATX,"Matson, Inc. Common Stock",NYSE,MATX,MATX,MATX
MAX,"MediaAlpha, Inc. Class A Common Stock",NYSE,MAX,MAX,MAX
MAYS,"J. W. Mays, Inc. - Common Stock",NASDAQ,NA,NA,MAYS
MAZE,"Maze Therapeutics, Inc. - Common Stock",NASDAQ,NA,NA,MAZE
MB,MasterBeef Group - Ordinary Shares,NASDAQ,NA,NA,MB
MBAI,Check-Cap Ltd. - Ordinary Share,NASDAQ,NA,NA,MBAI
MBBC,"Marathon Bancorp, Inc. - Common Stock",NASDAQ,NA,NA,MBBC
MBC,"MasterBrand, Inc. Common Stock",NYSE,MBC,MBC,MBC
MBGL,Mobility Global Inc. Common Stock,NYSE,MBGL,MBGL,MBGL
MBI,MBIA Inc. Common Stock,NYSE,MBI,MBI,MBI
MBIN,Merchants Bancorp - Common Stock,NASDAQ,NA,NA,MBIN
MBINL,"Merchants Bancorp - Depositary Shares, Each Representing a 1/40th Interest in a Share of 7.625% Fixed Rate Series E Non-Cumulative Perpetual Preferred Stock, without par value",NASDAQ,NA,NA,MBINL
MBINM,"Merchants Bancorp - Depositary Shares, Each Representing a 1/40th Interest in a Share of 8.25% Fixed-Rate Reset Series D Non-Cumulative Perpetual Preferred Stock",NASDAQ,NA,NA,MBINM
MBINN,Merchants Bancorp - Depositary Shares 6.00% Fixed Rate Series C Non-Cumulative Perpetual Preferred Stock,NASDAQ,NA,NA,MBINN
MBIO,"Mustang Bio, Inc. - Common Stock",NASDAQ,NA,NA,MBIO
MBLY,Mobileye Global Inc. - Class A Common Stock,NASDAQ,NA,NA,MBLY
MBNKO,"Medallion Bank - Fixed-Rate Reset Non-Cumulative Perpetual Preferred Stock, Series G, par value $1.00 per share",NASDAQ,NA,NA,MBNKO
MBOT,Microbot Medical Inc.  - Common Stock,NASDAQ,NA,NA,MBOT
MBRX,"Moleculin Biotech, Inc. - Common Stock",NASDAQ,NA,NA,MBRX
MBUU,"Malibu Boats, Inc. - Common Stock",NASDAQ,NA,NA,MBUU
MBVI,M3-Brigade Acquisition VI Corp. - Class A Ordinary Shares,NASDAQ,NA,NA,MBVI
MBVIU,M3-Brigade Acquisition VI Corp. - Units,NASDAQ,NA,NA,MBVIU
MBVIW,M3-Brigade Acquisition VI Corp. - Warrant,NASDAQ,NA,NA,MBVIW
MBWM,Mercantile Bank Corporation - Common Stock,NASDAQ,NA,NA,MBWM
MBX,"MBX Biosciences, Inc. - Common Stock",NASDAQ,NA,NA,MBX
MC,Moelis & Company Class A Common Stock,NYSE,MC,MC,MC
MCAH,Mountain Crest Acquisition 6 Corp. - Ordinary Shares,NASDAQ,NA,NA,MCAH
MCAHR,Mountain Crest Acquisition 6 Corp. - Rights,NASDAQ,NA,NA,MCAHR
MCAHU,Mountain Crest Acquisition 6 Corp. - Units,NASDAQ,NA,NA,MCAHU
MCB,Metropolitan Bank Holding Corp. Common Stock,NYSE,MCB,MCB,MCB
MCBS,"MetroCity Bankshares, Inc. - Common Stock",NASDAQ,NA,NA,MCBS
MCD,McDonald's Corporation Common Stock,NYSE,MCD,MCD,MCD
MCFT,"MasterCraft Boat Holdings, Inc. - Common Stock",NASDAQ,NA,NA,MCFT
MCGA,Yorkville Acquisition Corp. - Class A Ordinary Share,NASDAQ,NA,NA,MCGA
MCGAU,Yorkville Acquisition Corp. - Unit,NASDAQ,NA,NA,MCGAU
MCGAW,Yorkville Acquisition Corp. - Warrant,NASDAQ,NA,NA,MCGAW
MCHB,Mechanics Bancorp - Class A Common Stock,NASDAQ,NA,NA,MCHB
MCHP,Microchip Technology Incorporated - Common Stock,NASDAQ,NA,NA,MCHP
MCHPP,Microchip Technology Incorporated - Depositary Shares Each Representing a 1/20th Interest in a Share of 7.50% Series A Mandatory Convertible Preferred Stock,NASDAQ,NA,NA,MCHPP
MCHX,"Marchex, Inc. - Class B Common Stock",NASDAQ,NA,NA,MCHX
MCI,Barings Corporate Investors Common Stock,NYSE,MCI,MCI,MCI
MCK,McKesson Corporation Common Stock,NYSE,MCK,MCK,MCK
MCN,XAI Madison Equity Premium Income Fund Common Shares,NYSE,MCN,MCN,MCN
MCO,Moody's Corporation Common Stock,NYSE,MCO,MCO,MCO
MCRB,"Seres Therapeutics, Inc. - Common Stock",NASDAQ,NA,NA,MCRB
MCRI,"Monarch Casino & Resort, Inc. - Common Stock",NASDAQ,NA,NA,MCRI
MCRP,Micropolis AI Robotics Ordinary Shares,AMEX,MCRP,MCRP,MCRP
MCS,Marcus Corporation (The) Common Stock,NYSE,MCS,MCS,MCS
MCTA,Charming Medical Limited - Class A Ordinary Shares,NASDAQ,NA,NA,MCTA
MCY,Mercury General Corporation Common Stock,NYSE,MCY,MCY,MCY
MD,"Pediatrix Medical Group, Inc. Common Stock",NYSE,MD,MD,MD
MDA,MDA Space Ltd. Common Shares,NYSE,MDA,MDA,MDA
MDAI,"Spectral AI, Inc. - Class A Common Stock",NASDAQ,NA,NA,MDAI
MDAIW,"Spectral AI, Inc. - Warrants",NASDAQ,NA,NA,MDAIW
MDB,"MongoDB, Inc. - Class A Common Stock",NASDAQ,NA,NA,MDB
MDBH,"MDB Capital Holdings, LLC - Class A common ",NASDAQ,NA,NA,MDBH
MDCX,Medicus Pharma Ltd. - Common Stock,NASDAQ,NA,NA,MDCX
MDCXW,Medicus Pharma Ltd. - Warrant,NASDAQ,NA,NA,MDCXW
MDGL,"Madrigal Pharmaceuticals, Inc. - Common Stock",NASDAQ,NA,NA,MDGL
MDIA,Mediaco Holding Inc. - Class A Common Stock,NASDAQ,NA,NA,MDIA
MDLN,Medline Inc. - Class A common stock,NASDAQ,NA,NA,MDLN
MDLZ,"Mondelez International, Inc. - Class A Common Stock",NASDAQ,NA,NA,MDLZ
MDRR,"Medalist Diversified, Inc. - Common Stock",NASDAQ,NA,NA,MDRR
MDT,Medtronic plc. Ordinary Shares,NYSE,MDT,MDT,MDT
MDU,"MDU Resources Group, Inc. Common Stock (Holding Company)",NYSE,MDU,MDU,MDU
MDWD,MediWound Ltd. - Ordinary Shares,NASDAQ,NA,NA,MDWD
MDXG,"MiMedx Group, Inc - Common Stock",NASDAQ,NA,NA,MDXG
MDXH,MDxHealth SA - Ordinary Shares,NASDAQ,NA,NA,MDXH
MEC,"Mayville Engineering Company, Inc. Common Stock",NYSE,MEC,MEC,MEC
MED,MEDIFAST INC Common Stock,NYSE,MED,MED,MED
MEDP,"Medpace Holdings, Inc. - Common Stock",NASDAQ,NA,NA,MEDP
MEDS,"DataMeds AI, Inc. - Common Stock",NASDAQ,NA,NA,MEDS
MEGI,NYLI CBRE Global Infrastructure Megatrends Term Fund Common Shares,NYSE,MEGI,MEGI,MEGI
MEGL,Magic Empire Global Limited - Class A Ordinary Shares,NASDAQ,NA,NA,MEGL
MEI,"Methode Electronics, Inc. Common Stock",NYSE,MEI,MEI,MEI
MELI,"MercadoLibre, Inc. - Common Stock",NASDAQ,NA,NA,MELI
MENS,Jyong Biotech Ltd. - Ordinary shares,NASDAQ,NA,NA,MENS
MEOH,Methanex Corporation - Common Stock,NASDAQ,NA,NA,MEOH
MER-PK,"Bank of America Corporation Income Capital Obligation Notes initially due December 15, 2066",NYSE,MER$K,MERpK,MER-K
MERC,Mercer International Inc. - Common Stock,NASDAQ,NA,NA,MERC
MESH,Meshflow Acquisition Corp. - Class A Ordinary Shares,NASDAQ,NA,NA,MESH
MESHU,Meshflow Acquisition Corp. - Units,NASDAQ,NA,NA,MESHU
MESHW,Meshflow Acquisition Corp. - Warrants,NASDAQ,NA,NA,MESHW
MESO,Mesoblast Limited - American Depositary Shares,NASDAQ,NA,NA,MESO
MET,"MetLife, Inc. Common Stock",NYSE,MET,MET,MET
MET-PA,"MetLife, Inc. Preferred Series A Floating Rate",NYSE,MET$A,METpA,MET-A
MET-PE,"MetLife, Inc. Depositary Shares ",NYSE,MET$E,METpE,MET-E
MET-PF,"MetLife, Inc. Depositary Shares, each representing a 1/1,000th interest in a share of 4.75% Non-Cumulative Preferred Stock, Series F",NYSE,MET$F,METpF,MET-F
META,"Meta Platforms, Inc. - Class A Common Stock",NASDAQ,NA,NA,META
METC,"Ramaco Resources, Inc. - Class A Common Stock",NASDAQ,NA,NA,METC
METCB,"Ramaco Resources, Inc. - Class B Common Stock",NASDAQ,NA,NA,METCB
METCI,"Ramaco Resources, Inc. - 8.250% Senior Notes due 2030",NASDAQ,NA,NA,METCI
METCZ,"Ramaco Resources, Inc. - 8.375% Senior Notes due 2029",NASDAQ,NA,NA,METCZ
MEVO,M Evo Global Acquisition Corp II - Class A Ordinary Shares,NASDAQ,NA,NA,MEVO
MEVOU,M Evo Global Acquisition Corp II - Units,NASDAQ,NA,NA,MEVOU
MEVOW,M Evo Global Acquisition Corp II - Warrants,NASDAQ,NA,NA,MEVOW
MF,MindForge Inc. - Class A Ordinary Shares,NASDAQ,NA,NA,MF
MFA,"MFA Financial, Inc.",NYSE,MFA,MFA,MFA
MFA-PB,"MFA Financial, Inc. Preferred Series B",NYSE,MFA$B,MFApB,MFA-B
MFA-PC,"MFA Financial, Inc. 6.50% Series C Fixed-to-Floating Rate Cumulative Redeemable Preferred Stock",NYSE,MFA$C,MFApC,MFA-C
MFAN,"MFA Financial, Inc. 8.875% Senior Notes due 2029",NYSE,MFAN,MFAN,MFAN
MFAO,"MFA Financial, Inc. 9.000% Senior Notes due 2029",NYSE,MFAO,MFAO,MFAO
MFC,Manulife Financial Corporation Common Stock,NYSE,MFC,MFC,MFC
MFG,"Mizuho Financial Group, Inc. Sponosred ADR (Japan)",NYSE,MFG,MFG,MFG
MFI,mF International Limited - Class A Ordinary Shares,NASDAQ,NA,NA,MFI
MFIC,MidCap Financial Investment Corporation - Closed End Fund,NASDAQ,NA,NA,MFIC
MFICL,MidCap Financial Investment Corporation - 8.00% Notes due 2028,NASDAQ,NA,NA,MFICL
MFIN,Medallion Financial Corp. - Common Stock,NASDAQ,NA,NA,MFIN
MFM,Aberdeen Municipal Income Fund Common Shares of Beneficial Interest,NYSE,MFM,MFM,MFM
MFP,"Midera Food Processing, Inc. - Common Stock",NASDAQ,NA,NA,MFP
MG,Mistras Group Inc Common Stock,NYSE,MG,MG,MG
MGA,"Magna International, Inc. Common Stock",NYSE,MGA,MGA,MGA
MGEE,MGE Energy Inc. - Common Stock,NASDAQ,NA,NA,MGEE
MGF,Aberdeen Government Markets Income Fund Common Shares of Beneficial Interest,NYSE,MGF,MGF,MGF
MGIH,Millennium Group International Holdings Limited - Ordinary Shares,NASDAQ,NA,NA,MGIH
MGLD,"The Marygold Companies, Inc. Common Stock",AMEX,MGLD,MGLD,MGLD
MGM,MGM Resorts International Common Stock,NYSE,MGM,MGM,MGM
MGN,Megan Holdings Limited - Class A Ordinary Shares,NASDAQ,NA,NA,MGN
MGNI,"Magnite, Inc. - Common Stock",NASDAQ,NA,NA,MGNI
MGNX,"MacroGenics, Inc. - Common Stock",NASDAQ,NA,NA,MGNX
MGPI,"MGP Ingredients, Inc. - Common Stock",NASDAQ,NA,NA,MGPI
MGR,"Affiliated Managers Group, Inc. 5.875% Junior Subordinated Notes due 2059",NYSE,MGR,MGR,MGR
MGRB,"Affiliated Managers Group, Inc. 4.750% Junior Subordinated Notes due 2060",NYSE,MGRB,MGRB,MGRB
MGRC,McGrath RentCorp - Common Stock,NASDAQ,NA,NA,MGRC
MGRD,"Affiliated Managers Group, Inc. 4.200% Junior Subordinated Notes due 2061",NYSE,MGRD,MGRD,MGRD
MGRE,"Affiliated Managers Group, Inc. 6.750% Junior Subordinated Notes due 2064",NYSE,MGRE,MGRE,MGRE
MGRT,Mega Fortune Company Limited - Ordinary Shares,NASDAQ,NA,NA,MGRT
MGRX,"Mangoceuticals, Inc. - Common Stock",NASDAQ,NA,NA,MGRX
MGTX,MeiraGTx Holdings plc - Ordinary Shares,NASDAQ,NA,NA,MGTX
MGX,"Metagenomi Therapeutics, Inc. - Common Stock",NASDAQ,NA,NA,MGX
MGY,Magnolia Oil & Gas Corporation Class A Common Stock,NYSE,MGY,MGY,MGY
MGYR,"Magyar Bancorp, Inc. - Common Stock",NASDAQ,NA,NA,MGYR
MH,"McGraw Hill, Inc. Common Stock",NYSE,MH,MH,MH
MHD,"Blackrock MuniHoldings Fund, Inc. Common Stock",NYSE,MHD,MHD,MHD
MHF,"Western Asset Municipal High Income Fund, Inc. Common Stock",NYSE,MHF,MHF,MHF
MHH,"Mastech Digital, Inc Common Stock",AMEX,MHH,MHH,MHH
MHK,"Mohawk Industries, Inc. Common Stock",NYSE,MHK,MHK,MHK
MHLA,"Maiden Holdings, Ltd. 6.625% Notes due 2046",NYSE,MHLA,MHLA,MHLA
MHNC,"Maiden Holdings North America, Ltd. 7.75% Notes due 2043",NYSE,MHNC,MHNC,MHNC
MHO,"M/I Homes, Inc. Common Stock",NYSE,MHO,MHO,MHO
MI,NFT Limited Class A Ordinary Share,AMEX,MI,MI,MI
MIACU,Meridian3 Industrials Acquisition Corp - Units,NASDAQ,NA,NA,MIACU
MIAX,"Miami International Holdings, Inc. Common Stock",NYSE,MIAX,MIAX,MIAX
MICC,The Magnum Ice Cream Company N.V. Ordinary Shares,NYSE,MICC,MICC,MICC
MIDD,The Middleby Corporation - Common Stock,NASDAQ,NA,NA,MIDD
MIMI,Mint Incorporation Limited - Class A Ordinary Shares,NASDAQ,NA,NA,MIMI
MIN,Aberdeen Intermediate Income Fund Common Shares of Beneficial Interest,NYSE,MIN,MIN,MIN
MIND,"MIND Technology, Inc. - Common Stock",NASDAQ,NA,NA,MIND
MINE,Mayfair Gold Corp. Common Shares,AMEX,MINE,MINE,MINE
MIR,"Mirion Technologies, Inc. Class A Common Stock",NYSE,MIR,MIR,MIR
MIRA,"MIRA Pharmaceuticals, Inc. - Common Stock",NASDAQ,NA,NA,MIRA
MIRM,"Mirum Pharmaceuticals, Inc. - common stock",NASDAQ,NA,NA,MIRM
MIST,Milestone Pharmaceuticals Inc. - Common Shares,NASDAQ,NA,NA,MIST
MITK,"Mitek Systems, Inc. - Common Stock",NASDAQ,NA,NA,MITK
MITN,"TPG Mortgage Investment Trust, Inc. 9.500% Senior Notes due 2029",NYSE,MITN,MITN,MITN
MITP,"TPG Mortgage Investment Trust, Inc. 9.500% Senior Notes due 2029",NYSE,MITP,MITP,MITP
MITQ,"Moving iMage Technologies, Inc. Common Stock",AMEX,MITQ,MITQ,MITQ
MITT,"TPG Mortgage Investment Trust, Inc. Common Stock",NYSE,MITT,MITT,MITT
MITT-PA,"TPG Mortgage Investment Trust, Inc. 8.25% Series A Cumulative Redeemable Preferred Stock",NYSE,MITT$A,MITTpA,MITT-A
MITT-PB,"TPG Mortgage Investment Trust, Inc. 8.00% Series B Cumulative Redeemable Preferred Stock",NYSE,MITT$B,MITTpB,MITT-B
MITT-PC,"TPG Mortgage Investment Trust, Inc. 8.00% Series C Fixed-to-Floating Rate Cumulative Redeemable Preferred Stock, $0.01 par value per share",NYSE,MITT$C,MITTpC,MITT-C
MIY,"Blackrock MuniYield Michigan Quality Fund, Inc. Common Stock",NYSE,MIY,MIY,MIY
MKC,"McCormick & Company, Incorporated Common Stock",NYSE,MKC,MKC,MKC
MKC-V,"McCormick & Company, Incorporated Common Stock",NYSE,MKC.V,MKC.V,MKC.V
MKDW,MKDWELL Tech Inc. - Ordinary Shares,NASDAQ,NA,NA,MKDW
MKDWW,MKDWELL Tech Inc. - Warrants,NASDAQ,NA,NA,MKDWW
MKL,Markel Group Inc. Common Stock,NYSE,MKL,MKL,MKL
MKLY,McKinley Acquisition Corporation - Class A Ordinary Shares,NASDAQ,NA,NA,MKLY
MKLYR,McKinley Acquisition Corporation - Rights,NASDAQ,NA,NA,MKLYR
MKLYU,McKinley Acquisition Corporation - Units,NASDAQ,NA,NA,MKLYU
MKSI,MKS Inc. - Common Stock,NASDAQ,NA,NA,MKSI
MKTW,"MarketWise, Inc. - Class A Common Stock",NASDAQ,NA,NA,MKTW
MKTX,"MarketAxess Holdings, Inc. - Common Stock",NASDAQ,NA,NA,MKTX
MKZR,"MacKenzie Realty Capital, Inc. - Common Stock",NASDAQ,NA,NA,MKZR
MLAA,Mountain Lake Acquisition Corp. II - Class A Ordinary Shares,NASDAQ,NA,NA,MLAA
MLAAU,Mountain Lake Acquisition Corp. II - Units,NASDAQ,NA,NA,MLAAU
MLAAW,Mountain Lake Acquisition Corp. II - Warrants,NASDAQ,NA,NA,MLAAW
MLAB,"Mesa Laboratories, Inc. - Common Stock",NASDAQ,NA,NA,MLAB
MLCI,Mount Logan Capital Inc. - Common Stock,NASDAQ,NA,NA,MLCI
MLCIL,Mount Logan Capital Inc. - 8.00% Notes Due 2031,NASDAQ,NA,NA,MLCIL
MLCO,Melco Resorts & Entertainment Limited - American Depositary Shares ,NASDAQ,NA,NA,MLCO
MLEC,Moolec Science SA - Ordinary Shares,NASDAQ,NA,NA,MLEC
MLECW,Moolec Science SA - Warrant,NASDAQ,NA,NA,MLECW
MLGO,"MicroAlgo, Inc. - Ordinary Shares",NASDAQ,NA,NA,MLGO
MLI,"Mueller Industries, Inc. Common Stock",NYSE,MLI,MLI,MLI
MLKN,"MillerKnoll, Inc. - Common Stock",NASDAQ,NA,NA,MLKN
MLM,"Martin Marietta Materials, Inc. Common Stock",NYSE,MLM,MLM,MLM
MLP,"Maui Land & Pineapple Company, Inc. Common Stock",NYSE,MLP,MLP,MLP
MLPB,"ETRACS Alerian MLP Infrastructure Index ETN Series B due April 2, 2040",ARCA,MLPB,MLPB,MLPB
MLR,"Miller Industries, Inc. Common Stock",NYSE,MLR,MLR,MLR
MLSS,"Milestone Scientific, Inc. Common Stock",AMEX,MLSS,MLSS,MLSS
MLTX,MoonLake Immunotherapeutics - Class A Ordinary Shares,NASDAQ,NA,NA,MLTX
MLYS,"Mineralys Therapeutics, Inc. - Common Stock",NASDAQ,NA,NA,MLYS
MMA,Mixed Martial Arts Group Limited Ordinary Shares,AMEX,MMA,MMA,MMA
MMD,NYLI MacKay DefinedTerm Muni Opportunities Fund Common Shares,NYSE,MMD,MMD,MMD
MMED,"MiniMed Group, Inc. - Common Stock",NASDAQ,NA,NA,MMED
MMI,"Marcus & Millichap, Inc. Common Stock",NYSE,MMI,MMI,MMI
MMLP,Martin Midstream Partners L.P. - Common Units Representing Limited Partnership Interests,NASDAQ,NA,NA,MMLP
MMM,3M Company Common Stock,NYSE,MMM,MMM,MMM
MMS,"Maximus, Inc. Common Stock",NYSE,MMS,MMS,MMS
MMSI,"Merit Medical Systems, Inc. - Common Stock",NASDAQ,NA,NA,MMSI
MMT,Aberdeen Multi-Market Income Fund Common Shares of Beneficial Interest,NYSE,MMT,MMT,MMT
MMTX,Miluna Acquisition Corp - Class A Ordinary Shares,NASDAQ,NA,NA,MMTX
MMTXU,Miluna Acquisition Corp - Units,NASDAQ,NA,NA,MMTXU
MMTXW,Miluna Acquisition Corp - Warrant,NASDAQ,NA,NA,MMTXW
MMU,"Western Asset Managed Municipals Fund, Inc. Common Stock",NYSE,MMU,MMU,MMU
MMYT,MakeMyTrip Limited - Ordinary Shares,NASDAQ,NA,NA,MMYT
MNDO,MIND C.T.I. Ltd. - Ordinary Shares,NASDAQ,NA,NA,MNDO
MNDR,Mobile-health Network Solutions - Class A Ordinary Shares,NASDAQ,NA,NA,MNDR
MNDY,monday.com Ltd. - Ordinary Shares,NASDAQ,NA,NA,MNDY
MNKD,MannKind Corporation - Common Stock,NASDAQ,NA,NA,MNKD
MNOV,"MediciNova, Inc. - Common Stock",NASDAQ,NA,NA,MNOV
MNPR,Monopar Therapeutics Inc. - Common Stock,NASDAQ,NA,NA,MNPR
MNR,Mach Natural Resources LP Common Units representing Limited Partner Interests,NYSE,MNR,MNR,MNR
MNRO,"Monro, Inc.  - Common Stock",NASDAQ,NA,NA,MNRO
MNSB,"MainStreet Bancshares, Inc. - Common Stock",NASDAQ,NA,NA,MNSB
MNSBP,"MainStreet Bancshares, Inc. - Depositary Shares",NASDAQ,NA,NA,MNSBP
MNSO,"MINISO Group Holding Limited American Depositary Shares, each representing four Ordinary Shares",NYSE,MNSO,MNSO,MNSO
MNST,Monster Beverage Corporation - Common Stock,NASDAQ,NA,NA,MNST
MNTK,"Montauk Renewables, Inc. - Common Stock",NASDAQ,NA,NA,MNTK
MNTN,"MNTN, Inc. Class A Common Stock",NYSE,MNTN,MNTN,MNTN
MNTS,Momentus Inc. - Class A Common Stock,NASDAQ,NA,NA,MNTS
MNY,MoneyHero Limited - Class A Ordinary Shares,NASDAQ,NA,NA,MNY
MNYWW,MoneyHero Limited - Warrants,NASDAQ,NA,NA,MNYWW
MO,"Altria Group, Inc.",NYSE,MO,MO,MO
MOB,Mobilicom Limited - Ordinary Shares,NASDAQ,NA,NA,MOB
MOBBW,Mobilicom Limited - Warrants,NASDAQ,NA,NA,MOBBW
MOBI,"Mobia Medical, Inc. - Common Stock",NASDAQ,NA,NA,MOBI
MOBX,"Mobix Labs, Inc. - Class A Common Stock",NASDAQ,NA,NA,MOBX
MOBXW,"Mobix Labs, Inc. - Warrants",NASDAQ,NA,NA,MOBXW
MOD,Modine Manufacturing Company Common Stock,NYSE,MOD,MOD,MOD
MODD,"Modular Medical, Inc. - common stock",NASDAQ,NA,NA,MODD
MOG-A,Moog Inc. Class A Common Stock,NYSE,MOG.A,MOG.A,MOG.A
MOG-B,Moog Inc. Class B Common Stock,NYSE,MOG.B,MOG.B,MOG.B
MOGU,MOGU Inc. American Depositary Shares (each  representing 25 Class A Ordinary Shares),NYSE,MOGU,MOGU,MOGU
MOH,Molina Healthcare Inc Common Stock,NYSE,MOH,MOH,MOH
MOLN,Molecular Partners AG - American Depositary Shares,NASDAQ,NA,NA,MOLN
MOMO,Hello Group Inc.  - American Depositary Shares,NASDAQ,NA,NA,MOMO
MORN,"Morningstar, Inc. - Common Stock",NASDAQ,NA,NA,MORN
MOS,Mosaic Company (The) Common Stock,NYSE,MOS,MOS,MOS
MOV,Movado Group Inc. Common Stock,NYSE,MOV,MOV,MOV
MOVE,"Corvex, Inc. - Common Stock",NASDAQ,NA,NA,MOVE
MP,MP Materials Corp. Common Stock,NYSE,MP,MP,MP
MPA,Blackrock MuniYield Pennsylvania Quality Fund Common Stock,NYSE,MPA,MPA,MPA
MPAA,"Motorcar Parts of America, Inc. - Common Stock",NASDAQ,NA,NA,MPAA
MPB,Mid Penn Bancorp - Common Stock,NASDAQ,NA,NA,MPB
MPC,Marathon Petroleum Corporation Common Stock,NYSE,MPC,MPC,MPC
MPLT,"MapLight Therapeutics, Inc. - Common Stock",NASDAQ,NA,NA,MPLT
MPLX,MPLX LP Common Units Representing Limited Partner Interests,NYSE,MPLX,MPLX,MPLX
MPT,"Medical Properties Trust, Inc. common stock",NYSE,MPT,MPT,MPT
MPTI,"M-tron Industries, Inc. Common Stock",AMEX,MPTI,MPTI,MPTI
MPU,Mega Matrix Inc. Class A Ordinary Shares,AMEX,MPU,MPU,MPU
MPV,Barings Participation Investors Common Stock,NYSE,MPV,MPV,MPV
MPWR,"Monolithic Power Systems, Inc. - Common Stock",NASDAQ,NA,NA,MPWR
MQ,"Marqeta, Inc. - Class A Common Stock",NASDAQ,NA,NA,MQ
MQY,"Blackrock MuniYield Quality Fund, Inc. Common Stock",NYSE,MQY,MQY,MQY
MRAM,"Everspin Technologies, Inc. - Common Stock",NASDAQ,NA,NA,MRAM
MRBK,Meridian Corporation - Common Stock,NASDAQ,NA,NA,MRBK
MRCOU,Mercator Acquisition Corp. - Units,NASDAQ,NA,NA,MRCOU
MRCY,Mercury Systems Inc - Common Stock,NASDAQ,NA,NA,MRCY
MRDN,Meridian Holdings Inc. - Common Stock,NASDAQ,NA,NA,MRDN
MREO,Mereo BioPharma Group plc - American Depositary Shares,NASDAQ,NA,NA,MREO
MRK,"Merck & Company, Inc. Common Stock (new)",NYSE,MRK,MRK,MRK
MRKR,"Marker Therapeutics, Inc. - Common Stock",NASDAQ,NA,NA,MRKR
MRLN,"Merlin, Inc. - Common Stock",NASDAQ,NA,NA,MRLN
MRM,MEDIROM Healthcare Technologies Inc. - American Depositary Share,NASDAQ,NA,NA,MRM
MRNA,"Moderna, Inc. - Common Stock",NASDAQ,NA,NA,MRNA
MRNO,Murano Global Investments PLC - Ordinary Shares,NASDAQ,NA,NA,MRNO
MRNOW,Murano Global Investments PLC - Warrants,NASDAQ,NA,NA,MRNOW
MRP,"Millrose Properties, Inc. Class A Common Stock",NYSE,MRP,MRP,MRP
MRSH,Marsh Common Stock,NYSE,MRSH,MRSH,MRSH
MRT,"Marti Technologies, Inc. Class A Ordinary Shares",AMEX,MRT,MRT,MRT
MRTN,"Marten Transport, Ltd. - Common Stock",NASDAQ,NA,NA,MRTN
MRVI,"Maravai LifeSciences Holdings, Inc. - Class A common stock",NASDAQ,NA,NA,MRVI
MRVL,"Marvell Technology, Inc. - Common Stock",NASDAQ,NA,NA,MRVL
MRX,Marex Group Limited - Ordinary Shares,NASDAQ,NA,NA,MRX
MS,Morgan Stanley Common Stock,NYSE,MS,MS,MS
MS-PA,Morgan Stanley Dep Shs repstg 1/1000 Pfd Ser A,NYSE,MS$A,MSpA,MS-A
MS-PE,Morgan Stanley DEPOSITARY SHARES REP 1/1000TH SHARES FIXED/FLTG PREFERRED STOCK SERIES E,NYSE,MS$E,MSpE,MS-E
MS-PF,Morgan Stanley Dep Shs Rpstg 1/1000th Int Prd Ser F Fxd to Flag,NYSE,MS$F,MSpF,MS-F
MS-PI,Morgan Stanley Depository Shares Representing 1/1000th Preferred Series 1 Fixed to Floating Non (Cum),NYSE,MS$I,MSpI,MS-I
MS-PK,"Morgan Stanley Depositary Shares, each representing 1/1,000th of a share of Fixed-to-Floating Rate Non-Cumulative Preferred Stock,  Series K",NYSE,MS$K,MSpK,MS-K
MS-PL,"Morgan Stanley Depositary Shares, each representing 1/1,000th of a share of 4.875% Non-Cumulative Preferred Stock, Series L",NYSE,MS$L,MSpL,MS-L
MS-PO,"Morgan Stanley Depositary Shares, each representing 1/1,000th of a share of 4.250% Non-Cumulative Preferred Stock, Series O",NYSE,MS$O,MSpO,MS-O
MS-PP,"Morgan Stanley Depositary Shares, each representing 1/1,000th of a share of 6.500% Non-Cumulative Preferred Stock, Series P",NYSE,MS$P,MSpP,MS-P
MS-PQ,"Morgan Stanley Depositary Shares, each representing 1/1,000th of a share of 6.625% Non-Cumulative Preferred Stock, Series Q",NYSE,MS$Q,MSpQ,MS-Q
MSA,MSA Safety Incorporated Common Stock,NYSE,MSA,MSA,MSA
MSAI,"MultiSensor AI Holdings, Inc. - Common Stock",NASDAQ,NA,NA,MSAI
MSAIW,"MultiSensor AI Holdings, Inc. - Warrants",NASDAQ,NA,NA,MSAIW
MSB,Mesabi Trust Common Stock,NYSE,MSB,MSB,MSB
MSBI,"Midland States Bancorp, Inc. - Common Stock",NASDAQ,NA,NA,MSBI
MSBIP,"Midland States Bancorp, Inc. - Depositary Shares Each Representing a 1/40th Interest in a Share of 7.750% Fixed-Rate Reset Non-Cumulative Perpetual Preferred Stock, Series A",NASDAQ,NA,NA,MSBIP
MSC,"Studio City International Holdings Limited American depositary shares, each representing four  Class A ordinary shares",NYSE,MSC,MSC,MSC
MSCI,MSCI Inc. Common Stock,NYSE,MSCI,MSCI,MSCI
MSD,"Morgan Stanley Emerging Markets Debt Fund, Inc. Common Stock",NYSE,MSD,MSD,MSD
MSDL,Morgan Stanley Direct Lending Fund Common Stock,NYSE,MSDL,MSDL,MSDL
MSEX,Middlesex Water Company - Common Stock,NASDAQ,NA,NA,MSEX
MSFT,Microsoft Corporation - Common Stock,NASDAQ,NA,NA,MSFT
MSGE,Madison Square Garden Entertainment Corp. Class A Common Stock,NYSE,MSGE,MSGE,MSGE
MSGM,Motorsport Games Inc. - Class A Common Stock,NASDAQ,NA,NA,MSGM
MSGS,Madison Square Garden Sports Corp. Class A Common Stock (New),NYSE,MSGS,MSGS,MSGS
MSGY,Masonglory Limited - Class A Ordinary Shares,NASDAQ,NA,NA,MSGY
MSI,"Motorola Solutions, Inc. Common Stock",NYSE,MSI,MSI,MSI
MSIF,"MSC Income Fund, Inc. Common Stock",NYSE,MSIF,MSIF,MSIF
MSLE,Satellos Bioscience Inc. - Common Stock,NASDAQ,NA,NA,MSLE
MSM,"MSC Industrial Direct Company, Inc. Common Stock",NYSE,MSM,MSM,MSM
MSN,Emerson Radio Corporation Common Stock,AMEX,MSN,MSN,MSN
MSS,Maison Solutions Inc. - Class A Common Stock,NASDAQ,NA,NA,MSS
MSTR,Strategy Inc - Class A Common Stock,NASDAQ,NA,NA,MSTR
MT,Arcelor Mittal NY Registry Shares NEW,NYSE,MT,MT,MT
MTA,Metalla Royalty & Streaming Ltd. Common Shares,AMEX,MTA,MTA,MTA
MTAKU,Market Technology Acquisition Corp - Unit,NASDAQ,NA,NA,MTAKU
MTAL,Metals Acquisition Corp. II Class A Ordinary Shares,NYSE,MTAL,MTAL,MTAL
MTAL-UN,"Metals Acquisition Corp. II Units, each consisting of one Class A ordinary share and one-third of one redeemable warrant",NYSE,MTAL.U,MTAL.U,MTAL=
MTAL-WT,"Metals Acquisition Corp. II Warrants, each whole warrant exercisable for one Class A ordinary share at an exercise price of $11.50 per share",NYSE,MTAL.W,MTAL.WS,MTAL+
MTB,M&T Bank Corporation Common Stock,NYSE,MTB,MTB,MTB
MTB-PH,"M&T Bank Corporation Perpetual Fixed-to-Floating Rate Non-Cumulative Preferred Stock, Series H",NYSE,MTB$H,MTBpH,MTB-H
MTB-PJ,"M&T Bank Corporation Depositary Shares each representing a 1/400th ownership interest in a share of Perpetual 7.500% Non-Cumulative Preferred Stock, Series J",NYSE,MTB$J,MTBpJ,MTB-J
MTB-PK,"M&T Bank Corporation Depositary Shares each representing a 1/400th interest in a share of Perpetual 6.350% Non-Cumulative Preferred Stock, Series K",NYSE,MTB$K,MTBpK,MTB-K
MTB-PL,"M&T Bank Corporation Depositary Shares each representing a 1/400th ownership interest in a share of Perpetual 6.625% Non-Cumulative Preferred Stock, Series L",NYSE,MTB$L,MTBpL,MTB-L
MTC,"MMTec, Inc. - Common Shares",NASDAQ,NA,NA,MTC
MTCH,"Match Group, Inc. - Common Stock",NASDAQ,NA,NA,MTCH
MTD,"Mettler-Toledo International, Inc. Common Stock",NYSE,MTD,MTD,MTD
MTDR,Matador Resources Company Common Stock,NYSE,MTDR,MTDR,MTDR
MTEK,Maris-Tech Ltd. - ordinary shares,NASDAQ,NA,NA,MTEK
MTEKW,Maris-Tech Ltd. - Warrants,NASDAQ,NA,NA,MTEKW
MTEN,Mingteng International Corporation Inc. - Class A Ordinary Shares,NASDAQ,NA,NA,MTEN
MTEST,"NYSE Texas, Inc. TEST Common Stock",NA,MTEST,MTEST,MTEST
MTEX,"Mannatech, Incorporated - Common Stock",NASDAQ,NA,NA,MTEX
MTG,MGIC Investment Corporation Common Stock,NYSE,MTG,MTG,MTG
MTH,Meritage Homes Corporation Common Stock,NYSE,MTH,MTH,MTH
MTLS,Materialise NV - American Depositary Shares,NASDAQ,NA,NA,MTLS
MTN,"Vail Resorts, Inc. Common Stock",NYSE,MTN,MTN,MTN
MTNB,"Matinas Biopharma Holdings, Inc. Common Stock",AMEX,MTNB,MTNB,MTNB
MTNE,CH4 Natural Solutions Corporation Class A Ordinary Shares,NYSE,MTNE,MTNE,MTNE
MTNE-UN,"CH4 Natural Solutions Corporation Units, each consisting of one Class A ordinary share and one-half of one Warrant",NYSE,MTNE.U,MTNE.U,MTNE=
MTNE-WT,"CH4 Natural Solutions Corporation Warrants, each whole warrant exercisable for one Class A Ordinary Share at an exercise price of $11.50 per share",NYSE,MTNE.W,MTNE.WS,MTNE+
MTR,Mesa Royalty Trust Common Stock,NYSE,MTR,MTR,MTR
MTRN,Materion Corporation,NYSE,MTRN,MTRN,MTRN
MTRX,Matrix Service Company - Common Stock,NASDAQ,NA,NA,MTRX
MTSI,"MACOM Technology Solutions Holdings, Inc. - Common Stock",NASDAQ,NA,NA,MTSI
MTUS,Metallus Inc. Common Shares,NYSE,MTUS,MTUS,MTUS
MTVA,MetaVia Inc.  - Common Stock,NASDAQ,NA,NA,MTVA
MTW,"Manitowoc Company, Inc. (The) Common Stock",NYSE,MTW,MTW,MTW
MTX,Minerals Technologies Inc. Common Stock,NYSE,MTX,MTX,MTX
MTZ,"MasTec, Inc. Common Stock",NYSE,MTZ,MTZ,MTZ
MU,"Micron Technology, Inc. - Common Stock",NASDAQ,NA,NA,MU
MUA,"Blackrock MuniAssets Fund, Inc Common Stock",NYSE,MUA,MUA,MUA
MUA-R,"Blackrock MuniAssets Fund, Inc. Rights (expiring August 20, 2026) Rights",NYSE,MUA.R,MUAr,MUA^
MUC,"Blackrock MuniHoldings California Quality Fund, Inc.  Common Stock",NYSE,MUC,MUC,MUC
MUFG,"Mitsubishi UFJ Financial Group, Inc. Common Stock",NYSE,MUFG,MUFG,MUFG
MUJ,"Blackrock MuniHoldings New Jersey Quality Fund, Inc. Common Stock",NYSE,MUJ,MUJ,MUJ
MUR,Murphy Oil Corporation Common Stock,NYSE,MUR,MUR,MUR
MUSA,Murphy USA Inc. Common Stock,NYSE,MUSA,MUSA,MUSA
MUX,McEwen Inc. Common Stock,NYSE,MUX,MUX,MUX
MUZE,Muzero Acquisition Corp - Class A Ordinary Shares,NASDAQ,NA,NA,MUZE
MUZEU,Muzero Acquisition Corp - Unit,NASDAQ,NA,NA,MUZEU
MUZEW,Muzero Acquisition Corp - Warrant,NASDAQ,NA,NA,MUZEW
MVBF,MVB Financial Corp. - Common Stock,NASDAQ,NA,NA,MVBF
MVIS,"MicroVision, Inc. - Common Stock",NASDAQ,NA,NA,MVIS
MVST,"Microvast Holdings, Inc. - Common Stock",NASDAQ,NA,NA,MVST
MWA,MUELLER WATER PRODUCTS Common Stock,NYSE,MWA,MWA,MWA
MWC,"Micware Co., Ltd. - American Depositary Shares",NASDAQ,NA,NA,MWC
MWG,Multi Ways Holdings Limited Class A Ordinary Shares,AMEX,MWG,MWG,MWG
MWH,"SOLV Energy, Inc. - Class A common stock",NASDAQ,NA,NA,MWH
MWYN,"Marwynn Holdings, Inc. - Common stock",NASDAQ,NA,NA,MWYN
MX,Magnachip Semiconductor Corporation Common Stock,NYSE,MX,MX,MX
MXC,Mexco Energy Corporation Common Stock,AMEX,MXC,MXC,MXC
MXCT,"MaxCyte, Inc. - Common Stock",NASDAQ,NA,NA,MXCT
MXE,"Mexico Equity and Income Fund, Inc. (The) Common Stock",NYSE,MXE,MXE,MXE
MXF,"Mexico Fund, Inc. (The) Common Stock",NYSE,MXF,MXF,MXF
MXL,"MaxLinear, Inc - Common Stock",NASDAQ,NA,NA,MXL
MYE,"Myers Industries, Inc. Common Stock",NYSE,MYE,MYE,MYE
MYFW,"First Western Financial, Inc. - Common Stock",NASDAQ,NA,NA,MYFW
MYGN,"Myriad Genetics, Inc. - Common Stock",NASDAQ,NA,NA,MYGN
MYI,"Blackrock MuniYield Quality Fund III, Inc Common Stock",NYSE,MYI,MYI,MYI
MYN,"Blackrock MuniYield New York Quality Fund, Inc.Common Stock",NYSE,MYN,MYN,MYN
MYND,"Mynd.ai, Inc. American Depositary Shares",AMEX,MYND,MYND,MYND
MYO,Myomo Inc. Common Stock,AMEX,MYO,MYO,MYO
MYPS,"PLAYSTUDIOS, Inc.  - Class A Common Stock",NASDAQ,NA,NA,MYPS
MYRG,"MYR Group, Inc. - Common Stock",NASDAQ,NA,NA,MYRG
MYSE,"Myseum.AI, Inc. - Common Stock",NASDAQ,NA,NA,MYSE
MYSEW,"Myseum.AI, Inc. - Series A Warrant",NASDAQ,NA,NA,MYSEW
MYSZ,"My Size, Inc. - Common Stock",NASDAQ,NA,NA,MYSZ
MYX,Maywood Acquisition Corp. 2 - Class A Ordinary Share,NASDAQ,NA,NA,MYX
MYXXR,Maywood Acquisition Corp. 2 - Rights,NASDAQ,NA,NA,MYXXR
MYXXU,Maywood Acquisition Corp. 2 - Units,NASDAQ,NA,NA,MYXXU
MYXXW,Maywood Acquisition Corp. 2 - Warrants,NASDAQ,NA,NA,MYXXW
MZTI,The Marzetti Company - Common Stock,NASDAQ,NA,NA,MZTI
MZYX,MOZAYYX Acquisition Corp. Class A Ordinary Shares,NYSE,MZYX,MZYX,MZYX
MZYX-UN,"MOZAYYX Acquisition Corp. Units, each consisting of one Class A ordinary share and one-quarter of one redeemable warrant",NYSE,MZYX.U,MZYX.U,MZYX=
MZYX-WT,"MOZAYYX Acquisition Corp. Redeemable warrants, each whole warrant exercisable for one Class A ordinary share at an exercise price of $11.50",NYSE,MZYX.W,MZYX.WS,MZYX+
NA,Nano Labs Ltd - Class A Ordinary Shares,NASDAQ,NA,NA,NA
NAAS,NaaS Technology Inc. - American Depositary Shares,NASDAQ,NA,NA,NAAS
NABL,"N-able, Inc. Common Stock",NYSE,NABL,NABL,NABL
NAC,Nuveen California Quality Municipal Income Fund,NYSE,NAC,NAC,NAC
NAD,Nuveen Quality Municipal Income Fund Common Stock,NYSE,NAD,NAD,NAD
NAGE,"Niagen Bioscience, Inc. - Common Stock",NASDAQ,NA,NA,NAGE
NAII,"Natural Alternatives International, Inc. - Common Stock",NASDAQ,NA,NA,NAII
NAK,"Northern Dynasty Minerals, Ltd. Common Stock",AMEX,NAK,NAK,NAK
NAKA,Nakamoto Inc. - Common Stock,NASDAQ,NA,NA,NAKA
NAMI,Jinxin Technology Holding Company - American Depositary Shares,NASDAQ,NA,NA,NAMI
NAMM,Namib Minerals - Ordinary Shares,NASDAQ,NA,NA,NAMM
NAMMW,Namib Minerals - Warrants,NASDAQ,NA,NA,NAMMW
NAMS,NewAmsterdam Pharma Company N.V. - Ordinary Shares,NASDAQ,NA,NA,NAMS
NAMSW,NewAmsterdam Pharma Company N.V. - Warrant,NASDAQ,NA,NA,NAMSW
NAN,Nuveen New York Quality Municipal Income Fund Common Stock,NYSE,NAN,NAN,NAN
NAT,Nordic American Tankers Limited Common Stock,NYSE,NAT,NAT,NAT
NATH,"Nathan's Famous, Inc. - Common Stock",NASDAQ,NA,NA,NATH
NATL,NCR Atleos Corporation Common Stock,NYSE,NATL,NATL,NATL
NATR,"Nature's Sunshine Products, Inc. - Common Stock",NASDAQ,NA,NA,NATR
NAUT,"Nautilus Biotechnology, Inc. - Common Stock",NASDAQ,NA,NA,NAUT
NAVI,Navient Corporation - Common Stock,NASDAQ,NA,NA,NAVI
NAVN,"Navan, Inc. - Class A Common Stock",NASDAQ,NA,NA,NAVN
NAZ,Nuveen Arizona Quality Municipal Income Fund Common Stock,NYSE,NAZ,NAZ,NAZ
NB,NioCorp Developments Ltd. - Common Stock,NASDAQ,NA,NA,NB
NBB,Nuveen Taxable Municipal Income Fund Common Shares of Beneficial Interest,NYSE,NBB,NBB,NBB
NBBK,"NB Bancorp, Inc. - Common Stock",NASDAQ,NA,NA,NBBK
NBH,Neuberger Municipal Fund Inc. Common Stock,AMEX,NBH,NBH,NBH
NBHC,National Bank Holdings Corporation Common Stock,NYSE,NBHC,NBHC,NBHC
NBIS,Nebius Group N.V. - Class A Ordinary Shares,NASDAQ,NA,NA,NBIS
NBIX,"Neurocrine Biosciences, Inc. - Common Stock",NASDAQ,NA,NA,NBIX
NBN,Northeast Bank - Common Stock,NASDAQ,NA,NA,NBN
NBP,NovaBridge Biosciences - American Depositary Shares,NASDAQ,NA,NA,NBP
NBR,Nabors Industries Ltd.,NYSE,NBR,NBR,NBR
NBRG,Newbridge Acquisition Limited - Class A Ordinary Share,NASDAQ,NA,NA,NBRG
NBRGR,Newbridge Acquisition Limited - Rights,NASDAQ,NA,NA,NBRGR
NBRGU,Newbridge Acquisition Limited - Unit,NASDAQ,NA,NA,NBRGU
NBTB,NBT Bancorp Inc. - Common Stock,NASDAQ,NA,NA,NBTB
NBTX,Nanobiotix S.A. - ADSs,NASDAQ,NA,NA,NBTX
NBXG,Neuberger Next Generation Connectivity Fund Inc. Common Stock,NYSE,NBXG,NBXG,NBXG
NC,"NACCO Industries, Inc. Common Stock",NYSE,NC,NC,NC
NCA,Nuveen California Municipal Value Fund,NYSE,NCA,NCA,NCA
NCDL,Nuveen Churchill Direct Lending Corp. Common Stock,NYSE,NCDL,NCDL,NCDL
NCEL,NewcelX Ltd. - Ordinary Shares,NASDAQ,NA,NA,NCEL
NCEW,New Century Logistics (BVI) Limited - Ordinary Shares,NASDAQ,NA,NA,NCEW
NCI,Neo-Concept International Group Holdings Limited - Class A Ordinary Shares,NASDAQ,NA,NA,NCI
NCL,Northann Corp. Common Stock,AMEX,NCL,NCL,NCL
NCLH,Norwegian Cruise Line Holdings Ltd. Ordinary Shares,NYSE,NCLH,NCLH,NCLH
NCMI,"National CineMedia, Inc. - Common Stock",NASDAQ,NA,NA,NCMI
NCNA,NuCana plc - American Depositary Shares,NASDAQ,NA,NA,NCNA
NCNO,"nCino, Inc. - Common Stock",NASDAQ,NA,NA,NCNO
NCO,Southern Cross Acquisition I Corp. - Ordinary Shares,NASDAQ,NA,NA,NCO
NCOOR,Southern Cross Acquisition I Corp. - Rights,NASDAQ,NA,NA,NCOOR
NCOOU,Southern Cross Acquisition I Corp. - Units,NASDAQ,NA,NA,NCOOU
NCOOW,Southern Cross Acquisition I Corp. - Warrants,NASDAQ,NA,NA,NCOOW
NCPL,Netcapital Inc. - Common Stock,NASDAQ,NA,NA,NCPL
NCPLW,Netcapital Inc. - warrants,NASDAQ,NA,NA,NCPLW
NCRA,"Nocera, Inc. - common stock",NASDAQ,NA,NA,NCRA
NCSM,"NCS Multistage Holdings, Inc. - Common Stock",NASDAQ,NA,NA,NCSM
NCT,Intercont (Cayman) Limited - Class A Ordinary shares,NASDAQ,NA,NA,NCT
NCTY,The9 Limited - American Depository Shares,NASDAQ,NA,NA,NCTY
NCV,Virtus Convertible & Income Fund Common Shares of Beneficial Interest,NYSE,NCV,NCV,NCV
NCV-PA,Virtus Convertible & Income Fund 5.625% Series A Cumulative Preferred Shares,NYSE,NCV$A,NCVpA,NCV-A
NCZ,Virtus Convertible & Income Fund II Common Shares of Beneficial Interest,NYSE,NCZ,NCZ,NCZ
NCZ-PA,Virtus Convertible & Income Fund II 5.50% Series A Cumulative Preferred Shares,NYSE,NCZ$A,NCZpA,NCZ-A
NDAQ,"Nasdaq, Inc. - Common Stock",NASDAQ,NA,NA,NDAQ
NDLS,Noodles & Company - Class A Common Stock,NASDAQ,NA,NA,NDLS
NDMO,Nuveen Dynamic Municipal Opportunities Fund Common Shares of Beneficial Interest,NYSE,NDMO,NDMO,NDMO
NDRA,ENDRA Life Sciences Inc. - Common Stock,NASDAQ,NA,NA,NDRA
NDSN,Nordson Corporation - Common Stock,NASDAQ,NA,NA,NDSN
NE,Noble Corporation plc A Ordinary Shares,NYSE,NE,NE,NE
NE-WT,Noble Corporation plc Tranche 1 Warrants,NYSE,NE.W,NE.WS,NE+
NE-WTA,Noble Corporation plc Tranche 2 Warrants,NYSE,NE.A,NE.WS.A,NE+A
NEA,Nuveen AMT-Free Quality Municipal Income Fund Common Shares of Beneficial Interest Par Value $.01,NYSE,NEA,NEA,NEA
NECB,"NorthEast Community Bancorp, Inc. - Common Stock",NASDAQ,NA,NA,NECB
NEE,"NextEra Energy, Inc. Common Stock",NYSE,NEE,NEE,NEE
NEE-PN,"NextEra Energy Capital Holdings Inc. Series N Junior Subordinated Debentures due March 1, 2079",NYSE,NEE$N,NEEpN,NEE-N
NEE-PS,"NextEra Energy, Inc. 7.299% Corporate Units",NYSE,NEE$S,NEEpS,NEE-S
NEE-PT,"NextEra Energy, Inc. 7.234% Corporate Units",NYSE,NEE$T,NEEpT,NEE-T
NEE-PU,"NextEra Energy, Inc. Series U Junior Subordinated Debentures due June 1, 2085",NYSE,NEE$U,NEEpU,NEE-U
NEE-PV,"NextEra Energy, Inc. 7.375% Corporate Units",NYSE,NEE$V,NEEpV,NEE-V
NEE-PW,"NextEra Energy Capital Holdings Inc. Series Z Junior Subordinated Debentures due April 15, 2086",NYSE,NEE$W,NEEpW,NEE-W
NEGG,"Newegg Commerce, Inc. - Common Shares",NASDAQ,NA,NA,NEGG
NEM,Newmont Corporation,NYSE,NEM,NEM,NEM
NEN,New England Realty Associates Limited Partnership Class A Depositary Receipts Evidencing Units of Limited Partnership,AMEX,NEN,NEN,NEN
NEO,"NeoGenomics, Inc. - Common Stock",NASDAQ,NA,NA,NEO
NEOG,Neogen Corporation - Common Stock,NASDAQ,NA,NA,NEOG
NEON,Neonode Inc. - Common Stock,NASDAQ,NA,NA,NEON
NEOV,NeoVolta Inc. - Common Stock,NASDAQ,NA,NA,NEOV
NEOVW,NeoVolta Inc. - Warrant,NASDAQ,NA,NA,NEOVW
NEPH,"Nephros, Inc. - Common Stock",NASDAQ,NA,NA,NEPH
NERV,"Minerva Neurosciences, Inc - Common Stock",NASDAQ,NA,NA,NERV
NESR,National Energy Services Reunited Corp - Ordinary Shares,NASDAQ,NA,NA,NESR
NET,"Cloudflare, Inc. Class A Common Stock",NYSE,NET,NET,NET
NEU,NewMarket Corp Common Stock,NYSE,NEU,NEU,NEU
NEUP,Neuphoria Therapeutics Inc. - Common Stock,NASDAQ,NA,NA,NEUP
NEWP,New Pacific Metals Corp. Common Shares,AMEX,NEWP,NEWP,NEWP
NEWT,"NewtekOne, Inc. - Common Stock",NASDAQ,NA,NA,NEWT
NEWTG,"NewtekOne, Inc. - 8.50% Fixed Rate Senior Notes due 2029",NASDAQ,NA,NA,NEWTG
NEWTH,"NewtekOne, Inc. - 8.625% Fixed Rate Senior Notes due 2029",NASDAQ,NA,NA,NEWTH
NEWTI,"NewtekOne, Inc. - 8.00% Fixed Rate Senior Notes due 2028",NASDAQ,NA,NA,NEWTI
NEWTO,"NewtekOne, Inc. - 8.50% Fixed Rate Senior Notes due 2031",NASDAQ,NA,NA,NEWTO
NEWTP,"NewtekOne, Inc. - Depositary Shares, Each Representing a 1/40th Interest in a Share of 8.500% Fixed Rate Reset Non-Cumulative Perpetual Preferred Stock, Series B",NASDAQ,NA,NA,NEWTP
NEXA,Nexa Resources S.A. Common Shares,NYSE,NEXA,NEXA,NEXA
NEXM,NexMetals Mining Corp. - Common Stock,NASDAQ,NA,NA,NEXM
NEXN,Nexxen International Ltd. - Ordinary Shares,NASDAQ,NA,NA,NEXN
NEXR,Nexera Technologies Ltd - Ordinary Shares,NASDAQ,NA,NA,NEXR
NEXRW,Nexera Technologies Ltd - Warrant,NASDAQ,NA,NA,NEXRW
NEXT,NextDecade Corporation - Common Stock,NASDAQ,NA,NA,NEXT
NFE,New Fortress Energy Inc. - Class A Common Stock,NASDAQ,NA,NA,NFE
NFG,National Fuel Gas Company Common Stock,NYSE,NFG,NFG,NFG
NFGC,New Found Gold Corp Common Shares,AMEX,NFGC,NFGC,NFGC
NFJ,"Virtus Dividend, Interest & Premium Strategy Fund Common Shares of Beneficial Interest",NYSE,NFJ,NFJ,NFJ
NFLX,"Netflix, Inc. - Common Stock",NASDAQ,NA,NA,NFLX
NG,Novagold Resources Inc.,AMEX,NG,NG,NG
NGEN,NervGen Pharma Corp. - Common stock,NASDAQ,NA,NA,NGEN
NGG,"National Grid Transco, PLC National Grid PLC (NEW) American Depositary Shares",NYSE,NGG,NGG,NGG
NGL,NGL ENERGY PARTNERS LP Common Units representing Limited Partner Interests,NYSE,NGL,NGL,NGL
NGL-PB,NGL ENERGY PARTNERS LP 9.00% Class B Fixed-to-Floating Rate Cumulative Redeemable Perpetual Preferred Units representing limited partnership interests,NYSE,NGL$B,NGLpB,NGL-B
NGL-PC,NGL ENERGY PARTNERS LP 9.625% Class C Fixed-to-Floating Rate Cumulative  Redeemable Perpetual Preferred Units representing  limited partner interests,NYSE,NGL$C,NGLpC,NGL-C
NGNE,Neurogene Inc. - Common Stock,NASDAQ,NA,NA,NGNE
NGS,"Natural Gas Services Group, Inc. Common Stock",NYSE,NGS,NGS,NGS
NGVC,"Natural Grocers by Vitamin Cottage, Inc. Common Stock",NYSE,NGVC,NGVC,NGVC
NGVT,Ingevity Corporation Common Stock ,NYSE,NGVT,NGVT,NGVT
NHC,National HealthCare Corporation Common Stock,AMEX,NHC,NHC,NHC
NHI,"National Health Investors, Inc. Common Stock",NYSE,NHI,NHI,NHI
NHIC,NewHold Investment Corp III - Class A Ordinary shares,NASDAQ,NA,NA,NHIC
NHICU,NewHold Investment Corp III - Units,NASDAQ,NA,NA,NHICU
NHICW,NewHold Investment Corp III - Warrants,NASDAQ,NA,NA,NHICW
NHIV,NewHold Investment Corp IV - Class A Ordinary Shares,NASDAQ,NA,NA,NHIV
NHIVU,NewHold Investment Corp IV - Units,NASDAQ,NA,NA,NHIVU
NHIVW,NewHold Investment Corp IV - Warrants,NASDAQ,NA,NA,NHIVW
NHP,"National Healthcare Properties, Inc. - Class A Common Stock",NASDAQ,NA,NA,NHP
NHPAP,"National Healthcare Properties, Inc. - 7.375% Series A Cumulative Redeemable Perpetual Preferred Stock",NASDAQ,NA,NA,NHPAP
NHPBP,"National Healthcare Properties, Inc. - 7.125% Series B Cumulative Redeemable Perpetual Preferred Stock",NASDAQ,NA,NA,NHPBP
NHS,Neuberger High Yield Strategies Fund Inc. Common Stock,AMEX,NHS,NHS,NHS
NHTC,Natural Health Trends Corp. - Common Stock,NASDAQ,NA,NA,NHTC
NI,NiSource Inc Common Stock,NYSE,NI,NI,NI
NIC,Nicolet Bankshares Inc. Common Stock,NYSE,NIC,NIC,NIC
NICE,NICE Ltd - American Depositary Shares each representing one Ordinary Share,NASDAQ,NA,NA,NICE
NICM,Nicola Mining Inc. - American Depositary Shares,NASDAQ,NA,NA,NICM
NIE,Virtus Equity & Convertible Income Fund Common Shares of Beneficial Interest,NYSE,NIE,NIE,NIE
NIKI,"Niki BioSolutions, Inc. - Common Stock",NASDAQ,NA,NA,NIKI
NIM,Nuveen Select Maturities Municipal Fund Common Stock,NYSE,NIM,NIM,NIM
NINE,"Nine Energy Service, Inc. Common Stock",AMEX,NINE,NINE,NINE
NIO,"NIO Inc. American depositary shares, each  representing one Class A ordinary share",NYSE,NIO,NIO,NIO
NIOBW,NioCorp Developments Ltd. - Warrant,NASDAQ,NA,NA,NIOBW
NIPG,NIP Group Inc. - American Depositary Shares,NASDAQ,NA,NA,NIPG
NIQ,NIQ Global Intelligence plc Ordinary Shares,NYSE,NIQ,NIQ,NIQ
NIU,Niu Technologies - American Depositary Shares,NASDAQ,NA,NA,NIU
NIVF,NewGenIvf Group Limited - Class A Ordinary Shares,NASDAQ,NA,NA,NIVF
NIVFW,NewGenIvf Group Limited - Warrants,NASDAQ,NA,NA,NIVFW
NIXX,"Nixxy, Inc. - Common Stock",NASDAQ,NA,NA,NIXX
NJR,NewJersey Resources Corporation Common Stock,NYSE,NJR,NJR,NJR
NKE,"Nike, Inc. Common Stock",NYSE,NKE,NKE,NKE
NKLR,Terra Innovatum Global N.V. - Ordinary shares,NASDAQ,NA,NA,NKLR
NKSH,"National Bankshares, Inc. - Common Stock",NASDAQ,NA,NA,NKSH
NKTR,Nektar Therapeutics - Common Stock,NASDAQ,NA,NA,NKTR
NKTX,"Nkarta, Inc. - Common Stock",NASDAQ,NA,NA,NKTX
NKX,Nuveen California AMT-Free Quality Municipal Income Fund,NYSE,NKX,NKX,NKX
NL,"NLI Holdings, Inc. Common Stock",NYSE,NL,NL,NL
NLOP,Net Lease Office Properties Common Shares of Beneficial Interest,NYSE,NLOP,NLOP,NLOP
NLY,Annaly Capital Management Inc. Common Stock,NYSE,NLY,NLY,NLY
NLY-PF,Annaly Capital Management Inc 6.95% Series F,NYSE,NLY$F,NLYpF,NLY-F
NLY-PG,Annaly Capital Management Inc 6.50% Series G Fixed-to-Floating Rate Cumulative Redeemable Preferred Stock,NYSE,NLY$G,NLYpG,NLY-G
NLY-PI,Annaly Capital Management Inc 6.750% Series I Fixed-to-Floating Rate Cumulative Redeemable Preferred Stock,NYSE,NLY$I,NLYpI,NLY-I
NLY-PJ,Annaly Capital Management Inc. 8.875% Series J Fixed-Rate Cumulative Redeemable Preferred Stock,NYSE,NLY$J,NLYpJ,NLY-J
NMAD,"Nomad Power Solutions, Inc. - Common Stock",NASDAQ,NA,NA,NMAD
NMAI,Nuveen Multi-Asset Income Fund Common Shares of Beneficial Interest,NYSE,NMAI,NMAI,NMAI
NMAX,"Newsmax, Inc. Class B Common Stock",NYSE,NMAX,NMAX,NMAX
NMCO,Nuveen Municipal Credit Opportunities Fund Common Shares,NYSE,NMCO,NMCO,NMCO
NMFC,New Mountain Finance Corporation - Common Stock,NASDAQ,NA,NA,NMFC
NMFCZ,New Mountain Finance Corporation - 8.250% Notes due 2028,NASDAQ,NA,NA,NMFCZ
NMG,Nouveau Monde Graphite Inc. Common Shares,NYSE,NMG,NMG,NMG
NMI,"Nuveen Municipal Income Fund, Inc. Common Stock",NYSE,NMI,NMI,NMI
NMIH,NMI Holdings Inc - Common Stock,NASDAQ,NA,NA,NMIH
NML,Neuberger Energy Infrastructure and Income Fund Inc. Common Stock,AMEX,NML,NML,NML
NMM,Navios Maritime Partners LP Common Units Representing Limited Partner Interests,NYSE,NMM,NMM,NMM
NMP,NMP Acquisition Corp. - Class A Ordinary Shares,NASDAQ,NA,NA,NMP
NMPAR,NMP Acquisition Corp. - Right,NASDAQ,NA,NA,NMPAR
NMPAU,NMP Acquisition Corp. - Units,NASDAQ,NA,NA,NMPAU
NMR,Nomura Holdings Inc ADR American Depositary Shares,NYSE,NMR,NMR,NMR
NMRA,"Neumora Therapeutics, Inc. - Common Stock",NASDAQ,NA,NA,NMRA
NMRK,"Newmark Group, Inc. - Class A Common Stock",NASDAQ,NA,NA,NMRK
NMS,Nuveen Minnesota Quality Municipal Income Fund ,NYSE,NMS,NMS,NMS
NMT,Nuveen Massachusetts Quality Municipal Income Fund Common Stock,NYSE,NMT,NMT,NMT
NMTC,NeuroOne Medical Technologies Corporation - Common Stock,NASDAQ,NA,NA,NMTC
NMZ,"Nuveen Municipal High Income Opportunity Fund Common Stock, $0.01 par value, per share",NYSE,NMZ,NMZ,NMZ
NN,NextNav Inc. - Common stock,NASDAQ,NA,NA,NN
NNBR,"NN, Inc. - Common Stock",NASDAQ,NA,NA,NNBR
NNDM,Nano Dimension Ltd. - American Depositary Shares,NASDAQ,NA,NA,NNDM
NNE,Nano Nuclear Energy Inc. - common stock,NASDAQ,NA,NA,NNE
NNI,"Nelnet, Inc. Common Stock",NYSE,NNI,NNI,NNI
NNN,"NNN REIT, Inc. Common Stock",NYSE,NNN,NNN,NNN
NNNN,Anbio Biotechnology - Class A Ordinary Shares,NASDAQ,NA,NA,NNNN
NNOX,NANO-X IMAGING LTD - Ordinary Shares,NASDAQ,NA,NA,NNOX
NNVC,"NanoViricides, Inc. Common Stock",AMEX,NNVC,NNVC,NNVC
NNY,Nuveen New York Municipal Value Fund Common Stock,NYSE,NNY,NNY,NNY
NOA,North American Construction Group Ltd. Common Shares (no par),NYSE,NOA,NOA,NOA
NOAH,Noah Holdings Limited American Depositary Shares,NYSE,NOAH,NOAH,NOAH
NOC,Northrop Grumman Corporation Common Stock,NYSE,NOC,NOC,NOC
NODK,"NI Holdings, Inc. - Common Stock",NASDAQ,NA,NA,NODK
NOEM,CO2 Energy Transition Corp. - Common Stock,NASDAQ,NA,NA,NOEM
NOEMR,CO2 Energy Transition Corp. - Right,NASDAQ,NA,NA,NOEMR
NOEMU,CO2 Energy Transition Corp. - Unit,NASDAQ,NA,NA,NOEMU
NOEMW,CO2 Energy Transition Corp. - Warrant,NASDAQ,NA,NA,NOEMW
NOG,"Northern Oil and Gas, Inc. Common Stock",NYSE,NOG,NOG,NOG
NOK,Nokia Corporation Sponsored American Depositary Shares,NYSE,NOK,NOK,NOK
NOMA,NOMADAR Corp. - Class A Common Stock,NASDAQ,NA,NA,NOMA
NOMD,Nomad Foods Limited Ordinary Shares,NYSE,NOMD,NOMD,NOMD
NOV,NOV Inc. Common Stock,NYSE,NOV,NOV,NOV
NOVT,Novanta Inc. - Common Shares,NASDAQ,NA,NA,NOVT
NOVTU,Novanta Inc. - Tangible Equity Units,NASDAQ,NA,NA,NOVTU
NOW,"ServiceNow, Inc. Common Stock",NYSE,NOW,NOW,NOW
NP,Neptune Insurance Holdings Inc. Class A Common Stock,NYSE,NP,NP,NP
NPAC,New Providence Acquisition Corp. III - Ordinary Shares,NASDAQ,NA,NA,NPAC
NPACU,New Providence Acquisition Corp. III - Units,NASDAQ,NA,NA,NPACU
NPACW,New Providence Acquisition Corp. III - Warrants,NASDAQ,NA,NA,NPACW
NPB,"Northpointe Bancshares, Inc. Common Stock",NYSE,NPB,NPB,NPB
NPCE,"Neuropace, Inc. - Common Stock",NASDAQ,NA,NA,NPCE
NPCT,Nuveen Core Plus Impact Fund Common Shares of Beneficial Interest,NYSE,NPCT,NPCT,NPCT
NPFD,Nuveen Variable Rate Preferred & Income Fund Common Shares,NYSE,NPFD,NPFD,NPFD
NPK,"National Presto Industries, Inc. Common Stock",NYSE,NPK,NPK,NPK
NPKI,NPK International Inc. Common Stock,NYSE,NPKI,NPKI,NPKI
NPO,Enpro Inc. Common Stock,NYSE,NPO,NPO,NPO
NPT,Texxon Holding Limited - Ordinary shares,NASDAQ,NA,NA,NPT
NPV,Nuveen Virginia Quality Municipal Income Fund Common Stock,NYSE,NPV,NPV,NPV
NPWR,NET Power Inc. Class A Common Stock,NYSE,NPWR,NPWR,NPWR
NPWR-WT,"NET Power Inc. Redeemable warrants, each whole warrant exercisable for one share of Class A Common Stock at an exercise price of $11.50",NYSE,NPWR.W,NPWR.WS,NPWR+
NRC,NRC Health - Common Stock,NASDAQ,NA,NA,NRC
NRDS,"NerdWallet, Inc. - Class A Common Stock",NASDAQ,NA,NA,NRDS
NRDY,Nerdy Inc. Class A Common Stock,NYSE,NRDY,NRDY,NRDY
NREF,"NexPoint Real Estate Finance, Inc. Common Stock",NYSE,NREF,NREF,NREF
NREF-PA,"NexPoint Real Estate Finance, Inc. 8.50% Series A Cumulative Redeemable Preferred Stock",NYSE,NREF$A,NREFpA,NREF-A
NRG,"NRG Energy, Inc. Common Stock",NYSE,NRG,NRG,NRG
NRGV,"Energy Vault Holdings, Inc. Common Stock",NYSE,NRGV,NRGV,NRGV
NRIM,Northrim BanCorp Inc - Common Stock,NASDAQ,NA,NA,NRIM
NRIX,"Nurix Therapeutics, Inc. - Common stock",NASDAQ,NA,NA,NRIX
NRK,Nuveen New York AMT-Free Quality Municipal Income Fund ,NYSE,NRK,NRK,NRK
NRO,Neuberger Real Estate Securities Income Fund Inc. Common Stock,AMEX,NRO,NRO,NRO
NRP,Natural Resource Partners LP Limited Partnership,NYSE,NRP,NRP,NRP
NRSN,NeuroSense Therapeutics Ltd. - Ordinary Shares,NASDAQ,NA,NA,NRSN
NRSNW,NeuroSense Therapeutics Ltd. - Warrant,NASDAQ,NA,NA,NRSNW
NRT,North European Oil Royality Trust Common Stock,NYSE,NRT,NRT,NRT
NRUC,National Rural Utilities Cooperative Finance Corporation 5.500% Subordinated Notes due 2064 (Subordinated Deferrable Interest Notes),NYSE,NRUC,NRUC,NRUC
NRXP,"NRX Pharmaceuticals, Inc. - Common Stock",NASDAQ,NA,NA,NRXP
NRXS,"Neuraxis, Inc. Common Stock",AMEX,NRXS,NRXS,NRXS
NSC,Norfolk Southern Corporation Common Stock,NYSE,NSC,NSC,NSC
NSIT,"Insight Enterprises, Inc. - Common Stock",NASDAQ,NA,NA,NSIT
NSLR,Neostellar Capital Corp. - Closed End Fund,NASDAQ,NA,NA,NSLR
NSLRL,Neostellar Capital Corp. - 6.00% Notes due 2026,NASDAQ,NA,NA,NSLRL
NSP,"Insperity, Inc. Common Stock",NYSE,NSP,NSP,NSP
NSPR,InspireMD Inc. - Common Stock,NASDAQ,NA,NA,NSPR
NSRX,Nasus Pharma Ltd. Ordinary Shares,AMEX,NSRX,NSRX,NSRX
NSSC,"NAPCO Security Technologies, Inc. - Common Stock",NASDAQ,NA,NA,NSSC
NSTS,"NSTS Bancorp, Inc. - Common Stock",NASDAQ,NA,NA,NSTS
NSYS,Nortech Systems Incorporated - Common Stock,NASDAQ,NA,NA,NSYS
NTAP,"NetApp, Inc. - Common Stock",NASDAQ,NA,NA,NTAP
NTB,Bank of N.T. Butterfield & Son Limited (The) Voting Ordinary Shares,NYSE,NTB,NTB,NTB
NTCL,NETCLASS TECHNOLOGY INC - Class A Ordinary Shares,NASDAQ,NA,NA,NTCL
NTCT,"NetScout Systems, Inc. - Common Stock",NASDAQ,NA,NA,NTCT
NTES,"NetEase, Inc. - American Depositary Shares, each representing 5 ordinary shares",NASDAQ,NA,NA,NTES
NTEST,NYSE Tick Pilot Test Sym-Control,NYSE,NTEST,NTEST,NTEST
NTEST-A,NYSE Tick Pilot Test Sym-G1,NYSE,NTEST.A,NTEST.A,NTEST.A
NTEST-B,NYSE Tick Pilot Test Sym-G2,NYSE,NTEST.B,NTEST.B,NTEST.B
NTEST-C,Tick Pilot Test C Common Stock,NYSE,NTEST.C,NTEST.C,NTEST.C
NTGR,"NETGEAR, Inc. - Common Stock",NASDAQ,NA,NA,NTGR
NTHI,"NeOnc Technologies Holdings, Inc. - Common Stock",NASDAQ,NA,NA,NTHI
NTIC,Northern Technologies International Corporation - Common Stock,NASDAQ,NA,NA,NTIC
NTIP,"Network-1 Technologies, Inc. Common Stock",AMEX,NTIP,NTIP,NTIP
NTLA,"Intellia Therapeutics, Inc. - Common Stock",NASDAQ,NA,NA,NTLA
NTNX,"Nutanix, Inc. - Class A Common Stock",NASDAQ,NA,NA,NTNX
NTR,Nutrien Ltd. Common Shares,NYSE,NTR,NTR,NTR
NTRA,"Natera, Inc. - Common Stock",NASDAQ,NA,NA,NTRA
NTRB,Nutriband Inc. - Common Stock,NASDAQ,NA,NA,NTRB
NTRBW,Nutriband Inc. - Warrant,NASDAQ,NA,NA,NTRBW
NTRP,"NextTrip, Inc. - Common Stock",NASDAQ,NA,NA,NTRP
NTRS,Northern Trust Corporation - Common Stock,NASDAQ,NA,NA,NTRS
NTRSO,"Northern Trust Corporation - Depositary Shares Each Representing a 1/1,000th Interest in a Share of Series E Non-Cumulative Perpetual Preferred Stock",NASDAQ,NA,NA,NTRSO
NTSK,"Netskope, Inc. - Class A Common Stock",NASDAQ,NA,NA,NTSK
NTST,NetSTREIT Corp. Common Stock,NYSE,NTST,NTST,NTST
NTWK,NETSOL Technologies Inc. - Common Stock,NASDAQ,NA,NA,NTWK
NTWO,Newbury Street II Acquisition Corp - Class A Ordinary Shares,NASDAQ,NA,NA,NTWO
NTWOU,Newbury Street II Acquisition Corp - Unit,NASDAQ,NA,NA,NTWOU
NTWOW,Newbury Street II Acquisition Corp - Warrant,NASDAQ,NA,NA,NTWOW
NTZ,"Natuzzi, S.p.A.",NYSE,NTZ,NTZ,NTZ
NU,Nu Holdings Ltd. Class A Ordinary Shares,NYSE,NU,NU,NU
NUAI,"New Era Energy & Digital, Inc. - Common Stock",NASDAQ,NA,NA,NUAI
NUAIW,"New Era Energy & Digital, Inc. - Warrants",NASDAQ,NA,NA,NUAIW
NUCL,Eagle Nuclear Energy Corp. - Common stock,NASDAQ,NA,NA,NUCL
NUCLW,Eagle Nuclear Energy Corp. - Warrants,NASDAQ,NA,NA,NUCLW
NUE,Nucor Corporation Common Stock,NYSE,NUE,NUE,NUE
NUS,"Nu Skin Enterprises, Inc. Common Stock",NYSE,NUS,NUS,NUS
NUTX,Nutex Health Inc. - Common Stock,NASDAQ,NA,NA,NUTX
NUV,"Nuveen Municipal Value Fund, Inc. Common Stock",NYSE,NUV,NUV,NUV
NUVB,Nuvation Bio Inc. Class A Common Stock,NYSE,NUVB,NUVB,NUVB
NUW,Nuveen AMT-Free Municipal Value Fund,NYSE,NUW,NUW,NUW
NUWE,"Nuwellis, Inc. - Common Stock",NASDAQ,NA,NA,NUWE
NVA,Nova Minerals Corp Common Stock,AMEX,NVA,NVA,NVA
NVA-WT,Nova Minerals Corp Warrants to Purchase Common Stock,AMEX,NVA.W,NVA.WS,NVA+
NVAX,"Novavax, Inc. - Common Stock",NASDAQ,NA,NA,NVAX
NVCR,NovoCure Limited - Ordinary Shares,NASDAQ,NA,NA,NVCR
NVCT,"Nuvectis Pharma, Inc. - Common Stock",NASDAQ,NA,NA,NVCT
NVDA,NVIDIA Corporation - Common Stock,NASDAQ,NA,NA,NVDA
NVEC,NVE Corporation - Common Stock,NASDAQ,NA,NA,NVEC
NVG,Nuveen AMT-Free Municipal Credit Income Fund ,NYSE,NVG,NVG,NVG
NVGS,Navigator Holdings Ltd. Ordinary Shares (Marshall Islands),NYSE,NVGS,NVGS,NVGS
NVMI,Nova Ltd. - Ordinary Shares,NASDAQ,NA,NA,NVMI
NVNI,Nvni Group Limited - Ordinary Shares,NASDAQ,NA,NA,NVNI
NVNIW,Nvni Group Limited - Warrants,NASDAQ,NA,NA,NVNIW
NVNO,enVVeno Medical Corporation - Common Stock,NASDAQ,NA,NA,NVNO
NVO,Novo Nordisk A/S Common Stock,NYSE,NVO,NVO,NVO
NVR,"NVR, Inc. Common Stock",NYSE,NVR,NVR,NVR
NVRI,Enviri Corporation Common Stock,NYSE,NVRI,NVRI,NVRI
NVS,Novartis AG Common Stock,NYSE,NVS,NVS,NVS
NVST,Envista Holdings Corporation Common Stock,NYSE,NVST,NVST,NVST
NVT,nVent Electric plc Ordinary Shares ,NYSE,NVT,NVT,NVT
NVTS,Navitas Semiconductor Corporation - Common Stock,NASDAQ,NA,NA,NVTS
NVX,NOVONIX Limited - American Depository Shares,NASDAQ,NA,NA,NVX
NWAX,New America Acquisition I Corp. Class A Common Stock,NYSE,NWAX,NWAX,NWAX
NWAX-UN,"New America Acquisition I Corp. Units, each consisting of one share of Class A Common Stock and one-half of one redeemable warrant",NYSE,NWAX.U,NWAX.U,NWAX=
NWAX-WT,"New America Acquisition I Corp. Warrants, each whole warrant is exercisable to purchase one share of Class A common stock",NYSE,NWAX.W,NWAX.WS,NWAX+
NWBI,"Northwest Bancshares, Inc. - Common Stock",NASDAQ,NA,NA,NWBI
NWE,"NorthWestern Energy Group, Inc.  - Common Stock",NASDAQ,NA,NA,NWE
NWFL,Norwood Financial Corp. - Common Stock,NASDAQ,NA,NA,NWFL
NWG,"NatWest Group plc American Depositary Shares, (each representing two (2) Ordinary Shares)",NYSE,NWG,NWG,NWG
NWGL,CL Workshop Group Limited - American Depositary Shares,NASDAQ,NA,NA,NWGL
NWL,Newell Brands Inc. - Common Stock,NASDAQ,NA,NA,NWL
NWN,Northwest Natural Holding Company Common Stock,NYSE,NWN,NWN,NWN
NWPX,"NWPX Infrastructure, Inc. - Common Stock",NASDAQ,NA,NA,NWPX
NWS,News Corporation - Class B Common Stock,NASDAQ,NA,NA,NWS
NWSA,News Corporation - Class A Common Stock,NASDAQ,NA,NA,NWSA
NWTG,"Newton Golf Company, Inc. - Common Stock",NASDAQ,NA,NA,NWTG
NX,Quanex Building Products Corporation Common Stock,NYSE,NX,NX,NX
NXB,NextBoat Inc. Common Stcok,AMEX,NXB,NXB,NXB
NXDR,"Nextdoor Holdings, Inc. Class A Common Stock",NYSE,NXDR,NXDR,NXDR
NXDT,NexPoint Diversified Real Estate Trust Common Stock,NYSE,NXDT,NXDT,NXDT
NXDT-PA,NexPoint Diversified Real Estate Trust 5.50% Series A Cumulative Preferred Shares ($25.00 liquidation preference per share),NYSE,NXDT$A,NXDTpA,NXDT-A
NXE,Nexgen Energy Ltd. Common Shares,NYSE,NXE,NXE,NXE
NXG,NXG NextGen Infrastructure Income Fund Common Shares of Beneficial Interest,NYSE,NXG,NXG,NXG
NXGL,"NexGel, Inc - Common Stock",NASDAQ,NA,NA,NXGL
NXGLW,"NexGel, Inc - Warrant",NASDAQ,NA,NA,NXGLW
NXL,"Nexalin Technology, Inc. - Common Stock",NASDAQ,NA,NA,NXL
NXP,Nuveen Select Tax Free Income Portfolio Common Stock,NYSE,NXP,NXP,NXP
NXPI,NXP Semiconductors N.V. - Common Stock,NASDAQ,NA,NA,NXPI
NXPL,NextPlat Corp - Common Stock,NASDAQ,NA,NA,NXPL
NXRT,"NexPoint Residential Trust, Inc. Common Stock",NYSE,NXRT,NXRT,NXRT
NXST,"Nexstar Media Group, Inc. - Common Stock",NASDAQ,NA,NA,NXST
NXT,Nextpower Inc. - Class A Common Stock,NASDAQ,NA,NA,NXT
NXTC,"NextCure, Inc. - Common Stock",NASDAQ,NA,NA,NXTC
NXTS,Nexentis Technologies Inc. - Common Stock,NASDAQ,NA,NA,NXTS
NXTT,Next Technology Holding Inc. - Ordinary Shares,NASDAQ,NA,NA,NXTT
NXXT,"NextNRG, Inc. - Common Stock",NASDAQ,NA,NA,NXXT
NYAX,Nayax Ltd. - Ordinary Shares,NASDAQ,NA,NA,NYAX
NYC,American Strategic Investment Co. Class A Common Stock,NYSE,NYC,NYC,NYC
NYT,New York Times Company (The) Common Stock,NYSE,NYT,NYT,NYT
NYXH,Nyxoah SA - Ordinary Shares,NASDAQ,NA,NA,NYXH
NZF,Nuveen Municipal Credit Income Fund ,NYSE,NZF,NZF,NZF
O,Realty Income Corporation Common Stock,NYSE,O,O,O
OABI,"OmniAb, Inc. - Common Stock",NASDAQ,NA,NA,OABI
OABIW,"OmniAb, Inc. - Warrant",NASDAQ,NA,NA,OABIW
OACC,Oaktree Acquisition Corp. III Life Sciences - Class A Ordinary Share,NASDAQ,NA,NA,OACC
OACCU,Oaktree Acquisition Corp. III Life Sciences - Unit,NASDAQ,NA,NA,OACCU
OACCW,Oaktree Acquisition Corp. III Life Sciences - Warrant,NASDAQ,NA,NA,OACCW
OAK-PA,"Brookfield Oaktree Holdings, LLC 6.625% Series A Preferred Units",NYSE,OAK$A,OAKpA,OAK-A
OAK-PB,"Brookfield Oaktree Holdings, LLC 6.550% Series B Preferred Units",NYSE,OAK$B,OAKpB,OAK-B
OBA,Oxley Bridge Acquisition Limited - Class A Ordinary Shares,NASDAQ,NA,NA,OBA
OBAI,"Our Bond, Inc. - Common Stock",NASDAQ,NA,NA,OBAI
OBAWU,Oxley Bridge Acquisition Limited - Unit,NASDAQ,NA,NA,OBAWU
OBAWW,Oxley Bridge Acquisition Limited - Warrants,NASDAQ,NA,NA,OBAWW
OBDC,Blue Owl Capital Corporation Common Stock,NYSE,OBDC,OBDC,OBDC
OBE,Obsidian Energy Ltd. Common Shares,AMEX,OBE,OBE,OBE
OBIO,"Orchestra BioMed Holdings, Inc. - Ordinary Shares",NASDAQ,NA,NA,OBIO
OBK,"Origin Bancorp, Inc. Common Stock",NYSE,OBK,OBK,OBK
OBT,"Orange County Bancorp, Inc. - Common Stock",NASDAQ,NA,NA,OBT
OBX,"Obsidian Therapeutics, Inc. - Common Stock",NASDAQ,NA,NA,OBX
OC,Owens Corning Inc Common Stock New,NYSE,OC,OC,OC
OCAC,Ocean Capital Acquisition Corporation Ordinary Shares,NYSE,OCAC,OCAC,OCAC
OCAC-R,"Ocean Capital Acquisition Corporation Rights, each entitling the holder to receive one ordinary share",NYSE,OCAC.R,OCACr,OCAC^
OCAC-UN,"Ocean Capital Acquisition Corporation Units, each consisting of one Class A Ordinary Share, one redeemable Warrant and one Right",NYSE,OCAC.U,OCAC.U,OCAC=
OCAC-WT,"Ocean Capital Acquisition Corporation Warrants, each exercisable for one ordinary share",NYSE,OCAC.W,OCAC.WS,OCAC+
OCC,Optical Cable Corporation - Common Stock,NASDAQ,NA,NA,OCC
OCCI,"OFS Credit Company, Inc. - Closed End Fund",NASDAQ,NA,NA,OCCI
OCCIM,"OFS Credit Company, Inc. - 7.875% Series F Term Preferred Stock",NASDAQ,NA,NA,OCCIM
OCCIN,"OFS Credit Company, Inc. - 5.25% Series E Term Preferred Stock Due 2026",NASDAQ,NA,NA,OCCIN
OCFC,OceanFirst Financial Corp. - Common Stock,NASDAQ,NA,NA,OCFC
OCG,Oriental Culture Holding LTD - Ordinary Shares,NASDAQ,NA,NA,OCG
OCGN,"Ocugen, Inc. - Common Stock",NASDAQ,NA,NA,OCGN
OCLTU,OceanLight Acquisition Corporation - Units,NASDAQ,NA,NA,OCLTU
OCS,Oculis Holding AG - Ordinary shares,NASDAQ,NA,NA,OCS
OCSAW,Oculis Holding AG - Warrants,NASDAQ,NA,NA,OCSAW
OCSL,Oaktree Specialty Lending Corporation - Closed End Fund,NASDAQ,NA,NA,OCSL
OCTV,Octave Intelligence plc - Class B Ordinary Shares,NASDAQ,NA,NA,OCTV
OCUL,"Ocular Therapeutix, Inc. - Common Stock",NASDAQ,NA,NA,OCUL
ODC,Oil-Dri Corporation Of America Common Stock,NYSE,ODC,ODC,ODC
ODD,ODDITY Tech Ltd. - Class A Ordinary Shares,NASDAQ,NA,NA,ODD
ODFL,"Old Dominion Freight Line, Inc. - Common Stock",NASDAQ,NA,NA,ODFL
ODTX,"Odyssey Therapeutics, Inc. - Common Stock",NASDAQ,NA,NA,ODTX
ODYS,Odysight.ai Inc. - Common Stock,NASDAQ,NA,NA,ODYS
OEC,Orion S.A. Common Shares,NYSE,OEC,OEC,OEC
OESX,"Orion Energy Systems, Inc. - Common Stock",NASDAQ,NA,NA,OESX
OFAL,OFA Group - Class A Ordinary Shares,NASDAQ,NA,NA,OFAL
OFG,OFG Bancorp Common Stock,NYSE,OFG,OFG,OFG
OFIX,Orthofix Medical Inc.  - Common Stock,NASDAQ,NA,NA,OFIX
OFLX,"Omega Flex, Inc. - Common Stock",NASDAQ,NA,NA,OFLX
OFRM,"Once Upon a Farm, PBC Common Stock",NYSE,OFRM,OFRM,OFRM
OFS,OFS Capital Corporation - Closed End Fund,NASDAQ,NA,NA,OFS
OFSSH,OFS Capital Corporation - 4.95% Notes due 2028,NASDAQ,NA,NA,OFSSH
OFSSO,OFS Capital Corporation - 7.50% Notes due 2028,NASDAQ,NA,NA,OFSSO
OGC,OceanaGold Corporation Common Shares,NYSE,OGC,OGC,OGC
OGCP,"Empire State Realty OP, L.P. Series 60 Operating Partnership Units Representing Limited Partnership Interests",ARCA,OGCP,OGCP,OGCP
OGE,OGE Energy Corp Common Stock,NYSE,OGE,OGE,OGE
OGEN,Oragenics Inc. Common Stock,AMEX,OGEN,OGEN,OGEN
OGG,Osisko Gold Group Inc. Common Shares,NYSE,OGG,OGG,OGG
OGGWZ,Osisko Gold Group Inc. - Warrant,NASDAQ,NA,NA,OGGWZ
OGI,Organigram Global Inc. - Common Shares,NASDAQ,NA,NA,OGI
OGN,Organon & Co. Common Stock ,NYSE,OGN,OGN,OGN
OGS,"ONE Gas, Inc. Common Stock",NYSE,OGS,OGS,OGS
OHAC,Oceanhawk Acquisition Corp. - Class A Ordinary Shares,NASDAQ,NA,NA,OHAC
OHACR,Oceanhawk Acquisition Corp. - Rights,NASDAQ,NA,NA,OHACR
OHACU,Oceanhawk Acquisition Corp. - Units,NASDAQ,NA,NA,OHACU
OHI,"Omega Healthcare Investors, Inc. Common Stock",NYSE,OHI,OHI,OHI
OI,"O-I Glass, Inc. Common Stock",NYSE,OI,OI,OI
OIA,Invesco Municipal Income Opportunities Trust Common Stock,NYSE,OIA,OIA,OIA
OII,"Oceaneering International, Inc. Common Stock",NYSE,OII,OII,OII
OIM,OneIM Acquisition Corp. - Class A Ordinary Shares,NASDAQ,NA,NA,OIM
OIMAU,OneIM Acquisition Corp. - Units,NASDAQ,NA,NA,OIMAU
OIMAW,OneIM Acquisition Corp. - Warrant,NASDAQ,NA,NA,OIMAW
OIO,OIO Group - Ordinary Shares,NASDAQ,NA,NA,OIO
OIOWW,OIO Group - Warrants,NASDAQ,NA,NA,OIOWW
OIS,"Oil States International, Inc. Common Stock",NYSE,OIS,OIS,OIS
OKE,"ONEOK, Inc. Common Stock",NYSE,OKE,OKE,OKE
OKLO,Oklo Inc. Class A common stock,NYSE,OKLO,OKLO,OKLO
OKTA,"Okta, Inc. - Class A Common Stock",NASDAQ,NA,NA,OKTA
OKUR,"OnKure Therapeutics, Inc. - Class A Common Stock",NASDAQ,NA,NA,OKUR
OKYO,OKYO Pharma Limited - Ordinary Shares,NASDAQ,NA,NA,OKYO
OLB,"The OLB Group, Inc. - Common Stock",NASDAQ,NA,NA,OLB
OLED,Universal Display Corporation - Common Stock,NASDAQ,NA,NA,OLED
OLLI,"Ollie's Bargain Outlet Holdings, Inc. - Common Stock",NASDAQ,NA,NA,OLLI
OLMA,"Olema Pharmaceuticals, Inc. - Common Stock",NASDAQ,NA,NA,OLMA
OLN,Olin Corporation Common Stock,NYSE,OLN,OLN,OLN
OLOX,Olenox Industries Inc. - Common Stock,NASDAQ,NA,NA,OLOX
OLP,"One Liberty Properties, Inc. Common Stock",NYSE,OLP,OLP,OLP
OM,"Outset Medical, Inc. - Common Stock",NASDAQ,NA,NA,OM
OMAB,Grupo Aeroportuario del Centro Norte S.A.B. de C.V. - American Depositary Shares each representing 8 Series B shares,NASDAQ,NA,NA,OMAB
OMC,Omnicom Group Inc. Common Stock,NYSE,OMC,OMC,OMC
OMCL,"Omnicell, Inc. - Common Stock",NASDAQ,NA,NA,OMCL
OMDA,"Omada Health, Inc. - Common Stock",NASDAQ,NA,NA,OMDA
OMER,Omeros Corporation - Common Stock,NASDAQ,NA,NA,OMER
OMEX,"Odyssey Marine Exploration, Inc. - Common Stock",NASDAQ,NA,NA,OMEX
OMF,"OneMain Holdings, Inc. Common Stock",NYSE,OMF,OMF,OMF
OMH,Ohmyhome Limited - Class A Ordinary Shares,NASDAQ,NA,NA,OMH
OMSE,OMS Energy Technologies Inc. - Ordinary Shares,NASDAQ,NA,NA,OMSE
ON,ON Semiconductor Corporation - Common Stock,NASDAQ,NA,NA,ON
ONB,Old National Bancorp - Common Stock,NASDAQ,NA,NA,ONB
ONBPO,"Old National Bancorp - Depositary Shares, Each Representing a 1/40th Interest in a Share of Series C Preferred Stock",NASDAQ,NA,NA,ONBPO
ONBPP,"Old National Bancorp - Depositary Shares, Each Representing a 1/40th Interest in a Share of Series A Preferred Stock",NASDAQ,NA,NA,ONBPP
ONC,BeOne Medicines Ltd. - American Depositary Shares,NASDAQ,NA,NA,ONC
ONCH,1RT Acquisition Corp. - Class A Ordinary Share,NASDAQ,NA,NA,ONCH
ONCHU,1RT Acquisition Corp. - Units,NASDAQ,NA,NA,ONCHU
ONCHW,1RT Acquisition Corp. - Warrant,NASDAQ,NA,NA,ONCHW
ONCO,"Onconetix, Inc.  - Common Stock",NASDAQ,NA,NA,ONCO
ONCY,Oncolytics Biotech Inc. - Common Stock,NASDAQ,NA,NA,ONCY
ONDS,Ondas Inc - Common Stock,NASDAQ,NA,NA,ONDS
ONEG,OneConstruction Group Limited - Ordinary Shares,NASDAQ,NA,NA,ONEG
ONEW,OneWater Marine Inc. - Class A Common Stock,NASDAQ,NA,NA,ONEW
ONFO,Onfolio Holdings Inc. - Common Stock,NASDAQ,NA,NA,ONFO
ONFOW,Onfolio Holdings Inc. - Warrant,NASDAQ,NA,NA,ONFOW
ONIT,Onity Group Inc. Common Stock,NYSE,ONIT,ONIT,ONIT
ONL,Orion Properties Inc. Common Stock,NYSE,ONL,ONL,ONL
ONMD,OneMedNet Corp - Class A Common Stock,NASDAQ,NA,NA,ONMD
ONMDW,OneMedNet Corp - Warrant,NASDAQ,NA,NA,ONMDW
ONON,On Holding AG Class A Ordinary Shares,NYSE,ONON,ONON,ONON
ONT,"Onterris, Inc. Common Stock",NYSE,ONT,ONT,ONT
ONTO,Onto Innovation Inc. Common Stock,NYSE,ONTO,ONTO,ONTO
OOMA,"Ooma, Inc. Common Stock",NYSE,OOMA,OOMA,OOMA
OPAD,Offerpad Solutions Inc. Class A Common Stock,NYSE,OPAD,OPAD,OPAD
OPAL,OPAL Fuels Inc. - Class A Common Stock,NASDAQ,NA,NA,OPAL
OPBK,OP Bancorp - Common Stock,NASDAQ,NA,NA,OPBK
OPCH,"Option Care Health, Inc. - Common Stock",NASDAQ,NA,NA,OPCH
OPEN,Opendoor Technologies Inc  - Common Stock,NASDAQ,NA,NA,OPEN
OPENL,"Opendoor Technologies Inc  - Series A Warrants, each whole warrant exercisable to purchase one share of Common Stock at an exercise price of $13.00 per warrant",NASDAQ,NA,NA,OPENL
OPENW,"Opendoor Technologies Inc  - Series K Warrants, each whole warrant exercisable to purchase one share of Common Stock at an exercise price of $9.00 per warrant",NASDAQ,NA,NA,OPENW
OPENZ,"Opendoor Technologies Inc  - Series Z Warrants, each whole warrant exercisable to purchase one share of Common Stock at an exercise price of $17.00 per warrant",NASDAQ,NA,NA,OPENZ
OPFI,OppFi Inc. Class A Common Stock,NYSE,OPFI,OPFI,OPFI
OPHC,"OptimumBank Holdings, Inc. Common Stock",AMEX,OPHC,OPHC,OPHC
OPI,Office Properties Income Trust - Common shares of beneficial interest,NASDAQ,NA,NA,OPI
OPK,"Opko Health, Inc. - Common Stock",NASDAQ,NA,NA,OPK
OPLN,"OPENLANE, Inc. Common Stock",NYSE,OPLN,OPLN,OPLN
OPP,"RiverNorth/DoubleLine Strategic Opportunity Fund, Inc. Common Stock",NYSE,OPP,OPP,OPP
OPP-PA,"RiverNorth/DoubleLine Strategic Opportunity Fund, Inc. 4.375% Series A Cumulative Preferred Stock",NYSE,OPP$A,OPPpA,OPP-A
OPP-PB,"RiverNorth/DoubleLine Strategic Opportunity Fund, Inc. 4.75% Series B Cumulative Preferred Stock",NYSE,OPP$B,OPPpB,OPP-B
OPP-PC,"RiverNorth/DoubleLine Strategic Opportunity Fund, Inc. 6.00% Series C Term Preferred Stock (Liquidation Preference $10.00 per share)",AMEX,OPP$C,OPPpC,OPP-C
OPRA,Opera Limited - American Depositary Shares,NASDAQ,NA,NA,OPRA
OPRT,Oportun Financial Corporation - common stock,NASDAQ,NA,NA,OPRT
OPRX,OptimizeRx Corporation - Common Stock,NASDAQ,NA,NA,OPRX
OPTH,Optimi Health Corp. - Common Shares,NASDAQ,NA,NA,OPTH
OPTT,"Ocean Power Technologies, Inc. Common Stock",AMEX,OPTT,OPTT,OPTT
OPTU,"Optimum Communications, Inc. Class A common stock",NYSE,OPTU,OPTU,OPTU
OPTX,"Syntec Optics Holdings, Inc. - Class A Common Stock",NASDAQ,NA,NA,OPTX
OPTXW,"Syntec Optics Holdings, Inc. - Warrant",NASDAQ,NA,NA,OPTXW
OPXS,"Optex Systems Holdings, Inc. - Common Stock",NASDAQ,NA,NA,OPXS
OPY,"Oppenheimer Holdings, Inc. Class A Common Stock (DE)",NYSE,OPY,OPY,OPY
OR,OR Royalties Inc. Common Shares,NYSE,OR,OR,OR
ORA,"Ormat Technologies, Inc. Common Stock",NYSE,ORA,ORA,ORA
ORBS,Eightco Holdings Inc. - Common Stock,NASDAQ,NA,NA,ORBS
ORC,"Orchid Island Capital, Inc. Common Stock",NYSE,ORC,ORC,ORC
ORCL,Oracle Corporation Common Stock,NYSE,ORCL,ORCL,ORCL
ORCL-PD,"Oracle Corporation Depositary Shares, each representing a 1/2,000th interest in a sh of 6.50% Series D Mandatory Convertible Preferred Stock",NYSE,ORCL$D,ORCLpD,ORCL-D
ORGO,Organogenesis Holdings Inc.  - Class A ,NASDAQ,NA,NA,ORGO
ORI,Old Republic International Corporation Common Stock,NYSE,ORI,ORI,ORI
ORIC,"Oric Pharmaceuticals, Inc. - Common Stock",NASDAQ,NA,NA,ORIC
ORIO,Orion Digital Corp. - Common Shares,NASDAQ,NA,NA,ORIO
ORIQ,Origin Investment Corp I - Ordinary Shares,NASDAQ,NA,NA,ORIQ
ORIQU,Origin Investment Corp I - Units,NASDAQ,NA,NA,ORIQU
ORIQW,Origin Investment Corp I - Redeemable Warrant,NASDAQ,NA,NA,ORIQW
ORKA,"Oruka Therapeutics, Inc. - Common Stock",NASDAQ,NA,NA,ORKA
ORKT,Orangekloud Technology Inc. - Class A Ordinary Shares,NASDAQ,NA,NA,ORKT
ORLY,"O'Reilly Automotive, Inc. - Common Stock",NASDAQ,NA,NA,ORLY
ORMP,Oramed Pharmaceuticals Inc. - Common Stock,NASDAQ,NA,NA,ORMP
ORN,"Orion Group Holdings, Inc. Common",NYSE,ORN,ORN,ORN
ORRF,"Orrstown Financial Services, Inc. - Common Stock",NASDAQ,NA,NA,ORRF
OSBC,"Old Second Bancorp, Inc. - Common Stock",NASDAQ,NA,NA,OSBC
OSCR,"Oscar Health, Inc. Class A Common Stock",NYSE,OSCR,OSCR,OSCR
OSG,"Octave Specialty Group, Inc. Common Stock",NYSE,OSG,OSG,OSG
OSIS,"OSI Systems, Inc. - Common Stock",NASDAQ,NA,NA,OSIS
OSK,Oshkosh Corporation (Holding Company)Common Stock,NYSE,OSK,OSK,OSK
OSPN,OneSpan Inc. - Common Stock,NASDAQ,NA,NA,OSPN
OSPRU,Osprey Acquisition Corp. III - Units,NASDAQ,NA,NA,OSPRU
OSRH,"OSR Health, Inc. - Common Stock",NASDAQ,NA,NA,OSRH
OSRHW,"OSR Health, Inc. - Warrant",NASDAQ,NA,NA,OSRHW
OSS,"One Stop Systems, Inc. - Common Stock",NASDAQ,NA,NA,OSS
OST,"Ostin Technology Group Co., Ltd. - Class A Ordinary Shares",NASDAQ,NA,NA,OST
OSTX,OS Therapies Incorporated Common Stock,AMEX,OSTX,OSTX,OSTX
OSUR,"OraSure Technologies, Inc. - Common Stock",NASDAQ,NA,NA,OSUR
OSW,OneSpaWorld Holdings Limited - Common Shares,NASDAQ,NA,NA,OSW
OTAI,Starlink AI Acquisition Corporation Ordinary Shares,NYSE,OTAI,OTAI,OTAI
OTAI-R,"Starlink AI Acquisition Corporation Rights, each entitling the holder to receive one-fourth (1/4) of one ordinary share",NYSE,OTAI.R,OTAIr,OTAI^
OTAI-UN,"Starlink AI Acquisition Corporation Units, each consisting of one Ordinary Share, and one Right to receive one-fourth (1/4) of one ordinary share",NYSE,OTAI.U,OTAI.U,OTAI=
OTEX,Open Text Corporation - Common Shares,NASDAQ,NA,NA,OTEX
OTF,Blue Owl Technology Finance Corp. Common Stock,NYSE,OTF,OTF,OTF
OTGA,OTG Acquisition Corp. I - Class A Ordinary Share,NASDAQ,NA,NA,OTGA
OTGAU,OTG Acquisition Corp. I - Unit,NASDAQ,NA,NA,OTGAU
OTGAW,OTG Acquisition Corp. I - Warrants,NASDAQ,NA,NA,OTGAW
OTIS,Otis Worldwide Corporation Common Stock ,NYSE,OTIS,OTIS,OTIS
OTLK,"Outlook Therapeutics, Inc. - Common Stock",NASDAQ,NA,NA,OTLK
OTLY,Oatly Group AB - American Depositary Shares,NASDAQ,NA,NA,OTLY
OTTR,Otter Tail Corporation - Common Stock,NASDAQ,NA,NA,OTTR
OUST,"Ouster, Inc. - Common Stock",NASDAQ,NA,NA,OUST
OUT,OUTFRONT Media Inc. Common Stock,NYSE,OUT,OUT,OUT
OVBC,Ohio Valley Banc Corp. - Common Stock,NASDAQ,NA,NA,OVBC
OVID,Ovid Therapeutics Inc. - Common Stock,NASDAQ,NA,NA,OVID
OVLY,Oak Valley Bancorp (CA) - Common Stock,NASDAQ,NA,NA,OVLY
OVV,Ovintiv Inc. (DE),NYSE,OVV,OVV,OVV
OWL,Blue Owl Capital Inc. Class A Common Stock,NYSE,OWL,OWL,OWL
OWLS,OBOOK Holdings Inc. - Class A Common Shares,NASDAQ,NA,NA,OWLS
OWLT,"Owlet, Inc. Class A Common Stock",NYSE,OWLT,OWLT,OWLT
OXBR,Oxbridge Re Holdings Limited - Ordinary Shares,NASDAQ,NA,NA,OXBR
OXBRW,Oxbridge Re Holdings Limited - Warrant,NASDAQ,NA,NA,OXBRW
OXLC,Oxford Lane Capital Corp. - Closed End Fund,NASDAQ,NA,NA,OXLC
OXLCG,Oxford Lane Capital Corp. - 7.95% Notes due 2032,NASDAQ,NA,NA,OXLCG
OXLCI,Oxford Lane Capital Corp. - 8.75% Notes due 2030,NASDAQ,NA,NA,OXLCI
OXLCL,Oxford Lane Capital Corp. - 6.75% Notes due 2031,NASDAQ,NA,NA,OXLCL
OXLCM,"Oxford Lane Capital Corp. - Preferred Stock Shares, 8.25% Series 2031",NASDAQ,NA,NA,OXLCM
OXLCN,Oxford Lane Capital Corp. - 7.125% Series 2029 Term Preferred Stock,NASDAQ,NA,NA,OXLCN
OXLCO,"Oxford Lane Capital Corp. - Preferred Stock Shares, 6.00% Series 2029",NASDAQ,NA,NA,OXLCO
OXLCZ,Oxford Lane Capital Corp. - 5.00% Notes due 2027,NASDAQ,NA,NA,OXLCZ
OXM,"Oxford Industries, Inc. Common Stock",NYSE,OXM,OXM,OXM
OXSQ,Oxford Square Capital Corp. - Closed End Fund,NASDAQ,NA,NA,OXSQ
OXSQG,Oxford Square Capital Corp. - 5.50% Notes due 2028,NASDAQ,NA,NA,OXSQG
OXSQH,Oxford Square Capital Corp. - 7.75% Notes due 2030,NASDAQ,NA,NA,OXSQH
OXY,Occidental Petroleum Corporation Common Stock,NYSE,OXY,OXY,OXY
OXY-WT,Occidental Petroleum Corporation Warrants ,NYSE,OXY.W,OXY.WS,OXY+
OYSE,Oyster Enterprises II Acquisition Corp - Class A Ordinary Shares,NASDAQ,NA,NA,OYSE
OYSER,Oyster Enterprises II Acquisition Corp - Rights,NASDAQ,NA,NA,OYSER
OYSEU,Oyster Enterprises II Acquisition Corp - Units,NASDAQ,NA,NA,OYSEU
OZ,"Belpointe PREP, LLC Class A Units",AMEX,OZ,OZ,OZ
OZK,Bank OZK - Common Stock,NASDAQ,NA,NA,OZK
OZKAP,Bank OZK - 4.625% Series A Non-Cumulative Perpetual Preferred Stock,NASDAQ,NA,NA,OZKAP
P,"Everpure, Inc. Class A common stock",NYSE,P,P,P
PAA,"Plains All American Pipeline, L.P. - Common Units representing Limited Partner Interests",NASDAQ,NA,NA,PAA
PAAC,Proem Acquisition Corp I - Ordinary Shares,NASDAQ,NA,NA,PAAC
PAACU,Proem Acquisition Corp I - Units,NASDAQ,NA,NA,PAACU
PAACW,Proem Acquisition Corp I - Warrants,NASDAQ,NA,NA,PAACW
PAAS,Pan American Silver Corp. Common Stock,NYSE,PAAS,PAAS,PAAS
PAC,"Grupo Aeroportuario Del Pacifico, S.A. B. de C.V. Grupo Aeroportuario Del Pacifico, S.A. de C.V. (each representing 10 Series B shares)",NYSE,PAC,PAC,PAC
PACB,"Pacific Biosciences of California, Inc. - Common Stock",NASDAQ,NA,NA,PACB
PACH,Pioneer Acquisition I Corp - Class A Ordinary Shares,NASDAQ,NA,NA,PACH
PACHU,Pioneer Acquisition I Corp - Units,NASDAQ,NA,NA,PACHU
PACHW,Pioneer Acquisition I Corp - Warrants,NASDAQ,NA,NA,PACHW
PACK,Ranpak Holdings Corp Class A Common Stock,NYSE,PACK,PACK,PACK
PACS,"PACS Group, Inc. Common Stock",NYSE,PACS,PACS,PACS
PAG,"Penske Automotive Group, Inc. Common Stock",NYSE,PAG,PAG,PAG
PAGP,"Plains GP Holdings, L.P. - Class A Shares representing limited partner interests",NASDAQ,NA,NA,PAGP
PAGS,PagSeguro Digital Ltd. Class A Common Shares,NYSE,PAGS,PAGS,PAGS
PAHC,Phibro Animal Health Corporation - Class A Common Stock,NASDAQ,NA,NA,PAHC
PAI,Western Asset Investment Grade Income Fund Inc.,NYSE,PAI,PAI,PAI
PAII,Pyrophyte Acquisition Corp. II Class A Ordinary Shares,NYSE,PAII,PAII,PAII
PAII-UN,"Pyrophyte Acquisition Corp. II Units, each consisting of one Class A ordinary share and one-half of one redeemable warrant",NYSE,PAII.U,PAII.U,PAII=
PAII-WT,"Pyrophyte Acquisition Corp. II Warrants, each whole warrant exercisable for one Class A Ordinary Share at an exercise price of $11.50 per share",NYSE,PAII.W,PAII.WS,PAII+
PAL,"Proficient Auto Logistics, Inc. - Common Stock",NASDAQ,NA,NA,PAL
PALI,"Palisade Bio, Inc. - Common Stock",NASDAQ,NA,NA,PALI
PALO,Paloma Acquisition Corp I - Class A Ordinary Shares,NASDAQ,NA,NA,PALO
PALOU,Paloma Acquisition Corp I - Units,NASDAQ,NA,NA,PALOU
PALOW,Paloma Acquisition Corp I - Warrants,NASDAQ,NA,NA,PALOW
PAM,Pampa Energia S.A.,NYSE,PAM,PAM,PAM
PAMT,PAMT CORP - Common Stock,NASDAQ,NA,NA,PAMT
PANL,Pangaea Logistics Solutions Ltd. - Common Stock,NASDAQ,NA,NA,PANL
PANW,"Palo Alto Networks, Inc. - Common Stock",NASDAQ,NA,NA,PANW
PAPL,Pineapple Financial Inc. Common Stock,AMEX,PAPL,PAPL,PAPL
PAR,PAR Technology Corporation Common Stock,NYSE,PAR,PAR,PAR
PARA,"Banzai International, Inc. - Class A Common Stock",NASDAQ,NA,NA,PARA
PARAW,"Banzai International, Inc. - Warrant",NASDAQ,NA,NA,PARAW
PARK,"Park Dental Partners, Inc. - Common Stock",NASDAQ,NA,NA,PARK
PARR,"Par Pacific Holdings, Inc.  Common Stock",NYSE,PARR,PARR,PARR
PASG,"Passage Bio, Inc. - Common Stock",NASDAQ,NA,NA,PASG
PASW,"Ping An Biomedical Co., Ltd. - Class A Ordinary Shares",NASDAQ,NA,NA,PASW
PATH,"UiPath, Inc. Class A Common Stock",NYSE,PATH,PATH,PATH
PATK,"Patrick Industries, Inc. - Common Stock",NASDAQ,NA,NA,PATK
PAVM,PAVmed Inc. - Common Stock,NASDAQ,NA,NA,PAVM
PAVS,Paranovus Entertainment Technology Ltd. - Class A Ordinary Shares,NASDAQ,NA,NA,PAVS
PAX,Patria Investments Limited - Class A Common Shares,NASDAQ,NA,NA,PAX
PAXS,PIMCO Access Income Fund Common Shares of Beneficial Interest,NYSE,PAXS,PAXS,PAXS
PAY,"Paymentus Holdings, Inc. Class A Common Stock",NYSE,PAY,PAY,PAY
PAYC,"Paycom Software, Inc. Common Stock",NYSE,PAYC,PAYC,PAYC
PAYO,Payoneer Global Inc. - Common Stock,NASDAQ,NA,NA,PAYO
PAYP,PayPay Corporation - American Depository Shares,NASDAQ,NA,NA,PAYP
PAYS,"Paysign, Inc. - Common Stock",NASDAQ,NA,NA,PAYS
PAYX,"Paychex, Inc. - Common Stock",NASDAQ,NA,NA,PAYX
PB,"Prosperity Bancshares, Inc. Common Stock",NYSE,PB,PB,PB
PBA,Pembina Pipeline Corp. Ordinary Shares (Canada),NYSE,PBA,PBA,PBA
PBAM,"Private Bancorp of America, Inc. - Common Stock",NASDAQ,NA,NA,PBAM
PBF,PBF Energy Inc. Class A Common Stock,NYSE,PBF,PBF,PBF
PBFS,"Pioneer Bancorp, Inc. - Common Stock",NASDAQ,NA,NA,PBFS
PBH,Prestige Consumer Healthcare Inc. Common Stock,NYSE,PBH,PBH,PBH
PBHC,"Pathfinder Bancorp, Inc. - Common Stock",NASDAQ,NA,NA,PBHC
PBI,Pitney Bowes Inc. Common Stock,NYSE,PBI,PBI,PBI
PBI-PB,Pitney Bowes Inc 6.70% Notes Due 2043,NYSE,PBI$B,PBIpB,PBI-B
PBK,PowerBank Corporation - Common Stock,NASDAQ,NA,NA,PBK
PBLS,"Parabilis Medicines, Inc. - Common Stock",NASDAQ,NA,NA,PBLS
PBM,Psyence Biomedical Ltd. - Common Shares,NASDAQ,NA,NA,PBM
PBMWW,Psyence Biomedical Ltd. - Warrant,NASDAQ,NA,NA,PBMWW
PBR,Petroleo Brasileiro S.A. Petrobras ADS,NYSE,PBR,PBR,PBR
PBR-A,Petroleo Brasileiro S.A. Petrobras American Depositary Shares representing Preferred Shares,NYSE,PBR.A,PBR.A,PBR.A
PBT,Permian Basin Royalty Trust Common Stock,NYSE,PBT,PBT,PBT
PBYI,Puma Biotechnology Inc - Common Stock,NASDAQ,NA,NA,PBYI
PC,Premium Catering (Holdings) Limited - Ordinary Shares,NASDAQ,NA,NA,PC
PCAP,ProCap Acquisition Corp - Class A Ordinary Shares,NASDAQ,NA,NA,PCAP
PCAPU,ProCap Acquisition Corp - Unit,NASDAQ,NA,NA,PCAPU
PCAPW,ProCap Acquisition Corp - Warrant,NASDAQ,NA,NA,PCAPW
PCAR,PACCAR Inc. - Common Stock,NASDAQ,NA,NA,PCAR
PCB,PCB Bancorp - Common Stock,NASDAQ,NA,NA,PCB
PCF,High Income Securities Fund Common Stock,NYSE,PCF,PCF,PCF
PCG,Pacific Gas & Electric Co. Common Stock,NYSE,PCG,PCG,PCG
PCG-PA,Pacific Gas & Electric Co. 6% Preferred Stock,AMEX,PCG$A,PCGpA,PCG-A
PCG-PB,Pacific Gas & Electric Co. 5 1/2% Preferred Stock,AMEX,PCG$B,PCGpB,PCG-B
PCG-PC,Pacific Gas & Electric Co. 5% 1st Preferred Stock,AMEX,PCG$C,PCGpC,PCG-C
PCG-PD,Pacific Gas & Electric Co. 5% 1st  Red. Preferred Stock,AMEX,PCG$D,PCGpD,PCG-D
PCG-PE,Pacific Gas & Electric Co. 5% 1st A Preferred Stock,AMEX,PCG$E,PCGpE,PCG-E
PCG-PG,Pacific Gas & Electric Co. 4.80% 1st Preferred Stock,AMEX,PCG$G,PCGpG,PCG-G
PCG-PH,Pacific Gas & Electric Co. 4.50% 1st Preferred Stock,AMEX,PCG$H,PCGpH,PCG-H
PCG-PI,Pacific Gas & Electric Co. 4.36% 1st Preferred Stock,AMEX,PCG$I,PCGpI,PCG-I
PCG-PX,PG&E Corp 6.000% Series A Mandatory Convertible Preferred Stock,NYSE,PCG$X,PCGpX,PCG-X
PCLA,PicoCELA Inc. - American Depositary Shares,NASDAQ,NA,NA,PCLA
PCM,"PCM Fund, Inc. Common Stock",NYSE,PCM,PCM,PCM
PCN,Pimco Corporate & Income Strategy Fund Common Stock,NYSE,PCN,PCN,PCN
PCOR,"Procore Technologies, Inc. Common Stock",NYSE,PCOR,PCOR,PCOR
PCQ,PIMCO California Municipal Income Fund Common Stock,NYSE,PCQ,PCQ,PCQ
PCRX,"Pacira BioSciences, Inc. - Common Stock",NASDAQ,NA,NA,PCRX
PCSA,"Processa Pharmaceuticals, Inc. - Common Stock",NASDAQ,NA,NA,PCSA
PCT,"PureCycle Technologies, Inc. - Common stock",NASDAQ,NA,NA,PCT
PCTTU,"PureCycle Technologies, Inc. - Unit",NASDAQ,NA,NA,PCTTU
PCTTW,"PureCycle Technologies, Inc. - Warrant",NASDAQ,NA,NA,PCTTW
PCTY,Paylocity Holding Corporation - Common Stock,NASDAQ,NA,NA,PCTY
PCVX,"Vaxcyte, Inc. - Common Stock",NASDAQ,NA,NA,PCVX
PCYO,Pure Cycle Corporation - Common Stock,NASDAQ,NA,NA,PCYO
PD,"PagerDuty, Inc. Common Stock",NYSE,PD,PD,PD
PDC,Perpetuals.com Ltd - American Depositary Shares,NASDAQ,NA,NA,PDC
PDCC,Pearl Diver Credit Company Inc. Common Stock,NYSE,PDCC,PDCC,PDCC
PDD,PDD Holdings Inc. - American Depositary Shares,NASDAQ,NA,NA,PDD
PDEX,"Pro-Dex, Inc. - Common Stock",NASDAQ,NA,NA,PDEX
PDFS,"PDF Solutions, Inc. - Common Stock",NASDAQ,NA,NA,PDFS
PDI,PIMCO Dynamic Income Fund Common Stock,NYSE,PDI,PDI,PDI
PDLB,"Ponce Financial Group, Inc. - Common Stock",NASDAQ,NA,NA,PDLB
PDM,"Piedmont Realty Trust, Inc. Class A Common Stock",NYSE,PDM,PDM,PDM
PDO,PIMCO Dynamic Income Opportunities Fund Common Shares of Beneficial Interest,NYSE,PDO,PDO,PDO
PDPA,Pearl Diver Credit Company Inc. 8.00% Series A Preferred Stock Due 2029,NYSE,PDPA,PDPA,PDPA
PDS,Precision Drilling Corporation Common Stock,NYSE,PDS,PDS,PDS
PDSB,PDS Biotechnology Corporation - Common Stock,NASDAQ,NA,NA,PDSB
PDT,John Hancock Premium Dividend Fund,NYSE,PDT,PDT,PDT
PDX,PIMCO Dynamic Income Strategy Fund Common Shares of Beneficial Interest,NYSE,PDX,PDX,PDX
PDYN,Palladyne AI Corp. - Common stock,NASDAQ,NA,NA,PDYN
PDYNW,Palladyne AI Corp. - Warrant,NASDAQ,NA,NA,PDYNW
PEB,Pebblebrook Hotel Trust Common Shares of Beneficial Interest,NYSE,PEB,PEB,PEB
PEB-PE,Pebblebrook Hotel Trust 6.375% Series E Cumulative Redeemable Preferred Shares of Beneficial Interest,NYSE,PEB$E,PEBpE,PEB-E
PEB-PF,Pebblebrook Hotel Trust 6.3% Series F Cumulative Redeemable Preferred Shares of Beneficial Interest,NYSE,PEB$F,PEBpF,PEB-F
PEB-PG,Pebblebrook Hotel Trust 6.375% Series G Cumulative Redeemable Preferred Shares of Beneficial Interest,NYSE,PEB$G,PEBpG,PEB-G
PEB-PH,Pebblebrook Hotel Trust 5.700% Series H Cumulative Redeemable Preferred Shares of Beneficial Interest,NYSE,PEB$H,PEBpH,PEB-H
PEBK,"Peoples Bancorp of North Carolina, Inc. - Common Stock",NASDAQ,NA,NA,PEBK
PEBO,Peoples Bancorp Inc. - Common Stock,NASDAQ,NA,NA,PEBO
PECE,Peace Acquisition Corp - Ordinary Shares,NASDAQ,NA,NA,PECE
PECER,Peace Acquisition Corp - Right,NASDAQ,NA,NA,PECER
PECEU,Peace Acquisition Corp - Units,NASDAQ,NA,NA,PECEU
PECEW,Peace Acquisition Corp - Warrant,NASDAQ,NA,NA,PECEW
PECO,"Phillips Edison & Company, Inc. - Common Stock",NASDAQ,NA,NA,PECO
PED,Pedevco Corp. Common Stock,AMEX,PED,PED,PED
PEG,Public Service Enterprise Group Incorporated Common Stock,NYSE,PEG,PEG,PEG
PEGA,Pegasystems Inc. - Common Stock,NASDAQ,NA,NA,PEGA
PEN,"Penumbra, Inc. Common Stock",NYSE,PEN,PEN,PEN
PENG,"Penguin Solutions, Inc. - Common Stock",NASDAQ,NA,NA,PENG
PENN,"PENN Entertainment, Inc. - Common Stock",NASDAQ,NA,NA,PENN
PEO,"Adams Natural Resources Fund, Inc. Common Stock",NYSE,PEO,PEO,PEO
PEP,"PepsiCo, Inc. - Common Stock",NASDAQ,NA,NA,PEP
PEPG,PepGen Inc. - Common Stock,NASDAQ,NA,NA,PEPG
PERF,Perfect Corp. Class A Ordinary Share,NYSE,PERF,PERF,PERF
PERI,Perion Network Ltd - Ordinary Shares,NASDAQ,NA,NA,PERI
PESI,"Perma-Fix Environmental Services, Inc. - Common Stock",NASDAQ,NA,NA,PESI
PETS,"PetMed Express, Inc. - Common Stock",NASDAQ,NA,NA,PETS
PETZ,"TDH Holdings, Inc. - Common Shares",NASDAQ,NA,NA,PETZ
PEW,GrabAGun Digital Holdings Inc. Common Stock,NYSE,PEW,PEW,PEW
PEW-WT,"GrabAGun Digital Holdings Inc. Warrants, each whole warrant exercisable to purchase one share of Common Stock at an exercise price of $11.50 per share",NYSE,PEW.W,PEW.WS,PEW+
PFAI,Pinnacle Food Group Limited - Class A Common Shares,NASDAQ,NA,NA,PFAI
PFBC,Preferred Bank - Common Stock,NASDAQ,NA,NA,PFBC
PFD,Flaherty & Crumrine Preferred and Income Fund Incorporated,NYSE,PFD,PFD,PFD
PFE,"Pfizer, Inc. Common Stock",NYSE,PFE,PFE,PFE
PFFL,"ETRACS 2xMonthly Pay Leveraged Preferred Stock Index ETN due September 25, 2048",ARCA,PFFL,PFFL,PFFL
PFG,Principal Financial Group Inc - Common Stock,NASDAQ,NA,NA,PFG
PFGC,Performance Food Group Company Common Stock,NYSE,PFGC,PFGC,PFGC
PFH,"Prudential Financial, Inc. 4.125% Junior Subordinated Notes due 2060",NYSE,PFH,PFH,PFH
PFIS,Peoples Financial Services Corp.  - Common Stock,NASDAQ,NA,NA,PFIS
PFL,PIMCO Income Strategy Fund Shares of Beneficial Interest,NYSE,PFL,PFL,PFL
PFLA,PennantPark Floating Rate Capital Ltd. 7.375% Notes Due 2031,NYSE,PFLA,PFLA,PFLA
PFLT,PennantPark Floating Rate Capital Ltd. Common Stock,NYSE,PFLT,PFLT,PFLT
PFN,PIMCO Income Strategy Fund II,NYSE,PFN,PFN,PFN
PFO,Flaherty & Crumrine Preferred and Income Opportunity Fund Incorporated,NYSE,PFO,PFO,PFO
PFS,"Provident Financial Services, Inc Common Stock",NYSE,PFS,PFS,PFS
PFSA,"Profusa, Inc. - Common Stock",NASDAQ,NA,NA,PFSA
PFSI,"PennyMac Financial Services, Inc. Common Stock",NYSE,PFSI,PFSI,PFSI
PFX,PhenixFIN Corporation  - Common Stock,NASDAQ,NA,NA,PFX
PFXNZ,PhenixFIN Corporation  - 5.25% Notes due 2028,NASDAQ,NA,NA,PFXNZ
PG,Procter & Gamble Company (The) Common Stock,NYSE,PG,PG,PG
PGAC,Pantages Capital Acquisition Corporation - Class A Ordinary Shares,NASDAQ,NA,NA,PGAC
PGACR,Pantages Capital Acquisition Corporation - Right,NASDAQ,NA,NA,PGACR
PGACU,Pantages Capital Acquisition Corporation - Unit,NASDAQ,NA,NA,PGACU
PGC,Peapack-Gladstone Financial Corporation - Common Stock,NASDAQ,NA,NA,PGC
PGEN,"Precigen, Inc. - Common Stock",NASDAQ,NA,NA,PGEN
PGNY,"Progyny, Inc. - Common Stock",NASDAQ,NA,NA,PGNY
PGP,Pimco Global StocksPlus & Income Fund Common Shares of Beneficial Interest,NYSE,PGP,PGP,PGP
PGR,Progressive Corporation (The) Common Stock,NYSE,PGR,PGR,PGR
PGY,Pagaya Technologies Ltd. - Class A Ordinary Shares,NASDAQ,NA,NA,PGY
PGYWW,Pagaya Technologies Ltd. - Warrants,NASDAQ,NA,NA,PGYWW
PGZ,Principal Real Estate Income Fund Common Shares of Beneficial Interest,NYSE,PGZ,PGZ,PGZ
PH,Parker-Hannifin Corporation Common Stock,NYSE,PH,PH,PH
PHAR,"Pharming Group N.V. - ADS, each representing 10 ordinary shares",NASDAQ,NA,NA,PHAR
PHAT,"Phathom Pharmaceuticals, Inc. - Common Stock",NASDAQ,NA,NA,PHAT
PHG,Koninklijke Philips N.V. NY Registry Shares,NYSE,PHG,PHG,PHG
PHGE,BiomX Inc. COmmon Stock,AMEX,PHGE,PHGE,PHGE
PHI,PLDT Inc. Sponsored ADR,NYSE,PHI,PHI,PHI
PHIN,PHINIA Inc. Common Stock,NYSE,PHIN,PHIN,PHIN
PHIO,Phio Pharmaceuticals Corp. - Common Stock,NASDAQ,NA,NA,PHIO
PHK,Pimco High Income Fund,NYSE,PHK,PHK,PHK
PHM,"PulteGroup, Inc. Common Stock",NYSE,PHM,PHM,PHM
PHOE,Phoenix Asia Holdings Limited - Ordinary Shares,NASDAQ,NA,NA,PHOE
PHOS,First Phosphate Corp. - American Depositary Shares,NASDAQ,NA,NA,PHOS
PHR,"Phreesia, Inc. Common Stock",NYSE,PHR,PHR,PHR
PHUN,"Phunware, Inc. - Common Stock",NASDAQ,NA,NA,PHUN
PHVS,Pharvaris N.V. - Ordinary Shares,NASDAQ,NA,NA,PHVS
PHXE-P,"Phoenix Energy One, LLC Series A Cumulative Redeemable Preferred Shares",AMEX,PHXE$,PHXEp,PHXE-
PI,"Impinj, Inc. - Common Stock",NASDAQ,NA,NA,PI
PICS,PicS N.V. - Class A Common Shares,NASDAQ,NA,NA,PICS
PII,Polaris Inc. Common Stock,NYSE,PII,PII,PII
PIII,P3 Health Partners Inc. - Class A Common Stock,NASDAQ,NA,NA,PIII
PIIIW,P3 Health Partners Inc. - Warrant,NASDAQ,NA,NA,PIIIW
PIM,Franklin Master Intermediate Income Trust Shares of Beneficial Interest,NYSE,PIM,PIM,PIM
PINE,"Alpine Income Property Trust, Inc. Common Stock",NYSE,PINE,PINE,PINE
PINE-PA,"Alpine Income Property Trust, Inc. 8.00% Series A Cumulative Redeemable Preferred Stock",NYSE,PINE$A,PINEpA,PINE-A
PINS,"Pinterest, Inc. Class A Common Stock",NYSE,PINS,PINS,PINS
PIPR,Piper Sandler Companies Common Stock,NYSE,PIPR,PIPR,PIPR
PJT,PJT Partners Inc. Class A Common Stock,NYSE,PJT,PJT,PJT
PK,Park Hotels & Resorts Inc. Common Stock ,NYSE,PK,PK,PK
PKBK,"Parke Bancorp, Inc. - Common Stock",NASDAQ,NA,NA,PKBK
PKE,Park Aerospace Corp. Common Stock,NYSE,PKE,PKE,PKE
PKG,Packaging Corporation of America Common Stock,NYSE,PKG,PKG,PKG
PKOH,Park-Ohio Holdings Corp. - Common Stock,NASDAQ,NA,NA,PKOH
PKX,POSCO HOLDINGS INC. American Depositary Shares (Each representing 1/4th of a share of Common Stock),NYSE,PKX,PKX,PKX
PL,Planet Labs PBC Class A Common Stock,NYSE,PL,PL,PL
PLAB,"Photronics, Inc. - Common Stock",NASDAQ,NA,NA,PLAB
PLAG,Planet Green Holdings Corp. Common Stock,AMEX,PLAG,PLAG,PLAG
PLAY,"Dave & Buster's Entertainment, Inc. - Common Stock",NASDAQ,NA,NA,PLAY
PLBC,Plumas Bancorp - Common Stock,NASDAQ,NA,NA,PLBC
PLBL,Polibeli Group Ltd - Class A Ordinary Shares,NASDAQ,NA,NA,PLBL
PLBY,"Playboy, Inc. - Common Stock",NASDAQ,NA,NA,PLBY
PLCE,"Children's Place, Inc. (The) - Common Stock",NASDAQ,NA,NA,PLCE
PLCI,Pelican Acquisition II Corporation - Ordinary Shares,NASDAQ,NA,NA,PLCI
PLCIR,Pelican Acquisition II Corporation - Right,NASDAQ,NA,NA,PLCIR
PLCIU,Pelican Acquisition II Corporation - Unit,NASDAQ,NA,NA,PLCIU
PLD,"Prologis, Inc. Common Stock",NYSE,PLD,PLD,PLD
PLG,Platinum Group Metals Ltd. Ordinary Shares (Canada),AMEX,PLG,PLG,PLG
PLGO,Pelagos Insurance Capital Limited Common Shares,NYSE,PLGO,PLGO,PLGO
PLMK,Plum Acquisition Corp. IV - Class A Ordinary Shares,NASDAQ,NA,NA,PLMK
PLMKU,Plum Acquisition Corp. IV - Unit,NASDAQ,NA,NA,PLMKU
PLMKW,Plum Acquisition Corp. IV - Warrants,NASDAQ,NA,NA,PLMKW
PLMR,"Palomar Holdings, Inc. - Common stock",NASDAQ,NA,NA,PLMR
PLNT,"Planet Fitness, Inc. Common Stock",NYSE,PLNT,PLNT,PLNT
PLOW,"Douglas Dynamics, Inc. Common Stock",NYSE,PLOW,PLOW,PLOW
PLPC,Preformed Line Products Company - Common Stock,NASDAQ,NA,NA,PLPC
PLRX,"Pliant Therapeutics, Inc. - Common Stock",NASDAQ,NA,NA,PLRX
PLRZ,Polyrizon Ltd. - Ordinary Shares,NASDAQ,NA,NA,PLRZ
PLSE,"Pulse Biosciences, Inc - Common Stock",NASDAQ,NA,NA,PLSE
PLSM,Pulsenmore Ltd. - Ordinary Shares,NASDAQ,NA,NA,PLSM
PLTK,Playtika Holding Corp. - Common Stock,NASDAQ,NA,NA,PLTK
PLTR,Palantir Technologies Inc. - Class A Common Stock,NASDAQ,NA,NA,PLTR
PLTS,Platinum Analytics Cayman Limited - Class A Ordinary Shares,NASDAQ,NA,NA,PLTS
PLUG,"Plug Power, Inc. - Common Stock",NASDAQ,NA,NA,PLUG
PLUN,Plutonian Acquisition Corp II Class A Ordinary Shares,NYSE,PLUN,PLUN,PLUN
PLUN-R,"Plutonian Acquisition Corp II Rights, each entitling the holder to receive one-fourth of one Class A Ordinary Share",NYSE,PLUN.R,PLUNr,PLUN^
PLUN-UN,"Plutonian Acquisition Corp II Units, each consisting of one Class A Ordinary Share and one right entitling the holder to one-fourth of one Class A Ordinary Share",NYSE,PLUN.U,PLUN.U,PLUN=
PLUR,Pluri Inc. - Common Stock,NASDAQ,NA,NA,PLUR
PLUS,ePlus inc. - Common Stock,NASDAQ,NA,NA,PLUS
PLUT,Plutus Financial Group Limited - Ordinary Shares,NASDAQ,NA,NA,PLUT
PLX,"Protalix BioTherapeutics, Inc. (DE) Common Stock",AMEX,PLX,PLX,PLX
PLXS,Plexus Corp. - Common Stock,NASDAQ,NA,NA,PLXS
PLYX,"Polaryx Therapeutics, Inc. - Common Stock",NASDAQ,NA,NA,PLYX
PM,Philip Morris International Inc Common Stock,NYSE,PM,PM,PM
PMA,Ming Shing Group Holdings Limited - Ordinary Shares,NASDAQ,NA,NA,PMA
PMAX,Powell Max Limited - Class A Ordinary Shares,NASDAQ,NA,NA,PMAX
PMCB,"PharmaCyte  Biotech, Inc. - Common Stock",NASDAQ,NA,NA,PMCB
PMEC,Primech Holdings Ltd. - Ordinary Shares,NASDAQ,NA,NA,PMEC
PMI,"Picard Medical, Inc. Common Stock",AMEX,PMI,PMI,PMI
PML,Pimco Municipal Income Fund II Common Shares of Beneficial Interest,NYSE,PML,PML,PML
PMM,Franklin Managed Municipal Income Trust Shares of Beneficial Interest,NYSE,PMM,PMM,PMM
PMN,ProMIS Neurosciences Inc. - Common Shares,NASDAQ,NA,NA,PMN
PMO,Franklin Municipal Opportunities Trust Shares of Beneficial Interest,NYSE,PMO,PMO,PMO
PMT,PennyMac Mortgage Investment Trust Common Shares of Beneficial Interest,NYSE,PMT,PMT,PMT
PMT-PA,PennyMac Mortgage Investment Trust 8.125% Series A Fixed-to-Floating Rate Cumulative Redeemable Preferred Shares of Beneficial Interest,NYSE,PMT$A,PMTpA,PMT-A
PMT-PB,PennyMac Mortgage Investment Trust 8.00% Series B Fixed-to-Floating Rate Cumulative Redeemable Preferred Shares of Beneficial Interest,NYSE,PMT$B,PMTpB,PMT-B
PMT-PC,PennyMac Mortgage Investment Trust 6.75% Series C Cumulative Redeemable Preferred Shares of Beneficial Interest,NYSE,PMT$C,PMTpC,PMT-C
PMTR,Perimeter Acquisition Corp. I - Class A Ordinary Shares,NASDAQ,NA,NA,PMTR
PMTRU,Perimeter Acquisition Corp. I - Unit,NASDAQ,NA,NA,PMTRU
PMTRW,Perimeter Acquisition Corp. I - Warrant,NASDAQ,NA,NA,PMTRW
PMTS,CPI Card Group Inc. - Common Stock,NASDAQ,NA,NA,PMTS
PMTU,PennyMac Mortgage Investment Trust 8.50% Senior Notes due 2028,NYSE,PMTU,PMTU,PMTU
PMTV,PennyMac Mortgage Investment Trust 9.00% Senior Notes due 2030,NYSE,PMTV,PMTV,PMTV
PMTW,PennyMac Mortgage Investment Trust 9.00% Senior Notes due 2030,NYSE,PMTW,PMTW,PMTW
PMVP,"PMV Pharmaceuticals, Inc. - Common Stock",NASDAQ,NA,NA,PMVP
PN,PN Smart Energy Limited - Class A Ordinary Shares,NASDAQ,NA,NA,PN
PNAQ-UN,"Pinnacle Acquisition Corporation Units, each consisting of one Class A ordinary share and one right",NYSE,PNAQ.U,PNAQ.U,PNAQ=
PNBK,Patriot National Bancorp Inc. - Common Stock,NASDAQ,NA,NA,PNBK
PNC,"PNC Financial Services Group, Inc. (The) Common Stock",NYSE,PNC,PNC,PNC
PNFP,"Pinnacle Financial Partners, Inc. Common stock",NYSE,PNFP,PNFP,PNFP
PNFP-PA,"Pinnacle Financial Partners, Inc. Fixed-to-Floating Rate Non-Cumulative Perpetual Preferred Stock, Series A",NYSE,PNFP$A,PNFPpA,PNFP-A
PNFP-PB,"Pinnacle Financial Partners, Inc. Fixed-to-Floating Rate Non-Cumulative Perpetual Preferred Stock, Series B",NYSE,PNFP$B,PNFPpB,PNFP-B
PNFP-PC,"Pinnacle Financial Partners, Inc. Fixed-to-Floating Rate Non-Cumulative Perpetual Preferred Stock, Series C",NYSE,PNFP$C,PNFPpC,PNFP-C
PNI,Pimco New York Municipal Income Fund II Common Shares of Beneficial Interest,NYSE,PNI,PNI,PNI
PNNT,PennantPark Investment Corporation Common Stock,NYSE,PNNT,PNNT,PNNT
PNR,Pentair plc. Ordinary Share,NYSE,PNR,PNR,PNR
PNRG,PrimeEnergy Resources Corporation - Common Stock,NASDAQ,NA,NA,PNRG
PNTG,"The Pennant Group, Inc. - Common Stock",NASDAQ,NA,NA,PNTG
PNW,Pinnacle West Capital Corporation Common Stock,NYSE,PNW,PNW,PNW
POAS,Phaos Technology Holdings (Cayman) Limited Class A Ordinary Shares,AMEX,POAS,POAS,POAS
POCI,"Precision Optics Corporation, Inc. - Common stock",NASDAQ,NA,NA,POCI
PODC,"PodcastOne, Inc. - Common Stock",NASDAQ,NA,NA,PODC
PODD,Insulet Corporation - Common Stock,NASDAQ,NA,NA,PODD
POET,POET Technologies Inc. - Common Shares,NASDAQ,NA,NA,POET
POLA,"Polar Power, Inc. - Common Stock",NASDAQ,NA,NA,POLA
POLE,Andretti Acquisition Corp. II - Class A Ordinary Shares,NASDAQ,NA,NA,POLE
POLEU,Andretti Acquisition Corp. II - Unit,NASDAQ,NA,NA,POLEU
POLEW,Andretti Acquisition Corp. II - Warrant,NASDAQ,NA,NA,POLEW
POM,POMDOCTOR LIMITED - American Depositary Shares,NASDAQ,NA,NA,POM
PONO,"Pono Capital Four, Inc. - Class A Ordinary Shares",NASDAQ,NA,NA,PONO
PONOR,"Pono Capital Four, Inc. - Rights",NASDAQ,NA,NA,PONOR
PONOU,"Pono Capital Four, Inc. - Units",NASDAQ,NA,NA,PONOU
PONY,Pony AI Inc. - American Depositary Shares,NASDAQ,NA,NA,PONY
POOL,Pool Corporation - Common Stock,NASDAQ,NA,NA,POOL
POR,Portland General Electric Co Common Stock,NYSE,POR,POR,POR
POST,"Post Holdings, Inc. Common Stock",NYSE,POST,POST,POST
POWI,"Power Integrations, Inc. - Common Stock",NASDAQ,NA,NA,POWI
POWL,"Powell Industries, Inc. - Common Stock",NASDAQ,NA,NA,POWL
POWW,Outdoor Holding Company - Common Stock,NASDAQ,NA,NA,POWW
POWWP,Outdoor Holding Company - 8.75% Series A Cumulative Redeemable Perpetual Preferred Stock,NASDAQ,NA,NA,POWWP
PPBT,Purple Biotech Ltd. - American Depositary Shares,NASDAQ,NA,NA,PPBT
PPC,Pilgrim's Pride Corporation - Common Stock,NASDAQ,NA,NA,PPC
PPCB,"Propanc Biopharma, Inc. - Common Stock",NASDAQ,NA,NA,PPCB
PPG,"PPG Industries, Inc. Common Stock",NYSE,PPG,PPG,PPG
PPHC,"Public Policy Holding Company, Inc. - Common Stock",NASDAQ,NA,NA,PPHC
PPIH,"Perma-Pipe International Holdings, Inc. - Common Stock",NASDAQ,NA,NA,PPIH
PPL,PPL Corporation Common Stock,NYSE,PPL,PPL,PPL
PPLC,PPL Corporation Corporate Units,NYSE,PPLC,PPLC,PPLC
PPLI,People Incorporated - Common Stock,NASDAQ,NA,NA,PPLI
PPSI,"Pioneer Power Solutions, Inc. - Common Stock",NASDAQ,NA,NA,PPSI
PPT,Franklin Premier Income Trust Shares of Beneficial Interest,NYSE,PPT,PPT,PPT
PPTA,Perpetua Resources Corp. - Common Shares,NASDAQ,NA,NA,PPTA
PR,Permian Resources Corporation Class A Common Stock,NYSE,PR,PR,PR
PRAA,"PRA Group, Inc. - Common Stock",NASDAQ,NA,NA,PRAA
PRAX,"Praxis Precision Medicines, Inc. - Common Stock",NASDAQ,NA,NA,PRAX
PRCH,"Porch Group, Inc. - Common Stock",NASDAQ,NA,NA,PRCH
PRCT,PROCEPT BioRobotics Corporation - Common Stock,NASDAQ,NA,NA,PRCT
PRDO,Perdoceo Education Corporation - Common Stock,NASDAQ,NA,NA,PRDO
PRE,Prenetics Global Limited - Class A Ordinary Share,NASDAQ,NA,NA,PRE
PRENW,Prenetics Global Limited - Warrant,NASDAQ,NA,NA,PRENW
PRFX,PRF Technologies Ltd. - Ordinary Shares,NASDAQ,NA,NA,PRFX
PRG,"PROG Holdings, Inc. Common Stock",NYSE,PRG,PRG,PRG
PRGO,Perrigo Company plc Ordinary Shares,NYSE,PRGO,PRGO,PRGO
PRGS,Progress Software Corporation - Common Stock,NASDAQ,NA,NA,PRGS
PRH,"Prudential Financial, Inc. 5.950% Junior Subordinated Notes due 2062",NYSE,PRH,PRH,PRH
PRHI,"Presurance Holdings, Inc. - Common Stock",NASDAQ,NA,NA,PRHI
PRHIZ,"Presurance Holdings, Inc. - 9.75% Senior Unsecured Notes due 2028",NASDAQ,NA,NA,PRHIZ
PRI,"Primerica, Inc. Common Stock",NYSE,PRI,PRI,PRI
PRIF-PD,"Priority Income Fund, Inc. 7.00% Series D Term Preferred Stock due 2029",NYSE,PRIF$D,PRIFpD,PRIF-D
PRIF-PK,"Priority Income Fund, Inc. 7.000% Series K Cumulative Preferred Stock",NYSE,PRIF$K,PRIFpK,PRIF-K
PRIF-PL,"Priority Income Fund, Inc. 6.375% Series L Term Preferred Stock Due 2029",NYSE,PRIF$L,PRIFpL,PRIF-L
PRIM,Primoris Services Corporation Common Stock,NYSE,PRIM,PRIM,PRIM
PRK,Park National Corporation Common Stock,AMEX,PRK,PRK,PRK
PRKS,United Parks & Resorts Inc. Common Stock,NYSE,PRKS,PRKS,PRKS
PRLB,"Proto Labs, Inc. Common stock",NYSE,PRLB,PRLB,PRLB
PRLD,Prelude Therapeutics Incorporated - Common Stock,NASDAQ,NA,NA,PRLD
PRM,"Perimeter Solutions, SA Common Stock",NYSE,PRM,PRM,PRM
PRMB,Primo Brands Corporation Class A Common Stock,NYSE,PRMB,PRMB,PRMB
PRME,"Prime Medicine, Inc. - Common Stock",NASDAQ,NA,NA,PRME
PROF,Profound Medical Corp. - common stock,NASDAQ,NA,NA,PROF
PROK,ProKidney Corp. - Class A Ordinary Shares,NASDAQ,NA,NA,PROK
PROP,Prairie Operating Co. - Common Stock,NASDAQ,NA,NA,PROP
PROV,"Provident Financial Holdings, Inc. - Common Stock",NASDAQ,NA,NA,PROV
PRPL,"Purple Innovation, Inc. - Common Stock",NASDAQ,NA,NA,PRPL
PRPO,"Precipio, Inc. - Common Stock",NASDAQ,NA,NA,PRPO
PRQR,ProQR Therapeutics N.V. - Ordinary Shares,NASDAQ,NA,NA,PRQR
PRS,"Prudential Financial, Inc. 5.625% Junior Subordinated Notes due 2058",NYSE,PRS,PRS,PRS
PRSO,Peraso Inc. - Common Stock,NASDAQ,NA,NA,PRSO
PRSU,"Pursuit Attractions and Hospitality, Inc. Common Stock",NYSE,PRSU,PRSU,PRSU
PRT,PermRock Royalty Trust Units of Beneficial Interest,NYSE,PRT,PRT,PRT
PRTA,Prothena Corporation plc - Ordinary Shares,NASDAQ,NA,NA,PRTA
PRTH,"Priority Technology Holdings, Inc. - Common Stock",NASDAQ,NA,NA,PRTH
PRTS,"CarParts.com, Inc. - Common Stock",NASDAQ,NA,NA,PRTS
PRU,"Prudential Financial, Inc. Common Stock",NYSE,PRU,PRU,PRU
PRVA,"Privia Health Group, Inc. - Common Stock",NASDAQ,NA,NA,PRVA
PRZO,ParaZero Technologies Ltd. - Ordinary Shares,NASDAQ,NA,NA,PRZO
PS,Pershing Square Inc. Common Stock,NYSE,PS,PS,PS
PSA,Public Storage Common Stock,NYSE,PSA,PSA,PSA
PSA-PF,"Public Storage Depositary Shares Each Representing 1/1,000 of a 5.15% Cumulative Preferred Share of Beneficial Interest, Series F, par value $0.01 per share",NYSE,PSA$F,PSApF,PSA-F
PSA-PG,"Public Storage Depositary Shares, Each Representing 1/1,000 of a 5.05% Cumulative Preferred Share of Beneficial Interest, Series G",NYSE,PSA$G,PSApG,PSA-G
PSA-PH,"Public Storage Depositary Shares Each Representing 1/1,000 of a  5.60% Cumulative Preferred  Share of Beneficial Interest, Series H",NYSE,PSA$H,PSApH,PSA-H
PSA-PI,"Public Storage Depositary Shares Each Representing 1/1,000 of a 4.875% Cumulative Preferred Share of Beneficial Interest, Series I, par value $0.01 per share",NYSE,PSA$I,PSApI,PSA-I
PSA-PJ,"Public Storage Depositary Shares Each Representing 1/1,000 of a 4.700% Cumulative Preferred Share of Beneficial Interest, Series J, par value $0.01 per share",NYSE,PSA$J,PSApJ,PSA-J
PSA-PK,"Public Storage Depositary Shares Each Representing 1/1,000 of a 4.75% Cumulative Preferred Share of Beneficial Interest, Series K",NYSE,PSA$K,PSApK,PSA-K
PSA-PL,"Public Storage Depositary Shares Each Representing 1/1,000 of a 4.625% Cumulative Preferred Share of Beneficial Interest, Series L, par value $0.01 per share",NYSE,PSA$L,PSApL,PSA-L
PSA-PM,"Public Storage Depositary Shares Each Representing 1/1,000 of a 4.125% Cumulative Preferred Share of Beneficial Interest, Series M",NYSE,PSA$M,PSApM,PSA-M
PSA-PN,"Public Storage Depositary Shares Each Representing 1/1,000 of a 3.875% Cumulative Preferred Share of Beneficial Interest, Series N",NYSE,PSA$N,PSApN,PSA-N
PSA-PO,"Public Storage Depositary Shares Each Representing 1/1,000 of a 3.900% Cumulative Preferred Share of Beneficial Interest, Series O",NYSE,PSA$O,PSApO,PSA-O
PSA-PP,"Public Storage Depositary Shares Each Representing 1/1,000 of a 4.000% Cumulative Preferred Share of Bene cial Interest, Series P",NYSE,PSA$P,PSApP,PSA-P
PSA-PQ,"Public Storage Depositary Shares Each Representing 1/1,000 of a 3.950% Cumulative Preferred Share of Beneficial Interest, Series Q, par value $0.01 per share",NYSE,PSA$Q,PSApQ,PSA-Q
PSA-PR,"Public Storage Depositary Shares Each Representing 1/1,000 of a 4.00% Cumulative Preferred Share of Bene cial Interest, Series R",NYSE,PSA$R,PSApR,PSA-R
PSA-PS,"Public Storage Depositary Shares Each Representing 1/1,000 of a 4.100% Cumulative Preferred Share of Beneficial Interest, Series S",NYSE,PSA$S,PSApS,PSA-S
PSA-PT,"Public Storage 6.000% Cumulative Preferred Shares of beneficial interest, Series T",NYSE,PSA$T,PSApT,PSA-T
PSA-PU,"Public Storage 6.000% Cumulative Preferred Shares of Beneficial Interest, Series U",NYSE,PSA$U,PSApU,PSA-U
PSBD,Palmer Square Capital BDC Inc. Common Stock,NYSE,PSBD,PSBD,PSBD
PSEC,Prospect Capital Corporation - Closed End Fund,NASDAQ,NA,NA,PSEC
PSEC-PA,Prospect Capital Corporation 5.35% Series A Fixed Rate Cumulative Perpetual Preferred Stock,NYSE,PSEC$A,PSECpA,PSEC-A
PSF,"Cohen & Steers Select Preferred and Income Fund, Inc. Common Stock",NYSE,PSF,PSF,PSF
PSFE,Paysafe Limited Common Shares,NYSE,PSFE,PSFE,PSFE
PSHG,Performance Shipping Inc. - Common Shares,NASDAQ,NA,NA,PSHG
PSIG,PS International Group Ltd. - Ordinary Shares,NASDAQ,NA,NA,PSIG
PSIX,"Power Solutions International, Inc. - Common Stock",NASDAQ,NA,NA,PSIX
PSKY,Paramount Skydance Corporation - Class B Common Stock,NASDAQ,NA,NA,PSKY
PSMT,"PriceSmart, Inc. - Common Stock",NASDAQ,NA,NA,PSMT
PSN,Parsons Corporation Common Stock,NYSE,PSN,PSN,PSN
PSNL,"Personalis, Inc. - Common Stock",NASDAQ,NA,NA,PSNL
PSNY,Polestar Automotive Holding UK Limited - Class A ADS,NASDAQ,NA,NA,PSNY
PSNYW,Polestar Automotive Holding UK Limited - Class C-1 ADS (ADW),NASDAQ,NA,NA,PSNYW
PSO,"Pearson, Plc Common Stock",NYSE,PSO,PSO,PSO
PSQH,"PSQ Holdings, Inc. Class A Common Stock",NYSE,PSQH,PSQH,PSQH
PSQH-WT,"PSQ Holdings, Inc. Warrants, each exercisable for one share of Class A common stock at an exercise price of $11.50 per share",NYSE,PSQH.W,PSQH.WS,PSQH+
PSTL,"Postal Realty Trust, Inc. Class A Common Stock",NYSE,PSTL,PSTL,PSTL
PSUS,"Pershing Square USA, Ltd. Common Shares",NYSE,PSUS,PSUS,PSUS
PSX,Phillips 66 Common Stock,NYSE,PSX,PSX,PSX
PTA,Cohen & Steers Tax-Advantaged Preferred Securities and Income Fund Common Shares of Beneficial Interest,NYSE,PTA,PTA,PTA
PTAC,Patriot Acquisition Corp. - Class A Ordinary Shares,NASDAQ,NA,NA,PTAC
PTACU,Patriot Acquisition Corp. - Units,NASDAQ,NA,NA,PTACU
PTACW,Patriot Acquisition Corp. - Warrants,NASDAQ,NA,NA,PTACW
PTC,PTC Inc. - Common Stock,NASDAQ,NA,NA,PTC
PTCT,"PTC Therapeutics, Inc. - Common Stock",NASDAQ,NA,NA,PTCT
PTEN,"Patterson-UTI Energy, Inc. - Common Stock",NASDAQ,NA,NA,PTEN
PTGX,"Protagonist Therapeutics, Inc. - Common Stock",NASDAQ,NA,NA,PTGX
PTHS,Pelthos Therapeutics Inc. Common Stock,AMEX,PTHS,PTHS,PTHS
PTLE,PTL LTD - Class A Ordinary Shares,NASDAQ,NA,NA,PTLE
PTLO,Portillo's Inc. - Class A Common Stock,NASDAQ,NA,NA,PTLO
PTN,"Palatin Technologies, Inc. - Common Stock",NASDAQ,NA,NA,PTN
PTON,"Peloton Interactive, Inc. - Common Stock",NASDAQ,NA,NA,PTON
PTOR,Praetorian Acquisition Corp. - Class A Ordinary Shares,NASDAQ,NA,NA,PTOR
PTORU,Praetorian Acquisition Corp. - Units,NASDAQ,NA,NA,PTORU
PTORW,Praetorian Acquisition Corp. - Warrant,NASDAQ,NA,NA,PTORW
PTRN,Pattern Group Inc. - Series A Common Stock,NASDAQ,NA,NA,PTRN
PTY,Pimco Corporate & Income Opportunity Fund,NYSE,PTY,PTY,PTY
PUBM,"PubMatic, Inc. - Class A Common Stock",NASDAQ,NA,NA,PUBM
PUK,Prudential Public Limited Company Common Stock,NYSE,PUK,PUK,PUK
PULM,"Pulmatrix, Inc. - Common Stock",NASDAQ,NA,NA,PULM
PUMP,ProPetro Holding Corp. Common Stock,NYSE,PUMP,PUMP,PUMP
PURR,Hyperliquid Strategies Inc - Common Stock,NASDAQ,NA,NA,PURR
PUSA,Aureus Greenway Holdings Inc. - Common Stock,NASDAQ,NA,NA,PUSA
PVH,PVH Corp. Common Stock,NYSE,PVH,PVH,PVH
PVL,Permianville Royalty Trust Units of Beneficial Interest,NYSE,PVL,PVL,PVL
PVLA,"Palvella Therapeutics, Inc. - Common Stock",NASDAQ,NA,NA,PVLA
PW,Power REIT (MD) Common Stock,AMEX,PW,PW,PW
PW-PA,Power REIT 7.75% Series A Cumulative Perpetual Preferred Stock,AMEX,PW$A,PWpA,PW-A
PWCM,"PowerCompute, Inc. - Common Stock",NASDAQ,NA,NA,PWCM
PWP,Perella Weinberg Partners - Class A Common Stock,NASDAQ,NA,NA,PWP
PWR,"Quanta Services, Inc. Common Stock",NYSE,PWR,PWR,PWR
PWRL,Powerlaw Corp. - Common Stock,NASDAQ,NA,NA,PWRL
PXED,"Phoenix Education Partners, Inc. Common Stock",NYSE,PXED,PXED,PXED
PXLW,"Pixelworks, Inc. - Common Stock",NASDAQ,NA,NA,PXLW
PXS,Pyxis Tankers Inc. - Common Stock,NASDAQ,NA,NA,PXS
PYPD,PolyPid Ltd. - Ordinary Shares,NASDAQ,NA,NA,PYPD
PYPL,"PayPal Holdings, Inc. - Common Stock",NASDAQ,NA,NA,PYPL
PYT,PPlus Tr GSC-2 Tr Ctf Fltg Rate,NYSE,PYT,PYT,PYT
PYXS,"Pyxis Oncology, Inc. - Common Stock",NASDAQ,NA,NA,PYXS
PZG,Paramount Gold Nevada Corp. Common Stock,AMEX,PZG,PZG,PZG
PZZA,"Papa John's International, Inc. - Common Stock",NASDAQ,NA,NA,PZZA
Q,"Qnity Electronics, Inc. Common Stock",NYSE,Q,Q,Q
QADR,QDRO Acquisition Corp. - Class A Ordinary Shares,NASDAQ,NA,NA,QADR
QADRU,QDRO Acquisition Corp. - Units,NASDAQ,NA,NA,QADRU
QADRW,QDRO Acquisition Corp. - Warrant,NASDAQ,NA,NA,QADRW
QBTS,D-Wave Quantum Inc. - Common Stock,NASDAQ,NA,NA,QBTS
QCLS,"Q/C Technologies, Inc. - Common Stock",NASDAQ,NA,NA,QCLS
QCOM,QUALCOMM Incorporated - Common Stock,NASDAQ,NA,NA,QCOM
QCRH,"QCR Holdings, Inc. - Common Stock",NASDAQ,NA,NA,QCRH
QDEL,QuidelOrtho Corporation - Common Stock,NASDAQ,NA,NA,QDEL
QETA,Quetta Acquisition Corporation - Common Stock,NASDAQ,NA,NA,QETA
QETAR,Quetta Acquisition Corporation - Right,NASDAQ,NA,NA,QETAR
QETAU,Quetta Acquisition Corporation - Unit,NASDAQ,NA,NA,QETAU
QFIN,"Qfin Holdings, Inc.  - American Depositary Shares",NASDAQ,NA,NA,QFIN
QGEN,Qiagen N.V. Common Shares,NYSE,QGEN,QGEN,QGEN
QH,Quhuo Limited - Class A Ordinary Shares,NASDAQ,NA,NA,QH
QLEP,Quantum Leap Acquisition Corp Class A Ordinary Shares,NYSE,QLEP,QLEP,QLEP
QLEP-WT,"Quantum Leap Acquisition Corp Warrants, each whole warrant exercisable for one Class A Ordinary Share at an exercise price of $11.50 per share",NYSE,QLEP.W,QLEP.WS,QLEP+
QLYS,"Qualys, Inc. - Common Stock",NASDAQ,NA,NA,QLYS
QMCO,Quantum Corporation - Common Stock,NASDAQ,NA,NA,QMCO
QMLS,"QumulusAI, Inc. - Common Stock",NASDAQ,NA,NA,QMLS
QNC,Quantum eMotion Corp. Common Shares,AMEX,QNC,QNC,QNC
QNCX,"Quince Therapeutics, Inc. - Common Stock",NASDAQ,NA,NA,QNCX
QNME,"Quanome Technologies, Inc. - Common Stock",NASDAQ,NA,NA,QNME
QNRX,"Quoin Pharmaceuticals, Ltd. - American Depositary Shares",NASDAQ,NA,NA,QNRX
QNST,"QuinStreet, Inc. - Common Stock",NASDAQ,NA,NA,QNST
QNT,Quantinuum Inc. - Class A Common Stock,NASDAQ,NA,NA,QNT
QNTM,Quantum Biopharma Ltd. - Class B Subordinate Voting Shares,NASDAQ,NA,NA,QNTM
QQQX,Nuveen NASDAQ 100 Dynamic Overwrite Fund - Closed End Fund,NASDAQ,NA,NA,QQQX
QRED,QuasarEdge Acquisition Corporation Ordinary Shares,NYSE,QRED,QRED,QRED
QRED-R,QuasarEdge Acquisition Corporation Rights to receive one-fourth (1/4) of one Ordinary Share,NYSE,QRED.R,QREDr,QRED^
QRED-UN,"QuasarEdge Acquisition Corporation Units, each consisting of one Ordinary Share and one right entitling the holder to receive one-fourth (1/4) of one Ordinary Share",NYSE,QRED.U,QRED.U,QRED=
QRHC,Quest Resource Holding Corporation - Common Stock,NASDAQ,NA,NA,QRHC
QRVO,"Qorvo, Inc. - Common Stock",NASDAQ,NA,NA,QRVO
QS,QuantumScape Corporation - Common Stock,NASDAQ,NA,NA,QS
QSEA,Quartzsea Acquisition Corporation - Ordinary Shares,NASDAQ,NA,NA,QSEA
QSEAR,Quartzsea Acquisition Corporation - Rights,NASDAQ,NA,NA,QSEAR
QSEAU,Quartzsea Acquisition Corporation - Units,NASDAQ,NA,NA,QSEAU
QSI,Quantum-Si Incorporated - Class A Common Stock,NASDAQ,NA,NA,QSI
QSR,Restaurant Brands International Inc. Common Shares,NYSE,QSR,QSR,QSR
QTEX,QTREX Quantum Ltd. - Ordinary Shares,NASDAQ,NA,NA,QTEX
QTI,"QT Imaging Holdings, Inc. - Common Stock",NASDAQ,NA,NA,QTI
QTRX,Quanterix Corporation - Common Stock,NASDAQ,NA,NA,QTRX
QTTB,Q32 Bio Inc. - Common Stock,NASDAQ,NA,NA,QTTB
QTWO,"Q2 Holdings, Inc. Common Stock",NYSE,QTWO,QTWO,QTWO
QUAD,"Quad Graphics, Inc Class A Common Stock",NYSE,QUAD,QUAD,QUAD
QUBT,Quantum Computing Inc. - Common Stock,NASDAQ,NA,NA,QUBT
QUCY,Quantum Cyber N.V. - Ordinary Shares,NASDAQ,NA,NA,QUCY
QUIK,QuickLogic Corporation - Common Stock,NASDAQ,NA,NA,QUIK
QUMS,Quantumsphere Acquisition Corp. - Ordinary Shares,NASDAQ,NA,NA,QUMS
QUMSR,Quantumsphere Acquisition Corp. - Rights,NASDAQ,NA,NA,QUMSR
QUMSU,Quantumsphere Acquisition Corp. - Units,NASDAQ,NA,NA,QUMSU
QURE,uniQure N.V. - Ordinary Shares,NASDAQ,NA,NA,QURE
QVCG,"QVC Group, Inc. - Common Stock",NASDAQ,NA,NA,QVCG
QXL,Quantum X Labs Inc. - Common Stock,NASDAQ,NA,NA,QXL
QXO,"QXO, Inc. Common Stock",NYSE,QXO,QXO,QXO
QXO-PB,"QXO, Inc.  Depositary Shares, each representing a 1/20th interest in a share of 5.50% Series B Mandatory Convertible Preferred Stock",NYSE,QXO$B,QXOpB,QXO-B
R,"Ryder System, Inc. Common Stock",NYSE,R,R,R
RA,Brookfield Real Assets Income Fund Inc. Common Stock,NYSE,RA,RA,RA
RAC,Rithm Acquisition Corp. Class A Ordinary Shares,NYSE,RAC,RAC,RAC
RAC-UN,Rithm Acquisition Corp. Units (each consists of one Class A Ordinary Share and one-third of one redeemable Warrant),NYSE,RAC.U,RAC.U,RAC=
RAC-WT,"Rithm Acquisition Corp. Redeemable warrants, each whole warrant exercisable for one Class A ordinary share at an exercise price of $11.50",NYSE,RAC.W,RAC.WS,RAC+
RACC,Research Alliance Corporation III - Class A Ordinary Shares,NASDAQ,NA,NA,RACC
RACD,Research Alliance Corporation IV - Class A Ordinary Shares,NASDAQ,NA,NA,RACD
RACE,Ferrari N.V. Common Shares,NYSE,RACE,RACE,RACE
RADX,Radiopharm Theranostics Limited - American Depositary Shares,NASDAQ,NA,NA,RADX
RAIL,"Freightcar America, Inc. - Common Stock",NASDAQ,NA,NA,RAIL
RAIN,"Rain Enhancement Technologies Holdco, Inc. - Class A Common Stock",NASDAQ,NA,NA,RAIN
RAINW,"Rain Enhancement Technologies Holdco, Inc. - Warrants",NASDAQ,NA,NA,RAINW
RAL,Ralliant Corporation Common Stock,NYSE,RAL,RAL,RAL
RAMP,"LiveRamp Holdings, Inc. Common Stock",NYSE,RAMP,RAMP,RAMP
RAND,Rand Capital Corporation - Closed End Fund,NASDAQ,NA,NA,RAND
RANG,Range Capital Acquisition Corp. - Ordinary Shares,NASDAQ,NA,NA,RANG
RANGR,Range Capital Acquisition Corp. - Rights,NASDAQ,NA,NA,RANGR
RANGU,Range Capital Acquisition Corp. - Units,NASDAQ,NA,NA,RANGU
RANI,"Rani Therapeutics Holdings, Inc. - Class A Common Stock",NASDAQ,NA,NA,RANI
RAPP,"Rapport Therapeutics, Inc. - Common Stock",NASDAQ,NA,NA,RAPP
RARE,Ultragenyx Pharmaceutical Inc. - Common Stock,NASDAQ,NA,NA,RARE
RAVE,"Rave Restaurant Group, Inc. - Common Stock",NASDAQ,NA,NA,RAVE
RAY,Raytech Holding Limited - Ordinary Shares,NASDAQ,NA,NA,RAY
RAYA,Erayak Power Solution Group Inc. - Class A Ordinary Shares,NASDAQ,NA,NA,RAYA
RBA,"RB Global, Inc. Common Stock",NYSE,RBA,RBA,RBA
RBB,RBB Bancorp - Common Stock,NASDAQ,NA,NA,RBB
RBBN,Ribbon Communications Inc.  - Common Stock,NASDAQ,NA,NA,RBBN
RBC,RBC Bearings Incorporated Common Stock,NYSE,RBC,RBC,RBC
RBCAA,"Republic Bancorp, Inc. - Class A Common Stock",NASDAQ,NA,NA,RBCAA
RBKB,"Rhinebeck Bancorp, Inc. - Common Stock",NASDAQ,NA,NA,RBKB
RBLX,Roblox Corporation Class A Common Stock,NYSE,RBLX,RBLX,RBLX
RBNE,Robin Energy Ltd. - Common Stock,NASDAQ,NA,NA,RBNE
RBRK,"Rubrik, Inc. Class A Common Stock",NYSE,RBRK,RBRK,RBRK
RC,Ready Capital Corporation Common Stock,NYSE,RC,RC,RC
RC-PC,Ready Capital Corporation 6.25% Series C Cumulative Convertible Preferred Stock,NYSE,RC$C,RCpC,RC-C
RC-PE,Ready Capital Corporation 6.50% Series E Cumulative Redeemable Preferred Stock,NYSE,RC$E,RCpE,RC-E
RCAT,"Red Cat Holdings, Inc. - Common Stock",NASDAQ,NA,NA,RCAT
RCBC,River City Bank - Common stock,NASDAQ,NA,NA,RCBC
RCD,Ready Capital Corporation 9.00% Senior Notes due 2029,NYSE,RCD,RCD,RCD
RCEL,"Avita Medical, Inc. - Common Stock",NASDAQ,NA,NA,RCEL
RCG,"RENN Fund, Inc Common Stock",AMEX,RCG,RCG,RCG
RCI,"Rogers Communication, Inc. Common Stock",NYSE,RCI,RCI,RCI
RCKT,"Rocket Pharmaceuticals, Inc. - Common Stock",NASDAQ,NA,NA,RCKT
RCKTW,"Rocket Pharmaceuticals, Inc. - Warrant",NASDAQ,NA,NA,RCKTW
RCKY,"Rocky Brands, Inc. - Common Stock",NASDAQ,NA,NA,RCKY
RCL,Royal Caribbean Cruises Ltd. Common Stock,NYSE,RCL,RCL,RCL
RCMT,"RCM Technologies, Inc. - Common Stock",NASDAQ,NA,NA,RCMT
RCON,"Recon Technology, Ltd. - Class A Ordinary Shares",NASDAQ,NA,NA,RCON
RCS,"PIMCO Strategic Income Fund, Inc.",NYSE,RCS,RCS,RCS
RCT,RedCloud Holdings plc - Ordinary Shares,NASDAQ,NA,NA,RCT
RCUS,"Arcus Biosciences, Inc. Common Stock",NYSE,RCUS,RCUS,RCUS
RDAC,Rising Dragon Acquisition Corp. - Ordinary Shares,NASDAQ,NA,NA,RDAC
RDACR,Rising Dragon Acquisition Corp. - Rights,NASDAQ,NA,NA,RDACR
RDACU,Rising Dragon Acquisition Corp. - Unit,NASDAQ,NA,NA,RDACU
RDAG,Republic Digital Acquisition Company - Class A Ordinary Shares,NASDAQ,NA,NA,RDAG
RDAGU,Republic Digital Acquisition Company - Unit,NASDAQ,NA,NA,RDAGU
RDAGW,Republic Digital Acquisition Company - Warrants,NASDAQ,NA,NA,RDAGW
RDCM,Radcom Ltd. - Ordinary Shares,NASDAQ,NA,NA,RDCM
RDDT,"Reddit, Inc. Class A Common Stock",NYSE,RDDT,RDDT,RDDT
RDGT,"Ridgetech, Inc. - Ordinary Shares",NASDAQ,NA,NA,RDGT
RDHL,Redhill Biopharma Ltd. - American Depositary Shares,NASDAQ,NA,NA,RDHL
RDI,Reading International Inc - Class A Non-voting Common Stock,NASDAQ,NA,NA,RDI
RDIB,Reading International Inc - Class B Voting Common Stock,NASDAQ,NA,NA,RDIB
RDN,Radian Group Inc. Common Stock,NYSE,RDN,RDN,RDN
RDNT,"RadNet, Inc. - Common Stock",NASDAQ,NA,NA,RDNT
RDNW,"RideNow Group, Inc. - Class B Common Stock",NASDAQ,NA,NA,RDNW
RDVT,"Red Violet, Inc. - Common Stock ",NASDAQ,NA,NA,RDVT
RDW,Redwire Corporation Common Stock,NYSE,RDW,RDW,RDW
RDWR,Radware Ltd. - Ordinary Shares,NASDAQ,NA,NA,RDWR
RDY,Dr. Reddy's Laboratories Ltd Common Stock,NYSE,RDY,RDY,RDY
RDZN,"Roadzen, Inc. - Ordinary Shares",NASDAQ,NA,NA,RDZN
RDZNW,"Roadzen, Inc. - Warrants",NASDAQ,NA,NA,RDZNW
REA,"Rare Earths Americas, Inc. Common Stock",AMEX,REA,REA,REA
REAL,"The RealReal, Inc. - Common Stock",NASDAQ,NA,NA,REAL
REAX,"The Real Brokerage, Inc. - Common Shares",NASDAQ,NA,NA,REAX
REBN,"Reborn Coffee, Inc. - Common Stock",NASDAQ,NA,NA,REBN
RECT,Rectitude Holdings Ltd - Ordinary Shares,NASDAQ,NA,NA,RECT
REED,"Reed's, Inc. Common Stock",AMEX,REED,REED,REED
REF,Reformation Inc. Common Stock,NYSE,REF,REF,REF
REFI,"Chicago Atlantic Real Estate Finance, Inc. - Common Stock",NASDAQ,NA,NA,REFI
REFR,Research Frontiers Incorporated - Common Stock,NASDAQ,NA,NA,REFR
REG,Regency Centers Corporation - Common Stock,NASDAQ,NA,NA,REG
REGCO,Regency Centers Corporation - 5.875% Series B Cumulative Redeemable Preferred Stock,NASDAQ,NA,NA,REGCO
REGCP,Regency Centers Corporation - 6.25% Series A Cumulative Redeemable Preferred Stock,NASDAQ,NA,NA,REGCP
REGN,"Regeneron Pharmaceuticals, Inc. - Common Stock",NASDAQ,NA,NA,REGN
REI,"Ring Energy, Inc. Common Stock",AMEX,REI,REI,REI
REKR,"Rekor Systems, Inc. - Common Stock",NASDAQ,NA,NA,REKR
RELL,"Richardson Electronics, Ltd. - Common Stock",NASDAQ,NA,NA,RELL
RELX,RELX PLC PLC American Depositary Shares (Each representing One Ordinary Share),NYSE,RELX,RELX,RELX
RELY,"Remitly Global, Inc. - Common stock",NASDAQ,NA,NA,RELY
RENT,"Rent the Runway, Inc. - Class A Common Stock",NASDAQ,NA,NA,RENT
RENX,RenX Enterprises Corp. - Common Stock,NASDAQ,NA,NA,RENX
REPL,"Replimune Group, Inc. - Common Stock",NASDAQ,NA,NA,REPL
REPX,"Riley Exploration Permian, Inc. Common Stock",AMEX,REPX,REPX,REPX
RERE,ATRenew Inc. American Depositary Shares (every three of which representing two Class A ordinary shares),NYSE,RERE,RERE,RERE
RES,"RPC, Inc. Common Stock",NYSE,RES,RES,RES
RETO,"ReTo Eco-Solutions, Inc. - Class A Shares",NASDAQ,NA,NA,RETO
REVB,"Revelation Biosciences, Inc. - Common Stock",NASDAQ,NA,NA,REVB
REVBW,"Revelation Biosciences, Inc. - Warrant",NASDAQ,NA,NA,REVBW
REX,REX American Resources Corporation,NYSE,REX,REX,REX
REXR,"Rexford Industrial Realty, Inc. Common Stock",NYSE,REXR,REXR,REXR
REXR-PB,"Rexford Industrial Realty, Inc. 5.875% Series B Cumulative Redeemable Preferred Stock",NYSE,REXR$B,REXRpB,REXR-B
REXR-PC,"Rexford Industrial Realty, Inc. 5.625% Series C Cumulative Redeemable Preferred Stock, par value $0.01 per share",NYSE,REXR$C,REXRpC,REXR-C
REYN,Reynolds Consumer Products Inc. - Common Stock,NASDAQ,NA,NA,REYN
REZI,"Resideo Technologies, Inc. Common Stock ",NYSE,REZI,REZI,REZI
RF,Regions Financial Corporation Common Stock,NYSE,RF,RF,RF
RF-PC,"Regions Financial Corporation Depositary Shares, each Representing a 1/40th Interest in a  Share of 5.700% Fixed-to-Floating Rate Non-Cumulative  Perpetual Preferred Stock, Series C",NYSE,RF$C,RFpC,RF-C
RF-PE,"Regions Financial Corporation Depositary Shares, Each Representing a 1/40th Interest in a Share of 4.45% Non-Cumulative Perpetual Preferred Stock, Series E",NYSE,RF$E,RFpE,RF-E
RF-PF,"Regions Financial Corporation Depositary Shares Each Representing a 1/40th Interest in a Share of Non-Cumulative Perpetual Preferred Stock, Series F",NYSE,RF$F,RFpF,RF-F
RFAI,RF Acquisition Corp II - Ordinary Shares,NASDAQ,NA,NA,RFAI
RFAIR,RF Acquisition Corp II - Right,NASDAQ,NA,NA,RFAIR
RFAIU,RF Acquisition Corp II - Unit,NASDAQ,NA,NA,RFAIU
RFAM,RF Acquisition Corp III - Ordinary Shares,NASDAQ,NA,NA,RFAM
RFAMR,RF Acquisition Corp III - Rights,NASDAQ,NA,NA,RFAMR
RFAMU,RF Acquisition Corp III - Units,NASDAQ,NA,NA,RFAMU
RFI,"Cohen & Steers Total Return Realty Fund, Inc. Common Stock",NYSE,RFI,RFI,RFI
RFIL,"RF Industries, Ltd. - Common Stock",NASDAQ,NA,NA,RFIL
RFL,"Rafael Holdings, Inc. Class B Common Stock",NYSE,RFL,RFL,RFL
RFM,"RiverNorth Flexible Municipal Income Fund, Inc. Common Stock",NYSE,RFM,RFM,RFM
RFMZ,"RiverNorth Flexible Municipal Income Fund II, Inc. Common Stock",NYSE,RFMZ,RFMZ,RFMZ
RGA,"Reinsurance Group of America, Incorporated Common Stock",NYSE,RGA,RGA,RGA
RGC,Regencell Bioscience Holdings Limited - Ordinary Shares,NASDAQ,NA,NA,RGC
RGCO,RGC Resources Inc. - Common Stock,NASDAQ,NA,NA,RGCO
RGEN,Repligen Corporation - Common Stock,NASDAQ,NA,NA,RGEN
RGLD,"Royal Gold, Inc. - Common Stock",NASDAQ,NA,NA,RGLD
RGNT,Regentis Biomaterials Ltd. Ordinary Shares,AMEX,RGNT,RGNT,RGNT
RGNX,REGENXBIO Inc. - Common Stock,NASDAQ,NA,NA,RGNX
RGP,"Resources Connection, Inc. - Common Stock",NASDAQ,NA,NA,RGP
RGR,"Sturm, Ruger & Company, Inc. Common Stock",NYSE,RGR,RGR,RGR
RGS,Regis Corporation - Common Stock,NASDAQ,NA,NA,RGS
RGT,"Royce Global Trust, Inc. Common Stock",NYSE,RGT,RGT,RGT
RGTI,"Rigetti Computing, Inc.  - Common stock",NASDAQ,NA,NA,RGTI
RGTIW,"Rigetti Computing, Inc.  - Redeemable warrants, each whole warrant exercisable for one Class A ordinary share at an exercise price of $11.50",NASDAQ,NA,NA,RGTIW
RH,RH Common Stock,NYSE,RH,RH,RH
RHI,Robert Half Inc. Common Stock,NYSE,RHI,RHI,RHI
RHLD,Resolute Holdings Management Common Stock ,NYSE,RHLD,RHLD,RHLD
RHP,"Ryman Hospitality Properties, Inc. (REIT)",NYSE,RHP,RHP,RHP
RIBB,Ribbon Acquisition Corp - Class A Ordinary Shares,NASDAQ,NA,NA,RIBB
RIBBR,Ribbon Acquisition Corp - Rights,NASDAQ,NA,NA,RIBBR
RIBBU,Ribbon Acquisition Corp - Unit,NASDAQ,NA,NA,RIBBU
RICK,"RCI Hospitality Holdings, Inc. - Common Stock",NASDAQ,NA,NA,RICK
RIG,Transocean Ltd (Switzerland) Common Stock,NYSE,RIG,RIG,RIG
RIGL,"Rigel Pharmaceuticals, Inc. - Common Stock",NASDAQ,NA,NA,RIGL
RILY,"BRC Group Holdings, Inc. - Common Stock",NASDAQ,NA,NA,RILY
RILYG,"BRC Group Holdings, Inc. - 5.00% Senior Notes due 2026",NASDAQ,NA,NA,RILYG
RILYL,"BRC Group Holdings, Inc. - Depositary Shares, each representing a 1/1000th fractional interest in a share of Series B Cumulative Perpetual Preferred Stock",NASDAQ,NA,NA,RILYL
RILYN,"BRC Group Holdings, Inc. - 6.50% Senior Notes Due 2026",NASDAQ,NA,NA,RILYN
RILYP,"BRC Group Holdings, Inc. - Depositary Shares, each representing a 1/1000th fractional interest in a share of Series A Cumulative Perpetual Preferred Stock",NASDAQ,NA,NA,RILYP
RILYT,"BRC Group Holdings, Inc. - 6.00% Senior Notes Due 2028",NASDAQ,NA,NA,RILYT
RILYZ,"BRC Group Holdings, Inc. - 5.25% Senior Notes due 2028",NASDAQ,NA,NA,RILYZ
RIME,"Algorhythm Holdings, Inc. - Common Stock",NASDAQ,NA,NA,RIME
RIO,Rio Tinto Plc Common Stock,NYSE,RIO,RIO,RIO
RIOT,"Riot Platforms, Inc. - Common Stock",NASDAQ,NA,NA,RIOT
RITM,Rithm Capital Corp. Common Stock,NYSE,RITM,RITM,RITM
RITM-PA,Rithm Capital Corp. 7.50% Series A Fixed-to-Floating Rate Cumulative Redeemable Preferred Stock,NYSE,RITM$A,RITMpA,RITM-A
RITM-PB,Rithm Capital Corp. 7.125% Series B Fixed-to-Floating Rate Cumulative Redeemable Preferred Stock,NYSE,RITM$B,RITMpB,RITM-B
RITM-PC,Rithm Capital Corp. 6.375% Series C Fixed-to-Floating Rate Cumulative Redeemable Preferred Stock,NYSE,RITM$C,RITMpC,RITM-C
RITM-PD,Rithm Capital Corp. 7.00% Fixed-Rate Reset Series D Cumulative Redeemable Preferred Stock,NYSE,RITM$D,RITMpD,RITM-D
RITM-PE,Rithm Capital Corp. 8.75% Series E Fixed-Rate Cumulative Redeemable Preferred Stock,NYSE,RITM$E,RITMpE,RITM-E
RITM-PF,Rithm Capital Corp. 8.750% Series F Fixed-Rate Reset Cumulative Redeemable Preferred Stock,NYSE,RITM$F,RITMpF,RITM-F
RITR,Reitar Logtech Holdings Limited - Ordinary shares,NASDAQ,NA,NA,RITR
RIV,"RiverNorth Opportunities Fund, Inc. Common Stock",NYSE,RIV,RIV,RIV
RIV-PA,"RiverNorth Opportunities Fund, Inc. 6.00% Series A Perpetual Preferred Stock",NYSE,RIV$A,RIVpA,RIV-A
RIVN,"Rivian Automotive, Inc. - Class A Common Stock",NASDAQ,NA,NA,RIVN
RJET,Republic Airways Holdings Inc. - Common Stock,NASDAQ,NA,NA,RJET
RJF,"Raymond James Financial, Inc. Common Stock",NYSE,RJF,RJF,RJF
RKDA,"Arcadia Biosciences, Inc. - Common Stock",NASDAQ,NA,NA,RKDA
RKLB,Rocket Lab Corporation - Common Stock,NASDAQ,NA,NA,RKLB
RKT,"Rocket Companies, Inc. Class A Common Stock",NYSE,RKT,RKT,RKT
RKTO,Rocket One Inc. - Common Stock,NASDAQ,NA,NA,RKTO
RL,Ralph Lauren Corporation Common Stock,NYSE,RL,RL,RL
RLAY,"Relay Therapeutics, Inc. - Common Stock",NASDAQ,NA,NA,RLAY
RLGT,"Radiant Logistics, Inc. Common Stock",AMEX,RLGT,RLGT,RLGT
RLI,RLI Corp. Common Stock (DE),NYSE,RLI,RLI,RLI
RLJ,RLJ Lodging Trust Common Shares of Beneficial Interest $0.01 par value,NYSE,RLJ,RLJ,RLJ
RLJ-PA,RLJ Lodging Trust $1.95 Series A Cumulative Convertible  Preferred Shares,NYSE,RLJ$A,RLJpA,RLJ-A
RLMD,"Relmada Therapeutics, Inc. - Common Stock",NASDAQ,NA,NA,RLMD
RLTY,Cohen & Steers Real Estate Opportunities and Income Fund Common Shares of Beneficial Interest,NYSE,RLTY,RLTY,RLTY
RLX,"RLX Technology Inc. American Depositary Shares, each representing the right to receive one (1) Class A ordinary share",NYSE,RLX,RLX,RLX
RLYB,Rallybio Corporation - Common Stock,NASDAQ,NA,NA,RLYB
RM,Regional Management Corp. Common Stock,NYSE,RM,RM,RM
RMAX,"RE/MAX Holdings, Inc. Class A Common Stock",NYSE,RMAX,RMAX,RMAX
RMBI,"Richmond Mutual Bancorporation, Inc. - Common Stock",NASDAQ,NA,NA,RMBI
RMBS,"Rambus, Inc. - Common Stock",NASDAQ,NA,NA,RMBS
RMCF,"Rocky Mountain Chocolate Factory, Inc. - Common Stock",NASDAQ,NA,NA,RMCF
RMCO,Royalty Management Holding Corporation - Class A Common Stock,NASDAQ,NA,NA,RMCO
RMCOW,Royalty Management Holding Corporation - Warrant,NASDAQ,NA,NA,RMCOW
RMD,ResMed Inc. Common Stock,NYSE,RMD,RMD,RMD
RMI,"RiverNorth Opportunistic Municipal Income Fund, Inc. Common Stock",NYSE,RMI,RMI,RMI
RMIX,"Suncrete, Inc. - Class A Common Stock",NASDAQ,NA,NA,RMIX
RMM,"RiverNorth Managed Duration Municipal Income Fund, Inc. Common Stock",NYSE,RMM,RMM,RMM
RMMZ,"RiverNorth Managed Duration Municipal Income Fund II, Inc. Common Stock",NYSE,RMMZ,RMMZ,RMMZ
RMNI,"Rimini Street, Inc. - Common Stock",NASDAQ,NA,NA,RMNI
RMR,The RMR Group Inc. - Class A Common Stock,NASDAQ,NA,NA,RMR
RMSG,Real Messenger Corporation - Ordinary Shares,NASDAQ,NA,NA,RMSG
RMSGW,Real Messenger Corporation - Warrants,NASDAQ,NA,NA,RMSGW
RMT,"Royce Micro-Cap Trust, Inc. Common Stock",NYSE,RMT,RMT,RMT
RMTI,"Rockwell Medical, Inc. - Common Stock",NASDAQ,NA,NA,RMTI
RNA,"Atrium Therapeutics, Inc. - Common Stock",NASDAQ,NA,NA,RNA
RNAC,"Cartesian Therapeutics, Inc. - Common Stock",NASDAQ,NA,NA,RNAC
RNAZ,"TransCode Therapeutics, Inc. - Common Stock",NASDAQ,NA,NA,RNAZ
RNG,"RingCentral, Inc. Class A Common Stock",NYSE,RNG,RNG,RNG
RNGR,"Ranger Energy Services, Inc. Class A Common Stock",NYSE,RNGR,RNGR,RNGR
RNGT,Range Capital Acquisition Corp II - Class A Ordinary Shares,NASDAQ,NA,NA,RNGT
RNGTU,Range Capital Acquisition Corp II - Units,NASDAQ,NA,NA,RNGTU
RNGTW,Range Capital Acquisition Corp II - Warrants,NASDAQ,NA,NA,RNGTW
RNP,"Cohen & Steers REIT and Preferred and Income Fund, Inc. Common Shares",NYSE,RNP,RNP,RNP
RNR,RenaissanceRe Holdings Ltd. Common Stock,NYSE,RNR,RNR,RNR
RNR-PF,"RenaissanceRe Holdings Ltd. Depositary Shares, each Representing a 1/1,000th Interest in a 5.750% Series F Preference Share",NYSE,RNR$F,RNRpF,RNR-F
RNR-PG,"RenaissanceRe Holdings Ltd. Depositary Shares, each representing a 1/1,000th interest in a share of 4.20% Series G Preference Shares",NYSE,RNR$G,RNRpG,RNR-G
RNST,Renasant Corporation Common Stock,NYSE,RNST,RNST,RNST
RNTX,"Rein Therapeutics, Inc. - Common Stock",NASDAQ,NA,NA,RNTX
RNW,ReNew Energy Global plc - Class A Shares,NASDAQ,NA,NA,RNW
RNWWW,ReNew Energy Global plc - Warrant,NASDAQ,NA,NA,RNWWW
RNXT,"RenovoRx, Inc. - Common Stock",NASDAQ,NA,NA,RNXT
ROAD,"Construction Partners, Inc. - Common Stock",NASDAQ,NA,NA,ROAD
ROC,Rank One Computing Corporation - Common stock,NASDAQ,NA,NA,ROC
ROCK,"Gibraltar Industries, Inc. - Common Stock",NASDAQ,NA,NA,ROCK
ROG,Rogers Corporation Common Stock,NYSE,ROG,ROG,ROG
ROIV,Roivant Sciences Ltd. - Common Shares,NASDAQ,NA,NA,ROIV
ROK,"Rockwell Automation, Inc. Common Stock",NYSE,ROK,ROK,ROK
ROKU,"Roku, Inc. - Class A Common Stock",NASDAQ,NA,NA,ROKU
ROL,"Rollins, Inc. Common Stock",NYSE,ROL,ROL,ROL
ROLR,"High Roller Technologies, Inc. Common Stock",AMEX,ROLR,ROLR,ROLR
ROMA,Roma Green Finance Limited - Class A Ordinary Shares,NASDAQ,NA,NA,ROMA
ROOT,"Root, Inc. - Common Stock",NASDAQ,NA,NA,ROOT
ROP,"Roper Technologies, Inc. - Common Stock",NASDAQ,NA,NA,ROP
ROST,"Ross Stores, Inc. - Common Stock",NASDAQ,NA,NA,ROST
RPAY,Repay Holdings Corporation - Class A Common Stock,NASDAQ,NA,NA,RPAY
RPC,"Ridgepost Capital, Inc. Class A Common Stock",NYSE,RPC,RPC,RPC
RPD,"Rapid7, Inc. - Common Stock",NASDAQ,NA,NA,RPD
RPGL,Republic Power Group Limited - Class A Ordinary Shares,NASDAQ,NA,NA,RPGL
RPID,"Rapid Micro Biosystems, Inc. - Class A Common Stock",NASDAQ,NA,NA,RPID
RPM,RPM International Inc. Common Stock,NYSE,RPM,RPM,RPM
RPRX,Royalty Pharma plc - Class A Ordinary Shares,NASDAQ,NA,NA,RPRX
RPT,Rithm Property Trust Inc. Common stock,NYSE,RPT,RPT,RPT
RPT-PC,Rithm Property Trust Inc. 9.875% Series C Fixed-to-Floating Rate Cumulative Redeemable Preferred Stock,NYSE,RPT$C,RPTpC,RPT-C
RQI,Cohen & Steers Quality Income Realty Fund Inc Common Shares,NYSE,RQI,RQI,RQI
RR,Richtech Robotics Inc. - Class B Common Stock,NASDAQ,NA,NA,RR
RRBI,"Red River Bancshares, Inc. - Common Stock",NASDAQ,NA,NA,RRBI
RRC,Range Resources Corporation Common Stock,NYSE,RRC,RRC,RRC
RREV,RRE Ventures Acquisition Corp. - Class A Ordinary Shares,NASDAQ,NA,NA,RREV
RREVU,RRE Ventures Acquisition Corp. - Units,NASDAQ,NA,NA,RREVU
RREVW,RRE Ventures Acquisition Corp. - Warrants,NASDAQ,NA,NA,RREVW
RRGB,"Red Robin Gourmet Burgers, Inc. - Common Stock",NASDAQ,NA,NA,RRGB
RRR,"Red Rock Resorts, Inc. - Class A Common Stock",NASDAQ,NA,NA,RRR
RRX,Regal Rexnord Corporation Common Stock,NYSE,RRX,RRX,RRX
RS,"Reliance, Inc. Common Stock",NYSE,RS,RS,RS
RSF,RiverNorth Capital and Income Fund Common Stock,NYSE,RSF,RSF,RSF
RSG,"Republic Services, Inc. Common Stock",NYSE,RSG,RSG,RSG
RSI,"Rush Street Interactive, Inc. Class A Common Stock",NYSE,RSI,RSI,RSI
RSKD,Riskified Ltd. Class A Ordinary Shares,NYSE,RSKD,RSKD,RSKD
RSSS,"Research Solutions, Inc - Common Stock",NASDAQ,NA,NA,RSSS
RSVR,"Reservoir Media, Inc.. - Common Stock",NASDAQ,NA,NA,RSVR
RTAC,Renatus Tactical Acquisition Corp I - Class A Ordinary Shares,NASDAQ,NA,NA,RTAC
RTACU,Renatus Tactical Acquisition Corp I - Unit,NASDAQ,NA,NA,RTACU
RTACW,Renatus Tactical Acquisition Corp I - Warrant,NASDAQ,NA,NA,RTACW
RTB,"RTB Digital, Inc. - Common Stock",NASDAQ,NA,NA,RTB
RTO,Rentokil Initial plc American Depositary Shares (each representing five (5) Ordinary Shares),NYSE,RTO,RTO,RTO
RTX,RTX Corporation Common Stock,NYSE,RTX,RTX,RTX
RUBI,Rubico Inc. - Common Stock,NASDAQ,NA,NA,RUBI
RUM,RUM Group Inc. - Class A Common Stock,NASDAQ,NA,NA,RUM
RUMBW,RUM Group Inc. - Warrant,NASDAQ,NA,NA,RUMBW
RUN,Sunrun Inc. - Common Stock,NASDAQ,NA,NA,RUN
RUSHA,"Rush Enterprises, Inc. - Class A Common Stock",NASDAQ,NA,NA,RUSHA
RUSHB,"Rush Enterprises, Inc. - Class B Common Stock",NASDAQ,NA,NA,RUSHB
RVI,Robinhood Ventures Fund I Common Shares of Beneficial Interest,NYSE,RVI,RVI,RVI
RVII,Robinhood Ventures Fund II Common Shares of Beneficial Interest,NYSE,RVII,RVII,RVII
RVLV,"Revolve Group, Inc. Class A Common Stock",NYSE,RVLV,RVLV,RVLV
RVMD,"Revolution Medicines, Inc. - Common Stock",NASDAQ,NA,NA,RVMD
RVMDW,"Revolution Medicines, Inc. - Warrant",NASDAQ,NA,NA,RVMDW
RVP,"Retractable Technologies, Inc. Common Stock",AMEX,RVP,RVP,RVP
RVSB,Riverview Bancorp Inc - Common Stock,NASDAQ,NA,NA,RVSB
RVSN,Rail Vision Ltd. - Ordinary Shares,NASDAQ,NA,NA,RVSN
RVSNW,Rail Vision Ltd. - Warrant,NASDAQ,NA,NA,RVSNW
RVT,"Royce Small-Cap Trust, Inc. Common Stock",NYSE,RVT,RVT,RVT
RVTY,"Revvity, Inc. Common Stock",NYSE,RVTY,RVTY,RVTY
RWAY,Runway Growth Finance Corp. - Common Stock,NASDAQ,NA,NA,RWAY
RWAYI,Runway Growth Finance Corp. - 7.25% Notes due 2031,NASDAQ,NA,NA,RWAYI
RWAYL,Runway Growth Finance Corp. - 7.50% Notes due 2027,NASDAQ,NA,NA,RWAYL
RWT,"Redwood Trust, Inc. Common Stock",NYSE,RWT,RWT,RWT
RWT-PA,"Redwood Trust, Inc. 10.00% Series A Fixed-Rate Reset Cumulative Redeemable Preferred Stock",NYSE,RWT$A,RWTpA,RWT-A
RWTN,"Redwood Trust, Inc. 9.125% Senior Notes Due 2029",NYSE,RWTN,RWTN,RWTN
RWTO,"Redwood Trust, Inc. 9.00% Senior Notes Due 2029",NYSE,RWTO,RWTO,RWTO
RWTP,"Redwood Trust, Inc. 9.125% Senior Notes Due 2030",NYSE,RWTP,RWTP,RWTP
RWTQ,"Redwood Trust, Inc. 9.500% Senior Notes Due 2030",NYSE,RWTQ,RWTQ,RWTQ
RWTS,"Redwood Trust, Inc. 9.75% Senior Notes Due 2031",NYSE,RWTS,RWTS,RWTS
RXO,"RXO, Inc. Common Stock",NYSE,RXO,RXO,RXO
RXRX,"Recursion Pharmaceuticals, Inc. - Class A Common Stock",NASDAQ,NA,NA,RXRX
RXST,"RxSight, Inc. - Common Stock",NASDAQ,NA,NA,RXST
RXT,"Rackspace Technology, Inc. - Common Stock",NASDAQ,NA,NA,RXT
RY,Royal Bank Of Canada Common Stock,NYSE,RY,RY,RY
RYAAY,"Ryanair Holdings plc - American Depositary Shares, each representing five Ordinary Shares",NASDAQ,NA,NA,RYAAY
RYAM,Rayonier Advanced Materials Inc. Common Stock,NYSE,RYAM,RYAM,RYAM
RYAN,"Ryan Specialty Holdings, Inc. Class A Common Stock",NYSE,RYAN,RYAN,RYAN
RYDE,Ryde Group Ltd. Class A Ordinary Shares,AMEX,RYDE,RYDE,RYDE
RYET,Ruanyun Edai Technology Inc. - Ordinary shares,NASDAQ,NA,NA,RYET
RYM,"RYTHM, Inc. - Common Stock",NASDAQ,NA,NA,RYM
RYN,Rayonier Inc. REIT Common Stock,NYSE,RYN,RYN,RYN
RYOJ,"rYojbaba Co., Ltd. - Common Shares",NASDAQ,NA,NA,RYOJ
RYTM,"Rhythm Pharmaceuticals, Inc. - Common Stock",NASDAQ,NA,NA,RYTM
RYZ,Ryerson Holding Corporation Common Stock,NYSE,RYZ,RYZ,RYZ
RZC,"Reinsurance Group of America, Incorporated 7.125% Fixed-Rate Reset Subordinated Debentures due 2052",NYSE,RZC,RZC,RZC
RZLT,"Rezolute, Inc. - Common Stock (NV)",NASDAQ,NA,NA,RZLT
RZLV,Rezolve AI PLC - Ordinary Shares,NASDAQ,NA,NA,RZLV
RZLVW,Rezolve AI PLC - Warrants,NASDAQ,NA,NA,RZLVW
S,"SentinelOne, Inc. Class A Common Stock",NYSE,S,S,S
SA,"Seabridge Gold, Inc. Common Shares New",NYSE,SA,SA,SA
SAAQ,Space Asset Acquisition Corp. - Class A Ordinary Shares,NASDAQ,NA,NA,SAAQ
SAAQU,Space Asset Acquisition Corp. - Units,NASDAQ,NA,NA,SAAQU
SAAQW,Space Asset Acquisition Corp. - Warrants,NASDAQ,NA,NA,SAAQW
SABA,Saba Capital Income & Opportunities Fund II Shares of Beneficial Interest,NYSE,SABA,SABA,SABA
SABR,Sabre Corporation - Common Stock,NASDAQ,NA,NA,SABR
SABS,"SAB Biotherapeutics, Inc. - Common Stock",NASDAQ,NA,NA,SABS
SABSW,"SAB Biotherapeutics, Inc. - Warrant",NASDAQ,NA,NA,SABSW
SAC,Safeguard Acquisition Corp. Class A Ordinary Shares,NYSE,SAC,SAC,SAC
SAC-UN,"Safeguard Acquisition Corp. Units, each consisting of one Class A ordinary share and one-half of one redeemable warrant",NYSE,SAC.U,SAC.U,SAC=
SAC-WT,"Safeguard Acquisition Corp. Warrants, each whole warrant exercisable for one Class A ordinary share at an exercise price of $11.50 per share",NYSE,SAC.W,SAC.WS,SAC+
SACH,Sachem Capital Corp. Common Shares,AMEX,SACH,SACH,SACH
SACH-PA,Sachem Capital Corp. 7.75% Series A Cumulative Redeemable Preferred Stock,AMEX,SACH$A,SACHpA,SACH-A
SAFE,Safehold Inc. New Common Stock ,NYSE,SAFE,SAFE,SAFE
SAFT,"Safety Insurance Group, Inc. - Common Stock",NASDAQ,NA,NA,SAFT
SAFX,"XCF Global, Inc. - Class A Common Stock",NASDAQ,NA,NA,SAFX
SAGT,SAGTEC GLOBAL LIMITED - Class A Ordinary shares,NASDAQ,NA,NA,SAGT
SAGU,Shreya Acquisition Group Class A Ordinary Shares,NYSE,SAGU,SAGU,SAGU
SAGU-R,"Shreya Acquisition Group Rights, each entitling the holder to receive one-fourth of one Class A Ordinary Share",NYSE,SAGU.R,SAGUr,SAGU^
SAGU-UN,"Shreya Acquisition Group Units, each consisting of one Class A Ordinary Share, one redeemable warrant and one right entitling the holder to one-fourth of one Class A Ordinary Share",NYSE,SAGU.U,SAGU.U,SAGU=
SAGU-WT,"Shreya Acquisition Group Redeemable warrants, entitling the holder to purchase one Class A Ordinary Share at $11.50 per share",NYSE,SAGU.W,SAGU.WS,SAGU+
SAH,"Sonic Automotive, Inc. Common Stock",NYSE,SAH,SAH,SAH
SAIA,"Saia, Inc. - Common Stock",NASDAQ,NA,NA,SAIA
SAIC,Science Applications International Corporation - Common Stock,NASDAQ,NA,NA,SAIC
SAIH,SAIHEAT Limited - Class A Ordinary Shares,NASDAQ,NA,NA,SAIH
SAIHW,SAIHEAT Limited - Warrant,NASDAQ,NA,NA,SAIHW
SAIL,"SailPoint, Inc. - Common Stock",NASDAQ,NA,NA,SAIL
SAJ,Saratoga Investment Corp 8.00% Notes due 2027,NYSE,SAJ,SAJ,SAJ
SAM,"Boston Beer Company, Inc. (The) Common Stock",NYSE,SAM,SAM,SAM
SAMG,Silvercrest Asset Management Group Inc. - Common Stock,NASDAQ,NA,NA,SAMG
SAMO-UN,"Samos Energy Acquisition Corporation Units, each consisting of one Class A Ordinary Share and one-half of one Warrant",NYSE,SAMO.U,SAMO.U,SAMO=
SAN,"Banco Santander, S.A. Sponsored ADR (Spain)",NYSE,SAN,SAN,SAN
SANA,"Sana Biotechnology, Inc. - Common Stock",NASDAQ,NA,NA,SANA
SANG,Sangoma Technologies Corporation - Common Shares,NASDAQ,NA,NA,SANG
SANM,Sanmina Corporation - Common Stock,NASDAQ,NA,NA,SANM
SAP,SAP  SE ADS,NYSE,SAP,SAP,SAP
SAR,Saratoga Investment Corp New,NYSE,SAR,SAR,SAR
SARO,"StandardAero, Inc. Common Stock",NYSE,SARO,SARO,SARO
SAT,Saratoga Investment Corp 6.00% Notes due 2027,NYSE,SAT,SAT,SAT
SATA,"Strive, Inc. - Variable Rate Series A Perpetual Preferred Stock",NASDAQ,NA,NA,SATA
SATL,Satellogic Inc. - Class A Common Stock,NASDAQ,NA,NA,SATL
SATLW,Satellogic Inc. - Warrant,NASDAQ,NA,NA,SATLW
SAV,Saratoga Investment Corp 7.50% Notes due 2031,NYSE,SAV,SAV,SAV
SAY,Saratoga Investment Corp 8.125% Notes due 2027,NYSE,SAY,SAY,SAY
SAZ,Saratoga Investment Corp 8.50% Notes due 2028,NYSE,SAZ,SAZ,SAZ
SB,"Safe Bulkers, Inc Common Stock ($0.001 par value)",NYSE,SB,SB,SB
SB-PC,"Safe Bulkers, Inc Cumulative Redeemable Perpetual Preferred Series C (Marshall Islands)",NYSE,SB$C,SBpC,SB-C
SB-PD,"Safe Bulkers, Inc Perpetual Preferred Series D (Marshall Islands)",NYSE,SB$D,SBpD,SB-D
SBAC,SBA Communications Corporation - Class A Common Stock,NASDAQ,NA,NA,SBAC
SBC,SBC Medical Group Holdings Incorporated - Common Stock,NASDAQ,NA,NA,SBC
SBCF,Seacoast Banking Corporation of Florida - Common Stock,NASDAQ,NA,NA,SBCF
SBCWW,SBC Medical Group Holdings Incorporated - Warrants,NASDAQ,NA,NA,SBCWW
SBET,"Sharplink, Inc. - Common Stock",NASDAQ,NA,NA,SBET
SBEV,"Splash Beverage Group, Inc. (NV) Common Stock",AMEX,SBEV,SBEV,SBEV
SBFG,"SB Financial Group, Inc. - Common Stock",NASDAQ,NA,NA,SBFG
SBFM,Sunshine Biopharma Inc. - Common stock,NASDAQ,NA,NA,SBFM
SBFMW,Sunshine Biopharma Inc. - Warrant,NASDAQ,NA,NA,SBFMW
SBGI,"Sinclair, Inc. - Class A Common Stock",NASDAQ,NA,NA,SBGI
SBH,"Sally Beauty Holdings, Inc. (Name to be changed from Sally Holdings, Inc.) Common Stock",NYSE,SBH,SBH,SBH
SBI,Western Asset Intermediate Muni Fund Inc Common Stock,NYSE,SBI,SBI,SBI
SBLK,Star Bulk Carriers Corp. - Common Shares,NASDAQ,NA,NA,SBLK
SBMT,Silver Bow Mining Corp. Common Shares,AMEX,SBMT,SBMT,SBMT
SBR,Sabine Royalty Trust Common Stock,NYSE,SBR,SBR,SBR
SBRA,"Sabra Health Care REIT, Inc. - Common Stock",NASDAQ,NA,NA,SBRA
SBS,Companhia de saneamento Basico Do Estado De Sao Paulo - Sabesp American Depositary Shares (Each repstg 250 Common Shares),NYSE,SBS,SBS,SBS
SBSI,"Southside Bancshares, Inc. Common Stock",NYSE,SBSI,SBSI,SBSI
SBSW,D/B/A Sibanye-Stillwater Limited ADS,NYSE,SBSW,SBSW,SBSW
SBUX,Starbucks Corporation - Common Stock,NASDAQ,NA,NA,SBUX
SBXD,SilverBox Corp IV Class A Ordinary Shares,NYSE,SBXD,SBXD,SBXD
SBXD-UN,"SilverBox Corp IV Units, each consisting of one Class A ordinary share and one-third of one redeemable warrant",NYSE,SBXD.U,SBXD.U,SBXD=
SBXD-WT,"SilverBox Corp IV Redeemable warrants, each whole warrant exercisable for one Class A Ordinary Share at an exercise price of $11.50",NYSE,SBXD.W,SBXD.WS,SBXD+
SBXE,SilverBox Corp V Class A Ordinary Shares,NYSE,SBXE,SBXE,SBXE
SBXE-UN,"SilverBox Corp V Units, each consisting of one Class A Ordinary Share and one-third of one redeemable warrant",NYSE,SBXE.U,SBXE.U,SBXE=
SBXE-WT,"SilverBox Corp V Redeemable warrants, each whole warrant exercisable for one Class A Ordinary Share at an exercise price of $11.50",NYSE,SBXE.W,SBXE.WS,SBXE+
SCAG,Scage Future - American Depositary Shares,NASDAQ,NA,NA,SCAG
SCAGW,Scage Future - Warrants,NASDAQ,NA,NA,SCAGW
SCCD,Sachem Capital Corp. 6.00% Notes due 2026,AMEX,SCCD,SCCD,SCCD
SCCE,Sachem Capital Corp. 6.00% Notes due 2027,AMEX,SCCE,SCCE,SCCE
SCCF,Sachem Capital Corp. 7.125% Notes due 2027,AMEX,SCCF,SCCF,SCCF
SCCG,Sachem Capital Corp. 8.00% Notes due 2027,AMEX,SCCG,SCCG,SCCG
SCCO,Southern Copper Corporation Common Stock,NYSE,SCCO,SCCO,SCCO
SCD,LMP Capital and Income Fund Inc. Common Stock,NYSE,SCD,SCD,SCD
SCE-PG,SCE Trust II Trust Preferred Securities,NYSE,SCE$G,SCEpG,SCE-G
SCE-PL,SCE TRUST VI,NYSE,SCE$L,SCEpL,SCE-L
SCE-PM,SCE Trust VII 7.50% Trust Preference Securities,NYSE,SCE$M,SCEpM,SCE-M
SCE-PN,SCE Trust VIII 6.95% Trust Preference Securities,NYSE,SCE$N,SCEpN,SCE-N
SCHL,Scholastic Corporation - Common Stock,NASDAQ,NA,NA,SCHL
SCHW,Charles Schwab Corporation (The) Common Stock,NYSE,SCHW,SCHW,SCHW
SCHW-PD,"The Charles Schwab Corporation Depositary Shares each representing 1/40th interest in a share of 5.95% Non-Cumulative Perpetual Preferred Stock, Series D",NYSE,SCHW$D,SCHWpD,SCHW-D
SCHW-PJ,"The Charles Schwab Corporation Depositary Shares, Each Representing a 1/40th Interest in a Share of 4.450% Non-Cumulative Perpetual Preferred Stock, Series J",NYSE,SCHW$J,SCHWpJ,SCHW-J
SCI,Service Corporation International Common Stock,NYSE,SCI,SCI,SCI
SCII,SC II Acquisition Corp. - Class A ordinary share,NASDAQ,NA,NA,SCII
SCIIR,SC II Acquisition Corp. - Rights,NASDAQ,NA,NA,SCIIR
SCIIU,SC II Acquisition Corp. - Units,NASDAQ,NA,NA,SCIIU
SCKT,"Socket Mobile, Inc. - Common Stock",NASDAQ,NA,NA,SCKT
SCL,Stepan Company Common Stock,NYSE,SCL,SCL,SCL
SCLX,Scilex Holding Company - Common Stock,NASDAQ,NA,NA,SCLX
SCLXW,Scilex Holding Company - Warrant,NASDAQ,NA,NA,SCLXW
SCM,Stellus Capital Investment Corporation Common Stock,NYSE,SCM,SCM,SCM
SCNI,Scinai Immunotherapeutics Ltd. - American Depositary Shares,NASDAQ,NA,NA,SCNI
SCNX,"Scienture Holdings, Inc. - Common Stock",NASDAQ,NA,NA,SCNX
SCOR,"comScore, Inc. - Common Stock",NASDAQ,NA,NA,SCOR
SCPQ,Social Commerce Partners Corporation - Class A Ordinary Shares,NASDAQ,NA,NA,SCPQ
SCPQU,Social Commerce Partners Corporation - Unit,NASDAQ,NA,NA,SCPQU
SCPQW,Social Commerce Partners Corporation - Warrant,NASDAQ,NA,NA,SCPQW
SCSC,"ScanSource, Inc. - Common Stock",NASDAQ,NA,NA,SCSC
SCTX,Scribe Therapeutics Inc. - Common Stock,NASDAQ,NA,NA,SCTX
SCWO,374Water Inc. - common stock,NASDAQ,NA,NA,SCWO
SCYX,"SCYNEXIS, Inc. - Common Stock",NASDAQ,NA,NA,SCYX
SCZM,Santacruz Silver Mining Ltd. - Common Shares,NASDAQ,NA,NA,SCZM
SD,"SandRidge Energy, Inc. Common Stock",NYSE,SD,SD,SD
SDA,SunCar Technology Group Inc. - Ordinary Shares,NASDAQ,NA,NA,SDA
SDAWW,SunCar Technology Group Inc. - Warrant,NASDAQ,NA,NA,SDAWW
SDEV,Stablecoin Development Corporation Common Stock,AMEX,SDEV,SDEV,SDEV
SDGR,"Schrodinger, Inc. - Common Stock",NASDAQ,NA,NA,SDGR
SDHC,Smith Douglas Homes Corp. Class A Common Stock,NYSE,SDHC,SDHC,SDHC
SDHI,Siddhi Acquisition Corp - Class A Common stock,NASDAQ,NA,NA,SDHI
SDHIR,Siddhi Acquisition Corp - Right,NASDAQ,NA,NA,SDHIR
SDHIU,Siddhi Acquisition Corp - Unit,NASDAQ,NA,NA,SDHIU
SDHY,PGIM Short Duration High Yield Opportunities Fund Common Shares,NYSE,SDHY,SDHY,SDHY
SDOT,Sadot Group Inc. - Common Stock,NASDAQ,NA,NA,SDOT
SDRL,Seadrill Limited Common Shares,NYSE,SDRL,SDRL,SDRL
SDST,Stardust Power Inc. - Common Stock,NASDAQ,NA,NA,SDST
SDSTW,Stardust Power Inc. - Warrant,NASDAQ,NA,NA,SDSTW
SE,"Sea Limited American Depositary Shares, each representing one Class A Ordinary Share",NYSE,SE,SE,SE
SEAL-PA,Seapeak LLC 9.00% Series A Cumulative Redeemable Perpetual Preferred Units,NYSE,SEAL$A,SEALpA,SEAL-A
SEAL-PB,Seapeak LLC 8.50% Series B Fixed-to-Floating Rate Cumulative Redeemable Perpetual Preferred Units,NYSE,SEAL$B,SEALpB,SEAL-B
SEAT,Vivid Seats Inc. - Class A common stock,NASDAQ,NA,NA,SEAT
SEATW,Vivid Seats Inc. - Warrant,NASDAQ,NA,NA,SEATW
SEB,Seaboard Corporation Common Stock,AMEX,SEB,SEB,SEB
SECZ,Securitize Corp. Common Stock,NYSE,SECZ,SECZ,SECZ
SEDG,"SolarEdge Technologies, Inc. - Common Stock",NASDAQ,NA,NA,SEDG
SEED,Origin Agritech Limited - Ordinary Shares,NASDAQ,NA,NA,SEED
SEER,"Seer, Inc. - Class A Common Stock",NASDAQ,NA,NA,SEER
SEG,Seaport Entertainment Group Inc. Common Stock,NYSE,SEG,SEG,SEG
SEGG,Sports Entertainment Gaming Global Corporation  - Common Stock,NASDAQ,NA,NA,SEGG
SEI,"Solaris Energy Infrastructure, Inc. Class A Common Stock",NYSE,SEI,SEI,SEI
SEIC,SEI Investments Company - Common Stock,NASDAQ,NA,NA,SEIC
SELF,"Global Self Storage, Inc. - Common Stock",NASDAQ,NA,NA,SELF
SENEA,Seneca Foods Corp. - Class A Common Stock,NASDAQ,NA,NA,SENEA
SENEB,Seneca Foods Corp. - Class B Common Stock,NASDAQ,NA,NA,SENEB
SENS,"Senseonics Holdings, Inc. - Common Stock",NASDAQ,NA,NA,SENS
SEPN,"Septerna, Inc. - Common Stock",NASDAQ,NA,NA,SEPN
SER,"Serina Therapeutics, Inc. Common Stock",AMEX,SER,SER,SER
SERA,"Sera Prognostics, Inc. - Class A Common Stock",NASDAQ,NA,NA,SERA
SERV,Serve Robotics Inc. - Common Stock,NASDAQ,NA,NA,SERV
SES,SES AI Corporation Class A Common Stock,NYSE,SES,SES,SES
SEV,Aptera Motors Corp. - Class B Common Stock,NASDAQ,NA,NA,SEV
SEVN,Seven Hills Realty Trust  - Common Stock,NASDAQ,NA,NA,SEVN
SEZL,Sezzle Inc. - Common Stock,NASDAQ,NA,NA,SEZL
SF,Stifel Financial Corporation Common Stock,NYSE,SF,SF,SF
SF-PB,"Stifel Financial Corporation Depositary Shares, Each Representing 1/1,000th  Interest in a Share of 6.25% Non-Cumulative  Preferred Stock, Series B",NYSE,SF$B,SFpB,SF-B
SF-PC,"Stifel Financial Corporation Depositary Shares, Each Representing 1/1,000th Interest in a Share of 6.125% Non Cumulative Preferred Stock, Series C",NYSE,SF$C,SFpC,SF-C
SF-PD,"Stifel Financial Corporation Depositary Shares, Each Representing 1/1,000th Interest in a Share of 4.50% Non-Cumulative Preferred Stock, Series D",NYSE,SF$D,SFpD,SF-D
SFB,Stifel Financial Corporation 5.20% Senior Notes due 2047,NYSE,SFB,SFB,SFB
SFBC,"Sound Financial Bancorp, Inc. - Common Stock",NASDAQ,NA,NA,SFBC
SFBS,"ServisFirst Bancshares, Inc. Common Stock",NYSE,SFBS,SFBS,SFBS
SFD,"Smithfield Foods, Inc. - Common Stock",NASDAQ,NA,NA,SFD
SFHG,Samfine Creation Holdings Group Limited - Class A Ordinary Share,NASDAQ,NA,NA,SFHG
SFIX,"Stitch Fix, Inc. - Class A Common Stock",NASDAQ,NA,NA,SFIX
SFL,SFL Corporation Ltd,NYSE,SFL,SFL,SFL
SFM,"Sprouts Farmers Market, Inc. - Common Stock",NASDAQ,NA,NA,SFM
SFNC,Simmons First National Corporation - Common Stock,NASDAQ,NA,NA,SFNC
SFST,"Southern First Bancshares, Inc. - Common Stock",NASDAQ,NA,NA,SFST
SFWL,Shengfeng Development Limited - Class A Ordinary Shares,NASDAQ,NA,NA,SFWL
SG,"Sweetgreen, Inc. Class A Common Stock",NYSE,SG,SG,SG
SGA,"Saga Communications, Inc. - Class A Common Stock",NASDAQ,NA,NA,SGA
SGC,"Superior Group of Companies, Inc. - Common Stock",NASDAQ,NA,NA,SGC
SGHC,Super Group (SGHC) Limited Ordinary Shares,NYSE,SGHC,SGHC,SGHC
SGHT,"Sight Sciences, Inc. - Common Stock",NASDAQ,NA,NA,SGHT
SGI,Somnigroup International Inc. Common Stock,NYSE,SGI,SGI,SGI
SGLY,Singularity Future Technology Ltd. - Common Stock,NASDAQ,NA,NA,SGLY
SGML,Sigma Lithium Corporation - common shares,NASDAQ,NA,NA,SGML
SGMT,Sagimet Biosciences Inc. - Series A Common Stock,NASDAQ,NA,NA,SGMT
SGP,"SpyGlass Pharma, Inc. - Common Stock",NASDAQ,NA,NA,SGP
SGRY,"Surgery Partners, Inc. - Common Stock",NASDAQ,NA,NA,SGRY
SGU,Star Group L.P. Common Stock,NYSE,SGU,SGU,SGU
SHAK,"Shake Shack, Inc. Class A Common Stock",NYSE,SHAK,SHAK,SHAK
SHAZ,"SharonAI Holdings, Inc. - Class A Common Stock",NASDAQ,NA,NA,SHAZ
SHBI,"Shore Bancshares, Inc. - Common Stock",NASDAQ,NA,NA,SHBI
SHC,Sotera Health Company - Common Stock,NASDAQ,NA,NA,SHC
SHEL,Shell PLC American Depositary Shares (each representing two (2) Ordinary Shares) ,NYSE,SHEL,SHEL,SHEL
SHEN,Shenandoah Telecommunications Co - Common Stock,NASDAQ,NA,NA,SHEN
SHFS,"SHF Holdings, Inc. - Class A Common Stock",NASDAQ,NA,NA,SHFS
SHFSW,"SHF Holdings, Inc. - Warrants",NASDAQ,NA,NA,SHFSW
SHG,Shinhan Financial Group Co Ltd American Depositary Shares,NYSE,SHG,SHG,SHG
SHIM,Shimmick Corporation - Common Stock,NASDAQ,NA,NA,SHIM
SHIP,Seanergy Maritime Holdings Corp. - Common Stock,NASDAQ,NA,NA,SHIP
SHLS,"Shoals Technologies Group, Inc. - Class A Common Stock",NASDAQ,NA,NA,SHLS
SHMD,SCHMID Group N.V. - Class A Ordinary Shares,NASDAQ,NA,NA,SHMD
SHMDW,SCHMID Group N.V. - Warrants,NASDAQ,NA,NA,SHMDW
SHO,"Sunstone Hotel Investors, Inc. Sunstone Hotel Investors, Inc. Common Shares",NYSE,SHO,SHO,SHO
SHO-PH,"Sunstone Hotel Investors, Inc. 6.125% Series H Cumulative Redeemable Preferred Stock",NYSE,SHO$H,SHOpH,SHO-H
SHO-PI,"Sunstone Hotel Investors, Inc. 5.70% Series I Cumulative Redeemable Preferred Stock",NYSE,SHO$I,SHOpI,SHO-I
SHOE,"Shoe Station Group, Inc. - Common Stock",NASDAQ,NA,NA,SHOE
SHOO,"Steven Madden, Ltd. - Common Stock",NASDAQ,NA,NA,SHOO
SHOP,Shopify Inc. - Class A Subordinate Voting Shares,NASDAQ,NA,NA,SHOP
SHOT,RMG ML Sports Holdings - Class A Ordinary Shares,NASDAQ,NA,NA,SHOT
SHOTR,RMG ML Sports Holdings - Rights,NASDAQ,NA,NA,SHOTR
SHOTU,RMG ML Sports Holdings - Unit,NASDAQ,NA,NA,SHOTU
SHPH,"Shuttle Pharmaceuticals Holdings, Inc. - common stock",NASDAQ,NA,NA,SHPH
SHW,Sherwin-Williams Company (The) Common Stock,NYSE,SHW,SHW,SHW
SI,"Shoulder Innovations, Inc. Common Stock",NYSE,SI,SI,SI
SIBN,"SI-BONE, Inc. - Common Stock",NASDAQ,NA,NA,SIBN
SID,Companhia Siderurgica Nacional S.A. Common Stock,NYSE,SID,SID,SID
SIDU,"Sidus Space, Inc. - Class A Common Stock",NASDAQ,NA,NA,SIDU
SIEB,Siebert Financial Corp. - Common Stock,NASDAQ,NA,NA,SIEB
SIF,"SIFCO Industries, Inc. Common Stock",AMEX,SIF,SIF,SIF
SIFY,Sify Technologies Limited - American Depository Shares,NASDAQ,NA,NA,SIFY
SIG,Signet Jewelers Limited Common Shares,NYSE,SIG,SIG,SIG
SIGA,SIGA Technologies Inc. - Common Stock,NASDAQ,NA,NA,SIGA
SIGI,"Selective Insurance Group, Inc. - Common Stock",NASDAQ,NA,NA,SIGI
SIGIP,"Selective Insurance Group, Inc. - Depositary Shares, each representing a 1/1,000th interest in a share of 4.60% Non-Cumulative Preferred Stock, Series B",NASDAQ,NA,NA,SIGIP
SII,Sprott Inc. Common Shares,NYSE,SII,SII,SII
SILC,Silicom Ltd - Ordinary Shares,NASDAQ,NA,NA,SILC
SILO,"Silo Pharma, Inc. - Common Stock",NASDAQ,NA,NA,SILO
SIM,"Grupo Simec, S.A.B. de C.V. American Depositary Shares",AMEX,SIM,SIM,SIM
SIMA,SIM Acquisition Corp. I - Class A Ordinary Shares,NASDAQ,NA,NA,SIMA
SIMAU,SIM Acquisition Corp. I - Unit,NASDAQ,NA,NA,SIMAU
SIMAW,SIM Acquisition Corp. I - Warrant,NASDAQ,NA,NA,SIMAW
SIMO,"Silicon Motion Technology Corporation - American Depositary Shares, each representing four ordinary shares",NASDAQ,NA,NA,SIMO
SIND,Sinda Ltd. Common Stock,NYSE,SIND,SIND,SIND
SINT,"SiNtx Technologies, Inc. - Common Stock",NASDAQ,NA,NA,SINT
SION,"Sionna Therapeutics, Inc. - Common Stock",NASDAQ,NA,NA,SION
SIRI,SiriusXM Holdings Inc. - Common Stock,NASDAQ,NA,NA,SIRI
SITC,SITE Centers Corp. Common Stock,NYSE,SITC,SITC,SITC
SITE,"SiteOne Landscape Supply, Inc. Common Stock",NYSE,SITE,SITE,SITE
SITM,SiTime Corporation - Common Stock,NASDAQ,NA,NA,SITM
SJ,Scienjoy Holding Corporation - Class A Ordinary Shares,NASDAQ,NA,NA,SJ
SJM,The J.M. Smucker Company Common Stock,NYSE,SJM,SJM,SJM
SJT,San Juan Basin Royalty Trust Common Stock,NYSE,SJT,SJT,SJT
SKE,Skeena Resources Limited Common Shares,NYSE,SKE,SKE,SKE
SKHY,SK hynix Inc. - American Depositary Shares,NASDAQ,NA,NA,SKHY
SKIL,Skillsoft Corp. Class A Common Stock,NYSE,SKIL,SKIL,SKIL
SKIN,SkinHealth Systems Inc. - Class A Common Stock,NASDAQ,NA,NA,SKIN
SKK,SKK Holdings Limited - Class A Ordinary Shares,NASDAQ,NA,NA,SKK
SKM,"SK Telecom Co., Ltd. Common Stock",NYSE,SKM,SKM,SKM
SKT,Tanger Inc. Common Stock,NYSE,SKT,SKT,SKT
SKWD,"Skyward Specialty Insurance Group, Inc. - Common Stock",NASDAQ,NA,NA,SKWD
SKY,"Champion Homes, Inc. Common Stock",NYSE,SKY,SKY,SKY
SKYA,"SkyAI, Inc. - Common Stock",NASDAQ,NA,NA,SKYA
SKYAW,"SkyAI, Inc. - Warrant",NASDAQ,NA,NA,SKYAW
SKYE,"Skye Bioscience, Inc. - Common Stock",NASDAQ,NA,NA,SKYE
SKYH,Sky Harbour Group Corporation Class A Common Stock,NYSE,SKYH,SKYH,SKYH
SKYH-WT,"Sky Harbour Group Corporation Warrants, each whole warrant exercisable for one share of Class A common stock at an exercise price of $11.50 per share",NYSE,SKYH.W,SKYH.WS,SKYH+
SKYQ,Sky Quarry Inc. - Common Stock,NASDAQ,NA,NA,SKYQ
SKYW,"SkyWest, Inc. - Common Stock",NASDAQ,NA,NA,SKYW
SKYX,SKYX Platforms Corp. - Common Stock,NASDAQ,NA,NA,SKYX
SLAB,"Silicon Laboratories, Inc. - Common Stock",NASDAQ,NA,NA,SLAB
SLB,SLB Limited Common Shares,NYSE,SLB,SLB,SLB
SLBT,SL Science Holding Limited - Ordinary Shares,NASDAQ,NA,NA,SLBT
SLDB,Solid Biosciences Inc. - Common Stock,NASDAQ,NA,NA,SLDB
SLDE,"Slide Insurance Holdings, Inc. - Common Stock",NASDAQ,NA,NA,SLDE
SLDP,"Solid Power, Inc. - Class A Common Stock",NASDAQ,NA,NA,SLDP
SLDPW,"Solid Power, Inc. - Warrant",NASDAQ,NA,NA,SLDPW
SLE,"Super League Enterprise, Inc. - Common Stock",NASDAQ,NA,NA,SLE
SLF,Sun Life Financial Inc. Common Stock,NYSE,SLF,SLF,SLF
SLG,SL Green Realty Corp Common Stock,NYSE,SLG,SLG,SLG
SLG-PI,SL Green Realty Corporation Preferred Series I,NYSE,SLG$I,SLGpI,SLG-I
SLGB,Smart Logistics Global Limited - Class A Ordinary Shares,NASDAQ,NA,NA,SLGB
SLGL,Sol-Gel Technologies Ltd. - Ordinary Shares,NASDAQ,NA,NA,SLGL
SLGN,Silgan Holdings Inc. Common Stock,NYSE,SLGN,SLGN,SLGN
SLI,Standard Lithium Ltd. Common Shares,AMEX,SLI,SLI,SLI
SLM,SLM Corporation - Common Stock,NASDAQ,NA,NA,SLM
SLMBP,"SLM Corporation - Floating Rate Non-Cumulative Preferred Stock, Series B",NASDAQ,NA,NA,SLMBP
SLMT,Brera Holdings PLC - Class B Ordinary Shares,NASDAQ,NA,NA,SLMT
SLN,Silence Therapeutics Plc - American Depository Share,NASDAQ,NA,NA,SLN
SLND,"Southland Holdings, Inc. Common Stock",AMEX,SLND,SLND,SLND
SLND-WT,"Southland Holdings, Inc. Warrants",AMEX,SLND.W,SLND.WS,SLND+
SLNG,"Stabilis Solutions, Inc. - Common Stock",NASDAQ,NA,NA,SLNG
SLNH,"Soluna Holdings, Inc. - Common Stock",NASDAQ,NA,NA,SLNH
SLNHP,"Soluna Holdings, Inc. - 9.0% Series A Cumulative Perpetual Preferred Stock",NASDAQ,NA,NA,SLNHP
SLP,"Simulations Plus, Inc. - Common Stock",NASDAQ,NA,NA,SLP
SLQT,"SelectQuote, Inc. Common Stock",NYSE,SLQT,SLQT,SLQT
SLRC,SLR Investment Corp. - Closed End Fund,NASDAQ,NA,NA,SLRC
SLS,"SELLAS Life Sciences Group, Inc.  - Common Stock",NASDAQ,NA,NA,SLS
SLSN,"Solesence, Inc. - Common stock",NASDAQ,NA,NA,SLSN
SLSR,Solaris Resources Inc. Common Shares,AMEX,SLSR,SLSR,SLSR
SLVM,Sylvamo Corporation Common Stock,NYSE,SLVM,SLVM,SLVM
SLXN,Silexion Therapeutics Corp - Ordinary Shares,NASDAQ,NA,NA,SLXN
SLXNW,Silexion Therapeutics Corp - Warrant,NASDAQ,NA,NA,SLXNW
SM,SM Energy Company Common Stock,NYSE,SM,SM,SM
SMA,"SmartStop Self Storage REIT, Inc. Common Stock",NYSE,SMA,SMA,SMA
SMBC,"Southern Missouri Bancorp, Inc. - Common Stock",NASDAQ,NA,NA,SMBC
SMBK,"SmartFinancial, Inc. Common Stock",NYSE,SMBK,SMBK,SMBK
SMC,Summit Midstream Corporation Common Stock,NYSE,SMC,SMC,SMC
SMCI,"Super Micro Computer, Inc. - Common Stock",NASDAQ,NA,NA,SMCI
SMCIP,"Super Micro Computer, Inc. - Depositary Shares Each Representing a 1/20th Interest in a Share of 7% Series A Mandatory Convertible Preferred Stock",NASDAQ,NA,NA,SMCIP
SMFG,Sumitomo Mitsui Financial Group Inc Unsponsored American Depositary Shares (Japan),NYSE,SMFG,SMFG,SMFG
SMG,Scotts Miracle-Gro Company (The) Common Stock,NYSE,SMG,SMG,SMG
SMHB,ETRACS Monthly Pay 2x Leveraged Small Cap High Dividend ETN Series B,ARCA,SMHB,SMHB,SMHB
SMHI,SEACOR Marine Holdings Inc. Common Stock ,NYSE,SMHI,SMHI,SMHI
SMID,Smith-Midland Corporation - Common Stock,NASDAQ,NA,NA,SMID
SMJF,SMJ International Holdings Inc. Class A Ordinary Shares,AMEX,SMJF,SMJF,SMJF
SMMT,Summit Therapeutics Inc.  - Common Stock,NASDAQ,NA,NA,SMMT
SMP,"Standard Motor Products, Inc. Common Stock",NYSE,SMP,SMP,SMP
SMPL,The Simply Good Foods Company - Common Stock,NASDAQ,NA,NA,SMPL
SMR,NuScale Power Corporation Class A Common Stock,NYSE,SMR,SMR,SMR
SMRT,"SmartRent, Inc. Class A Common Stock",NYSE,SMRT,SMRT,SMRT
SMSI,"Smith Micro Software, Inc. - Common Stock",NASDAQ,NA,NA,SMSI
SMTC,Semtech Corporation - Common Stock,NASDAQ,NA,NA,SMTC
SMTI,Sanara MedTech Inc. - Common Stock,NASDAQ,NA,NA,SMTI
SMTK,"SmartKem, Inc. - Common Stock",NASDAQ,NA,NA,SMTK
SMWB,Similarweb Ltd. Ordinary Shares,NYSE,SMWB,SMWB,SMWB
SMX,SMX (Security Matters) Public Limited Company - Ordinary Shares,NASDAQ,NA,NA,SMX
SMXT,Solarmax Technology Inc. - Common Stock,NASDAQ,NA,NA,SMXT
SMXWW,SMX (Security Matters) Public Limited Company - Warrant,NASDAQ,NA,NA,SMXWW
SN,"SharkNinja, Inc. Ordinary Shares",NYSE,SN,SN,SN
SNA,Snap-On Incorporated Common Stock,NYSE,SNA,SNA,SNA
SNAL,"Snail, Inc. - Class A Common Stock",NASDAQ,NA,NA,SNAL
SNAP,Snap Inc. Class A Common Stock,NYSE,SNAP,SNAP,SNAP
SND,"Smart Sand, Inc. - Common Stock",NASDAQ,NA,NA,SND
SNDA,"Sonida Senior Living, Inc. Common Stock",NYSE,SNDA,SNDA,SNDA
SNDK,Sandisk Corporation - Common Stock When-Issued,NASDAQ,NA,NA,SNDK
SNDL,SNDL Inc. - Common Shares,NASDAQ,NA,NA,SNDL
SNDR,"Schneider National, Inc. Common Stock",NYSE,SNDR,SNDR,SNDR
SNDX,"Syndax Pharmaceuticals, Inc. - Common Stock",NASDAQ,NA,NA,SNDX
SNES,"SenesTech, Inc. - Common Stock",NASDAQ,NA,NA,SNES
SNEX,StoneX Group Inc. - Common Stock,NASDAQ,NA,NA,SNEX
SNFCA,Security National Financial Corporation - Class A Common Stock,NASDAQ,NA,NA,SNFCA
SNGX,"Soligenix, Inc. - Common Stock",NASDAQ,NA,NA,SNGX
SNN,"Smith & Nephew SNATS, Inc. Common Stock",NYSE,SNN,SNN,SNN
SNOA,"Sonoma Pharmaceuticals, Inc. - Common Stock",NASDAQ,NA,NA,SNOA
SNOW,Snowflake Inc. Common Stock,NYSE,SNOW,SNOW,SNOW
SNPS,"Synopsys, Inc. - Common Stock",NASDAQ,NA,NA,SNPS
SNSC,SunScout Holding Limited Class A Ordinary Shares,AMEX,SNSC,SNSC,SNSC
SNT,Senstar Technologies Corporation - Common Shares,NASDAQ,NA,NA,SNT
SNTG,Sentage Holdings Inc. - Class A Ordinary Shares,NASDAQ,NA,NA,SNTG
SNTI,"Senti Biosciences Holdings, Inc. - Common Stock",NASDAQ,NA,NA,SNTI
SNWV,"SANUWAVE Health, Inc. - Common Stock",NASDAQ,NA,NA,SNWV
SNX,TD SYNNEX Corporation Common Stock,NYSE,SNX,SNX,SNX
SNY,Sanofi - American Depositary Shares,NASDAQ,NA,NA,SNY
SNYR,Synergy CHC Corp. - Common Stock,NASDAQ,NA,NA,SNYR
SO,Southern Company (The) Common Stock,NYSE,SO,SO,SO
SOAR,"Volato Group, Inc. Class A Common Stock",AMEX,SOAR,SOAR,SOAR
SOBO,South Bow Corporation Common Shares,NYSE,SOBO,SOBO,SOBO
SOBR,"SOBR Safe, Inc. - Common Stock",NASDAQ,NA,NA,SOBR
SOC,Sable Offshore Corp. Common Stock,NYSE,SOC,SOC,SOC
SOCA,Solarius Capital Acquisition Corp. - Class A Ordinary Share,NASDAQ,NA,NA,SOCA
SOCAU,Solarius Capital Acquisition Corp. - Units,NASDAQ,NA,NA,SOCAU
SOCAW,Solarius Capital Acquisition Corp. - Warrant,NASDAQ,NA,NA,SOCAW
SOFI,"SoFi Technologies, Inc.  - Common Stock",NASDAQ,NA,NA,SOFI
SOGP,Sound Group Inc. - American Depositary Shares,NASDAQ,NA,NA,SOGP
SOHU,Sohu.com Limited  - American Depositary Shares,NASDAQ,NA,NA,SOHU
SOJC,"Southern Company (The) Series 2017B 5.25% Junior Subordinated Notes due December 1, 2077",NYSE,SOJC,SOJC,SOJC
SOJD,"Southern Company (The) Series 2020A 4.95% Junior Subordinated Notes due January 30, 2080",NYSE,SOJD,SOJD,SOJD
SOJE,"Southern Company (The) Series 2020C 4.20% Junior Subordinated Notes due October 15, 2060",NYSE,SOJE,SOJE,SOJE
SOJF,"Southern Company (The) Series 2025A 6.50% Junior Subordinated Notes due March 15, 2085",NYSE,SOJF,SOJF,SOJF
SOLS,Solstice Advanced Materials Inc. - Common Stock,NASDAQ,NA,NA,SOLS
SOLV,Solventum Corporation Common Stock,NYSE,SOLV,SOLV,SOLV
SOMN,Southern Company (The) 2025 Series A Corporate Units,NYSE,SOMN,SOMN,SOMN
SON,Sonoco Products Company Common Stock,NYSE,SON,SON,SON
SONM,"DNA X, Inc. - Common Stock",NASDAQ,NA,NA,SONM
SONO,"Sonos, Inc. - Common Stock",NASDAQ,NA,NA,SONO
SONY,Sony Group Corporation American Depositary Shares ,NYSE,SONY,SONY,SONY
SOPH,SOPHiA GENETICS SA - Ordinary Shares,NASDAQ,NA,NA,SOPH
SOR,"Source Capital, Inc. Cmn Shs of BI",NYSE,SOR,SOR,SOR
SORA,AsiaStrategy - Ordinary Shares,NASDAQ,NA,NA,SORA
SORN,Soren Acquisition Corp. - Class A Ordinary Shares,NASDAQ,NA,NA,SORN
SORNU,Soren Acquisition Corp. - Unit,NASDAQ,NA,NA,SORNU
SORNW,Soren Acquisition Corp. - Warrant,NASDAQ,NA,NA,SORNW
SOS,SOS Limited Class A Ordinary Shares,NYSE,SOS,SOS,SOS
SOTK,Sono-Tek Corporation - Common Stock,NASDAQ,NA,NA,SOTK
SOUL,Soulpower Acquisition Corporation Class A Ordinary Shares,NYSE,SOUL,SOUL,SOUL
SOUL-R,"Soulpower Acquisition Corporation Rights, each right entitling the holder to receive one-tenth (1/10) of one Class A Ordinary Share",NYSE,SOUL.R,SOULr,SOUL^
SOUL-UN,"Soulpower Acquisition Corporation Units, each consisting of one Class A ordinary share and one right",NYSE,SOUL.U,SOUL.U,SOUL=
SOUN,"SoundHound AI, Inc. - Class A Common Stock",NASDAQ,NA,NA,SOUN
SOUNW,"SoundHound AI, Inc. - Warrant",NASDAQ,NA,NA,SOUNW
SOWG,Sow Good Inc. - Common Stock,NASDAQ,NA,NA,SOWG
SPAI,Safe Pro Group Inc. - Common Stock,NASDAQ,NA,NA,SPAI
SPB,"Spectrum Brands Holdings, Inc. Common Stock",NYSE,SPB,SPB,SPB
SPCB,"SuperCom, Ltd. - Ordinary Shares",NASDAQ,NA,NA,SPCB
SPCE,"Virgin Galactic Holdings, Inc. Common Stock",NYSE,SPCE,SPCE,SPCE
SPCX,Space Exploration Technologies Corp. - Class A Common Stock,NASDAQ,NA,NA,SPCX
SPE,"Special Opportunities Fund, Inc Common Stock",NYSE,SPE,SPE,SPE
SPE-PC,"Special Opportunities Fund Inc. 2.75% Convertible Preferred Stock, Series C",NYSE,SPE$C,SPEpC,SPE-C
SPEG,Silver Pegasus Acquisition Corp - Class A Ordinary Shares,NASDAQ,NA,NA,SPEG
SPEGR,Silver Pegasus Acquisition Corp - Rights,NASDAQ,NA,NA,SPEGR
SPEGU,Silver Pegasus Acquisition Corp - Unit,NASDAQ,NA,NA,SPEGU
SPFI,"South Plains Financial, Inc. - Common Stock",NASDAQ,NA,NA,SPFI
SPG,"Simon Property Group, Inc. Common Stock",NYSE,SPG,SPG,SPG
SPG-PJ,"Simon Property Group, Inc. Simon Property Group 8 3/8% Series J Cumulative Redeemable Preferred Stock",NYSE,SPG$J,SPGpJ,SPG-J
SPGI,S&P Global Inc. Common Stock,NYSE,SPGI,SPGI,SPGI
SPH,"Suburban Propane Partners, L.P. Common Stock",NYSE,SPH,SPH,SPH
SPHL,Springview Holdings Ltd - Ordinary shares,NASDAQ,NA,NA,SPHL
SPHR,Sphere Entertainment Co. Class A Common Stock,NYSE,SPHR,SPHR,SPHR
SPIR,"Spire Global, Inc. Class A Common Stock",NYSE,SPIR,SPIR,SPIR
SPKL,Spark I Acquisition Corp. - Class A Ordinary Share,NASDAQ,NA,NA,SPKL
SPKLU,Spark I Acquisition Corp. - Unit,NASDAQ,NA,NA,SPKLU
SPKLW,Spark I Acquisition Corp. - Warrant,NASDAQ,NA,NA,SPKLW
SPMA,"Sound Point Meridian Capital, Inc. 8.00% Series A Preferred Shares Due 2029",NYSE,SPMA,SPMA,SPMA
SPMC,"Sound Point Meridian Capital, Inc. Common Stock",NYSE,SPMC,SPMC,SPMC
SPME,"Sound Point Meridian Capital, Inc. 7.875% Series B Preferred Shares due 2030",NYSE,SPME,SPME,SPME
SPNT,SiriusPoint Ltd. Common Shares,NYSE,SPNT,SPNT,SPNT
SPOK,"Spok Holdings, Inc. - Common Stock",NASDAQ,NA,NA,SPOK
SPOT,Spotify Technology S.A. Ordinary Shares,NYSE,SPOT,SPOT,SPOT
SPPL,SIMPPLE LTD. - Ordinary Shares,NASDAQ,NA,NA,SPPL
SPRB,"Spruce Biosciences, Inc. - Common Stock",NASDAQ,NA,NA,SPRB
SPRC,SciSparc Ltd. - Ordinary Shares,NASDAQ,NA,NA,SPRC
SPRO,"Spero Therapeutics, Inc. - Common Stock",NASDAQ,NA,NA,SPRO
SPRU,Spruce Power Holding Corporation Class A Common Stock,NYSE,SPRU,SPRU,SPRU
SPRY,"ARS Pharmaceuticals, Inc. - Common Stock",NASDAQ,NA,NA,SPRY
SPSC,"SPS Commerce, Inc. - Common Stock",NASDAQ,NA,NA,SPSC
SPT,"Sprout Social, Inc - Class A Common Stock",NASDAQ,NA,NA,SPT
SPTX,"Seaport Therapeutics, Inc. - Common Stock",NASDAQ,NA,NA,SPTX
SPWH,"Sportsman's Warehouse Holdings, Inc. - Common Stock",NASDAQ,NA,NA,SPWH
SPWR,SunPower Inc. - Common Stock,NASDAQ,NA,NA,SPWR
SPWRW,SunPower Inc. - Warrant,NASDAQ,NA,NA,SPWRW
SPXC,"SPX Technologies, Inc. Common Stock",NYSE,SPXC,SPXC,SPXC
SPXX,Nuveen S&P 500 Dynamic Overwrite Fund,NYSE,SPXX,SPXX,SPXX
SQFT,"Presidio Property Trust, Inc. - Class A Common Stock",NASDAQ,NA,NA,SQFT
SQFTP,"Presidio Property Trust, Inc. - 9.375% Series D Cumulative Redeemable Perpetual Preferred Stock, $0.01 par value per share",NASDAQ,NA,NA,SQFTP
SQFTW,"Presidio Property Trust, Inc. - Series A Common Stock Purchase Warrants",NASDAQ,NA,NA,SQFTW
SQM,Sociedad Quimica y Minera S.A. Common Stock,NYSE,SQM,SQM,SQM
SQNS,Sequans Communications S.A. American Depositary Shares (each representing one hundred (100) Ordinary Shares),NYSE,SQNS,SQNS,SQNS
SR,Spire Inc. Common Stock,NYSE,SR,SR,SR
SRAD,Sportradar Group AG - Class A Ordinary Shares,NASDAQ,NA,NA,SRAD
SRBK,"SR Bancorp, Inc. - Common stock",NASDAQ,NA,NA,SRBK
SRCE,1st Source Corporation - Common Stock,NASDAQ,NA,NA,SRCE
SRE,DBA Sempra Common Stock,NYSE,SRE,SRE,SRE
SREA,DBA Sempra 5.750% Junior Subordinated Notes due 2079,NYSE,SREA,SREA,SREA
SRFM,Surf Air Mobility Inc. Common Stock,NYSE,SRFM,SRFM,SRFM
SRG,Seritage Growth Properties Class A Common Stock,NYSE,SRG,SRG,SRG
SRG-PA,Seritage Growth Properties 7.00% Series A Cumulative Redeemable Preferred Shares of Beneficial Interest,NYSE,SRG$A,SRGpA,SRG-A
SRI,"Stoneridge, Inc. Common Stock",NYSE,SRI,SRI,SRI
SRJN,Spire Inc. 6.375% Junior Subordinated Notes due 2086,NYSE,SRJN,SRJN,SRJN
SRL,Scully Royalty Ltd.,NYSE,SRL,SRL,SRL
SRPT,"Sarepta Therapeutics, Inc. - Common Stock",NASDAQ,NA,NA,SRPT
SRRK,Scholar Rock Holding Corporation - Common Stock,NASDAQ,NA,NA,SRRK
SRTA,"Strata Critical Medical, Inc. - Class A Common Stock",NASDAQ,NA,NA,SRTA
SRTS,"Sensus Healthcare, Inc. - Common Stock",NASDAQ,NA,NA,SRTS
SRV,NXG Cushing Midstream Energy Fund Common Shares of Beneficial Interest,NYSE,SRV,SRV,SRV
SRXH,SRX Global Inc. Common Stock,AMEX,SRXH,SRXH,SRXH
SRZN,"Surrozen, Inc. - Common Stock",NASDAQ,NA,NA,SRZN
SSAC,SPACSphere Acquisition Corp. - Class A Ordinary Shares,NASDAQ,NA,NA,SSAC
SSACR,SPACSphere Acquisition Corp. - Rights,NASDAQ,NA,NA,SSACR
SSACU,SPACSphere Acquisition Corp. - Unit,NASDAQ,NA,NA,SSACU
SSACW,SPACSphere Acquisition Corp. - Warrant,NASDAQ,NA,NA,SSACW
SSB,SouthState Bank Corporation Common Stock,NYSE,SSB,SSB,SSB
SSBI,Summit State Bank - Common Stock,NASDAQ,NA,NA,SSBI
SSD,"Simpson Manufacturing Company, Inc. Common Stock",NYSE,SSD,SSD,SSD
SSEA,Starry Sea Acquisition Corp - Ordinary Shares,NASDAQ,NA,NA,SSEA
SSEAR,Starry Sea Acquisition Corp - Rights,NASDAQ,NA,NA,SSEAR
SSEAU,Starry Sea Acquisition Corp - Unit,NASDAQ,NA,NA,SSEAU
SSII,SS Innovations International Inc. - Common Stock,NASDAQ,NA,NA,SSII
SSL,Sasol Ltd. American Depositary Shares,NYSE,SSL,SSL,SSL
SSM,Sono Group N.V. - Ordinary Shares,NASDAQ,NA,NA,SSM
SSMR,Sunshine Silver Mining & Refining Company Common Stock,NYSE,SSMR,SSMR,SSMR
SSNC,"SS&C Technologies Holdings, Inc. - Common Stock",NASDAQ,NA,NA,SSNC
SSP,E.W. Scripps Company (The) - Class A Common Stock,NASDAQ,NA,NA,SSP
SSRM,SSR Mining Inc. - Common Stock,NASDAQ,NA,NA,SSRM
SST,"System1, Inc. Class A Common Stock",NYSE,SST,SST,SST
SSTI,"SoundThinking, Inc. - Common Stock",NASDAQ,NA,NA,SSTI
SSTK,"Shutterstock, Inc. Common Stock",NYSE,SSTK,SSTK,SSTK
SSYS,"Stratasys, Ltd. - Common Stock",NASDAQ,NA,NA,SSYS
ST,Sensata Technologies Holding plc Ordinary Shares,NYSE,ST,ST,ST
STAA,STAAR Surgical Company - Common Stock,NASDAQ,NA,NA,STAA
STAG,"Stag Industrial, Inc. Common Stock",NYSE,STAG,STAG,STAG
STAK,STAK Inc. - Class A Ordinary Shares,NASDAQ,NA,NA,STAK
STBA,"S&T Bancorp, Inc. - Common Stock",NASDAQ,NA,NA,STBA
STC,Stewart Information Services Corporation Common Stock,NYSE,STC,STC,STC
STDN,"Standard Nuclear, Inc. Class A Common Stock",NYSE,STDN,STDN,STDN
STE,STERIS plc (Ireland) Ordinary Shares,NYSE,STE,STE,STE
STEM,"Stem, Inc. Class A Common Stock",NYSE,STEM,STEM,STEM
STEP,StepStone Group Inc. - Class A Common Stock,NASDAQ,NA,NA,STEP
STEW,"SRH Total Return Fund, Inc. Common Stock",NYSE,STEW,STEW,STEW
STEX,Streamex Corp. - Common Stock,NASDAQ,NA,NA,STEX
STFS,Star Fashion Culture Holdings Limited - Class A Ordinary Shares,NASDAQ,NA,NA,STFS
STG,"Sunlands Technology Group American Depositary Shares, representing Class A ordinary shares",NYSE,STG,STG,STG
STGW,Stagwell Inc. - Class A Common Stock,NASDAQ,NA,NA,STGW
STHO,Star Holdings - Shares of Beneficial Interest,NASDAQ,NA,NA,STHO
STI,"Solidion Technology, Inc. - Common Stock",NASDAQ,NA,NA,STI
STIM,"Neuronetics, Inc. - Common Stock",NASDAQ,NA,NA,STIM
STK,Columbia Seligman Premium Technology Growth Fund Inc,NYSE,STK,STK,STK
STKE,Sol Strategies Inc. - Common Shares,NASDAQ,NA,NA,STKE
STKH,Steakholder Foods Ltd. - American Depositary Shares,NASDAQ,NA,NA,STKH
STKS,"The ONE Group Hospitality, Inc. - Common Stock",NASDAQ,NA,NA,STKS
STLA,Stellantis N.V. Common Shares,NYSE,STLA,STLA,STLA
STLD,"Steel Dynamics, Inc. - Common Stock",NASDAQ,NA,NA,STLD
STLN,"Starling Oncology, Inc. - Common Stock",NASDAQ,NA,NA,STLN
STLNW,"Starling Oncology, Inc. - Warrant",NASDAQ,NA,NA,STLNW
STM,STMicroelectronics N.V. Common Stock,NYSE,STM,STM,STM
STN,Stantec Inc Common Stock,NYSE,STN,STN,STN
STNE,StoneCo Ltd. - Class A Common Share,NASDAQ,NA,NA,STNE
STNG,Scorpio Tankers Inc. Common Shares,NYSE,STNG,STNG,STNG
STOK,"Stoke Therapeutics, Inc. - Common Stock",NASDAQ,NA,NA,STOK
STRA,"Strategic Education, Inc. - Common Stock",NASDAQ,NA,NA,STRA
STRC,Strategy Inc - Variable Rate Series A Perpetual Stretch Preferred Stock,NASDAQ,NA,NA,STRC
STRD,Strategy Inc - 10.00% Series A Perpetual Stride Preferred Stock,NASDAQ,NA,NA,STRD
STRF,Strategy Inc - 10.00% Series A Perpetual Strife Preferred Stock,NASDAQ,NA,NA,STRF
STRK,Strategy Inc - 8.00% Series A Perpetual Strike Preferred Stock,NASDAQ,NA,NA,STRK
STRL,"Sterling Infrastructure, Inc. - Common Stock",NASDAQ,NA,NA,STRL
STRO,"Sutro Biopharma, Inc. - Common Stock",NASDAQ,NA,NA,STRO
STRR,"Star Equity Holdings, Inc. - Common Stock",NASDAQ,NA,NA,STRR
STRRP,"Star Equity Holdings, Inc. - 10% Series A Cumulative Perpetual Preferred Stock",NASDAQ,NA,NA,STRRP
STRT,STRATTEC SECURITY CORPORATION - Common Stock,NASDAQ,NA,NA,STRT
STRW,"Strawberry Fields REIT, Inc. Common Stock",AMEX,STRW,STRW,STRW
STRZ,Starz Entertainment Corp. - Common Shares,NASDAQ,NA,NA,STRZ
STT,State Street Corporation Common Stock,NYSE,STT,STT,STT
STT-PG,"State Street Corporation Depositary shares, each representing a 1/4,000th ownership interest in a share of Fixed-to-Floating Rate Non-Cumulative",NYSE,STT$G,STTpG,STT-G
STTK,"Shattuck Labs, Inc. - Common Stock",NASDAQ,NA,NA,STTK
STUB,"StubHub Holdings, Inc. Class A Common Stock",NYSE,STUB,STUB,STUB
STVN,Stevanato Group S.p.A. Ordinary Shares,NYSE,STVN,STVN,STVN
STWD,"STARWOOD PROPERTY TRUST, INC. Starwood Property Trust Inc.",NYSE,STWD,STWD,STWD
STX,Seagate Technology Holdings PLC - Ordinary Shares (Ireland),NASDAQ,NA,NA,STX
STXS,"Stereotaxis, Inc. Common Stock",AMEX,STXS,STXS,STXS
STZ,"Constellation Brands, Inc. Common Stock",NYSE,STZ,STZ,STZ
SU,Suncor Energy  Inc. Common Stock,NYSE,SU,SU,SU
SUGP,SU Group Holdings Limited - Class A Ordinary Shares,NASDAQ,NA,NA,SUGP
SUI,"Sun Communities, Inc. Common Stock",NYSE,SUI,SUI,SUI
SUIG,Sui Group Holdings Limited - Common Stock,NASDAQ,NA,NA,SUIG
SUJA,"Suja Life, Inc. - Class A Common Stock",NASDAQ,NA,NA,SUJA
SUMA,SUMA Acquisition Corporation - Class A Ordinary Shares,NASDAQ,NA,NA,SUMA
SUMAR,SUMA Acquisition Corporation - Rights,NASDAQ,NA,NA,SUMAR
SUMAU,SUMA Acquisition Corporation - Units,NASDAQ,NA,NA,SUMAU
SUN,Sunoco LP Common Units representing limited partner interests,NYSE,SUN,SUN,SUN
SUNB,"Sunbelt Rentals Holdings, Inc. Common Stock",NYSE,SUNB,SUNB,SUNB
SUNC,"SunocoCorp LLC Common Units, representing limited liability company interests",NYSE,SUNC,SUNC,SUNC
SUNE,"SUNation Energy, Inc. - Common Stock",NASDAQ,NA,NA,SUNE
SUNS,"Sunrise Realty Trust, Inc. - Common Stock",NASDAQ,NA,NA,SUNS
SUPN,"Supernus Pharmaceuticals, Inc. - Common Stock",NASDAQ,NA,NA,SUPN
SUPV,Grupo Supervielle S.A. American Depositary Shares each Representing five Class B shares,NYSE,SUPV,SUPV,SUPV
SUPX,SuperX AI Technology Limited - Ordinary Shares,NASDAQ,NA,NA,SUPX
SURG,"SurgePays, Inc. - Common Stock",NASDAQ,NA,NA,SURG
SUZ,Suzano S.A. American Depositary Shares (each representing One Ordinary Share),NYSE,SUZ,SUZ,SUZ
SVA,"Sinovac Biotech, Ltd. - Ordinary Shares (Antigua/Barbudo)",NASDAQ,NA,NA,SVA
SVAQ,Silicon Valley Acquisition Corp. - Class A Ordinary Shares,NASDAQ,NA,NA,SVAQ
SVAQU,Silicon Valley Acquisition Corp. - Units,NASDAQ,NA,NA,SVAQU
SVAQW,Silicon Valley Acquisition Corp. - Warrants,NASDAQ,NA,NA,SVAQW
SVC,Service Properties Trust - Common Shares of Beneficial Interest,NASDAQ,NA,NA,SVC
SVCC,Stellar V Capital Corp. - Class A Ordinary Shares,NASDAQ,NA,NA,SVCC
SVCCU,Stellar V Capital Corp. - Unit,NASDAQ,NA,NA,SVCCU
SVCCW,Stellar V Capital Corp. - Warrant,NASDAQ,NA,NA,SVCCW
SVCO,"Silvaco Group, Inc. - Common Stock",NASDAQ,NA,NA,SVCO
SVIV,Spring Valley Acquisition Corp. IV - Class A Ordinary Shares,NASDAQ,NA,NA,SVIV
SVIVU,Spring Valley Acquisition Corp. IV - Units,NASDAQ,NA,NA,SVIVU
SVIVW,Spring Valley Acquisition Corp. IV - Warrants,NASDAQ,NA,NA,SVIVW
SVM,Silvercorp Metals Inc. Common Shares,AMEX,SVM,SVM,SVM
SVRA,"Savara, Inc. - Common Stock",NASDAQ,NA,NA,SVRA
SVRE,SaverOne 2014 Ltd. - American Depositary Shares,NASDAQ,NA,NA,SVRE
SVREW,SaverOne 2014 Ltd. - Warrant,NASDAQ,NA,NA,SVREW
SVRN,OceanPal Inc. - Common Stock,NASDAQ,NA,NA,SVRN
SVV,"Savers Value Village, Inc. Common Stock",NYSE,SVV,SVV,SVV
SW,Smurfit WestRock plc Ordinary Shares,NYSE,SW,SW,SW
SWAG,"Stran & Company, Inc. - Common Stock",NASDAQ,NA,NA,SWAG
SWAGW,"Stran & Company, Inc. - Warrant",NASDAQ,NA,NA,SWAGW
SWBI,"Smith & Wesson Brands, Inc. - Common Stock",NASDAQ,NA,NA,SWBI
SWIM,"Latham Group, Inc. - Common Stock",NASDAQ,NA,NA,SWIM
SWK,"Stanley Black & Decker, Inc. Common Stock",NYSE,SWK,SWK,SWK
SWKHL,SWK Holdings Corporation - 9.00% Senior Notes due 2027,NASDAQ,NA,NA,SWKHL
SWKS,"Skyworks Solutions, Inc. - Common Stock",NASDAQ,NA,NA,SWKS
SWMR,"Swarmer, Inc - common stock",NASDAQ,NA,NA,SWMR
SWVL,Swvl Holdings Corp - Ordinary Shares,NASDAQ,NA,NA,SWVL
SWVLW,Swvl Holdings Corp - Warrant,NASDAQ,NA,NA,SWVLW
SWX,"Southwest Gas Holdings, Inc. Common Stock (DE)",NYSE,SWX,SWX,SWX
SWZ,Total Return Securities Fund Common Stock,NYSE,SWZ,SWZ,SWZ
SXC,"SunCoke Energy, Inc. Common Stock",NYSE,SXC,SXC,SXC
SXI,Standex International Corporation Common Stock,NYSE,SXI,SXI,SXI
SXT,Sensient Technologies Corporation Common Stock,NYSE,SXT,SXT,SXT
SXTC,"China SXT Pharmaceuticals, Inc. - Class A Ordinary Shares",NASDAQ,NA,NA,SXTC
SXTP,"60 Degrees Pharmaceuticals, Inc. - Common Stock",NASDAQ,NA,NA,SXTP
SXTPW,"60 Degrees Pharmaceuticals, Inc. - Warrant",NASDAQ,NA,NA,SXTPW
SY,So-Young International Inc. - American Depository Shares,NASDAQ,NA,NA,SY
SYBT,"Stock Yards Bancorp, Inc. - Common Stock",NASDAQ,NA,NA,SYBT
SYF,Synchrony Financial Common Stock,NYSE,SYF,SYF,SYF
SYF-PA,"Synchrony Financial Depositary Shares, each Representing a 1/40th Interest in a Share of 5.625% Fixed Rate Non-Cumulative Perpetual Preferred Stock, Series A",NYSE,SYF$A,SYFpA,SYF-A
SYF-PB,"Synchrony Financial Depositary Shares Each Representing a 1/40th Interest in a Share of 8.250% Fixed Rate Reset Non-Cumulative Perpetual Preferred Stock, Series B",NYSE,SYF$B,SYFpB,SYF-B
SYK,Stryker Corporation Common Stock,NYSE,SYK,SYK,SYK
SYM,Symbotic Inc. - Class A Common Stock,NASDAQ,NA,NA,SYM
SYNA,Synaptics Incorporated - Common Stock,NASDAQ,NA,NA,SYNA
SYNX,Silynxcom Ltd. Ordinary Shares,AMEX,SYNX,SYNX,SYNX
SYPR,"Sypris Solutions, Inc. - Common Stock",NASDAQ,NA,NA,SYPR
SYRE,"Spyre Therapeutics, Inc. - Common Stock",NASDAQ,NA,NA,SYRE
SYY,Sysco Corporation Common Stock,NYSE,SYY,SYY,SYY
SZZL,Sizzle Acquisition Corp. II - Class A ordinary shares,NASDAQ,NA,NA,SZZL
SZZLR,Sizzle Acquisition Corp. II - Right,NASDAQ,NA,NA,SZZLR
SZZLU,Sizzle Acquisition Corp. II - Unit,NASDAQ,NA,NA,SZZLU
T,AT&T Inc.,NYSE,T,T,T
T-PA,"AT&T Inc. Depositary Shares, each representing a 1/1,000th interest in a share of 5.000% Perpetual Preferred Stock, Series A",NYSE,T$A,TpA,T-A
T-PC,"AT&T Inc. Depositary Shares, each representing a 1/1,000th interest in a share of 4.750% Perpetual Preferred Stock, Series C",NYSE,T$C,TpC,T-C
TAC,TransAlta Corporation Ordinary Shares,NYSE,TAC,TAC,TAC
TACH,Titan Acquisition Corp. - Class A Ordinary Shares,NASDAQ,NA,NA,TACH
TACHU,Titan Acquisition Corp. - Units,NASDAQ,NA,NA,TACHU
TACHW,Titan Acquisition Corp. - Warrants,NASDAQ,NA,NA,TACHW
TACO,Berto Acquisition Corp. - Ordinary Shares,NASDAQ,NA,NA,TACO
TACOU,Berto Acquisition Corp. - unit,NASDAQ,NA,NA,TACOU
TACOW,Berto Acquisition Corp. - Warrant,NASDAQ,NA,NA,TACOW
TACT,TransAct Technologies Incorporated - Common Stock,NASDAQ,NA,NA,TACT
TAK,Takeda Pharmaceutical Company Limited American Depositary Shares (each representing 1/2 of a share of Common Stock),NYSE,TAK,TAK,TAK
TAL,TAL Education Group American Depositary Shares,NYSE,TAL,TAL,TAL
TALK,"Talkspace, Inc. - Common Stock",NASDAQ,NA,NA,TALK
TALO,"Talos Energy, Inc. Common Stock",NYSE,TALO,TALO,TALO
TANH,Tantech Holdings Ltd. - Class A Common Shares,NASDAQ,NA,NA,TANH
TAOP,Taoping Inc. - Ordinary Shares,NASDAQ,NA,NA,TAOP
TAOX,Tao Synergies Inc. - Common Stock,NASDAQ,NA,NA,TAOX
TAP,Molson Coors Beverage Company Class B Common Stock,NYSE,TAP,TAP,TAP
TAP-A,Molson Coors Beverage Company Class A Common Stock,NYSE,TAP.A,TAP.A,TAP.A
TARA,"Protara Therapeutics, Inc.  - Common Stock",NASDAQ,NA,NA,TARA
TARS,"Tarsus Pharmaceuticals, Inc. - Common Stock",NASDAQ,NA,NA,TARS
TASK,"TaskUs, Inc. - Class A Common Stock",NASDAQ,NA,NA,TASK
TATT,TAT Technologies Ltd. - Ordinary Shares,NASDAQ,NA,NA,TATT
TAVI,Tavia Acquisition Corp. - Ordinary Shares,NASDAQ,NA,NA,TAVI
TAVIR,Tavia Acquisition Corp. - Right,NASDAQ,NA,NA,TAVIR
TAVIU,Tavia Acquisition Corp. - Unit,NASDAQ,NA,NA,TAVIU
TAYD,"Taylor Devices, Inc. - Common Stock",NASDAQ,NA,NA,TAYD
TBB,AT&T Inc. 5.350% Global Notes due 2066,NYSE,TBB,TBB,TBB
TBBB,BBB Foods Inc. Class A Common Shares,NYSE,TBBB,TBBB,TBBB
TBBK,"The Bancorp, Inc. - Common Stock",NASDAQ,NA,NA,TBBK
TBCH,Turtle Beach Corporation - Common Stock,NASDAQ,NA,NA,TBCH
TBCVU,"Thunder Bridge Capital Partners V, Ltd. - Units",NASDAQ,NA,NA,TBCVU
TBI,"TrueBlue, Inc. Common Stock",NYSE,TBI,TBI,TBI
TBLA,Taboola.com Ltd. - Ordinary Shares,NASDAQ,NA,NA,TBLA
TBLD,Thornburg Income Builder Opportunities Trust - Closed End Fund,NASDAQ,NA,NA,TBLD
TBN,Tamboran Resources Corporation Common stock,NYSE,TBN,TBN,TBN
TBPH,"Theravance Biopharma, Inc. - Ordinary Shares",NASDAQ,NA,NA,TBPH
TC,Token Cat Limited - American Depositary Shares,NASDAQ,NA,NA,TC
TCBI,"Texas Capital Bancshares, Inc. - Common Stock",NASDAQ,NA,NA,TCBI
TCBIO,"Texas Capital Bancshares, Inc. - Depositary Shares 5.75% Fixed Rate Non-Cumulative Perpetual Preferred Stock Series B",NASDAQ,NA,NA,TCBIO
TCBK,TriCo Bancshares - Common Stock,NASDAQ,NA,NA,TCBK
TCBS,"Texas Community Bancshares, Inc. - Common Stock",NASDAQ,NA,NA,TCBS
TCBX,"Third Coast Bancshares, Inc. Common Stock",NYSE,TCBX,TCBX,TCBX
TCGX,TCGX Acquisition Corp. - Class A Ordinary Shares,NASDAQ,NA,NA,TCGX
TCI,"Transcontinental Realty Investors, Inc. Common Stock",NYSE,TCI,TCI,TCI
TCMD,"Tactile Systems Technology, Inc. - Common Stock",NASDAQ,NA,NA,TCMD
TCOM,Trip.com Group Limited - American Depositary Shares,NASDAQ,NA,NA,TCOM
TCPA,TransCanada PipeLines Limited 6.250% Junior Subordinated Notes due 2085,NYSE,TCPA,TCPA,TCPA
TCPC,BlackRock TCP Capital Corp. - Closed End Fund,NASDAQ,NA,NA,TCPC
TCRT,"Alaunos Therapeutics, Inc. - Common Stock",NASDAQ,NA,NA,TCRT
TCRX,"TScan Therapeutics, Inc. - Common Stock",NASDAQ,NA,NA,TCRX
TCX,Tucows Inc. - Common Stock,NASDAQ,NA,NA,TCX
TD,Toronto Dominion Bank (The) Common Stock,NYSE,TD,TD,TD
TDAC,Translational Development Acquisition Corp. - Ordinary Shares,NASDAQ,NA,NA,TDAC
TDACU,Translational Development Acquisition Corp. - Units,NASDAQ,NA,NA,TDACU
TDACW,Translational Development Acquisition Corp. - Warrants,NASDAQ,NA,NA,TDACW
TDAY,"USA TODAY Co., Inc. Common Stock",NYSE,TDAY,TDAY,TDAY
TDC,Teradata Corporation Common Stock,NYSE,TDC,TDC,TDC
TDF,"Templeton Dragon Fund, Inc. Common Stock",NYSE,TDF,TDF,TDF
TDG,Transdigm Group Incorporated Common Stock,NYSE,TDG,TDG,TDG
TDIC,Dreamland Limited - Class A Ordinary Shares,NASDAQ,NA,NA,TDIC
TDOC,"Teladoc Health, Inc. Common Stock",NYSE,TDOC,TDOC,TDOC
TDS,"Telephone and Data Systems, Inc. Common Shares",NYSE,TDS,TDS,TDS
TDS-PU,"Telephone and Data Systems, Inc. Depositary Shares, Each Representing a 1/1,000th Interest in a 6.625% Series UU Cumulative Redeemable Perpetual Preferred Stock",NYSE,TDS$U,TDSpU,TDS-U
TDS-PV,"Telephone and Data Systems, Inc. Depositary Shares, Each Representing a 1/1,000th Interest in a 6.000% Series VV Cumulative Redeemable Perpetual Preferred Stock",NYSE,TDS$V,TDSpV,TDS-V
TDTH,Trident Digital Tech Holdings Ltd - Class B Ordinary Shares,NASDAQ,NA,NA,TDTH
TDUP,ThredUp Inc. - Class A Common Stock,NASDAQ,NA,NA,TDUP
TDW,Tidewater Inc. Common Stock,NYSE,TDW,TDW,TDW
TDWD,Tailwind 2.0 Acquisition Corp. - Class A Ordinary Shares,NASDAQ,NA,NA,TDWD
TDWDR,Tailwind 2.0 Acquisition Corp. - Rights,NASDAQ,NA,NA,TDWDR
TDWDU,Tailwind 2.0 Acquisition Corp. - Unit,NASDAQ,NA,NA,TDWDU
TDY,Teledyne Technologies Incorporated Common Stock,NYSE,TDY,TDY,TDY
TE,T1 Energy Inc. Common Stock,NYSE,TE,TE,TE
TEAD,Teads Holding Co. - Common Stock,NASDAQ,NA,NA,TEAD
TEAM,Atlassian Corporation  - Class A Common Stock,NASDAQ,NA,NA,TEAM
TECH,Bio-Techne Corp - Common Stock,NASDAQ,NA,NA,TECH
TECK,Teck Resources Ltd Ordinary Shares,NYSE,TECK,TECK,TECK
TECX,"Tectonic Therapeutic, Inc. - Common Stock",NASDAQ,NA,NA,TECX
TEI,"Templeton Emerging Markets Income Fund, Inc. Common Stock",NYSE,TEI,TEI,TEI
TEL,TE Connectivity plc Ordinary Shares,NYSE,TEL,TEL,TEL
TELA,"TELA Bio, Inc. - Common stock",NASDAQ,NA,NA,TELA
TELO,"Telomir Pharmaceuticals, Inc. - Common Stock",NASDAQ,NA,NA,TELO
TEM,"Tempus AI, Inc. - Class A Common Stock",NASDAQ,NA,NA,TEM
TEN,Tsakos Energy Navigation Ltd Common Shares,NYSE,TEN,TEN,TEN
TEN-PE,"Tsakos Energy Navigation Ltd Series E Fixed-to-Floating Rate Cumulative Redeemable Perpetual Preferred Shares, par value $1.00",NYSE,TEN$E,TENpE,TEN-E
TEN-PF,"Tsakos Energy Navigation Ltd Series F Fixed-to-Floating Rate Cumulative Redeemable Perpetual Preferred Shares, par value $1.00",NYSE,TEN$F,TENpF,TEN-F
TENB,"Tenable Holdings, Inc. - Common Stock",NASDAQ,NA,NA,TENB
TENX,"Tenax Therapeutics, Inc. - Common Stock",NASDAQ,NA,NA,TENX
TEO,Telecom Argentina SA,NYSE,TEO,TEO,TEO
TER,"Teradyne, Inc. - Common Stock",NASDAQ,NA,NA,TER
TEVA,Teva Pharmaceutical Industries Limited American Depositary Shares,NYSE,TEVA,TEVA,TEVA
TEX,Terex Corporation Common Stock,NYSE,TEX,TEX,TEX
TFC,Truist Financial Corporation Common Stock,NYSE,TFC,TFC,TFC
TFC-PI,Truist Financial Corporation Depositary Shares,NYSE,TFC$I,TFCpI,TFC-I
TFC-PO,"Truist Financial Corporation Depositary Shares, Each Representing a 1/1,000th Interest in a Share of Series O Non-Cumulative Perpetual Preferred Stock",NYSE,TFC$O,TFCpO,TFC-O
TFC-PR,"Truist Financial Corporation Depositary Shares, each representing 1/1,000th interest in a share of Series R Non-Cumulative Perpetual Preferred Stock",NYSE,TFC$R,TFCpR,TFC-R
TFII,TFI International Inc. Common Shares,NYSE,TFII,TFII,TFII
TFIN,"Triumph Financial, Inc. Common Stock",NYSE,TFIN,TFIN,TFIN
TFIN-P,"Triumph Financial, Inc. Depositary Shares, Each Representing a 1/40th Interest in a Share of 7.125% Series C Fixed-Rate Non-Cumulative Perpetual Preferred Stock",NYSE,TFIN$,TFINp,TFIN-
TFPM,Triple Flag Precious Metals Corp. Common Shares,NYSE,TFPM,TFPM,TFPM
TFSL,TFS Financial Corporation - Common Stock,NASDAQ,NA,NA,TFSL
TFX,Teleflex Incorporated Common Stock,NYSE,TFX,TFX,TFX
TG,Tredegar Corporation Common Stock,NYSE,TG,TG,TG
TGB,Trekor Metals Limited Common Shares,AMEX,TGB,TGB,TGB
TGE,The Generation Essentials Group Class A Ordinary Shares,NYSE,TGE,TGE,TGE
TGE-WT,"The Generation Essentials Group Warrants, each whole warrant exercisable for one Class A Ordinary Share",AMEX,TGE.W,TGE.WS,TGE+
TGEN,Tecogen Inc. Common Stock,AMEX,TGEN,TGEN,TGEN
TGHL,The GrowHub Limited - Class A Ordinary Shares,NASDAQ,NA,NA,TGHL
TGL,Treasure Global Inc. - Common Stock,NASDAQ,NA,NA,TGL
TGLS,Tecnoglass Holdings Inc. Common Stock,NYSE,TGLS,TGLS,TGLS
TGS,Transportadora de Gas del Sur SA TGS Common Stock,NYSE,TGS,TGS,TGS
TGT,Target Corporation Common Stock,NYSE,TGT,TGT,TGT
TGTX,"TG Therapeutics, Inc. - Common Stock",NASDAQ,NA,NA,TGTX
TH,Target Hospitality Corp. - Common Stock,NASDAQ,NA,NA,TH
THC,Tenet Healthcare Corporation Common Stock,NYSE,THC,THC,THC
THCH,TH International Limited - Ordinary shares,NASDAQ,NA,NA,THCH
THEO,BOA Acquisition Corp. II - Class A Ordinary Shares,NASDAQ,NA,NA,THEO
THEOR,BOA Acquisition Corp. II - Rights,NASDAQ,NA,NA,THEOR
THEOU,BOA Acquisition Corp. II - Units,NASDAQ,NA,NA,THEOU
THFF,First Financial Corporation  - Common Stock,NASDAQ,NA,NA,THFF
THG,Hanover Insurance Group Inc,NYSE,THG,THG,THG
THH,TryHard Holdings Limited - Ordinary Shares,NASDAQ,NA,NA,THH
THM,"International Tower Hill Mines, Ltd. Ordinary Shares (Canada)",AMEX,THM,THM,THM
THO,"Thor Industries, Inc. Common Stock",NYSE,THO,THO,THO
THQ,abrdn Healthcare Opportunities Fund Shares of Beneficial Interest,NYSE,THQ,THQ,THQ
THRM,Gentherm Inc - Common Stock,NASDAQ,NA,NA,THRM
THRY,"Thryv Holdings, Inc. - Common Stock",NASDAQ,NA,NA,THRY
THW,abrdn World Healthcare Fund Shares of Beneficial Interest,NYSE,THW,THW,THW
TIC,"TIC Solutions, Inc. Common Stock",NYSE,TIC,TIC,TIC
TIGO,Millicom International Cellular S.A. - Common Stock,NASDAQ,NA,NA,TIGO
TIGR,UP Fintech Holding Limited - American Depositary Shares representing fifteen Class A Ordinary Shares,NASDAQ,NA,NA,TIGR
TII,Titan Mining Corporation Common Shares,AMEX,TII,TII,TII
TIL,"Instil Bio, Inc. - Common Stock",NASDAQ,NA,NA,TIL
TILE,"Interface, Inc. - Common Stock",NASDAQ,NA,NA,TILE
TIMB,TIM S.A. American Depositary Shares (Each representing 5 Common Shares) ,NYSE,TIMB,TIMB,TIMB
TIPT,Tiptree Inc. - Common Stock,NASDAQ,NA,NA,TIPT
TISI,"Team, Inc. Common Stock",NYSE,TISI,TISI,TISI
TITN,Titan Machinery Inc. - Common Stock,NASDAQ,NA,NA,TITN
TJGC,TJGC Group Limited - Class A Ordinary Shares,NASDAQ,NA,NA,TJGC
TJX,"TJX Companies, Inc. (The) Common Stock",NYSE,TJX,TJX,TJX
TK,Teekay Corporation Ltd. Common Stock,NYSE,TK,TK,TK
TKC,Turkcell Iletisim Hizmetleri AS Common Stock,NYSE,TKC,TKC,TKC
TKLF,"Tokyo Lifestyle Co., Ltd. - American Depositary Shares",NASDAQ,NA,NA,TKLF
TKNO,"Alpha Teknova, Inc. - Common Stock",NASDAQ,NA,NA,TKNO
TKO,"TKO Group Holdings, Inc. Class A Common Stock",NYSE,TKO,TKO,TKO
TKR,Timken Company (The) Common Stock,NYSE,TKR,TKR,TKR
TLF,"Tandy Leather Factory, Inc. - common stock",NASDAQ,NA,NA,TLF
TLIH,Ten-League International Holdings Limited - Ordinary Shares,NASDAQ,NA,NA,TLIH
TLK,"PT Telekomunikasi Indonesia, Tbk",NYSE,TLK,TLK,TLK
TLN,Talen Energy Corporation - Common Stock,NASDAQ,NA,NA,TLN
TLNC,Talon Capital Corp. - Class A Ordinary Shares,NASDAQ,NA,NA,TLNC
TLNCU,Talon Capital Corp. - Units,NASDAQ,NA,NA,TLNCU
TLNCW,Talon Capital Corp. - Warrants,NASDAQ,NA,NA,TLNCW
TLPH,"Talphera, Inc. - Common Stock",NASDAQ,NA,NA,TLPH
TLRY,"Tilray Brands, Inc. - Common Stock",NASDAQ,NA,NA,TLRY
TLS,Telos Corporation - Common Stock,NASDAQ,NA,NA,TLS
TLSA,Tiziana Life Sciences Ltd - Common Shares,NASDAQ,NA,NA,TLSA
TLSI,"TriSalus Life Sciences, Inc. - Common Stock",NASDAQ,NA,NA,TLSI
TLSIW,"TriSalus Life Sciences, Inc. - Warrant",NASDAQ,NA,NA,TLSIW
TLX,Telix Pharmaceuticals Limited - American Depositary Shares,NASDAQ,NA,NA,TLX
TLYS,"Tilly's, Inc. Common Stock",NYSE,TLYS,TLYS,TLYS
TM,Toyota Motor Corporation Common Stock,NYSE,TM,TM,TM
TMC,TMC the metals company Inc. - Common Stock,NASDAQ,NA,NA,TMC
TMCI,"Treace Medical Concepts, Inc. - Common Stock",NASDAQ,NA,NA,TMCI
TMCR,The Metals Royalty Company Inc. - Common Stock,NASDAQ,NA,NA,TMCR
TMCWW,TMC the metals company Inc. - Warrant,NASDAQ,NA,NA,TMCWW
TMDE,TMD Energy Limited Ordinary Shares,AMEX,TMDE,TMDE,TMDE
TMDX,"TransMedics Group, Inc. - Common Stock",NASDAQ,NA,NA,TMDX
TME,"Tencent Music Entertainment Group American Depositary Shares, each representing two Class A Ordinary Shares",NYSE,TME,TME,TME
TMO,Thermo Fisher Scientific Inc Common Stock,NYSE,TMO,TMO,TMO
TMP,Tompkins Financial Corporation Common Stock,AMEX,TMP,TMP,TMP
TMQ,Trilogy Metals Inc. Common Stock,AMEX,TMQ,TMQ,TMQ
TMS,Teamshares Inc. - Common Stock,NASDAQ,NA,NA,TMS
TMSWW,Teamshares Inc. - Warrants,NASDAQ,NA,NA,TMSWW
TMTS,Spartacus Acquisition Corp. II - Class A Ordinary Shares,NASDAQ,NA,NA,TMTS
TMTSU,Spartacus Acquisition Corp. II - Unit,NASDAQ,NA,NA,TMTSU
TMTSW,Spartacus Acquisition Corp. II - Warrants,NASDAQ,NA,NA,TMTSW
TMUS,"T-Mobile US, Inc. - Common Stock",NASDAQ,NA,NA,TMUS
TMUSI,"T-Mobile US, Inc. - 5.500% Senior Notes due June 2070",NASDAQ,NA,NA,TMUSI
TMUSL,"T-Mobile US, Inc. - 6.250% Senior Notes due 2069",NASDAQ,NA,NA,TMUSL
TMUSZ,"T-Mobile US, Inc. - 5.500% Senior Notes due March 2070",NASDAQ,NA,NA,TMUSZ
TNC,Tennant Company Common Stock,NYSE,TNC,TNC,TNC
TNDM,"Tandem Diabetes Care, Inc. - Common Stock",NASDAQ,NA,NA,TNDM
TNET,"TriNet Group, Inc. Common Stock",NYSE,TNET,TNET,TNET
TNGX,"Tango Therapeutics, Inc. - Common Stock",NASDAQ,NA,NA,TNGX
TNK,Teekay Tankers Ltd.,NYSE,TNK,TNK,TNK
TNL,Travel   Leisure Co. Common  Stock,NYSE,TNL,TNL,TNL
TNMG,TNL Mediagene - Ordinary Shares,NASDAQ,NA,NA,TNMG
TNON,"Tenon Medical, Inc. - Common Stock",NASDAQ,NA,NA,TNON
TNONW,"Tenon Medical, Inc. - Warrant",NASDAQ,NA,NA,TNONW
TNXP,Tonix Pharmaceuticals Holding Corp. - Common Stock,NASDAQ,NA,NA,TNXP
TNYA,"Tenaya Therapeutics, Inc. - Common Stock",NASDAQ,NA,NA,TNYA
TOL,"Toll Brothers, Inc. Common Stock",NYSE,TOL,TOL,TOL
TOMZ,"TOMI Environmental Solutions, Inc. - Common Stock",NASDAQ,NA,NA,TOMZ
TONT,Graf Global Corp. Class A ordinary shares,AMEX,TONT,TONT,TONT
TONT-UN,"Graf Global Corp. Units, each consisting of one Class A ordinary share and one-half of one redeemable warrant",AMEX,TONT.U,TONT.U,TONT=
TONT-WT,"Graf Global Corp. Warrants, each whole warrant exercisable for one Class A ordinary share at an exercise price of $11.50 per share",AMEX,TONT.W,TONT.WS,TONT+
TONX,TON Strategy Company - Common Stock,NASDAQ,NA,NA,TONX
TOON,"Kartoon Studios, Inc. Common Stock",AMEX,TOON,TOON,TOON
TOP,TOP Financial Group Limited - Class A Ordinary Shares,NASDAQ,NA,NA,TOP
TOPP,Toppoint Holdings Inc. Common Stock,AMEX,TOPP,TOPP,TOPP
TOPS,"TOP Ships, Inc. Common Stock",AMEX,TOPS,TOPS,TOPS
TORO,Toro Corp. - Common stock,NASDAQ,NA,NA,TORO
TOST,"Toast, Inc. Class A Common Stock",NYSE,TOST,TOST,TOST
TOUR,Tuniu Corporation - American Depositary Shares,NASDAQ,NA,NA,TOUR
TOVX,"Theriva Biologics, Inc. Common Stock",AMEX,TOVX,TOVX,TOVX
TOWN,Towne Bank - Common Stock,NASDAQ,NA,NA,TOWN
TOYO,"TOYO Co., Ltd - Ordinary Shares",NASDAQ,NA,NA,TOYO
TP,Ticketplus Ltd. Ordinary Shares,AMEX,TP,TP,TP
TPB,"Turning Point Brands, Inc. Common Stock",NYSE,TPB,TPB,TPB
TPC,Tutor Perini Corporation Common Stock,NYSE,TPC,TPC,TPC
TPCS,TechPrecision Corporation - Common stock,NASDAQ,NA,NA,TPCS
TPET,Trio Petroleum Corp. Common Stock,AMEX,TPET,TPET,TPET
TPG,TPG Inc. - Class A Common Stock,NASDAQ,NA,NA,TPG
TPGXL,TPG Inc. - 6.950% Fixed-Rate Junior Subordinated Notes due 2064,NASDAQ,NA,NA,TPGXL
TPL,Texas Pacific Land Corporation Common Stock,NYSE,TPL,TPL,TPL
TPR,"Tapestry, Inc. Common Stock",NYSE,TPR,TPR,TPR
TPST,"Tempest Therapeutics, Inc. - Common Stock",NASDAQ,NA,NA,TPST
TPTS,"Terra Property Trust, Inc. 7.00% Senior Secured Notes due 2029",NYSE,TPTS,TPTS,TPTS
TPVG,TriplePoint Venture Growth BDC Corp. Common Stock,NYSE,TPVG,TPVG,TPVG
TR,"Tootsie Roll Industries, Inc. Common Stock",NYSE,TR,TR,TR
TRAD,APEX Tech Acquisition Inc. Ordinary Shares,NYSE,TRAD,TRAD,TRAD
TRAD-R,"APEX Tech Acquisition Inc. Rights, each entitling the holder to receive one-fourth (1/4) of one ordinary share",NYSE,TRAD.R,TRADr,TRAD^
TRAD-UN,"APEX Tech Acquisition Inc. Units, each consisting of one Class A ordinary share and one right to receive one sixth (1/6) of a Class A ordinary share",NYSE,TRAD.U,TRAD.U,TRAD=
TRAK,"ReposiTrak, Inc. Common Stock",NYSE,TRAK,TRAK,TRAK
TRAW,"Traws Pharma, Inc. - Common Stock",NASDAQ,NA,NA,TRAW
TRAX,"First Tracks Biotherapeutics, Inc. - Ordinary Shares",NASDAQ,NA,NA,TRAX
TRC,Tejon Ranch Co Common Stock,NYSE,TRC,TRC,TRC
TRDA,"Entrada Therapeutics, Inc. - Common Stock",NASDAQ,NA,NA,TRDA
TREE,"LendingTree, Inc. - Common Stock",NASDAQ,NA,NA,TREE
TREX,"Trex Company, Inc. Common Stock",NYSE,TREX,TREX,TREX
TRGP,"Targa Resources, Inc. Common Stock",NYSE,TRGP,TRGP,TRGP
TRGS,TRG Latin America Acquisitions Corp. - Class A Ordinary Shares,NASDAQ,NA,NA,TRGS
TRGSR,TRG Latin America Acquisitions Corp. - Rights,NASDAQ,NA,NA,TRGSR
TRGSU,TRG Latin America Acquisitions Corp. - Units,NASDAQ,NA,NA,TRGSU
TRI,Thomson Reuters Corp - Common Shares,NASDAQ,NA,NA,TRI
TRIB,Trinity Biotech plc - American Depositary Shares,NASDAQ,NA,NA,TRIB
TRIN,Trinity Capital Inc. Common Stock,NYSE,TRIN,TRIN,TRIN
TRIP,"TripAdvisor, Inc. - Common Stock",NASDAQ,NA,NA,TRIP
TRLV,Trulieve Cannabis Corp. Subordinate Voting Shares,NYSE,TRLV,TRLV,TRLV
TRMB,Trimble Inc. - Common Stock,NASDAQ,NA,NA,TRMB
TRMD,TORM plc - Class A Common Stock,NASDAQ,NA,NA,TRMD
TRMK,Trustmark Corporation - Common Stock,NASDAQ,NA,NA,TRMK
TRN,"Trinity Industries, Inc. Common Stock",NYSE,TRN,TRN,TRN
TRNI,Trinity Capital Inc. 7.875% Notes Due 2029,NYSE,TRNI,TRNI,TRNI
TRNO,Terreno Realty Corporation Common Stock,NYSE,TRNO,TRNO,TRNO
TRNR,Interactive Strength Inc. - Common Stock,NASDAQ,NA,NA,TRNR
TRNS,"Transcat, Inc. - Common Stock",NASDAQ,NA,NA,TRNS
TRNZ,Trinity Capital Inc. 7.875% Notes due 2029,NYSE,TRNZ,TRNZ,TRNZ
TRON,Tron Inc. - Common Stock,NASDAQ,NA,NA,TRON
TROO,"TROOPS, Inc.  - Ordinary Shares",NASDAQ,NA,NA,TROO
TROW,"T. Rowe Price Group, Inc. - Common Stock",NASDAQ,NA,NA,TROW
TROX,Tronox Holdings plc Ordinary Shares (UK),NYSE,TROX,TROX,TROX
TRP,TC Energy Corporation Common Stock,NYSE,TRP,TRP,TRP
TRS,TriMas Corporation - Common Stock,NASDAQ,NA,NA,TRS
TRSG,Tungray Technologies Inc - Class A Ordinary Shares,NASDAQ,NA,NA,TRSG
TRST,TrustCo Bank Corp NY - Common Stock,NASDAQ,NA,NA,TRST
TRT,Trio-Tech International Common Stock,AMEX,TRT,TRT,TRT
TRTN-PA,Triton International Limited 8.50% Series A Cumulative Redeemable Perpetual  Preference Shares,NYSE,TRTN$A,TRTNpA,TRTN-A
TRTN-PB,Triton International Limited 8.00% Series B Cumulative Redeemable Perpetual Preference Shares,NYSE,TRTN$B,TRTNpB,TRTN-B
TRTN-PC,Triton International Limited 7.375% Series C Cumulative Redeemable Perpetual Preference Shares,NYSE,TRTN$C,TRTNpC,TRTN-C
TRTN-PD,Triton International Limited 6.875% Series D Cumulative Redeemable Perpetual Preference Shares,NYSE,TRTN$D,TRTNpD,TRTN-D
TRTN-PE,Triton International Limited 5.75% Series E Cumulative Redeemable Perpetual Preference Shares,NYSE,TRTN$E,TRTNpE,TRTN-E
TRTN-PF,Triton International Limited 7.625% Series F Cumulative Redeemable Perpetual Preference Shares,NYSE,TRTN$F,TRTNpF,TRTN-F
TRTN-PG,Triton International Limited 7.500% Series G Cumulative Redeemable Perpetual Preference Shares,NYSE,TRTN$G,TRTNpG,TRTN-G
TRTX,"TPG RE Finance Trust, Inc. Common Stock",NYSE,TRTX,TRTX,TRTX
TRTX-PC,"TPG RE Finance Trust, Inc. 6.25% Series C Cumulative Redeemable Preferred Stock, $0.001 par value per share",NYSE,TRTX$C,TRTXpC,TRTX-C
TRU,TransUnion Common Stock,NYSE,TRU,TRU,TRU
TRUG,"TruGolf Holdings, Inc. - Class A Common Stock",NASDAQ,NA,NA,TRUG
TRUP,"Trupanion, Inc. - Common Stock",NASDAQ,NA,NA,TRUP
TRV,"The Travelers Companies, Inc. Common Stock",NYSE,TRV,TRV,TRV
TRVG,trivago N.V. - American Depositary Shares,NASDAQ,NA,NA,TRVG
TRVI,"Trevi Therapeutics, Inc. - Common Stock",NASDAQ,NA,NA,TRVI
TRX,TRX Gold Corporation Common Stock,AMEX,TRX,TRX,TRX
TS,Tenaris S.A. American Depositary Shares,NYSE,TS,TS,TS
TSAT,Telesat Corporation - Class A Common Shares and Class B Variable Voting Shares,NASDAQ,NA,NA,TSAT
TSBK,"Timberland Bancorp, Inc. - Common Stock",NASDAQ,NA,NA,TSBK
TSCO,Tractor Supply Company - Common Stock,NASDAQ,NA,NA,TSCO
TSEM,Tower Semiconductor Ltd. - Ordinary Shares,NASDAQ,NA,NA,TSEM
TSHA,"Taysha Gene Therapies, Inc. - Common Stock",NASDAQ,NA,NA,TSHA
TSI,"TCW Strategic Income Fund, Inc. Common Stock",NYSE,TSI,TSI,TSI
TSLA,"Tesla, Inc.  - Common Stock",NASDAQ,NA,NA,TSLA
TSLX,"Sixth Street Specialty Lending, Inc. Common Stock",NYSE,TSLX,TSLX,TSLX
TSM,Taiwan Semiconductor Manufacturing Company Ltd.,NYSE,TSM,TSM,TSM
TSN,"Tyson Foods, Inc. Common Stock",NYSE,TSN,TSN,TSN
TSQ,"Townsquare Media, Inc. Class A Common Stock",NYSE,TSQ,TSQ,TSQ
TSSI,"TSS, Inc. - Common Stock",NASDAQ,NA,NA,TSSI
TT,Trane Technologies plc,NYSE,TT,TT,TT
TTAM,Titan America SA Common Shares,NYSE,TTAM,TTAM,TTAM
TTAN,"ServiceTitan, Inc. - Class A Common Stock",NASDAQ,NA,NA,TTAN
TTC,Toro Company (The) Common Stock,NYSE,TTC,TTC,TTC
TTD,"The Trade Desk, Inc. - Class A Common Stock",NASDAQ,NA,NA,TTD
TTE,TotalEnergies SE Ordinary Shares,NYSE,TTE,TTE,TTE
TTEC,"TTEC Holdings, Inc. - Common Stock",NASDAQ,NA,NA,TTEC
TTEK,"Tetra Tech, Inc. - Common Stock",NASDAQ,NA,NA,TTEK
TTGT,"TechTarget, Inc. - Common Stock",NASDAQ,NA,NA,TTGT
TTI,"Tetra Technologies, Inc. Common Stock",NYSE,TTI,TTI,TTI
TTMI,"TTM Technologies, Inc. - Common Stock",NASDAQ,NA,NA,TTMI
TTRX,Turn Therapeutics Inc. - Common Stock,NASDAQ,NA,NA,TTRX
TTWO,"Take-Two Interactive Software, Inc. - Common Stock",NASDAQ,NA,NA,TTWO
TU,Telus Corporation Ordinary Shares,NYSE,TU,TU,TU
TULP,"Bloomia Holdings, Inc. - Common Stock",NASDAQ,NA,NA,TULP
TURB,"Turbo Energy, S.A. - American Depositary Shares",NASDAQ,NA,NA,TURB
TUSK,"Mammoth Energy Services, Inc. - Common Stock",NASDAQ,NA,NA,TUSK
TUYA,"Tuya Inc. American Depositary Shares, each representing one Class A Ordinary Share",NYSE,TUYA,TUYA,TUYA
TV,Grupo Televisa S.A.B. Common Stock,NYSE,TV,TV,TV
TVA,Texas Ventures Acquisition III Corp - Class A Ordinary Share,NASDAQ,NA,NA,TVA
TVACU,Texas Ventures Acquisition III Corp - Unit,NASDAQ,NA,NA,TVACU
TVACW,Texas Ventures Acquisition III Corp - Warrants,NASDAQ,NA,NA,TVACW
TVAI,Thayer Ventures Acquisition Corporation II - Class A Ordinary Shares,NASDAQ,NA,NA,TVAI
TVAIR,Thayer Ventures Acquisition Corporation II - Rights,NASDAQ,NA,NA,TVAIR
TVAIU,Thayer Ventures Acquisition Corporation II - Unit,NASDAQ,NA,NA,TVAIU
TVC,Tennessee Valley Authority Common Stock,NYSE,TVC,TVC,TVC
TVE,Tennessee Valley Authority,NYSE,TVE,TVE,TVE
TVGN,Tevogen Inc. - Common Stock,NASDAQ,NA,NA,TVGN
TVGNW,Tevogen Inc. - Warrant,NASDAQ,NA,NA,TVGNW
TVIV,Texas Ventures Acquisition IV Corp - Class A Ordinary Shares,NASDAQ,NA,NA,TVIV
TVIVU,Texas Ventures Acquisition IV Corp - Units,NASDAQ,NA,NA,TVIVU
TVIVW,Texas Ventures Acquisition IV Corp - Warrant,NASDAQ,NA,NA,TVIVW
TVRD,"Tvardi Therapeutics, Inc. - Common Stock",NASDAQ,NA,NA,TVRD
TVTX,"Travere Therapeutics, Inc. - Common Stock",NASDAQ,NA,NA,TVTX
TW,Tradeweb Markets Inc. - Class A Common Stock,NASDAQ,NA,NA,TW
TWAV,"TaoWeave, Inc. - Common Stock",NASDAQ,NA,NA,TWAV
TWFG,"TWFG, Inc. - Common Stock",NASDAQ,NA,NA,TWFG
TWG,Top Wealth Group Holding Limited - Class A Ordinary Shares,NASDAQ,NA,NA,TWG
TWI,"Titan International, Inc. (DE) Common Stock",NYSE,TWI,TWI,TWI
TWIN,"Twin Disc, Incorporated - Common Stock",NASDAQ,NA,NA,TWIN
TWLO,Twilio Inc. Class A Common Stock,NYSE,TWLO,TWLO,TWLO
TWLV,Twelve Seas Investment Company III - Class A Ordinary Shares,NASDAQ,NA,NA,TWLV
TWLVR,Twelve Seas Investment Company III - Rights,NASDAQ,NA,NA,TWLVR
TWLVU,Twelve Seas Investment Company III - Units,NASDAQ,NA,NA,TWLVU
TWN,"Taiwan Fund, Inc. (The) Common Stock",NYSE,TWN,TWN,TWN
TWO,Two Harbors Investment Corp,NYSE,TWO,TWO,TWO
TWO-PA,Two Harbors Investments Corp 8.125% Series A Fixed-to-Floating Rate Cumulative Redeemable Preferred Stock ($25.00 liquidation preference per share),NYSE,TWO$A,TWOpA,TWO-A
TWO-PB,Two Harbors Investments Corp 7.625% Series B Fixed-to-Floating Rate Cumulative Redeemable Preferred Stock,NYSE,TWO$B,TWOpB,TWO-B
TWO-PC,Two Harbors Investments Corp 7.25% Series C Fixed-to-Floating Rate Cumulative Redeemable Preferred Stock,NYSE,TWO$C,TWOpC,TWO-C
TWOD,Two Harbors Investments Corp 9.375% Senior Notes due 2030,NYSE,TWOD,TWOD,TWOD
TWST,Twist Bioscience Corporation - Common Stock,NASDAQ,NA,NA,TWST
TX,"Ternium S.A. Ternium S.A. American Depositary Shares (each representing ten shares, USD1.00 par value)",NYSE,TX,TX,TX
TXG,"10x Genomics, Inc. - Common Stock",NASDAQ,NA,NA,TXG
TXMD,"TherapeuticsMD, Inc. - Common Stock",NASDAQ,NA,NA,TXMD
TXN,Texas Instruments Incorporated - Common Stock,NASDAQ,NA,NA,TXN
TXNM,"TXNM Energy, Inc. Common Stock",NYSE,TXNM,TXNM,TXNM
TXO,"TXO Partners, L.P. Common Units Representing Limited Partner Interests",NYSE,TXO,TXO,TXO
TXRH,"Texas Roadhouse, Inc. - Common Stock",NASDAQ,NA,NA,TXRH
TXT,Textron Inc. Common Stock,NYSE,TXT,TXT,TXT
TY,Tri Continental Corporation Common Stock,NYSE,TY,TY,TY
TY-P,Tri Continental Corporation Preferred Stock,NYSE,TY$,TYp,TY-
TYG,Tortoise Energy Infrastructure Corporation Common Stock,NYSE,TYG,TYG,TYG
TYGO,"Tigo Energy, Inc. - Common Stock",NASDAQ,NA,NA,TYGO
TYL,"Tyler Technologies, Inc. Common Stock",NYSE,TYL,TYL,TYL
TYRA,"Tyra Biosciences, Inc. - Common Stock",NASDAQ,NA,NA,TYRA
TZOO,Travelzoo - Common Stock,NASDAQ,NA,NA,TZOO
U,Unity Software Inc. Common Stock,NYSE,U,U,U
UA,"Under Armour, Inc. Class C Common Stock",NYSE,UA,UA,UA
UAA,"Under Armour, Inc. Class A Common Stock",NYSE,UAA,UAA,UAA
UAC,United Acquisition Corp. I Class A Ordinary Shares,AMEX,UAC,UAC,UAC
UAC-UN,"United Acquisition Corp. I Units, each consisting of one Class A ordinary share and one-quarter of one redeemable warrant",AMEX,UAC.U,UAC.U,UAC=
UAC-WT,"United Acquisition Corp. I Warrants, each whole warrant exercisable for one Class A ordinary share at an exercise price of $11.50",AMEX,UAC.W,UAC.WS,UAC+
UAL,"United Airlines Holdings, Inc. - Common Stock",NASDAQ,NA,NA,UAL
UAMY,United States Antimony Corporation Common Stock,NYSE,UAMY,UAMY,UAMY
UAN,"CVR Partners, LP Common Units representing Limited Partner Interests",NYSE,UAN,UAN,UAN
UAVS,"AgEagle Aerial Systems, Inc. Common Stock",AMEX,UAVS,UAVS,UAVS
UBCP,"United Bancorp, Inc. - Common Stock",NASDAQ,NA,NA,UBCP
UBER,"Uber Technologies, Inc. Common Stock",NYSE,UBER,UBER,UBER
UBS,UBS Group AG Registered Ordinary Shares,NYSE,UBS,UBS,UBS
UBSI,"United Bankshares, Inc. - Common Stock",NASDAQ,NA,NA,UBSI
UCAR,U Power Limited - Class A Ordinary Shares,NASDAQ,NA,NA,UCAR
UCB,"United Community Banks, Inc. Common Stock",NYSE,UCB,UCB,UCB
UCFI,CN Healthy Food Tech Group Corp. - Common Stock,NASDAQ,NA,NA,UCFI
UCFIW,CN Healthy Food Tech Group Corp. - Warrant,NASDAQ,NA,NA,UCFIW
UCIB,"ETRACS UBS Bloomberg Constant Maturity Commodity Index (CMCI) Total Return ETN Series B due April 5, 2038",ARCA,UCIB,UCIB,UCIB
UCL,uCloudlink Group Inc. - American Depositary Shares,NASDAQ,NA,NA,UCL
UCTT,"Ultra Clean Holdings, Inc. - Common Stock",NASDAQ,NA,NA,UCTT
UDR,"UDR, Inc. Common Stock",NYSE,UDR,UDR,UDR
UE,Urban Edge Properties Common Shares of Beneficial Interest,NYSE,UE,UE,UE
UEC,Uranium Energy Corp. Common Stock,AMEX,UEC,UEC,UEC
UEIC,Universal Electronics Inc. - Common Stock,NASDAQ,NA,NA,UEIC
UFCS,"United Fire Group, Inc - Common Stock",NASDAQ,NA,NA,UFCS
UFG,Uni-Fuels Holdings Limited - Class A Ordinary Shares,NASDAQ,NA,NA,UFG
UFI,"Unifi, Inc. New Common Stock",NYSE,UFI,UFI,UFI
UFPI,"UFP Industries, Inc. - Common Stock",NASDAQ,NA,NA,UFPI
UFPT,"UFP Technologies, Inc. - Common Stock",NASDAQ,NA,NA,UFPT
UG,"United-Guardian, Inc. - Common Stock",NASDAQ,NA,NA,UG
UGI,UGI Corporation Common Stock,NYSE,UGI,UGI,UGI
UGP,Ultrapar Participacoes S.A. (New) American Depositary Shares (Each representing one Common Share),NYSE,UGP,UGP,UGP
UHAL,U-Haul Holding Company Common Stock,NYSE,UHAL,UHAL,UHAL
UHAL-B,U-Haul Holding Company Series N Non-Voting Common Stock ,NYSE,UHAL.B,UHAL.B,UHAL.B
UHS,"Universal Health Services, Inc. Common Stock",NYSE,UHS,UHS,UHS
UHT,Universal Health Realty Income Trust Common Stock,NYSE,UHT,UHT,UHT
UI,Ubiquiti Inc. Common Stock,NYSE,UI,UI,UI
UIS,Unisys Corporation New Common Stock,NYSE,UIS,UIS,UIS
UK,Ucommune International Ltd  - Class A Ordinary Shares,NASDAQ,NA,NA,UK
UL,Unilever PLC American Depositary Shares (each representing One Ordinary Share),NYSE,UL,UL,UL
ULBI,Ultralife Corporation - Common Stock,NASDAQ,NA,NA,ULBI
ULCC,"Frontier Group Holdings, Inc. - Common Stock",NASDAQ,NA,NA,ULCC
ULH,"Universal Logistics Holdings, Inc. - Common Stock",NASDAQ,NA,NA,ULH
ULS,UL Solutions Inc. Class A Common Stock,NYSE,ULS,ULS,ULS
ULTA,"Ulta Beauty, Inc. - Common Stock",NASDAQ,NA,NA,ULTA
UMAC,"Unusual Machines, Inc. Common Stock",AMEX,UMAC,UMAC,UMAC
UMBF,UMB Financial Corporation - Common Stock,NASDAQ,NA,NA,UMBF
UMBFO,"UMB Financial Corporation - Depositary Shares Each Representing a 1/400th Interest in a Share of 7.750% Fixed-Rate Reset Non-Cumulative Perpetual Preferred Stock, Series B",NASDAQ,NA,NA,UMBFO
UMC,United Microelectronics Corporation (NEW) Common Stock,NYSE,UMC,UMC,UMC
UMH,"UMH Properties, Inc. Common Stock",NYSE,UMH,UMH,UMH
UMH-PD,"UMH Properties, Inc. 6.375% Series D Cumulative Redeemable Preferred Stock, Liquidation Preference $25 per share",NYSE,UMH$D,UMHpD,UMH-D
UNB,"Union Bankshares, Inc. - Common Stock",NASDAQ,NA,NA,UNB
UNCY,"Unicycive Therapeutics, Inc. - Common Stock",NASDAQ,NA,NA,UNCY
UNF,Unifirst Corporation Common Stock,NYSE,UNF,UNF,UNF
UNFI,"United Natural Foods, Inc. Common Stock",NYSE,UNFI,UNFI,UNFI
UNH,UnitedHealth Group Incorporated Common Stock (DE),NYSE,UNH,UNH,UNH
UNIT,Uniti Group Inc. - Common Stock,NASDAQ,NA,NA,UNIT
UNM,Unum Group Common Stock,NYSE,UNM,UNM,UNM
UNMA,Unum Group 6.250% Junior Subordinated Notes due 2058,NYSE,UNMA,UNMA,UNMA
UNP,Union Pacific Corporation Common Stock,NYSE,UNP,UNP,UNP
UNTY,"Unity Bancorp, Inc. - Common Stock",NASDAQ,NA,NA,UNTY
UONE,"Urban One, Inc.  - Class A Common Stock",NASDAQ,NA,NA,UONE
UONEK,"Urban One, Inc.  - Class D Common Stock",NASDAQ,NA,NA,UONEK
UP,Wheels Up Experience Inc. Class A Common Stock,NYSE,UP,UP,UP
UPB,"Upstream Bio, Inc. - Common Stock",NASDAQ,NA,NA,UPB
UPBD,"Upbound Group, Inc. - Common Stock",NASDAQ,NA,NA,UPBD
UPC,Universe Pharmaceuticals Inc - Class A Ordinary Shares,NASDAQ,NA,NA,UPC
UPLD,"Upland Software, Inc. - Common Stock",NASDAQ,NA,NA,UPLD
UPS,"United Parcel Service, Inc. Common Stock",NYSE,UPS,UPS,UPS
UPST,"Upstart Holdings, Inc. - Common stock",NASDAQ,NA,NA,UPST
UPWK,Upwork Inc. - Common Stock,NASDAQ,NA,NA,UPWK
UPXI,"Upexi, Inc. - Common Stock",NASDAQ,NA,NA,UPXI
URBN,"Urban Outfitters, Inc. - Common Stock",NASDAQ,NA,NA,URBN
URG,Ur Energy Inc Common Shares (Canada),AMEX,URG,URG,URG
URGN,UroGen Pharma Ltd. - Ordinary Shares,NASDAQ,NA,NA,URGN
URI,"United Rentals, Inc. Common Stock",NYSE,URI,URI,URI
UROY,Uranium Royalty Corp. - Common Stock,NASDAQ,NA,NA,UROY
USA,Liberty All-Star Equity Fund Common Stock,NYSE,USA,USA,USA
USAC,"USA Compression Partners, LP Common Units Representing Limited Partner Interests",NYSE,USAC,USAC,USAC
USAR,"USA Rare Earth, Inc. - Common Stock",NASDAQ,NA,NA,USAR
USAS,"Americas Gold and Silver Corporation Common Shares, no par value",AMEX,USAS,USAS,USAS
USAU,U.S. Gold Corp. - Common Stock,NASDAQ,NA,NA,USAU
USB,U.S. Bancorp Common Stock,NYSE,USB,USB,USB
USB-PA,"U.S. Bancorp Depositary Shares, Each representing a 1/100th interest in a share of Series A Non-CumulativePerpetual Pfd Stock",NYSE,USB$A,USBpA,USB-A
USB-PH,U.S. Bancorp Depositary Shares repstg 1/1000th Pfd Ser B,NYSE,USB$H,USBpH,USB-H
USB-PP,"U.S. Bancorp Depositary Shares each representing a 1/1,000th interest in a share of Series K Non-Cumulative Perpetual Preferred Stock",NYSE,USB$P,USBpP,USB-P
USB-PQ,"U.S. Bancorp Depositary Shares, Each Representing a 1/1,000th Interest in a Share of Series L Non-Cumulative Perpetual Preferred Stock",NYSE,USB$Q,USBpQ,USB-Q
USB-PR,"U.S. Bancorp Depositary Shares, Each Representing a 1/1,000th Interest in a Share of Series M Non-Cumulative Perpetual Preferred Stock",NYSE,USB$R,USBpR,USB-R
USB-PS,"U.S. Bancorp Depositary Shares, each representing a 1/1,000th interest in a share of Series O Non-Cumulative Perpetual Preferred Stock",NYSE,USB$S,USBpS,USB-S
USBC,"USBC, Inc. Common Stock",AMEX,USBC,USBC,USBC
USCB,"USCB Financial Holdings, Inc.  - Class A Common Stock",NASDAQ,NA,NA,USCB
USDE,StablecoinX Inc. - Class A Common Stock,NASDAQ,NA,NA,USDE
USDEW,StablecoinX Inc. - Warrants,NASDAQ,NA,NA,USDEW
USEA,United Maritime Corporation - Common Stock,NASDAQ,NA,NA,USEA
USFD,US Foods Holding Corp. Common Stock,NYSE,USFD,USFD,USFD
USGO,U.S. GoldMining Inc. - Common stock,NASDAQ,NA,NA,USGO
USIO,"Usio, Inc. - Common Stock",NASDAQ,NA,NA,USIO
USLM,"United States Lime & Minerals, Inc. - Common Stock",NASDAQ,NA,NA,USLM
USNA,"USANA Health Sciences, Inc. Common Stock",NYSE,USNA,USNA,USNA
USPH,"U.S. Physical Therapy, Inc. Common Stock",NYSE,USPH,USPH,USPH
UTF,"Cohen & Steers Infrastructure Fund, Inc Common Stock",NYSE,UTF,UTF,UTF
UTG,Reaves Utility Income Fund Common Shares of Beneficial Interest,AMEX,UTG,UTG,UTG
UTHR,United Therapeutics Corporation - Common Stock,NASDAQ,NA,NA,UTHR
UTI,Universal Technical Institute Inc Common Stock,NYSE,UTI,UTI,UTI
UTL,UNITIL Corporation Common Stock,NYSE,UTL,UTL,UTL
UTMD,"Utah Medical Products, Inc. - Common Stock",NASDAQ,NA,NA,UTMD
UTSI,UTStarcom Holdings Corp - Ordinary Shares,NASDAQ,NA,NA,UTSI
UTZ,Utz Brands Inc Class A Common Stock ,NYSE,UTZ,UTZ,UTZ
UUU,"Universal Safety Products, Inc. Common Stock",AMEX,UUU,UUU,UUU
UUUU,Energy Fuels Inc Ordinary Shares (Canada),AMEX,UUUU,UUUU,UUUU
UVE,UNIVERSAL INSURANCE HOLDINGS INC Common Stock,NYSE,UVE,UVE,UVE
UVSP,Univest Financial Corporation - Common Stock,NASDAQ,NA,NA,UVSP
UVV,Universal Corporation Common Stock,NYSE,UVV,UVV,UVV
UWMC,UWM Holdings Corporation Class A Common Stock,NYSE,UWMC,UWMC,UWMC
UXIN,Uxin Limited - American Depositary Shares,NASDAQ,NA,NA,UXIN
UYSC,UY Scuti Acquisition Corp. - Ordinary Shares,NASDAQ,NA,NA,UYSC
UYSCR,UY Scuti Acquisition Corp. - Rights,NASDAQ,NA,NA,UYSCR
UYSCU,UY Scuti Acquisition Corp. - Units,NASDAQ,NA,NA,UYSCU
UZD,"Array Digital Infrastructure, Inc. 6.250% Senior Notes due 2069",NYSE,UZD,UZD,UZD
UZE,"Array Digital Infrastructure, Inc. 5.500% Senior Notes due 2070",NYSE,UZE,UZE,UZE
UZF,"Array Digital Infrastructure, Inc. 5.500% Senior Notes due 2070",NYSE,UZF,UZF,UZF
UZX,Linkage Global Inc - Class A Ordinary Shares,NASDAQ,NA,NA,UZX
V,Visa Inc.,NYSE,V,V,V
VABK,Virginia National Bankshares Corporation - Common Stock,NASDAQ,NA,NA,VABK
VAC,Marriott Vacations Worldwide Corporation Common Stock,NYSE,VAC,VAC,VAC
VACI,Viking Acquisition Corp. I Class A Ordinary Shares,NYSE,VACI,VACI,VACI
VACI-UN,"Viking Acquisition Corp. I Units, each consisting of one Class A ordinary share and one-third of one Warrant",NYSE,VACI.U,VACI.U,VACI=
VACI-WT,Viking Acquisition Corp. I Warrants to purchase one Class A Ordinary Share,NYSE,VACI.W,VACI.WS,VACI+
VAL,Valaris Limited Common Shares,NYSE,VAL,VAL,VAL
VAL-WT,Valaris Limited Warrants,NYSE,VAL.W,VAL.WS,VAL+
VALE,VALE S.A.  American Depositary Shares Each Representing one common share,NYSE,VALE,VALE,VALE
VALN,Valneva SE - American Depositary Shares,NASDAQ,NA,NA,VALN
VALU,"Value Line, Inc. - Common Stock",NASDAQ,NA,NA,VALU
VANI,"Vivani Medical, Inc.  - Common Stock",NASDAQ,NA,NA,VANI
VATE,INNOVATE Corp. Common Stock,NYSE,VATE,VATE,VATE
VBF,Invesco Bond Fund Common Stock,NYSE,VBF,VBF,VBF
VBIO,"Valion Bio, Inc. - Common stock",NASDAQ,NA,NA,VBIO
VBNK,VersaBank - Common Shares,NASDAQ,NA,NA,VBNK
VC,Visteon Corporation - Common Stock,NASDAQ,NA,NA,VC
VCEL,Vericel Corporation - Common Stock,NASDAQ,NA,NA,VCEL
VCIG,VCI Global Limited - Ordinary Share,NASDAQ,NA,NA,VCIG
VCRE,Vicore Pharma Holding AB - American Depositary Shares,NASDAQ,NA,NA,VCRE
VCTR,"Victory Capital Holdings, Inc. - Common Stock",NASDAQ,NA,NA,VCTR
VCV,Invesco California Value Municipal Income Trust Common Stock,NYSE,VCV,VCV,VCV
VCX,"Fundrise Innovation Fund, LLC Common Shares of Limited Liability Company Interests",NYSE,VCX,VCX,VCX
VCYT,"Veracyte, Inc. - Common Stock",NASDAQ,NA,NA,VCYT
VECA,Vernal Capital Acquisition Corp. Ordinary Shares,NYSE,VECA,VECA,VECA
VECA-R,"Vernal Capital Acquisition Corp. Rights, each right entitling the holder to receive one-fourth (1/4) of one Ordinary Share",NYSE,VECA.R,VECAr,VECA^
VECA-UN,"Vernal Capital Acquisition Corp. Units, each consisting of one ordinary share and one right",NYSE,VECA.U,VECA.U,VECA=
VECO,Veeco Instruments Inc. - Common Stock,NASDAQ,NA,NA,VECO
VEEA,Veea Inc. - Common Stock,NASDAQ,NA,NA,VEEA
VEEAW,Veea Inc. - Warrant,NASDAQ,NA,NA,VEEAW
VEEE,Twin Vee PowerCats Co. - Common Stock,NASDAQ,NA,NA,VEEE
VEEV,Veeva Systems Inc. Class A Common Stock,NYSE,VEEV,VEEV,VEEV
VEL,"Velocity Financial, Inc. Common Stock",NYSE,VEL,VEL,VEL
VELO,"Velo3D, Inc. - Common stock",NASDAQ,NA,NA,VELO
VENU,Venu Holding Corporation Common Stock,AMEX,VENU,VENU,VENU
VEON,VEON Ltd. - American Depositary Shares,NASDAQ,NA,NA,VEON
VERA,"Vera Therapeutics, Inc. - Class A Common Stock",NASDAQ,NA,NA,VERA
VERI,"Veritone, Inc. - Common Stock",NASDAQ,NA,NA,VERI
VERU,Veru Inc. - Common Stock,NASDAQ,NA,NA,VERU
VERX,"Vertex, Inc. - Class A Common Stock",NASDAQ,NA,NA,VERX
VET,Vermilion Energy Inc. Common (Canada),NYSE,VET,VET,VET
VFC,V.F. Corporation Common Stock,NYSE,VFC,VFC,VFC
VFF,"Village Farms International, Inc. - Common Shares",NASDAQ,NA,NA,VFF
VFS,VinFast Auto Ltd. - Ordinary Shares,NASDAQ,NA,NA,VFS
VFSWW,VinFast Auto Ltd. - Warrant,NASDAQ,NA,NA,VFSWW
VG,"Venture Global, Inc. Class A common stock",NYSE,VG,VG,VG
VGAS,"Verde Clean Fuels, Inc. - Class A Common Stock",NASDAQ,NA,NA,VGAS
VGASW,"Verde Clean Fuels, Inc. - Warrant",NASDAQ,NA,NA,VGASW
VGI,Virtus Global Multi-Sector Income Fund Common Shares of Beneficial Interest,NYSE,VGI,VGI,VGI
VGM,Invesco Trust for Investment Grade Municipals Common Stock (DE),NYSE,VGM,VGM,VGM
VGNT,Versigent PLC Ordinary Shares,NYSE,VGNT,VGNT,VGNT
VGZ,Vista Gold Corp Common Stock,AMEX,VGZ,VGZ,VGZ
VHC,VirnetX Holding Corp - Common Stock,NASDAQ,NA,NA,VHC
VHCP,Vine Hill Capital Investment Corp. II - Class A Ordinary Shares,NASDAQ,NA,NA,VHCP
VHCPU,Vine Hill Capital Investment Corp. II - Units,NASDAQ,NA,NA,VHCPU
VHCPW,Vine Hill Capital Investment Corp. II - Warrants,NASDAQ,NA,NA,VHCPW
VHI,"Valhi, Inc. Common Stock",NYSE,VHI,VHI,VHI
VHUB,"VenHub Global, Inc. - Common Stock",NASDAQ,NA,NA,VHUB
VIA,"Via Transportation, Inc. Class A Common Stock",NYSE,VIA,VIA,VIA
VIAV,Viavi Solutions Inc. - Common Stock,NASDAQ,NA,NA,VIAV
VICI,VICI Properties Inc. Common Stock,NYSE,VICI,VICI,VICI
VICR,Vicor Corporation - Common Stock,NASDAQ,NA,NA,VICR
VIDA,VIDA Global Inc. Class A Common Stock,AMEX,VIDA,VIDA,VIDA
VII,Viking Acquisition Corp. II Class A Ordinary Shares,NYSE,VII,VII,VII
VII-UN,"Viking Acquisition Corp. II Units, each consisting of one Class A ordinary share and one-third of one Warrant",NYSE,VII.U,VII.U,VII=
VII-WT,Viking Acquisition Corp. II Warrants to purchase one Class A Ordinary Share,NYSE,VII.W,VII.WS,VII+
VIK,Viking Holdings Ltd Ordinary Shares,NYSE,VIK,VIK,VIK
VINP,Vinci Compass Investments Ltd. - Class A Common Shares,NASDAQ,NA,NA,VINP
VIOT,"Viomi Technology Co., Ltd - American Depositary Shares",NASDAQ,NA,NA,VIOT
VIP,Vulcan Infrastructure and Power Inc. - Class A Common Stock,NASDAQ,NA,NA,VIP
VIPS,"Vipshop Holdings Limited American Depositary Shares, each representing two ordinary shares",NYSE,VIPS,VIPS,VIPS
VIR,"Vir Biotechnology, Inc. - Common Stock",NASDAQ,NA,NA,VIR
VIRC,Virco Manufacturing Corporation - Common Stock,NASDAQ,NA,NA,VIRC
VIRT,"Virtu Financial, Inc. Class A Common Stock",NYSE,VIRT,VIRT,VIRT
VISN,"Vistance Networks, Inc.  - Common Stock",NASDAQ,NA,NA,VISN
VIST,"Vista Energy S.A.B. de C.V. American Depositary Shares, each representing one series A share, with no par value",NYSE,VIST,VIST,VIST
VITL,"Vital Farms, Inc. - Common Stock",NASDAQ,NA,NA,VITL
VIV,Telefonica Brasil S.A. American Depositary Shares (Each representing One Common Share),NYSE,VIV,VIV,VIV
VIVK,"Vivakor, Inc. - Common Stock",NASDAQ,NA,NA,VIVK
VIVO,VivoPower PLC - Class A Ordinary Shares,NASDAQ,NA,NA,VIVO
VIVS,"VivoSim Labs, Inc. - Common Stock",NASDAQ,NA,NA,VIVS
VKI,Invesco Advantage Municipal Income Trust II Common Shares of Beneficial Interest (DE),AMEX,VKI,VKI,VKI
VKQ,Invesco Municipal Trust Common Stock,NYSE,VKQ,VKQ,VKQ
VKTX,"Viking Therapeutics, Inc. - Common Stock",NASDAQ,NA,NA,VKTX
VLGEA,"Village Super Market, Inc. - Class A Common Stock",NASDAQ,NA,NA,VLGEA
VLN,Valens Semiconductor Ltd. Ordinary Shares,NYSE,VLN,VLN,VLN
VLO,Valero Energy Corporation Common Stock,NYSE,VLO,VLO,VLO
VLOS,Velos Acquisition I Corp. - Class A Ordinary shares,NASDAQ,NA,NA,VLOS
VLOSU,Velos Acquisition I Corp. - Units,NASDAQ,NA,NA,VLOSU
VLOSW,Velos Acquisition I Corp. - Warrant,NASDAQ,NA,NA,VLOSW
VLRS,"Controladora Vuela Compania de Aviacion, S.A.B. de C.V. American Depositary Shares, each representing ten (10) Ordinary Participation Certificates",NYSE,VLRS,VLRS,VLRS
VLT,Invesco High Income Trust II,NYSE,VLT,VLT,VLT
VLTO,Veralto Corp Common Stock ,NYSE,VLTO,VLTO,VLTO
VLY,Valley National Bancorp - Common Stock,NASDAQ,NA,NA,VLY
VLYPN,"Valley National Bancorp - 8.250% Fixed-Rate Reset Non-Cumulative Perpetual Preferred Stock, Series C",NASDAQ,NA,NA,VLYPN
VLYPO,Valley National Bancorp - 5.5% Fixed to Floating Rate Series B Non-Cumulative Perpetual Preferred Stock,NASDAQ,NA,NA,VLYPO
VLYPP,Valley National Bancorp - 6.25% Fixed-to-Floating Rate Series A Non-Cumulative Perpetual Preferred Stock,NASDAQ,NA,NA,VLYPP
VMAR,Vision Marine Technologies Inc. - Common Shares,NASDAQ,NA,NA,VMAR
VMC,Vulcan Materials Company (Holding Company) Common Stock,NYSE,VMC,VMC,VMC
VMD,"Viemed Healthcare, Inc. - Common Shares",NASDAQ,NA,NA,VMD
VMET,Versamet Royalties Corporation - Common Stock,NASDAQ,NA,NA,VMET
VMI,"Valmont Industries, Inc. Common Stock",NYSE,VMI,VMI,VMI
VMO,Invesco Municipal Opportunity Trust Common Stock,NYSE,VMO,VMO,VMO
VNCE,Vince Holding Corp. - Common Stock,NASDAQ,NA,NA,VNCE
VNDA,Vanda Pharmaceuticals Inc. - Common Stock,NASDAQ,NA,NA,VNDA
VNET,"VNET Group, Inc. - American Depositary Shares",NASDAQ,NA,NA,VNET
VNME,Vendome Acquisition Corporation I - Class A Ordinary Shares,NASDAQ,NA,NA,VNME
VNMEU,Vendome Acquisition Corporation I - Unit,NASDAQ,NA,NA,VNMEU
VNMEW,Vendome Acquisition Corporation I - Warrant,NASDAQ,NA,NA,VNMEW
VNO,Vornado Realty Trust Common Stock,NYSE,VNO,VNO,VNO
VNO-PL,Vornado Realty Trust Pfd Ser L %,NYSE,VNO$L,VNOpL,VNO-L
VNO-PM,"Vornado Realty Trust 5.25% Series M Cumulative Redeemable Preferred Shares of Beneficial Interest, liquidation preference $25.00 per share, no par value per share",NYSE,VNO$M,VNOpM,VNO-M
VNO-PN,"Vornado Realty Trust 5.25% Series N Cumulative Redeemable Preferred Shares of Beneficial Interest, liquidation preference $25.00 per share",NYSE,VNO$N,VNOpN,VNO-N
VNO-PO,"Vornado Realty Trust 4.45% Series O Cumulative Redeemable Preferred Shares, Liquidation Preference $25.00 Per Share",NYSE,VNO$O,VNOpO,VNO-O
VNOM,"Viper Energy, Inc.  - Class A Common Stock",NASDAQ,NA,NA,VNOM
VNRX,VolitionRX Limited Common Stock,AMEX,VNRX,VNRX,VNRX
VNT,Vontier Corporation Common Stock ,NYSE,VNT,VNT,VNT
VNTG,Vantage Corp Class A Ordinary Shares,AMEX,VNTG,VNTG,VNTG
VOC,VOC Energy Trust Units of Beneficial Interest,NYSE,VOC,VOC,VOC
VOD,Vodafone Group Plc - American Depositary Shares each representing ten Ordinary Shares,NASDAQ,NA,NA,VOD
VOGX,Vogenx Inc - Common Stock,NASDAQ,NA,NA,VOGX
VOR,Vor Biopharma Inc. - Common Stock,NASDAQ,NA,NA,VOR
VOXR,Vox Royalty Corp. - common stock,NASDAQ,NA,NA,VOXR
VOYA,"Voya Financial, Inc. Common Stock",NYSE,VOYA,VOYA,VOYA
VOYA-PB,"Voya Financial, Inc. Depositary Shares, each representing a 1/40th interest in a share of 5.35% Fixed-Rate Reset Non-Cumulative Preferred Stock, Series B",NYSE,VOYA$B,VOYApB,VOYA-B
VOYG,"Voyager Technologies, Inc. Class A Common Stock",NYSE,VOYG,VOYG,VOYG
VPG,"Vishay Precision Group, Inc. Common Stock",NYSE,VPG,VPG,VPG
VPV,Invesco Pennsylvania Value Municipal Income Trust Common Stock (DE),NYSE,VPV,VPV,VPV
VRA,"Vera Bradley, Inc. - Common Stock",NASDAQ,NA,NA,VRA
VRAX,Virax Biolabs Group Limited - Ordinary Shares,NASDAQ,NA,NA,VRAX
VRCA,Verrica Pharmaceuticals Inc. - Common Stock,NASDAQ,NA,NA,VRCA
VRDN,"Viridian Therapeutics, Inc.  - Common Stock",NASDAQ,NA,NA,VRDN
VREX,Varex Imaging Corporation - Common Stock,NASDAQ,NA,NA,VREX
VRM,"Vroom, Inc. - Common Stock",NASDAQ,NA,NA,VRM
VRME,"VerifyMe, Inc. - Common Stock",NASDAQ,NA,NA,VRME
VRNS,"Varonis Systems, Inc. - Common Stock",NASDAQ,NA,NA,VRNS
VRRM,Verra Mobility Corporation - Class A Common Stock,NASDAQ,NA,NA,VRRM
VRSK,"Verisk Analytics, Inc. - Common Stock",NASDAQ,NA,NA,VRSK
VRSN,"VeriSign, Inc. - Common Stock",NASDAQ,NA,NA,VRSN
VRT,"Vertiv Holdings, LLC Class A Common Stock",NYSE,VRT,VRT,VRT
VRTS,"Virtus Investment Partners, Inc. Common Stock",NYSE,VRTS,VRTS,VRTS
VRTX,Vertex Pharmaceuticals Incorporated - Common Stock,NASDAQ,NA,NA,VRTX
VRXA,Veraxa Biotech AG - Ordinary Shares,NASDAQ,NA,NA,VRXA
VRXAW,Veraxa Biotech AG - Warrants,NASDAQ,NA,NA,VRXAW
VS,Versus Systems Inc. - Common Stock,NASDAQ,NA,NA,VS
VSA,VisionSys AI Inc. - American Depositary Shares,NASDAQ,NA,NA,VSA
VSAT,"ViaSat, Inc. - Common Stock",NASDAQ,NA,NA,VSAT
VSEC,VSE Corporation - Common Stock,NASDAQ,NA,NA,VSEC
VSECU,VSE Corporation - Tangible Equity Units,NASDAQ,NA,NA,VSECU
VSH,"Vishay Intertechnology, Inc. Common Stock",NYSE,VSH,VSH,VSH
VSME,VS Media Holdings Limited - Class A Ordinary Shares,NASDAQ,NA,NA,VSME
VSNT,"Versant Media Group, Inc. - Class A Common Stock",NASDAQ,NA,NA,VSNT
VST,Vistra Corp. Common Stock,NYSE,VST,VST,VST
VSTM,"Verastem, Inc. - Common Stock",NASDAQ,NA,NA,VSTM
VSTS,Vestis Corporation Common Stock,NYSE,VSTS,VSTS,VSTS
VSXY,Victorias Secret & Co. Common Stock ,NYSE,VSXY,VSXY,VSXY
VTAK,"Catheter Precision, Inc. Common Stock",AMEX,VTAK,VTAK,VTAK
VTEX,VTEX Class A Common Shares,NYSE,VTEX,VTEX,VTEX
VTGN,"Vistagen Therapeutics, Inc. - Common Stock",NASDAQ,NA,NA,VTGN
VTIX,Virtuix Holdings Inc. - Class A Common Stock,NASDAQ,NA,NA,VTIX
VTMX,"Corporacion Inmobiliaria Vesta, S.A.B de C.V. American Depositary Shares, each representing ten (10) Common Shares",NYSE,VTMX,VTMX,VTMX
VTN,Invesco Trust for Investment Grade New York Municipals Common Stock,NYSE,VTN,VTN,VTN
VTOL,"Bristow Group, Inc. Common Stock",NYSE,VTOL,VTOL,VTOL
VTR,"Ventas, Inc. Common Stock",NYSE,VTR,VTR,VTR
VTRS,Viatris Inc. - Common Stock,NASDAQ,NA,NA,VTRS
VTS,"Vitesse Energy, Inc. Common Stock",NYSE,VTS,VTS,VTS
VTSI,"VirTra, Inc. - Common Stock",NASDAQ,NA,NA,VTSI
VTVT,vTv Therapeutics Inc. - Class A Common Stock,NASDAQ,NA,NA,VTVT
VUZI,Vuzix Corporation  - Common Stock,NASDAQ,NA,NA,VUZI
VVOS,"Vivos Therapeutics, Inc. - Common Stock",NASDAQ,NA,NA,VVOS
VVR,Invesco Senior Income Trust Common Stock (DE),NYSE,VVR,VVR,VVR
VVV,Valvoline Inc. Common Stock,NYSE,VVV,VVV,VVV
VVX,"V2X, Inc. Common Stock",NYSE,VVX,VVX,VVX
VWAV,"VisionWave Holdings, Inc. - Common Stock",NASDAQ,NA,NA,VWAV
VWAVW,"VisionWave Holdings, Inc. - Warrant",NASDAQ,NA,NA,VWAVW
VXX,iPath Series B S&P 500 VIX Short-Term Futures ETN,BATS,VXX,VXX,VXX
VXZ,iPath Series B S&P 500 VIX Mid-Term Futures ETN,BATS,VXZ,VXZ,VXZ
VYGR,"Voyager Therapeutics, Inc. - Common Stock",NASDAQ,NA,NA,VYGR
VYX,NCR Voyix Corporation Common Stock,NYSE,VYX,VYX,VYX
VZ,Verizon Communications Inc. Common Stock,NYSE,VZ,VZ,VZ
VZLA,Vizsla Silver Corp. Common Shares,AMEX,VZLA,VZLA,VZLA
W,Wayfair Inc. Class A Common Stock,NYSE,W,W,W
WAB,Westinghouse Air Brake Technologies Corporation Common Stock,NYSE,WAB,WAB,WAB
WABC,Westamerica Bancorporation - Common Stock,NASDAQ,NA,NA,WABC
WAFD,"WaFd, Inc. - Common Stock",NASDAQ,NA,NA,WAFD
WAFDP,"WaFd, Inc. - Depositary Shares",NASDAQ,NA,NA,WAFDP
WAFU,Wah Fu Education Group Limited - Ordinary Shares,NASDAQ,NA,NA,WAFU
WAL,Western Alliance Bancorporation Common Stock (DE),NYSE,WAL,WAL,WAL
WAL-PA,"Western Alliance Bancorporation Depositary Shares, Each Representing a 1/400th Interest in a Share of 4.250% Fixed-Rate Non-Cumulative Perpetual Preferred Stock, Series A",NYSE,WAL$A,WALpA,WAL-A
WALD,Waldencast plc - Class A Ordinary Share,NASDAQ,NA,NA,WALD
WALDW,Waldencast plc - Warrant,NASDAQ,NA,NA,WALDW
WASH,"Washington Trust Bancorp, Inc. - Common Stock",NASDAQ,NA,NA,WASH
WAT,Waters Corporation Common Stock,NYSE,WAT,WAT,WAT
WATT,Energous Corporation - Common Stock,NASDAQ,NA,NA,WATT
WAVE,Eco Wave Power Global AB (publ) - American Depositary Shares,NASDAQ,NA,NA,WAVE
WAY,Waystar Holding Corp. - Common Stock,NASDAQ,NA,NA,WAY
WB,Weibo Corporation - American Depositary Shares,NASDAQ,NA,NA,WB
WBD,"Warner Bros. Discovery, Inc. - Series A Common Stock",NASDAQ,NA,NA,WBD
WBI,WaterBridge Infrastructure LLC Class A Shares Representing Limited Liability Company Interests,NYSE,WBI,WBI,WBI
WBS,Webster Financial Corporation Common Stock,NYSE,WBS,WBS,WBS
WBS-PF,"Webster Financial Corporation Depositary Shares, Each Representing 1/1,000th Interest in a Share of 5.25% Series F Non-Cumulative Perpetual Preferred Stock",NYSE,WBS$F,WBSpF,WBS-F
WBS-PG,"Webster Financial Corporation Depositary Shares, each representing a 1/40th interest in a share of 6.50% Series G non-cumulative perpetual preferred stock",NYSE,WBS$G,WBSpG,WBS-G
WBTN,WEBTOON Entertainment Inc. - Common stock,NASDAQ,NA,NA,WBTN
WBUY,WEBUY GLOBAL LTD. - Class A Ordinary Shares,NASDAQ,NA,NA,WBUY
WBX,Wallbox N.V. Class A Ordinary Shares,NYSE,WBX,WBX,WBX
WCC,"WESCO International, Inc. Common Stock",NYSE,WCC,WCC,WCC
WCN,"Waste Connections, Inc. Common Shares",NYSE,WCN,WCN,WCN
WCT,Wellchange Holdings Company Limited - Class A Ordinary shares,NASDAQ,NA,NA,WCT
WD,"Walker & Dunlop, Inc Common Stock",NYSE,WD,WD,WD
WDAY,"Workday, Inc. - Class A Common Stock",NASDAQ,NA,NA,WDAY
WDC,Western Digital Corporation - Common Stock,NASDAQ,NA,NA,WDC
WDFC,WD-40 Company - Common Stock,NASDAQ,NA,NA,WDFC
WDH,Waterdrop Inc. American Depositary Shares (each representing the right to receive 10 Class A Ordinary Shares),NYSE,WDH,WDH,WDH
WDI,Western Asset Diversified Income Fund Common Shares of Beneficial Interest,NYSE,WDI,WDI,WDI
WDS,"Woodside Energy Group Limited American Depositary Shares, each representing one Ordinary Share",NYSE,WDS,WDS,WDS
WEA,Western Asset Bond Fund Share of Beneficial Interest,NYSE,WEA,WEA,WEA
WEAV,"Weave Communications, Inc. Common Stock",NYSE,WEAV,WEAV,WEAV
WEC,"WEC Energy Group, Inc. Common Stock",NYSE,WEC,WEC,WEC
WELL,Welltower Inc. Common Stock,NYSE,WELL,WELL,WELL
WEN,Wendy's Company (The) - Common Stock,NASDAQ,NA,NA,WEN
WENC,West Enclave Merger Corp. Ordinary Shares,NYSE,WENC,WENC,WENC
WENC-R,"West Enclave Merger Corp. Rights, each Right to acquire one-tenth (1/10) of one Ordinary Share",NYSE,WENC.R,WENCr,WENC^
WENC-UN,"West Enclave Merger Corp. Units, each consisting of one Ordinary Share and one Right to acquire one-tenth (1/10) of one Ordinary Share",NYSE,WENC.U,WENC.U,WENC=
WENN,Wen Acquisition Corp - Class A Ordinary Shares,NASDAQ,NA,NA,WENN
WENNU,Wen Acquisition Corp - Unit,NASDAQ,NA,NA,WENNU
WENNW,Wen Acquisition Corp - Warrant,NASDAQ,NA,NA,WENNW
WERN,"Werner Enterprises, Inc. - Common Stock",NASDAQ,NA,NA,WERN
WES,"Western Midstream Partners, LP Common Units Representing Limited Partner Interests",NYSE,WES,WES,WES
WEST,Westrock Coffee Company - Common Stock,NASDAQ,NA,NA,WEST
WETH,Wetouch Technology Inc. - Common Stock,NASDAQ,NA,NA,WETH
WETO,Wetour Robotics Limited - Ordinary Shares,NASDAQ,NA,NA,WETO
WEX,WEX Inc. common stock,NYSE,WEX,WEX,WEX
WEYS,"Weyco Group, Inc. - Common Stock",NASDAQ,NA,NA,WEYS
WF,Woori Financial Group Inc. American Depositary Shares (each representing three (3) shares of Common Stock),NYSE,WF,WF,WF
WFC,Wells Fargo & Company Common Stock,NYSE,WFC,WFC,WFC
WFC-PA,"Wells Fargo & Company Depositary Shares, each representing a 1/1,000th interest in a share of Non-Cumulative Perpetual Class A Preferred Stock, Series AA",NYSE,WFC$A,WFCpA,WFC-A
WFC-PC,"Wells Fargo & Company Depositary Shares, each representing a 1/1,000th interest in a share of Non-Cumulative Perpetual Class A Preferred Stock, Series CC",NYSE,WFC$C,WFCpC,WFC-C
WFC-PD,"Wells Fargo & Company Depositary Shares, each representing a 1/1,000th interest in  a share of Non-Cumulative Perpetual Class A Preferred Stock, Series DD",NYSE,WFC$D,WFCpD,WFC-D
WFC-PL,"Wells Fargo & Company 7.50% Non-Cumulative Perpetual Convertible Class A Preferred Stock, Series L",NYSE,WFC$L,WFCpL,WFC-L
WFC-PY,"Wells Fargo & Company Depositary Shares, each representing a 1/1,000th interest in a share of Non-Cumulative Perpetual Class A Preferred Stock, Series Y",NYSE,WFC$Y,WFCpY,WFC-Y
WFC-PZ,"Wells Fargo & Company Depositary Shares, each representing a 1/1,000th interest in a share of Non-Cumulative Perpetual Class A Preferred Stock, Series Z",NYSE,WFC$Z,WFCpZ,WFC-Z
WFCF,"Where Food Comes From, Inc. - Common Stock",NASDAQ,NA,NA,WFCF
WFF,WF Holding Limited - Ordinary Shares,NASDAQ,NA,NA,WFF
WFG,West Fraser Timber Co. Ltd Common stock,NYSE,WFG,WFG,WFG
WFRD,Weatherford International plc - Ordinary shares,NASDAQ,NA,NA,WFRD
WGO,"Winnebago Industries, Inc. Common Stock",NYSE,WGO,WGO,WGO
WGS,GeneDx Holdings Corp. - Class A Common Stock,NASDAQ,NA,NA,WGS
WH,"Wyndham Hotels & Resorts, Inc. Common Stock ",NYSE,WH,WH,WH
WHD,"Cactus, Inc. Class A Common Stock",NYSE,WHD,WHD,WHD
WHF,"WhiteHorse Finance, Inc. - Closed End Fund",NASDAQ,NA,NA,WHF
WHFCL,"WhiteHorse Finance, Inc. - 7.875% Notes due 2028",NASDAQ,NA,NA,WHFCL
WHG,Westwood Holdings Group Inc Common Stock,NYSE,WHG,WHG,WHG
WHK,WhiteHawk Minerals Corp Class A Common Stock,NYSE,WHK,WHK,WHK
WHLR,"Wheeler Real Estate Investment Trust, Inc. - Common Stock",NASDAQ,NA,NA,WHLR
WHLRD,"Wheeler Real Estate Investment Trust, Inc. - Series D Cumulative Preferred Stock",NASDAQ,NA,NA,WHLRD
WHLRL,"Wheeler Real Estate Investment Trust, Inc. - 7.00% Senior Subordinated Convertible Notes Due 2031",NASDAQ,NA,NA,WHLRL
WHLRP,"Wheeler Real Estate Investment Trust, Inc. - Series B Preferred Stock",NASDAQ,NA,NA,WHLRP
WHR,Whirlpool Corporation Common Stock,NYSE,WHR,WHR,WHR
WHR-PA,"Whirlpool Corporation Depositary Shares, each representing a 1/20th interest in a share of 8.50% Series A Mandatory Convertible Preferred Stock",NYSE,WHR$A,WHRpA,WHR-A
WHWK,"Whitehawk Therapeutics, Inc. - Common Stock",NASDAQ,NA,NA,WHWK
WIA,Western Asset Inflation-Linked Income Fund,NYSE,WIA,WIA,WIA
WILC,"G. Willi-Food International,  Ltd. - Ordinary Shares",NASDAQ,NA,NA,WILC
WIMI,WiMi Hologram Cloud Inc. - Class B Ordinary Shares,NASDAQ,NA,NA,WIMI
WINA,Winmark Corporation - Common Stock,NASDAQ,NA,NA,WINA
WING,Wingstop Inc. - Common Stock,NASDAQ,NA,NA,WING
WIT,Wipro Limited Common Stock,NYSE,WIT,WIT,WIT
WIW,Western Asset Inflation-Linked Opportunities & Income Fund,NYSE,WIW,WIW,WIW
WIX,Wix.com Ltd. - Ordinary Shares,NASDAQ,NA,NA,WIX
WK,Workiva Inc. Class A Common Stock,NYSE,WK,WK,WK
WKC,World Kinect Corporation Common Stock,NYSE,WKC,WKC,WKC
WKEY,WISeKey International Holding Ltd - American Depositary Shares,NASDAQ,NA,NA,WKEY
WKHS,"Workhorse Group, Inc. - Common Stock",NASDAQ,NA,NA,WKHS
WKSP,"Worksport, Ltd. - Common Stock",NASDAQ,NA,NA,WKSP
WLCO,Wilco 63 Corporation - Class A Ordinary Shares,NASDAQ,NA,NA,WLCO
WLCOU,Wilco 63 Corporation - Units,NASDAQ,NA,NA,WLCOU
WLCOW,Wilco 63 Corporation - Warrant,NASDAQ,NA,NA,WLCOW
WLDN,"Willdan Group, Inc. - Common Stock",NASDAQ,NA,NA,WLDN
WLDS,Wearable Devices Ltd. - Ordinary Share,NASDAQ,NA,NA,WLDS
WLDSW,Wearable Devices Ltd. - Warrant,NASDAQ,NA,NA,WLDSW
WLFC,Willis Lease Finance Corporation - Common Stock,NASDAQ,NA,NA,WLFC
WLII,Willow Lane Acquisition Corp. II - Class A Ordinary Shares,NASDAQ,NA,NA,WLII
WLIIU,Willow Lane Acquisition Corp. II - Unit,NASDAQ,NA,NA,WLIIU
WLIIW,Willow Lane Acquisition Corp. II - Warrants,NASDAQ,NA,NA,WLIIW
WLK,Westlake Corporation Common Stock,NYSE,WLK,WLK,WLK
WLKP,Westlake Chemical Partners LP Common Units representing limited partner interests,NYSE,WLKP,WLKP,WLKP
WLTH,Wealthfront Corporation - Common Stock,NASDAQ,NA,NA,WLTH
WLY,"John Wiley & Sons, Inc. Common Stock",NYSE,WLY,WLY,WLY
WLYB,"John Wiley & Sons, Inc. Common Stock",NYSE,WLYB,WLYB,WLYB
WM,"Waste Management, Inc. Common Stock",NYSE,WM,WM,WM
WMB,"Williams Companies, Inc. (The) Common Stock",NYSE,WMB,WMB,WMB
WMG,Warner Music Group Corp. - Class A Common Stock,NASDAQ,NA,NA,WMG
WMK,"Weis Markets, Inc. Common Stock",NYSE,WMK,WMK,WMK
WMS,"Advanced Drainage Systems, Inc. Common Stock",NYSE,WMS,WMS,WMS
WMT,Walmart Inc. - Common Stock,NASDAQ,NA,NA,WMT
WNC,Wabash National Corporation Common Stock,NYSE,WNC,WNC,WNC
WNEB,"Western New England Bancorp, Inc. - Common Stock",NASDAQ,NA,NA,WNEB
WNW,Meiwu Technology Company Limited - Ordinary Shares,NASDAQ,NA,NA,WNW
WOK,WORK Medical Technology Group LTD - Class A Ordinary Shares,NASDAQ,NA,NA,WOK
WOLF,"Wolfspeed, Inc. Common Stock New",NYSE,WOLF,WOLF,WOLF
WOOF,"Petco Health and Wellness Company, Inc. - Class A Common Stock",NASDAQ,NA,NA,WOOF
WOR,"Worthington Enterprises, Inc. Common Shares",NYSE,WOR,WOR,WOR
WPAC,White Pearl Acquisition Corp. Class A Ordinary Shares,NYSE,WPAC,WPAC,WPAC
WPAC-R,"White Pearl Acquisition Corp. Rights, each right entitles the holder to receive one-fifth of one Class A ordinary share upon consummation of the initial business combination",NYSE,WPAC.R,WPACr,WPAC^
WPAC-UN,"White Pearl Acquisition Corp. Units, each consisting of one Class A ordinary share and one right to receive one-fifth (1/5) of one Class A ordinary share",NYSE,WPAC.U,WPAC.U,WPAC=
WPC,W. P. Carey Inc. REIT,NYSE,WPC,WPC,WPC
WPM,Wheaton Precious Metals Corp Common Shares (Canada),NYSE,WPM,WPM,WPM
WPP,WPP plc American Depositary Shares,NYSE,WPP,WPP,WPP
WPRT,Westport Fuel Systems Inc - Common Shares,NASDAQ,NA,NA,WPRT
WRAP,"Wrap Technologies, Inc. - Common Stock",NASDAQ,NA,NA,WRAP
WRB,W.R. Berkley Corporation Common Stock,NYSE,WRB,WRB,WRB
WRB-PE,W.R. Berkley Corporation 5.70% Subordinated Debentures due 2058,NYSE,WRB$E,WRBpE,WRB-E
WRB-PF,W.R. Berkley Corporation 5.10% Subordinated Debentures due 2059,NYSE,WRB$F,WRBpF,WRB-F
WRB-PG,W.R. Berkley Corporation 4.25% Subordinated Debentures due 2060,NYSE,WRB$G,WRBpG,WRB-G
WRB-PH,W.R. Berkley Corporation 4.125% Subordinated Debentures due 2061,NYSE,WRB$H,WRBpH,WRB-H
WRBY,Warby Parker Inc. Class A Common Stock,NYSE,WRBY,WRBY,WRBY
WRD,WeRide Inc. - American Depositary Shares,NASDAQ,NA,NA,WRD
WRLD,World Acceptance Corporation - Common Stock,NASDAQ,NA,NA,WRLD
WRN,Western Copper and Gold Corporation Common Stock,AMEX,WRN,WRN,WRN
WS,"Worthington Steel, Inc. Common Shares",NYSE,WS,WS,WS
WSBC,"WesBanco, Inc. - Common Stock",NASDAQ,NA,NA,WSBC
WSBCO,"WesBanco, Inc. - Depositary Shares each representing 1/40th interest in a share of 7.375% Fixed-Rate Reset Non-Cumulative Perpetual Preferred Stock, Series B",NASDAQ,NA,NA,WSBCO
WSBF,"Waterstone Financial, Inc. - Common Stock",NASDAQ,NA,NA,WSBF
WSBK,"Winchester Bancorp, Inc. - Common Stock",NASDAQ,NA,NA,WSBK
WSC,WillScot Holdings Corporation - Class A Common Stock,NASDAQ,NA,NA,WSC
WSE,Wise Group plc - Class A Ordinary Shares,NASDAQ,NA,NA,WSE
WSFS,WSFS Financial Corporation - Common Stock,NASDAQ,NA,NA,WSFS
WSHP,WeShop Holdings Limited - Class A Ordinary Shares,NASDAQ,NA,NA,WSHP
WSM,"Williams-Sonoma, Inc. Common Stock (DE)",NYSE,WSM,WSM,WSM
WSO,"Watsco, Inc. Common Stock",NYSE,WSO,WSO,WSO
WSO-B,"Watsco, Inc. Class B Common Stock",NYSE,WSO.B,WSO.B,WSO.B
WST,"West Pharmaceutical Services, Inc. Common Stock",NYSE,WST,WST,WST
WSTN,Westin Acquisition Corp - Class A Ordinary Share,NASDAQ,NA,NA,WSTN
WSTNR,Westin Acquisition Corp - Right,NASDAQ,NA,NA,WSTNR
WSTNU,Westin Acquisition Corp - Units,NASDAQ,NA,NA,WSTNU
WT,"WisdomTree, Inc. Common Stock",NYSE,WT,WT,WT
WTBA,West Bancorporation - Common Stock,NASDAQ,NA,NA,WTBA
WTF,Waton Financial Limited - Ordinary Shares,NASDAQ,NA,NA,WTF
WTFC,Wintrust Financial Corporation - Common Stock,NASDAQ,NA,NA,WTFC
WTFCN,"Wintrust Financial Corporation - Depositary Shares, Each Representing a 1/1,000th Interest in a Share of 7.875% Fixed-Rate Reset Non-Cumulative Perpetual Preferred Stock, Series F, no par value, with a liquidation preference of $25,000 per share",NASDAQ,NA,NA,WTFCN
WTG,Wintergreen Acquisition Corp. - Ordinary Shares,NASDAQ,NA,NA,WTG
WTGUR,Wintergreen Acquisition Corp. - Rights,NASDAQ,NA,NA,WTGUR
WTGUU,Wintergreen Acquisition Corp. - Unit,NASDAQ,NA,NA,WTGUU
WTI,"W&T Offshore, Inc. Common Stock",NYSE,WTI,WTI,WTI
WTM,"White Mountains Insurance Group, Ltd. Common Stock",NYSE,WTM,WTM,WTM
WTRG,"Essential Utilities, Inc. Common Stock",NYSE,WTRG,WTRG,WTRG
WTS,"Watts Water Technologies, Inc. Class A Common Stock",NYSE,WTS,WTS,WTS
WTTR,"Select Water Solutions, Inc. Class A common stock",NYSE,WTTR,WTTR,WTTR
WTW,Willis Towers Watson Public Limited Company - Ordinary Shares,NASDAQ,NA,NA,WTW
WU,Western Union Company (The) Common Stock,NYSE,WU,WU,WU
WULF,TeraWulf Inc. - Common Stock,NASDAQ,NA,NA,WULF
WVE,"Wave Life Sciences, Inc. - Common Stock",NASDAQ,NA,NA,WVE
WVVI,"Willamette Valley Vineyards, Inc. - Common Stock",NASDAQ,NA,NA,WVVI
WVVIP,"Willamette Valley Vineyards, Inc. - Series A Redeemable Preferred Stock",NASDAQ,NA,NA,WVVIP
WW,"WW International, Inc.  - Common Stock",NASDAQ,NA,NA,WW
WWD,"Woodward, Inc. - Common Stock",NASDAQ,NA,NA,WWD
WWR,"Westwater Resources, Inc. Common Stock",AMEX,WWR,WWR,WWR
WWW,"Wolverine World Wide, Inc. Common Stock",NYSE,WWW,WWW,WWW
WXM,WF International Limited - Ordinary Shares,NASDAQ,NA,NA,WXM
WY,Weyerhaeuser Company Common Stock,NYSE,WY,WY,WY
WYFI,"WhiteFiber, Inc. - Ordinary Shares",NASDAQ,NA,NA,WYFI
WYHG,Wing Yip Food Holdings Group Limited - American Depositary Shares,NASDAQ,NA,NA,WYHG
WYNN,"Wynn Resorts, Limited - Common Stock",NASDAQ,NA,NA,WYNN
WYY,WidePoint Corporation Common Stock,AMEX,WYY,WYY,WYY
XAIR,"Beyond Air, Inc. - Common Stock",NASDAQ,NA,NA,XAIR
XBIO,"Xenetic Biosciences, Inc. - Common Stock",NASDAQ,NA,NA,XBIO
XBIT,XBiotech Inc. - Common Stock,NASDAQ,NA,NA,XBIT
XBP,"XBP Global Holdings, Inc. - Common Stock",NASDAQ,NA,NA,XBP
XBPEW,"XBP Global Holdings, Inc. - Warrant",NASDAQ,NA,NA,XBPEW
XCBE,X3 Acquisition Corp. Ltd. - Class A Ordinary Shares,NASDAQ,NA,NA,XCBE
XCBEU,X3 Acquisition Corp. Ltd. - Unit,NASDAQ,NA,NA,XCBEU
XCBEW,X3 Acquisition Corp. Ltd. - Warrant,NASDAQ,NA,NA,XCBEW
XCH,XCHG Limited - ADS,NASDAQ,NA,NA,XCH
XCUR,"Exicure, Inc. - Common Stock",NASDAQ,NA,NA,XCUR
XE,"X-Energy, Inc. - Class A Common Stock",NASDAQ,NA,NA,XE
XEL,Xcel Energy Inc. - Common Stock,NASDAQ,NA,NA,XEL
XELB,"Xcel Brands, Inc - Common Stock",NASDAQ,NA,NA,XELB
XELLL,"Xcel Energy Inc. - 6.25% Junior Subordinated Notes, Series due 2085",NASDAQ,NA,NA,XELLL
XENE,Xenon Pharmaceuticals Inc. - Common Shares,NASDAQ,NA,NA,XENE
XERS,"Xeris Biopharma Holdings, Inc. - Common Stock",NASDAQ,NA,NA,XERS
XFLH,XFLH Capital Corporation Ordinary Shares,NYSE,XFLH,XFLH,XFLH
XFLH-R,XFLH Capital Corporation Rights to receive one-seventh (1/7) of one Ordinary Share,NYSE,XFLH.R,XFLHr,XFLH^
XFLH-UN,"XFLH Capital Corporation Units, each consisting of one Ordinary Share and one Right",NYSE,XFLH.U,XFLH.U,XFLH=
XFLT,XAI Floating Rate & Alternative Income Trust Common Shares of Beneficial Interest,NYSE,XFLT,XFLT,XFLT
XFOR,"X4 Pharmaceuticals, Inc. - Common Stock",NASDAQ,NA,NA,XFOR
XGN,Exagen Inc. - Common Stock,NASDAQ,NA,NA,XGN
XHG,XChange TEC.INC - American Depositary Shares,NASDAQ,NA,NA,XHG
XHLD,"TEN Holdings, Inc. - Common Stock",NASDAQ,NA,NA,XHLD
XHR,"Xenia Hotels & Resorts, Inc. Common Stock",NYSE,XHR,XHR,XHR
XIFR,"XPLR Infrastructure, LP Common Units representing limited partner interests",NYSE,XIFR,XIFR,XIFR
XIIIU,Churchill Capital Corp XIII - Units,NASDAQ,NA,NA,XIIIU
XLO,"Xilio Therapeutics, Inc. - Common Stock",NASDAQ,NA,NA,XLO
XMAX,"XMAX, Inc. - Common Stock",NASDAQ,NA,NA,XMAX
XMTR,"Xometry, Inc. - Class A Common Stock",NASDAQ,NA,NA,XMTR
XNCR,"Xencor, Inc. - Common Stock",NASDAQ,NA,NA,XNCR
XNDU,Xanadu Quantum Technologies Limited - Class B Subordinate Voting Shares,NASDAQ,NA,NA,XNDU
XNET,Xunlei Limited - American Depositary Shares,NASDAQ,NA,NA,XNET
XOM,ExxonMobil Holdings Corporation Common Stock,NYSE,XOM,XOM,XOM
XOS,"Xos, Inc. - Common Stock",NASDAQ,NA,NA,XOS
XOSWW,"Xos, Inc. - Warrants",NASDAQ,NA,NA,XOSWW
XP,XP Inc. - Class A Common Stock,NASDAQ,NA,NA,XP
XPEL,"XPEL, Inc. - Common Stock",NASDAQ,NA,NA,XPEL
XPER,Xperi Inc. Common Stock ,NYSE,XPER,XPER,XPER
XPEV,"XPeng Inc. American depositary shares, each representing two Class A ordinary shares",NYSE,XPEV,XPEV,XPEV
XPL,Solitario Resources Corp. Common Stock,AMEX,XPL,XPL,XPL
XPO,"XPO, Inc. Common Stock",NYSE,XPO,XPO,XPO
XPOF,"Xponential Fitness, Inc. Class A Common Stock",NYSE,XPOF,XPOF,XPOF
XPON,Expion360 Inc. - Common Stock,NASDAQ,NA,NA,XPON
XPRO,Expro Ltd Ordinary Shares,NYSE,XPRO,XPRO,XPRO
XRAY,DENTSPLY SIRONA Inc. - Common Stock,NASDAQ,NA,NA,XRAY
XRN,Chiron Real Estate Inc. Common Stock,NYSE,XRN,XRN,XRN
XRN-PA,Chiron Real Estate Inc. Series A Cumulative Redeemable Preferred Stock,NYSE,XRN$A,XRNpA,XRN-A
XRN-PB,"Chiron Real Estate Inc. 8.00% Series B Cumulative Redeemable Preferred Stock, $0.001 par value per share",NYSE,XRN$B,XRNpB,XRN-B
XRPN,Armada Acquisition Corp. II - Class A Ordinary Shares,NASDAQ,NA,NA,XRPN
XRPNU,Armada Acquisition Corp. II - Units,NASDAQ,NA,NA,XRPNU
XRPNW,Armada Acquisition Corp. II - Warrant,NASDAQ,NA,NA,XRPNW
XRTX,XORTX Therapeutics Inc. - Common Shares,NASDAQ,NA,NA,XRTX
XRX,Xerox Holdings Corporation - Common Stock,NASDAQ,NA,NA,XRX
XRXDW,Xerox Holdings Corporation - Warrants,NASDAQ,NA,NA,XRXDW
XSLL,Xsolla SPAC 1 - Class A Ordinary Shares,NASDAQ,NA,NA,XSLL
XSLLU,Xsolla SPAC 1 - Units,NASDAQ,NA,NA,XSLLU
XSLLW,Xsolla SPAC 1 - Warrants,NASDAQ,NA,NA,XSLLW
XTIA,"XTI Aerospace, Inc. Common Stock  - Common Stock",NASDAQ,NA,NA,XTIA
XTLB,XTL Biopharmaceuticals Ltd. - American Depositary Shares,NASDAQ,NA,NA,XTLB
XTNT,"Xtant Medical Holdings, Inc. Common Stock",AMEX,XTNT,XTNT,XTNT
XWEL,"XWELL, Inc. - Common Stock",NASDAQ,NA,NA,XWEL
XXI,"Twenty One Capital, Inc. Class A Common Stock",NYSE,XXI,XXI,XXI
XXII,"22nd Century Group, Inc - Common Stock",NASDAQ,NA,NA,XXII
XYF,"X Financial American Depositary Shares, each representing six Class A Ordinary Shares",NYSE,XYF,XYF,XYF
XYL,Xylem Inc. Common Stock New,NYSE,XYL,XYL,XYL
XYZ,"Block, Inc. Class A Common Stock,",NYSE,XYZ,XYZ,XYZ
XZO,"Exzeo Group, Inc. Common Stock",NYSE,XZO,XZO,XZO
YAAS,Youxin Technology Ltd - Class A Ordinary shares,NASDAQ,NA,NA,YAAS
YALA,"Yalla Group Limited American Depositary Shares, each representing one Class A Ordinary Share",NYSE,YALA,YALA,YALA
YARW,"Yarrow Bioscience, Inc. - Common Stock",NASDAQ,NA,NA,YARW
YB,Yuanbao Inc. - American Depositary Shares,NASDAQ,NA,NA,YB
YCBD,"cbdMD, Inc. Common Stock",AMEX,YCBD,YCBD,YCBD
YCY,AA Mission Acquisition Corp. II Class A Ordinary Shares,NYSE,YCY,YCY,YCY
YCY-UN,"AA Mission Acquisition Corp. II Units, each consisting of one Class A ordinary share and one-half of one warrant",NYSE,YCY.U,YCY.U,YCY=
YCY-WT,"AA Mission Acquisition Corp. II Warrants, each whole warrant entitles to purchase one Class A ordinary share at a price of $11.50 per share",NYSE,YCY.W,YCY.WS,YCY+
YDDL,One and One Green Technologies. INC - Class A Ordinary Shares,NASDAQ,NA,NA,YDDL
YDES,YD Bio Limited - Ordinary Shares,NASDAQ,NA,NA,YDES
YDESW,YD Bio Limited - Warrants,NASDAQ,NA,NA,YDESW
YDKG,Yueda Digital Holding - Class A Ordinary Share,NASDAQ,NA,NA,YDKG
YELP,Yelp Inc. Common Stock,NYSE,YELP,YELP,YELP
YETI,"YETI Holdings, Inc. Common Stock",NYSE,YETI,YETI,YETI
YEXT,"Yext, Inc. Common Stock",NYSE,YEXT,YEXT,YEXT
YHC,LQR House Inc. - Common Stock,NASDAQ,NA,NA,YHC
YHGJ,Yunhong Green CTI Ltd. - Common Stock,NASDAQ,NA,NA,YHGJ
YHNA,YHN Acquisition I Limited - Ordinary Shares,NASDAQ,NA,NA,YHNA
YHNAR,YHN Acquisition I Limited - Right,NASDAQ,NA,NA,YHNAR
YHNAU,YHN Acquisition I Limited - Unit,NASDAQ,NA,NA,YHNAU
YI,"111, Inc. - American Depositary Shares",NASDAQ,NA,NA,YI
YIBO,Planet Image International Limited - Class A Ordinary Shares,NASDAQ,NA,NA,YIBO
YICC,Yorkville International Capital Corp. - Class A Ordinary Shares,NASDAQ,NA,NA,YICC
YICCU,Yorkville International Capital Corp. - Units,NASDAQ,NA,NA,YICCU
YICCW,Yorkville International Capital Corp. - Warrants,NASDAQ,NA,NA,YICCW
YJ,Yunji Inc. - American Depository Shares,NASDAQ,NA,NA,YJ
YMAT,"J-Star Holding Co., Ltd. - Class A Ordinary Shares",NASDAQ,NA,NA,YMAT
YMM,Full Truck Alliance Co. Ltd. American Depositary Shares (each representing 20 Class A Ordinary Shares),NYSE,YMM,YMM,YMM
YMT,Yimutian Inc. - American Depositary Shares; each representing 25 Class A ordinary shares,NASDAQ,NA,NA,YMT
YORW,The York Water Company - Common Stock,NASDAQ,NA,NA,YORW
YOU,"Clear Secure, Inc. Class A Common Stock",NYSE,YOU,YOU,YOU
YOUL,Youlife Group Inc. - American Depositary Shares,NASDAQ,NA,NA,YOUL
YPF,YPF Sociedad Anonima American Depositary Shares,NYSE,YPF,YPF,YPF
YQ,17 Education & Technology Group Inc. - American Depositary Shares,NASDAQ,NA,NA,YQ
YRD,"Yiren Digital Ltd. American Depositary Shares, each representing two ordinary shares",NYSE,YRD,YRD,YRD
YSG,"Yatsen Holding Limited American Depositary Shares, each representing twenty (20) Class A Ordinary Shares",NYSE,YSG,YSG,YSG
YSS,York Space Systems Inc. Common Stock,NYSE,YSS,YSS,YSS
YSWY,"Yesway, Inc. - Class A Common Stock",NASDAQ,NA,NA,YSWY
YSXT,"YSX Tech. Co., Ltd  - Class A Ordinary Shares",NASDAQ,NA,NA,YSXT
YTRA,"Yatra Online, Inc. - Ordinary Shares",NASDAQ,NA,NA,YTRA
YUM,"Yum! Brands, Inc.",NYSE,YUM,YUM,YUM
YUMC,"Yum China Holdings, Inc. Common Stock",NYSE,YUMC,YUMC,YUMC
YXT,YXT.COM GROUP HOLDING LIMITED - American Depository Shares,NASDAQ,NA,NA,YXT
YYAI,AiRWA Inc. - Common Stock,NASDAQ,NA,NA,YYAI
YYGH,YY Group Holding Limited - Class A Ordinary Shares,NASDAQ,NA,NA,YYGH
Z,"Zillow Group, Inc. - Class C Capital Stock",NASDAQ,NA,NA,Z
ZAZZT,Tick Pilot Test Stock Class A Common Stock,NASDAQ,NA,NA,ZAZZT
ZBAO,Zhibao Technology Inc. - Class A Ordinary Shares,NASDAQ,NA,NA,ZBAO
ZBH,"Zimmer Biomet Holdings, Inc. Common Stock",NYSE,ZBH,ZBH,ZBH
ZBIO,"Zenas BioPharma, Inc. - Common Stock",NASDAQ,NA,NA,ZBIO
ZBRA,Zebra Technologies Corporation - Class A Common Stock,NASDAQ,NA,NA,ZBRA
ZBZX,BATS BZX Exchange test issue,BATS,ZBZX,ZBZX,ZBZX
ZBZZT,Test Pilot Test Stock Class B Common Stock,NASDAQ,NA,NA,ZBZZT
ZCMD,Zhongchao Inc. - Class A Ordinary Shares,NASDAQ,NA,NA,ZCMD
ZCZZT,Tick Pilot Test Stock Class C ,NASDAQ,NA,NA,ZCZZT
ZD,"Ziff Davis, Inc. - Common Stock",NASDAQ,NA,NA,ZD
ZDAI,"DirectBooking Technology Co., Ltd. - Class A Ordinary Shares",NASDAQ,NA,NA,ZDAI
ZDGE,"Zedge, Inc. Class B Common Stock ",AMEX,ZDGE,ZDGE,ZDGE
ZENA,"ZenaTech, Inc. - Common Stock",NASDAQ,NA,NA,ZENA
ZEO,Zeo Energy Corporation - Class A Common Stock,NASDAQ,NA,NA,ZEO
ZEOWW,Zeo Energy Corporation - Warrants,NASDAQ,NA,NA,ZEOWW
ZEPP,"Zepp Health Corporation American depositary shares, each representing sixteen Class A ordinary shares",NYSE,ZEPP,ZEPP,ZEPP
ZETA,Zeta Global Holdings Corp. Class A Common Stock,NYSE,ZETA,ZETA,ZETA
ZEXIT,IEX Test Company Test Symbol Two for IEX,IEX,ZEXIT,ZEXIT,ZEXIT
ZG,"Zillow Group, Inc. - Class A Common Stock",NASDAQ,NA,NA,ZG
ZGN,Ermenegildo Zegna N.V. Ordinary Shares,NYSE,ZGN,ZGN,ZGN
ZH,"Zhihu Inc. American Depositary Shares, each representing three (3) Class A Ordinary Shares",NYSE,ZH,ZH,ZH
ZIEXT,IEX Test Company Test Symbol One for IEX,IEX,ZIEXT,ZIEXT,ZIEXT
ZIM,ZIM Integrated Shipping Services Ltd. Ordinary Shares,NYSE,ZIM,ZIM,ZIM
ZION,Zions Bancorporation N.A. - Common Stock,NASDAQ,NA,NA,ZION
ZIONP,Zions Bancorporation N.A. - Depositary Shares each representing a 1/40th ownership interest in a share of Series A Floating-Rate Non-Cumulative Perpetual Preferred Stock,NASDAQ,NA,NA,ZIONP
ZIP,"ZipRecruiter, Inc. Class A Common Stock",NYSE,ZIP,ZIP,ZIP
ZJK,"ZJK Industrial Co., Ltd. - Class A Ordinary Shares",NASDAQ,NA,NA,ZJK
ZJYL,JIN MEDICAL INTERNATIONAL LTD. - Class A Ordinary Shares,NASDAQ,NA,NA,ZJYL
ZJZZT,NASDAQ TEST STOCK,NASDAQ,NA,NA,ZJZZT
ZKH,"ZKH Group Limited American Depositary Shares, each representing thirty-five (35) Class A Ordinary Shares",NYSE,ZKH,ZKH,ZKH
ZKIN,"ZK International Group Co., Ltd - Ordinary Share",NASDAQ,NA,NA,ZKIN
ZKP,Lafayette Digital Acquisition Corp. I - Class A Ordinary Shares,NASDAQ,NA,NA,ZKP
ZKPU,Lafayette Digital Acquisition Corp. I - Unit,NASDAQ,NA,NA,ZKPU
ZKPW,Lafayette Digital Acquisition Corp. I - Warrant,NASDAQ,NA,NA,ZKPW
ZLAB,Zai Lab Limited - American Depositary Shares,NASDAQ,NA,NA,ZLAB
ZM,"Zoom Communications, Inc. - Class A Common Stock",NASDAQ,NA,NA,ZM
ZNB,Zeta Network Group - Class A Ordinary Shares,NASDAQ,NA,NA,ZNB
ZNTL,"Zentalis Pharmaceuticals, Inc. - common stock",NASDAQ,NA,NA,ZNTL
ZONE,CleanCore Solutions Inc. Class B Common Stock,AMEX,ZONE,ZONE,ZONE
ZOOZ,ZOOZ Strategy Ltd. - Ordinary Shares,NASDAQ,NA,NA,ZOOZ
ZOOZW,ZOOZ Strategy Ltd. - Warrant,NASDAQ,NA,NA,ZOOZW
ZS,"Zscaler, Inc. - Common Stock",NASDAQ,NA,NA,ZS
ZSQR,Z Squared Inc. - Common Stock,NASDAQ,NA,NA,ZSQR
ZSTK,ZeroStack Corp. - Common Stock,NASDAQ,NA,NA,ZSTK
ZTEK,Zentek Ltd. - common stock,NASDAQ,NA,NA,ZTEK
ZTEST,BATS BZX Exchange Common Stock (test issue),BATS,ZTEST,ZTEST,ZTEST
ZTG,Zenta Group Company Limited - Class A Ordinary Shares,NASDAQ,NA,NA,ZTG
ZTO,"ZTO Express (Cayman) Inc. American Depositary Shares, each representing one Class A ordinary share.",NYSE,ZTO,ZTO,ZTO
ZTR,Virtus Total Return Fund Inc.,NYSE,ZTR,ZTR,ZTR
ZTS,Zoetis Inc. Class A Common Stock,NYSE,ZTS,ZTS,ZTS
ZUMZ,Zumiez Inc. - Common Stock,NASDAQ,NA,NA,ZUMZ
ZURA,Zura Bio Limited - Class A Ordinary shares,NASDAQ,NA,NA,ZURA
ZVIA,Zevia PBC Class A Common Stock,NYSE,ZVIA,ZVIA,ZVIA
ZVRA,"Zevra Therapeutics, Inc.  - Common Stock",NASDAQ,NA,NA,ZVRA
ZVV,NYSE ARCA test stock,ARCA,ZVV,ZVV,ZVV
ZVZZT,NASDAQ TEST STOCK,NASDAQ,NA,NA,ZVZZT
ZWS,Zurn Elkay Water Solutions Corporation Common Stock,NYSE,ZWS,ZWS,ZWS
ZWZZT,NASDAQ TEST STOCK,NASDAQ,NA,NA,ZWZZT
ZXIET,IEX Test Company Test Symbol Three for IEX,IEX,ZXIET,ZXIET,ZXIET
ZXYZ-A,Nasdaq Symbology Test Common Stock,NASDAQ,NA,NA,ZXYZ.A
ZXZZT,NASDAQ TEST STOCK,NASDAQ,NA,NA,ZXZZT
ZYBT,Zhengye Biotechnology Holding Limited - Class A Ordinary Shares,NASDAQ,NA,NA,ZYBT
ZYME,Zymeworks Inc. - Common Stock,NASDAQ,NA,NA,ZYME
