date,SPY,EFA,IJS,EEM,AGG
2014-12-31,169.7786865234375,43.28358840942383,49.343021392822266,30.603126525878906,80.14167022705078
2015-01-02,169.68783569335938,43.0986213684082,48.97903823852539,30.19808578491211,80.36729431152344
2015-01-05,166.6233367919922,42.08127975463867,48.12135696411133,29.660646438598633,80.54193878173828
2015-01-06,165.0539093017578,41.6046028137207,47.22604751586914,29.53601837158203,80.7457275390625
2015-01-07,167.11070251464844,42.067039489746094,47.59421920776367,30.174715042114258,80.73113250732422
2015-01-08,170.0760498046875,42.63618469238281,48.351463317871094,30.688800811767578,80.60743713378906
2015-01-09,168.713134765625,42.42987060546875,47.7950439453125,30.587543487548828,80.80394744873047
2015-01-12,167.3915557861328,42.33026885986328,47.481231689453125,30.33829689025879,80.86940002441406
2015-01-13,166.92068481445312,42.543697357177734,47.661136627197266,30.603126525878906,80.89128875732422
2015-01-14,165.91297912597656,42.42274856567383,47.414310455322266,30.431760787963867,81.08775329589844
2015-01-15,164.39315795898438,42.69310760498047,46.661231994628906,30.501861572265625,81.45890045166016
2015-01-16,166.5489959716797,43.248023986816406,47.30553436279297,30.758907318115234,81.14595794677734
2015-01-20,166.90415954589844,43.39741516113281,47.0461311340332,30.712177276611328,81.28428649902344
2015-01-21,167.74671936035156,43.7389030456543,46.995933532714844,31.389806747436523,81.13874053955078
2015-01-22,170.2412872314453,43.90254592895508,47.907989501953125,31.98956871032715,81.095001220703125
2015-01-23,169.30787658691406,43.653526306152344,47.790855407714844,31.74810791015625,81.29878234863281
2015-01-26,169.70436096191406,44.251136779785156,48.22595977783203,31.763687133789062,81.26239776611328
2015-01-27,167.4658966064453,44.315155029296875,47.93728256225586,31.592330932617188,81.21874237060547
2015-01-28,165.31829833984375,43.653526306152344,47.07542037963867,31.24960708618164,81.56080627441406
2015-01-29,166.8463592529297,44.251136779785156,47.661136627197266,31.24960708618164,81.4953384399414
2015-01-30,164.74830627441406,43.553932189941406,46.71981430053711,30.392820358276367,81.786407470703125
2015-02-02,166.78851318359375,44.08039093017578,47.35990905761719,30.93804359436035,81.78349304199219
2015-02-03,169.2004852294922,44.78471374511719,48.364013671875,31.52223014831543,81.47010040283203
2015-02-04,168.55616760253906,44.414772033691406,48.11298751831055,31.366453170776367,81.593994140625
2015-02-05,170.25779724121094,45.02660369873047,48.83259582519531,31.553377151489258,81.42631530761719
2015-02-06,169.78700256347656,44.46455383300781,48.7614860534668,31.01593780517578,80.952545166015625
2015-02-09,169.02708435058594,44.251136779785156,48.37656021118164,30.969200134277344,80.9379653930664
2015-02-10,170.82772827148438,44.656654357910156,48.47697067260742,30.891307830810547,80.85050201416016
2015-02-11,170.9268341064453,44.414772033691406,48.384944915771484,30.665430068969727,80.8140869140625
2015-02-12,172.57066345214844,45.104854583740234,48.89116668701172,31.319713592529297,80.8285903930664
2015-02-13,173.28097534179688,45.403663635253906,49.16728591918945,31.678010940551758,80.7338638305664
2015-02-17,173.55357360839844,45.5103759765625,49.20493698120117,31.60790252685547,80.405853271484375
2015-02-18,173.57008361816406,45.78071975708008,49.20493698120117,31.600116729736328,80.6318359375
2015-02-19,173.4461669921875,45.8376350402832,49.19240951538086,31.467695236206055,80.566253662109375
2015-02-20,174.48695373535156,46.264495849609375,49.22169494628906,31.678010940551758,80.58079528808594
2015-02-23,174.46218872070312,46.100860595703125,49.21751403808594,31.358646392822266,80.72660064697266
2015-02-24,174.957763671875,46.38542938232422,49.418312072753906,31.8104190826416,81.083740234375
2015-02-25,174.8091278076172,46.4210090637207,49.3597412109375,31.74810791015625,81.14205169677734
2015-02-26,174.6025848388672,46.29294967651367,49.623321533203125,31.75588607788086,80.85050201416016
2015-02-27,174.00791931152344,46.31429672241211,49.455970764160156,31.732528686523438,81.054534912109375
2015-03-02,175.10650634765625,46.38542938232422,49.74465560913086,31.685800552368164,80.64276123046875
2015-03-03,174.38787841796875,46.100860595703125,49.56475830078125,31.444334030151367,80.54058074951172
2015-03-04,173.65267944335938,45.9158935546875,49.26351547241211,31.101608276367188,80.58439636230469
2015-03-05,173.8426971435547,46.02260971069336,49.20077133178711,31.054893493652344,80.62089538574219
2015-03-06,171.39772033691406,45.396549224853516,48.57320785522461,30.579744338989258,80.0951919555664
2015-03-09,172.1080322265625,45.46769332885742,48.886993408203125,30.462919235229492,80.2997055053711
2015-03-10,169.31614685058594,44.47880554199219,48.196659088134766,29.785280227661133,80.48950958251953
2015-03-11,168.91966247558594,44.59262466430664,48.49371337890625,30.011154174804688,80.65008544921875
2015-03-12,171.06729125976562,45.14753341674805,49.35139083862305,30.19808578491211,80.7158203125
2015-03-13,170.01820373535156,44.884315490722656,49.11709976196289,29.832008361816406,80.56246185302734
2015-03-16,172.28976440429688,45.38943099975586,49.21751403808594,30.190296173095703,80.737701416015625
2015-03-17,171.7776641845703,45.275611877441406,49.338836669921875,30.540802001953125,80.72312927246094
2015-03-18,173.8426971435547,46.24314880371094,49.786495208740234,31.288549423217773,81.314544677734375
2015-03-19,173.0497283935547,45.70246124267578,49.75720977783203,30.758907318115234,81.02976989746094
2015-03-20,174.57723999023438,46.71270751953125,50.24250793457031,31.21844482421875,81.27800750732422
2015-03-23,174.2370147705078,46.94745635986328,50.34293746948242,31.311918258666992,81.29264068603516
2015-03-24,173.2579803466797,46.847869873046875,50.384769439697266,31.43655014038086,81.51165771484375
2015-03-25,170.71913146972656,46.627323150634766,49.507057189941406,30.93804359436035,81.35834503173828
2015-03-26,170.31256103515625,46.2218017578125,49.34739685058594,30.64985466003418,81.0662841796875
2015-03-27,170.70245361328125,46.342742919921875,49.51126480102539,30.735530853271484,81.18309783935547
2015-03-30,172.78500366210938,46.3712043762207,50.065879821777344,31.327495574951172,81.21964263916016
2015-03-31,171.2749786376953,45.65266036987305,49.96083450317383,31.257394790649414,81.35834503173828
2015-04-01,170.66932678222656,45.97991943359375,49.91461944580078,31.646846771240234,81.62239837646484
2015-04-02,171.2832794189453,46.378326416015625,50.10788345336914,32.121986389160156,81.51270294189453
2015-04-06,172.43658447265625,46.847869873046875,50.30535125732422,32.53480529785156,81.56388092041016
2015-04-07,171.98023986816406,46.783836364746094,49.902008056640625,32.37122344970703,81.57849884033203
2015-04-08,172.56109619140625,46.98304748535156,50.10368347167969,33.04887771606445,81.58587646484375
2015-04-09,173.32431030273438,47.04706573486328,49.93141555786133,33.376014709472656,81.38105773925781
2015-04-10,174.2702178955078,47.13956069946289,50.133087158203125,33.399383544921875,81.38105773925781
2015-04-13,173.4820098876953,46.84074783325195,50.162506103515625,33.20466232299805,81.4687728881836
2015-04-14,173.81393432617188,47.189353942871094,50.170902252197266,33.35264587402344,81.5565414428711
2015-04-15,174.59381103515625,47.40278244018555,50.65407180786133,33.58631896972656,81.66631317138672
2015-04-16,174.54403686523438,47.530845642089844,50.48182678222656,33.85114288330078,81.62239837646484
2015-04-17,172.5361328125,46.93324661254883,49.69611358642578,33.259185791015625,81.68821716308594
2015-04-20,174.11257934570312,46.98304748535156,50.24233627319336,33.228023529052734,81.62969970703125
2015-04-21,173.9051513671875,47.40278244018555,49.96083450317383,33.422752380371094,81.5419692993164
2015-04-22,174.75975036621094,47.49526596069336,50.082672119140625,33.781044006347656,81.30058288574219
2015-04-23,175.19949340820312,47.673126220703125,50.34318161010742,34.03029251098633,81.424896240234375
2015-04-24,175.60604858398438,47.950592041015625,50.22972106933594,34.1549186706543,81.56388092041016
2015-04-27,174.87596130371094,48.185359954833984,49.897804260253906,34.287330627441406,81.59314727783203
2015-04-28,175.43177795410156,48.24226760864258,50.351566314697266,34.341854095458984,81.278564453125
2015-04-29,174.70989990234375,47.82252883911133,49.847389221191406,33.9134521484375,81.0957260131836
2015-04-30,172.9593048095703,47.31741714477539,49.049095153808594,33.399383544921875,81.0957260131836
2015-05-01,174.83438110351562,47.8438720703125,49.28858184814453,33.601898193359375,80.8656234741211
2015-05-04,175.33224487304688,47.7940788269043,49.406211853027344,33.7966194152832,80.711700439453125
2015-05-05,173.32431030273438,47.08263397216797,48.97765350341797,33.430538177490234,80.63838958740234
2015-05-06,172.61080932617188,47.20357894897461,49.019676208496094,33.01771926879883,80.367279052734375
2015-05-07,173.29942321777344,47.04706573486328,49.13311767578125,32.97099685668945,80.56510162353516
2015-05-08,175.5811309814453,48.135562896728516,49.39362335205078,33.39159393310547,80.828948974609375
2015-05-11,174.74313354492188,47.715816497802734,49.414615631103516,33.07224655151367,80.31592559814453
2015-05-12,174.22044372558594,47.6873664855957,49.23815155029297,32.96320724487305,80.30860900878906
2015-05-13,174.25360107421875,48.04307174682617,49.22976303100586,33.025516510009766,80.30128479003906
2015-05-14,176.07066345214844,48.61932373046875,49.75495910644531,33.35264587402344,80.4258804321289
2015-05-15,176.26150512695312,48.67625045776367,49.679317474365234,33.60968780517578,80.76292419433594
2015-05-18,176.80914306640625,48.51261901855469,50.11207580566406,33.26696014404297,80.455169677734375
2015-05-19,176.75100708007812,48.32765579223633,49.9986457824707,33.32149124145508,80.17670440673828
2015-05-20,176.62657165527344,48.420143127441406,50.10368347167969,33.29812240600586,80.30128479003906
2015-05-21,177.14096069335938,48.67625045776367,50.128883361816406,33.1812858581543,80.55045318603516
2015-05-22,176.71788024902344,48.36322784423828,49.80537796020508,33.29034423828125,80.4625015258789
2015-05-26,174.81784057617188,47.49526596069336,49.23395919799805,32.76068115234375,80.6603775024414
2015-05-27,176.47723388671875,47.95771408081055,49.717140197753906,32.76846694946289,80.74102783203125
2015-05-28,176.27810668945312,47.87232971191406,49.77175521850586,32.3400764465332,80.711700439453125
2015-05-29,175.18289184570312,47.4099006652832,49.41883087158203,32.02851104736328,80.74102783203125
2015-06-01,175.53970336914062,47.2818489074707,49.56589126586914,31.903884887695312,80.51782989501953
2015-06-02,175.3654327392578,47.502376556396484,49.77595901489258,32.02851104736328,80.2020492553711
2015-06-03,175.83001708984375,47.7656135559082,50.24654006958008,31.864940643310547,79.88633728027344
2015-06-04,174.34487915039062,47.253387451171875,49.763362884521484,31.38202476501465,80.05519104003906
2015-06-05,174.0461883544922,46.69135284423828,50.002845764160156,31.2418155670166,79.7027587890625
2015-06-08,172.97589111328125,46.627323150634766,49.717140197753906,31.23403549194336,79.8201904296875
2015-06-09,172.9510040283203,46.3712043762207,49.666709899902344,31.047101974487305,79.5926284790039
2015-06-10,175.0252227783203,47.34587097167969,50.3893928527832,31.49885368347168,79.39434051513672
2015-06-11,175.5894012451172,47.47393035888672,50.44820785522461,31.343080520629883,79.8201904296875
2015-06-12,174.24533081054688,47.09686279296875,50.32216262817383,31.343080520629883,79.72477722167969
2015-06-15,173.49859619140625,46.81230545043945,50.03225326538086,30.992570877075195,79.8201904296875
2015-06-16,174.44444274902344,46.798072814941406,50.36419677734375,31.000364303588867,79.95244598388672
2015-06-17,174.72653198242188,46.69135284423828,50.24654006958008,31.187301635742188,79.95977020263672
2015-06-18,176.5436248779297,47.1110954284668,50.70872116088867,31.47549819946289,79.937744140625
2015-06-19,175.7599334716797,46.99726867675781,50.729713439941406,31.2028751373291,80.1874008178711
2015-06-22,176.66033935546875,47.88656234741211,50.952396392822266,31.654640197753906,79.7908706665039
2015-06-23,176.78538513183594,48.014625549316406,51.225502014160156,31.96619987487793,79.60731506347656
2015-06-24,175.50143432617188,47.60198974609375,50.9065055847168,31.740310668945312,79.73219299316406
2015-06-25,174.96780395507812,47.58100128173828,50.90227127075195,31.631240844726562,79.644012451171875
2015-06-26,174.93450927734375,47.559295654296875,50.881202697753906,31.333049774169922,79.45311737060547
2015-06-29,171.26608276367188,46.097938537597656,49.66755676269531,30.634685516357422,79.92301940917969
2015-06-30,171.6245880126953,45.931556701660156,49.625396728515625,31.089801788330078,79.87163543701172
2015-07-01,173.00015258789062,46.22816467285156,49.84032440185547,31.066261291503906,79.6700439453125
2015-07-02,172.84181213378906,46.286033630371094,49.49897003173828,31.215349197387695,79.780426025390625
2015-07-06,172.3498992919922,45.35279846191406,49.368343353271484,30.34432601928711,80.0673599243164
2015-07-07,173.4337615966797,45.36725997924805,49.29250717163086,29.889209747314453,80.17768096923828
2015-07-08,170.5239715576172,44.311031341552734,48.668800354003906,28.861251831054688,80.36897277832031
2015-07-09,170.83248901367188,45.04171371459961,48.70250701904297,29.418386459350586,80.07470703125
2015-07-10,172.98353576660156,46.517539978027344,49.27983856201172,30.16385269165039,79.73626708984375
2015-07-13,174.89279174804688,46.69117736816406,49.697044372558594,30.36787986755371,79.61856842041016
2015-07-14,175.65145874023438,47.08182907104492,49.94989013671875,30.422805786132812,79.7509994506836
2015-07-15,175.59310913085938,46.908199310302734,49.50319290161133,30.077533721923828,79.96437072753906
2015-07-16,177.00213623046875,47.313331604003906,49.81081771850586,30.454187393188477,80.030548095703125
2015-07-17,177.1522216796875,47.2337532043457,49.40627670288086,30.41495704650879,80.03794860839844
2015-07-20,177.24392700195312,47.35673904418945,49.04384994506836,30.218780517578125,79.89813995361328
2015-07-21,176.54359436035156,47.21928405761719,48.892147064208984,30.226625442504883,80.030548095703125
2015-07-22,176.2267608642578,46.8575553894043,48.87949752807617,29.795045852661133,80.0673599243164
2015-07-23,175.2346649169922,46.73456954956055,48.26001739501953,29.50470733642578,80.29540252685547
2015-07-24,173.41708374023438,46.220924377441406,47.606842041015625,29.080970764160156,80.280670166015625
2015-07-27,172.40823364257812,45.88091278076172,47.2486457824707,28.531679153442383,80.38373565673828
2015-07-28,174.52597045898438,46.45966720581055,47.56049346923828,28.822019577026367,80.30278778076172
2015-07-29,175.72654724121094,46.626060485839844,47.85126495361328,29.104507446289062,80.2365493774414
2015-07-30,175.76820373535156,46.58988952636719,48.032466888427734,28.81417465209961,80.24391174316406
2015-07-31,175.50143432617188,46.86479568481445,48.285316467285156,29.128053665161133,80.56029510498047
2015-08-03,174.90945434570312,46.74180603027344,47.952396392822266,28.64154052734375,80.64356231689453
2015-08-04,174.56765747070312,46.77798843383789,47.935543060302734,28.743549346923828,80.40767669677734
2015-08-05,175.14292907714844,47.02395248413086,48.09567642211914,28.75139808654785,80.26024627685547
2015-08-06,173.70889282226562,46.8286247253418,47.8301887512207,28.500295639038086,80.35608673095703
2015-08-07,173.3753662109375,46.74180603027344,47.450923919677734,28.484594345092773,80.49613189697266
2015-08-10,175.5597381591797,47.313331604003906,48.14626693725586,28.963266372680664,80.39293670654297
2015-08-11,173.97567749023438,46.58988952636719,47.77539825439453,28.327651977539062,80.6583480834961
2015-08-12,174.1841583251953,46.25709533691406,47.619483947753906,27.888227462768555,80.60668182373047
2015-08-13,173.96739196777344,46.22816467285156,47.48884963989258,27.841144561767578,80.4371337890625
2015-08-14,174.6009979248047,46.30051040649414,47.91025161743164,27.880374908447266,80.40030670166016
2015-08-17,175.57643127441406,46.21369171142578,48.19261932373047,27.57434844970703,80.54035949707031
2015-08-18,175.06787109375,45.86642837524414,47.96503448486328,27.276159286499023,80.39293670654297
2015-08-19,173.6838836669922,45.46131134033203,47.514122009277344,26.93874168395996,80.64356231689453
2015-08-20,170.05714416503906,44.36167526245117,46.519596099853516,26.514997482299805,80.76887512207031
2015-08-21,164.93798828125,43.348838806152344,46.030765533447266,25.69891929626465,80.9089584350586
2015-08-24,157.9929656982422,41.851322174072266,44.28611373901367,24.57679557800293,80.87945556640625
2015-08-25,156.13372802734375,42.24921417236328,43.69614791870117,24.890674591064453,80.687774658203125
2015-08-26,162.12831115722656,43.24756622314453,44.70331954956055,25.71460723876953,80.31185150146484
2015-08-27,166.1385498046875,43.77568435668945,45.457645416259766,26.8524227142334,80.42241668701172
2015-08-28,166.1468505859375,43.7105712890625,45.900115966796875,26.50715446472168,80.34873962402344
2015-08-31,164.80455017089844,43.3850212097168,46.056034088134766,26.55423355102539,80.28974914550781
2015-09-01,159.8855438232422,41.93089294433594,44.774959564208984,25.52627944946289,80.5276107788086
2015-09-02,162.92041015625,42.55305480957031,45.30593490600586,25.89508628845215,80.42420196533203
2015-09-03,163.03717041015625,42.65434646606445,45.394432067871094,25.997100830078125,80.542327880859375
2015-09-04,160.5692138671875,41.67768859863281,44.91402816772461,25.22024917602539,80.71224212646484
2015-09-08,164.60447692871094,42.900306701660156,45.790565490722656,26.020641326904297,80.52019500732422
2015-09-09,162.40341186523438,42.726680755615234,45.30173110961914,25.88724136352539,80.54969787597656
2015-09-10,163.2871551513672,43.00883102416992,45.30593490600586,26.154043197631836,80.46109771728516
2015-09-11,164.0292510986328,43.0015983581543,45.352294921875,26.25605010986328,80.5571060180664
2015-09-14,163.42056274414062,42.67604064941406,45.15843963623047,26.216814041137695,80.57929992675781
2015-09-15,165.46327209472656,42.965431213378906,45.735774993896484,26.46792221069336,80.21733856201172
2015-09-16,166.89730834960938,43.62375259399414,46.22039794921875,27.111373901367188,80.15092468261719
2015-09-17,166.5220947265625,43.64546203613281,46.1529655456543,27.048599243164062,80.65316009521484
2015-09-18,163.8008575439453,42.55305480957031,45.34807205200195,26.546390533447266,80.71961212158203
2015-09-21,164.64730834960938,42.53135681152344,45.57984161376953,26.499303817749023,80.50544738769531
2015-09-22,162.5102081298828,41.518524169921875,44.95195007324219,26.00494384765625,80.69750213623047
2015-09-23,162.25045776367188,41.32320022583008,44.82973861694336,25.589054107666016,80.6309814453125
2015-09-24,161.66378784179688,41.207454681396484,44.90559387207031,25.47920036315918,80.73442840576172
2015-09-25,161.6219024658203,41.56916427612305,44.91447067260742,25.424272537231445,80.594085693359375
2015-09-28,157.5656280517578,40.75168228149414,43.975582122802734,24.882829666137695,80.78614044189453
2015-09-29,157.65782165527344,40.69380569458008,43.78949737548828,25.000526428222656,80.91168212890625
2015-09-30,160.59945678710938,41.4678955078125,44.318153381347656,25.722455978393555,80.94122314453125
2015-10-01,161.01852416992188,41.59811019897461,44.05594253540039,25.863697052001953,81.00414276123047
2015-10-02,163.42373657226562,42.30708312988281,44.52116012573242,26.55423355102539,81.24834442138672
2015-10-05,166.3318328857422,43.14628219604492,45.85336685180664,27.127063751220703,80.944915771484375
2015-10-06,165.76194763183594,43.19691848754883,45.806846618652344,27.079980850219727,81.1447525024414
2015-10-07,167.11962890625,43.739505767822266,46.453914642333984,27.80190658569336,81.08551025390625
2015-10-08,168.628173828125,44.08675765991211,47.10945129394531,28.100099563598633,80.97453308105469
2015-10-09,168.72866821289062,44.16633987426758,47.071380615234375,28.202102661132812,80.90795135498047
2015-10-12,168.887939453125,44.079532623291016,47.10098648071289,27.990234375,81.11511993408203
2015-10-13,167.8236541748047,43.5224723815918,46.61040115356445,27.53510856628418,81.1225357055664
2015-10-14,167.01902770996094,43.609283447265625,46.14940643310547,27.746986389160156,81.42597961425781
2015-10-15,169.58355712890625,44.354434967041016,47.0333137512207,28.421825408935547,81.31495666503906
2015-10-16,170.3545684814453,44.318267822265625,46.902225494384766,28.445358276367188,81.23355865478516
2015-10-19,170.43841552734375,44.16633987426758,46.876834869384766,28.155025482177734,81.31495666503906
2015-10-20,170.22047424316406,43.985477447509766,47.143287658691406,28.147174835205078,81.15213775634766
2015-10-21,169.1645050048828,43.96379089355469,46.4496955871582,27.739133834838867,81.34456634521484
2015-10-22,172.02230834960938,44.455726623535156,46.897987365722656,28.311967849731445,81.35935974121094
2015-10-23,173.90798950195312,44.89701843261719,47.287078857421875,28.476755142211914,81.21875762939453
2015-10-26,173.48056030273438,44.73063659667969,47.04177474975586,28.217802047729492,81.25572204589844
2015-10-27,173.1453399658203,44.33997344970703,46.398929595947266,27.896072387695312,81.3741683959961
2015-10-28,175.1147918701172,44.62934494018555,47.72692108154297,27.57434844970703,81.12996673583984
2015-10-29,175.01422119140625,44.30380630493164,47.35050582885742,27.315399169921875,80.78214263916016
2015-10-30,174.25997924804688,44.20975112915039,47.227867126464844,27.362478256225586,80.99675750732422
2015-11-02,176.32162475585938,44.62934494018555,48.03142166137695,27.903926849365234,80.83734893798828
2015-11-03,176.8328399658203,44.6148796081543,48.34437942504883,28.272727966308594,80.6889877319336
2015-11-04,176.2965087890625,44.3689079284668,48.17520523071289,28.045164108276367,80.6889877319336
2015-11-05,176.12046813964844,44.289329528808594,48.382442474365234,28.092248916625977,80.65196228027344
2015-11-06,176.02830505371094,44.08675765991211,48.58969497680664,27.699899673461914,80.26634979248047
2015-11-09,174.38563537597656,43.63099670410156,47.90876770019531,27.00935935974121,80.214447021484375
2015-11-10,174.7879638671875,43.60205078125,48.03989028930664,26.89165687561035,80.36277770996094
2015-11-11,174.10072326660156,43.82632827758789,47.62541961669922,26.946592330932617,80.25894927978516
2015-11-12,171.6703643798828,43.25480270385742,46.669612884521484,26.68763542175293,80.33309173583984
2015-11-13,169.74276733398438,42.8930778503418,46.36087417602539,26.31882667541504,80.48883819580078
2015-11-16,172.3240509033203,43.435665130615234,46.931819915771484,26.828882217407227,80.5555648803711
2015-11-17,172.19834899902344,43.551414489746094,46.70766067504883,26.750404357910156,80.61488342285156
2015-11-18,174.93043518066406,43.94929885864258,47.413944244384766,27.040756225585938,80.5555648803711
2015-11-19,174.7795867919922,44.173580169677734,47.28285217285156,27.284006118774414,80.59263610839844
2015-11-20,175.4165496826172,44.072296142578125,47.566219329833984,27.558645248413086,80.540740966796875
2015-11-23,175.21539306640625,43.797386169433594,47.743831634521484,27.299705505371094,80.56299591064453
2015-11-24,175.45004272460938,43.80462646484375,48.158294677734375,27.44094467163086,80.6371078491211
2015-11-25,175.4248809814453,43.9058952331543,48.382442474365234,27.229080200195312,80.6742172241211
2015-11-27,175.6260528564453,43.913143157958984,48.46703338623047,26.632709503173828,80.65196228027344
2015-11-30,174.8969268798828,43.87697219848633,48.39512634277344,26.67194366455078,80.68162536621094
2015-12-01,176.56466674804688,44.33997344970703,48.71232223510742,26.875959396362305,80.96430969238281
2015-12-02,174.7628173828125,43.86972427368164,48.23443603515625,26.55423355102539,80.86760711669922
2015-12-03,172.315673828125,43.65992736816406,47.54505920410156,26.4051456451416,80.27238464355469
2015-12-04,175.67633056640625,44.01442337036133,47.90876770019531,26.585622787475586,80.53284454345703
2015-12-07,174.61199951171875,43.73227310180664,47.1771125793457,26.146190643310547,80.65185546875
2015-12-08,173.4386749267578,43.088409423828125,46.74994659423828,25.855857849121094,80.68162536621094
2015-12-09,172.0894317626953,42.8930778503418,46.200157165527344,25.64398765563965,80.68162536621094
2015-12-10,172.5335693359375,42.900306701660156,46.229759216308594,25.471357345581055,80.6667251586914
2015-12-11,169.18963623046875,42.082828521728516,45.32893371582031,24.757274627685547,80.86760711669922
2015-12-14,170.0445098876953,42.147926330566406,45.121707916259766,25.157470703125,80.48815155029297
2015-12-15,171.82958984375,42.357730865478516,45.69688415527344,25.541975021362305,80.49561309814453
2015-12-16,174.3437957763672,43.211387634277344,46.36087417602539,26.044178009033203,80.354248046875
2015-12-17,171.68710327148438,42.66158676147461,45.861820220947266,25.706756591796875,80.46588134765625
2015-12-18,168.6284637451172,42.213043212890625,45.113250732421875,25.620447158813477,80.63695526123047
2015-12-21,170.01959228515625,42.40863037109375,45.40082550048828,25.82047462463379,80.56253814697266
2015-12-22,171.5623779296875,42.729732513427734,46.064823150634766,26.02767562866211,80.50301361083984
2015-12-23,173.68687438964844,43.44493865966797,46.77958297729492,26.394262313842773,80.48815155029297
2015-12-24,173.40017700195312,43.37196350097656,46.8530387878418,26.298629760742188,80.52691650390625
2015-12-28,173.00396728515625,43.26979064941406,46.55574035644531,26.11533546447754,80.52691650390625
2015-12-29,174.8502655029297,43.70037841796875,46.976200103759766,26.139245986938477,80.32562255859375
2015-12-30,173.6109619140625,43.437644958496094,46.50053024291992,25.732816696166992,80.31072998046875
2015-12-31,171.874267578125,42.85380554199219,45.93567657470703,25.653120040893555,80.52691650390625
2016-01-04,169.47157287597656,42.19697952270508,45.05653762817383,24.951818466186523,80.4970703125
2016-01-05,169.7581787109375,42.13129806518555,45.145755767822266,25.007604598999023,80.53441619873047
2016-01-06,167.61683654785156,41.43799591064453,44.568153381347656,24.529451370239258,80.84008026123047
2016-01-07,163.59542846679688,40.57683181762695,43.408714294433594,23.77236557006836,80.832611083984375
2016-01-08,161.79974365234375,40.087860107421875,42.60178756713867,23.51735496520996,81.01155090332031
2016-01-11,161.9599151611328,40.2557258605957,42.572044372558594,23.509382247924805,80.780426025390625
2016-01-12,163.26666259765625,40.445472717285156,42.53382110595703,23.55719566345215,80.95936584472656
2016-01-13,159.19468688964844,39.817840576171875,41.44659423828125,23.31014633178711,81.145751953125
2016-01-14,161.8081512451172,40.328697204589844,42.032684326171875,23.612977981567383,81.115936279296875
2016-01-15,158.3347625732422,38.869102478027344,41.43809509277344,22.680578231811523,81.21283721923828
2016-01-19,158.54550170898438,39.226707458496094,40.91571807861328,23.015289306640625,81.13079071044922
2016-01-20,156.5137481689453,38.336334228515625,41.04738235473633,22.513219833374023,81.19792175292969
2016-01-21,157.39053344726562,38.620967864990234,41.013397216796875,22.60088348388672,81.08607482910156
2016-01-22,160.6194305419922,39.759456634521484,41.89251708984375,23.373905181884766,81.145751953125
2016-01-25,158.19137573242188,39.226707458496094,40.94968795776367,22.97544288635254,81.10099029541016
2016-01-26,160.3496551513672,39.927310943603516,42.0666618347168,23.31014633178711,81.2053451538086
2016-01-27,158.60455322265625,39.671878814697266,41.57825469970703,23.230457305908203,81.22029113769531
2016-01-28,159.43075561523438,39.78864669799805,41.80758285522461,23.597043991088867,81.28739929199219
2016-01-29,163.3172149658203,40.48925018310547,43.247318267822266,24.362092971801758,81.52594757080078
2016-02-01,163.25820922851562,40.445472717285156,42.9840087890625,24.130983352661133,81.42737579345703
2016-02-02,160.31593322753906,39.5040283203125,42.09214782714844,23.349992752075195,81.67389678955078
2016-02-03,161.27699279785156,39.83243942260742,42.372440338134766,24.011449813842773,81.66643524169922
2016-02-04,161.52996826171875,39.883522033691406,42.678218841552734,24.19474220275879,81.748565673828125
2016-02-05,158.4528045654297,39.27049255371094,41.95199203491211,23.91581916809082,81.67389678955078
2016-02-08,156.3197784423828,38.54068374633789,41.80758285522461,23.589075088500977,81.9876708984375
2016-02-09,156.32826232910156,38.095516204833984,41.47208023071289,23.26233673095703,81.98016357421875
2016-02-10,156.1934051513672,38.05172348022461,41.289451599121094,23.357969284057617,82.181915283203125
2016-02-11,154.1616668701172,37.4970817565918,40.7033576965332,22.96747589111328,82.2342758178711
2016-02-12,157.33998107910156,38.153892517089844,41.480567932128906,23.365934371948242,82.01005554199219
2016-02-16,159.99563598632812,38.927490234375,42.36819076538086,23.88393783569336,81.8083724975586
2016-02-17,162.60903930664062,39.598899841308594,42.8651008605957,24.3541259765625,81.7635498046875
2016-02-18,161.94305419921875,39.39454650878906,42.82687759399414,24.210676193237305,82.01005554199219
2016-02-19,161.8671875,39.35076141357422,42.88633728027344,24.099109649658203,82.02500915527344
2016-02-22,164.21084594726562,39.795955657958984,43.39598083496094,24.696805953979492,82.0474624633789
2016-02-23,162.13697814941406,39.14642333984375,43.090179443359375,24.17083168029785,82.0624008178711
2016-02-24,162.8788299560547,39.00776290893555,43.57009506225586,24.115049362182617,82.092254638671875
2016-02-25,164.85157775878906,39.474830627441406,43.95232009887695,24.19474220275879,82.30146026611328
2016-02-26,164.47216796875,39.372657775878906,44.07550048828125,23.955659866333008,82.15210723876953
2016-02-29,163.18235778808594,39.13912582397461,44.14768981933594,24.16286277770996,82.2491683959961
2016-03-01,167.01829528808594,40.16084289550781,44.895164489746094,25.02354621887207,82.00292205810547
2016-03-02,167.76856994628906,40.43817138671875,45.49399948120117,25.35825538635254,81.91302490234375
2016-03-03,168.4261474609375,40.8322639465332,46.12255859375,25.645153045654297,82.01036071777344
2016-03-04,168.97413635253906,41.13147735595703,46.4495735168457,26.15518569946289,81.8830795288086
2016-03-07,169.10899353027344,41.08039474487305,47.20128631591797,26.11533546447754,81.86061096191406
2016-03-08,167.26278686523438,40.67900085449219,46.020626068115234,25.66905403137207,82.062744140625
2016-03-09,168.0889434814453,40.8322639465332,46.31791305541992,25.828445434570312,82.02532958984375
2016-03-10,168.22381591796875,40.76658248901367,45.99515151977539,25.868289947509766,82.062744140625
2016-03-11,170.93849182128906,41.83209228515625,46.92099380493164,26.410200119018555,81.91302490234375
2016-03-14,170.71923828125,41.744510650634766,46.72138595581055,26.250812530517578,81.95793914794922
2016-03-15,170.44107055664062,41.35042190551758,46.075836181640625,25.876258850097656,81.8830795288086
2016-03-16,171.42745971679688,41.7153205871582,46.41984558105469,26.394262313842773,82.23494720458984
2016-03-17,172.51499938964844,42.03643035888672,47.507080078125,26.976016998291016,82.407073974609375
2016-03-18,173.19290161132812,41.96344757080078,47.902061462402344,27.11946678161621,82.47449493408203
2016-03-21,173.4386749267578,41.89777374267578,47.77040481567383,27.17525291442871,82.2948226928711
2016-03-22,173.34542846679688,41.82479476928711,47.5665397644043,27.111495971679688,82.242462158203125
2016-03-23,172.20143127441406,41.40150451660156,46.73239517211914,26.649276733398438,82.42206573486328
2016-03-24,172.12518310546875,41.124183654785156,46.99239730834961,26.58552360534668,82.42961120605469
2016-03-28,172.22683715820312,41.372314453125,46.9710807800293,26.673187255859375,82.48944091796875
2016-03-29,173.8200225830078,41.817481994628906,48.232749938964844,27.039777755737305,82.73649597167969
2016-03-30,174.58267211914062,42.13129806518555,48.25831985473633,27.318696975708008,82.70654296875
2016-03-31,174.15899658203125,41.7153205871582,48.300933837890625,27.294788360595703,82.96858215332031
2016-04-01,175.34532165527344,41.27013397216797,48.29240798950195,27.21509552001953,82.89505767822266
2016-04-04,174.77755737304688,41.18256378173828,47.71273422241211,26.88835334777832,82.97755432128906
2016-04-05,173.03192138671875,40.37248611450195,47.05634307861328,26.362384796142578,83.09010314941406
2016-04-06,174.921630859375,41.029300689697266,47.324867248535156,26.681156158447266,83.07512664794922
2016-04-07,172.82850646972656,40.430877685546875,46.63009262084961,26.147212982177734,83.25513458251953
2016-04-08,173.2946014404297,41.2044563293457,46.94123840332031,26.601463317871094,83.17261505126953
2016-04-11,172.8878631591797,41.22635269165039,46.975345611572266,26.944141387939453,83.23258972167969
2016-04-12,174.49790954589844,41.839385986328125,47.52944564819336,27.35854721069336,83.09760284423828
2016-04-13,176.26052856445312,42.50349807739258,48.586509704589844,27.84467124938965,83.13507843017578
2016-04-14,176.2689666748047,42.64216995239258,48.514041900634766,27.709192276000977,82.9925765991211
2016-04-15,176.07411193847656,42.54728698730469,48.67176818847656,27.549806594848633,83.225128173828125
2016-04-18,177.3113250732422,42.91218185424805,49.00848388671875,27.67731475830078,83.21761322021484
2016-04-19,177.87059020996094,43.65658950805664,49.31964111328125,28.099689483642578,83.21009826660156
2016-04-20,178.04002380371094,43.69306945800781,49.30259323120117,27.97218132019043,83.00761413574219
2016-04-21,177.08255004882812,43.43035125732422,48.918983459472656,27.693254470825195,82.89505767822266
2016-04-22,177.08255004882812,43.452239990234375,49.485870361328125,27.525907516479492,82.90254974365234
2016-04-25,176.7774200439453,43.23330307006836,49.08946228027344,27.3505802154541,82.81254577636719
2016-04-26,177.04014587402344,43.386558532714844,49.83964920043945,27.645435333251953,82.77503967285156
2016-04-27,177.4044952392578,43.41575241088867,50.159324645996094,27.81279754638672,83.022613525390625
2016-04-28,175.79446411132812,42.824607849121094,49.554073333740234,27.525907516479492,83.18758392333984
2016-04-29,174.8453826904297,42.64216995239258,49.32816696166992,27.406356811523438,83.18009948730469
2016-05-02,176.235107421875,43.04355239868164,49.57537078857422,27.334638595581055,83.12377166748047
2016-05-03,174.70130920410156,42.33564758300781,48.84651565551758,26.56162452697754,83.27406311035156
2016-05-04,173.72679138183594,41.84667205810547,48.59078598022461,26.131277084350586,83.31166076660156
2016-05-05,173.69288635253906,41.75910568237305,48.254051208496094,26.123306274414062,83.52202606201172
2016-05-06,174.32838439941406,41.875877380371094,48.71440124511719,26.16315460205078,83.39427947998047
2016-05-09,174.47250366210938,41.78829574584961,48.471431732177734,25.828445434570312,83.44690704345703
2016-05-10,176.64186096191406,42.38673782348633,49.01274108886719,26.32253646850586,83.484466552734375
2016-05-11,174.98934936523438,42.02183532714844,48.44161605834961,26.258785247802734,83.484466552734375
2016-05-12,175.04022216796875,42.00722885131836,48.2668342590332,26.187063217163086,83.409332275390625
2016-05-13,173.51492309570312,41.57666015625,47.76388168334961,25.71687126159668,83.567138671875
2016-05-16,175.22666931152344,42.07291030883789,48.228477478027344,26.02767562866211,83.42435455322266
2016-05-17,173.59120178222656,41.766395568847656,47.465518951416016,25.90813446044922,83.31166076660156
2016-05-18,173.64202880859375,41.7809944152832,47.563560485839844,25.653120040893555,82.965911865234375
2016-05-19,173.0403594970703,41.48178482055664,47.226829528808594,25.414039611816406,83.01854705810547
2016-05-20,174.13352966308594,41.82479476928711,47.95143127441406,25.66905403137207,83.0711441040039
2016-05-23,173.89627075195312,41.686119079589844,47.840606689453125,25.621248245239258,83.056060791015625
2016-05-24,176.15036010742188,42.29186248779297,48.74422073364258,25.884227752685547,83.01102447509766
2016-05-25,177.34523010253906,42.73704147338867,49.102256774902344,26.19502830505371,83.02604675292969
2016-05-26,177.3960418701172,42.85380554199219,48.97865676879883,26.370357513427734,83.15380096435547
2016-05-27,178.1587371826172,42.81001281738281,49.41341781616211,26.362384796142578,83.13874053955078
2016-05-31,177.81976318359375,42.60566711425781,49.54555130004883,26.394262313842773,83.19136047363281
2016-06-01,178.1841278076172,42.569190979003906,49.873748779296875,26.378320693969727,83.14470672607422
2016-06-02,178.72645568847656,42.569190979003906,50.11243438720703,26.593490600585938,83.35550689697266
2016-06-03,178.1925506591797,42.846500396728516,49.88227081298828,26.999929428100586,83.80729675292969
2016-06-06,179.09927368164062,43.087337493896484,50.53866958618164,27.286823272705078,83.69438934326172
2016-06-07,179.37896728515625,43.40115737915039,50.73048400878906,27.533870697021484,83.76972198486328
2016-06-08,179.96371459960938,43.488731384277344,51.12687683105469,27.73310089111328,83.79975891113281
2016-06-09,179.71795654296875,42.95597839355469,50.845558166503906,27.414339065551758,83.860015869140625
2016-06-10,178.0146942138672,41.7080192565918,50.172119140625,26.72100830078125,83.97293853759766
2016-06-13,176.64186096191406,41.10227966308594,49.57965087890625,26.346450805664062,84.04072570800781
2016-06-14,176.2943878173828,40.445472717285156,49.5498161315918,26.258785247802734,84.00312805175781
2016-06-15,176.04869079589844,40.71548843383789,49.55834197998047,26.53770637512207,84.183837890625
2016-06-16,176.57408142089844,40.803062438964844,49.5498161315918,26.442079544067383,84.23650360107422
2016-06-17,175.91648864746094,41.2044563293457,49.664894104003906,26.51380157470703,84.176300048828125
2016-06-20,177.04940795898438,42.2261848449707,50.23604965209961,26.983983993530273,83.94285583496094
2016-06-21,177.5519561767578,42.569190979003906,50.11203384399414,27.19118309020996,83.88260650634766
2016-06-22,177.26231384277344,42.54310989379883,49.864017486572266,27.26026153564453,83.935333251953125
2016-06-23,179.57078552246094,43.71990203857422,50.79193878173828,27.918874740600586,83.79228210449219
2016-06-24,173.12249755859375,39.96609878540039,48.983131408691406,26.22415542602539,84.24405670166016
2016-06-27,170.0219268798828,39.19895553588867,47.36676025390625,25.886808395385742,84.58290100097656
2016-06-28,173.0884552001953,40.226776123046875,47.87989807128906,26.64983367919922,84.68830871582031
2016-06-29,176.0357666015625,40.96413803100586,48.884769439697266,27.324525833129883,84.62808990478516
2016-06-30,178.43783569335938,41.57486343383789,49.95810317993164,27.59760856628418,84.80128479003906
2016-07-01,178.81260681152344,41.57486343383789,50.137691497802734,27.862655639648438,84.98383331298828
2016-07-05,177.52639770507812,40.77048110961914,49.30812072753906,27.268295288085938,85.21012115478516
2016-07-06,178.59117126464844,40.696006774902344,49.547584533691406,27.19601058959961,85.368560791015625
2016-07-07,178.48043823242188,40.53215408325195,49.56896209716797,27.123720169067383,85.3082046508789
2016-07-08,181.13809204101562,41.15033721923828,50.804771423339844,27.710050582885742,85.43646240234375
2016-07-11,181.77688598632812,41.75362014770508,51.41626739501953,27.975112915039062,85.21012115478516
2016-07-12,183.0972442626953,42.31967544555664,52.22445297241211,28.368669509887695,84.95362091064453
2016-07-13,183.07167053222656,42.27498245239258,52.18596267700195,28.320476531982422,85.0743179321289
2016-07-14,184.09384155273438,42.639930725097656,52.22018051147461,28.730100631713867,84.9988784790039
2016-07-15,183.8468780517578,42.423946380615234,52.382659912109375,28.665847778320312,84.689605712890625
2016-07-18,184.3408966064453,42.52821350097656,52.44252395629883,28.92286491394043,84.7047119140625
2016-07-19,184.1534881591797,42.193058013916016,52.104713439941406,28.625682830810547,84.87825012207031
2016-07-20,184.92013549804688,42.572914123535156,52.33562469482422,28.770259857177734,84.80277252197266
2016-07-21,184.22161865234375,42.40160369873047,52.0919075012207,28.681907653808594,84.87825012207031
2016-07-22,185.0478973388672,42.4835319519043,52.39977264404297,28.890735626220703,84.89329528808594
2016-07-25,184.5453338623047,42.431396484375,52.20732498168945,28.60159683227539,84.7951889038086
2016-07-26,184.6304931640625,42.61015319824219,52.553707122802734,28.82647705078125,84.7951889038086
2016-07-27,184.43458557128906,42.76655197143555,52.63069152832031,28.92286491394043,85.0442123413086
2016-07-28,184.6475830078125,42.72187042236328,52.339908599853516,28.930898666381836,85.03665924072266
2016-07-29,184.94566345214844,43.228336334228516,52.48528289794922,29.08349609375,85.26294708251953
2016-08-01,184.79234313964844,42.945308685302734,52.408321380615234,29.027278900146484,85.0641860961914
2016-08-02,183.60833740234375,42.72931671142578,51.600135803222656,28.81844711303711,84.81476593017578
2016-08-03,184.14495849609375,42.58035659790039,51.90373611450195,28.914838790893555,84.90546417236328
2016-08-04,184.3408966064453,42.826133728027344,51.839599609375,29.075477600097656,85.0641860961914
2016-08-05,185.84861755371094,43.01978302001953,52.634952545166016,29.412809371948242,84.777008056640625
2016-08-08,185.7379150390625,43.109161376953125,52.724754333496094,29.62164878845215,84.829864501953125
2016-08-09,185.84861755371094,43.4517822265625,52.68627166748047,29.822444915771484,85.04905700683594
2016-08-10,185.3886260986328,43.60073471069336,52.46818923950195,29.830474853515625,85.1473388671875
2016-08-11,186.2489471435547,43.913551330566406,52.75469207763672,30.216007232666016,84.92061614990234
2016-08-12,186.08709716796875,43.80183410644531,52.647789001464844,30.103546142578125,85.1246566772461
2016-08-15,186.62374877929688,43.9731330871582,53.165191650390625,30.416799545288086,84.97347259521484
2016-08-16,185.66122436523438,43.90611267089844,52.83165740966797,30.28025245666504,84.92061614990234
2016-08-17,186.0104217529297,43.89120864868164,52.711910247802734,30.087488174438477,85.07933807373047
2016-08-18,186.42784118652344,44.11464309692383,53.036903381347656,30.368614196777344,85.20027160644531
2016-08-19,186.15521240234375,43.78693389892578,53.05830001831055,30.199934005737305,85.01129913330078
2016-08-22,186.14671325683594,43.83161544799805,53.17374801635742,29.79833984375,85.13976287841797
2016-08-23,186.5215606689453,44.017818450927734,53.53293991088867,29.677865982055664,85.16243743896484
2016-08-24,185.56752014160156,43.913551330566406,53.16091537475586,29.758182525634766,85.1322021484375
2016-08-25,185.43978881835938,43.734798431396484,53.36190414428711,29.782283782958984,85.04151916503906
2016-08-26,185.0904541015625,43.47412109375,53.122440338134766,29.525266647338867,84.90546417236328
2016-08-29,186.0019073486328,43.608177185058594,53.40894317626953,29.750154495239258,85.13976287841797
2016-08-30,185.69528198242188,43.54860305786133,53.38756561279297,29.66982650756836,85.09442901611328
2016-08-31,185.16714477539062,43.4592170715332,53.079681396484375,29.340526580810547,85.07933807373047
2016-09-01,185.17564392089844,43.757137298583984,53.04119873046875,29.565420150756836,85.15350341796875
2016-09-02,186.0104217529297,44.26361083984375,53.71254348754883,30.047330856323242,85.0399169921875
2016-09-06,186.5726776123047,44.56153106689453,53.631282806396484,30.689889907836914,85.22164154052734
2016-09-07,186.55563354492188,44.5838737487793,53.969112396240234,30.593496322631836,85.26708984375
2016-09-08,186.12973022460938,44.457252502441406,53.86220932006836,30.5131893157959,84.97178649902344
2016-09-09,181.67471313476562,43.59328079223633,52.143192291259766,29.485097885131836,84.60081481933594
2016-09-12,184.28126525878906,43.95077896118164,52.724754333496094,29.685895919799805,84.66889953613281
2016-09-13,181.63214111328125,43.064476013183594,51.7155876159668,28.938934326171875,84.4341812133789
2016-09-14,181.56402587890625,43.0048942565918,51.46757125854492,29.027278900146484,84.54016876220703
2016-09-15,183.37841796875,43.37729263305664,52.1004524230957,29.525266647338867,84.593170166015625
2016-09-16,182.66946411132812,42.818695068359375,52.002098083496094,29.324460983276367,84.65373992919922
2016-09-19,182.7037353515625,43.04212951660156,52.382659912109375,29.557390213012695,84.58562469482422
2016-09-20,182.7122802734375,43.30280685424805,52.10898971557617,29.573450088500977,84.61590576171875
2016-09-21,184.76698303222656,44.0625114440918,52.93857955932617,30.40073585510254,84.82792663574219
2016-09-22,185.9312744140625,44.50939178466797,53.815162658691406,30.617599487304688,85.00206756591797
2016-09-23,184.9125213623047,44.13698959350586,53.40894317626953,30.22403335571289,84.97938537597656
2016-09-26,183.41432189941406,43.72734832763672,52.852577209472656,29.782283782958984,85.0853500366211
2016-09-27,184.55296325683594,43.935890197753906,52.87831497192383,30.20797348022461,85.191375732421875
2016-09-28,185.46897888183594,44.248714447021484,53.51317596435547,30.48105812072754,85.214080810546875
2016-09-29,183.791015625,43.69755554199219,52.94266128540039,29.95095443725586,85.214080810546875
2016-09-30,185.1779022216797,44.0401725769043,53.53892517089844,30.0794620513916,85.12322998046875
2016-10-03,184.73269653320312,43.92100524902344,53.37590026855469,30.288288116455078,85.026885986328125
2016-10-04,183.791015625,43.913551330566406,53.03273010253906,29.95095443725586,84.73863983154297
2016-10-05,184.60433959960938,44.092308044433594,53.38019943237305,30.384675979614258,84.62483215332031
2016-10-06,184.73269653320312,43.85396957397461,53.345890045166016,30.40876579284668,84.62483215332031
2016-10-07,184.09918212890625,43.63052749633789,52.8397102355957,30.272226333618164,84.64000701904297
2016-10-10,185.0580596923828,43.757137298583984,53.397361755371094,30.601533889770508,84.6020736694336
2016-10-11,182.72080993652344,43.13895034790039,52.578041076660156,29.89472770690918,84.47312927246094
2016-10-12,182.96055603027344,43.04212951660156,52.728179931640625,29.8385009765625,84.50347900390625
2016-10-13,182.36126708984375,42.87827682495117,52.11905288696289,29.573450088500977,84.62483215332031
2016-10-14,182.4553985595703,42.9527473449707,52.06756591796875,29.62164878845215,84.4806900024414
2016-10-17,181.82191467285156,42.826133728027344,51.96890640258789,29.589513778686523,84.62483215332031
2016-10-18,182.96055603027344,43.25067901611328,52.23058319091797,30.111591339111328,84.76141357421875
2016-10-19,183.44857788085938,43.369842529296875,52.560882568359375,30.296321868896484,84.806915283203125
2016-10-20,183.1060791015625,43.43687438964844,52.24773406982422,30.20797348022461,84.77655792236328
2016-10-21,183.1917266845703,43.34004592895508,52.13190841674805,30.199934005737305,84.82965850830078
2016-10-24,183.9707794189453,43.33259963989258,52.53515625,30.32844352722168,84.70068359375
2016-10-25,183.35438537597656,43.30280685424805,52.13190841674805,30.360576629638672,84.70068359375
2016-10-26,182.98623657226562,43.109161376953125,51.861656188964844,30.0393009185791,84.53382873535156
2016-10-27,182.4982452392578,43.05702590942383,51.4112663269043,29.782283782958984,84.32140350341797
2016-10-28,181.9589080810547,43.04212951660156,51.24396514892578,29.661802291870117,84.32140350341797
2016-10-31,181.96749877929688,43.064476013183594,51.53565216064453,29.830474853515625,84.4275894165039
2016-11-01,180.64903259277344,42.87827682495117,50.82358169555664,29.589513778686523,84.381988525390625
2016-11-02,179.5618133544922,42.58780288696289,50.2830810546875,29.236114501953125,84.480804443359375
2016-11-03,178.7399139404297,42.54310989379883,50.231597900390625,29.155794143676758,84.36678314208984
2016-11-04,178.54302978515625,42.13347625732422,50.501853942871094,28.858612060546875,84.5416488647461
2016-11-07,182.4811553955078,42.714420318603516,51.72441101074219,29.902753829956055,84.44282531738281
2016-11-08,183.3030242919922,42.833587646484375,51.848793029785156,30.095521926879883,84.3060302734375
2016-11-09,185.24639892578125,42.87082290649414,53.504600524902344,29.115633010864258,83.52323913574219
2016-11-10,185.70870971679688,42.75166320800781,54.611328125,28.28835105895996,83.18120574951172
2016-11-11,185.2806396484375,42.49098205566406,56.03118133544922,27.750202178955078,83.02925872802734
2016-11-14,185.42617797851562,42.26008987426758,57.01352310180664,27.549413681030273,82.694854736328125
2016-11-15,186.8730010986328,42.446292877197266,57.16365051269531,28.103612899780273,82.75563049316406
2016-11-16,186.52198791503906,41.99940490722656,57.24944305419922,27.87068748474121,82.93802642822266
2016-11-17,187.48080444335938,42.31967544555664,57.378143310546875,27.910850524902344,82.62641906738281
2016-11-18,187.06137084960938,41.85789108276367,57.54972839355469,27.782333374023438,82.36046600341797
2016-11-21,188.47393798828125,42.21540832519531,57.819950103759766,28.055421829223633,82.42881774902344
2016-11-22,188.8421173095703,42.31967544555664,58.767967224121094,28.481107711791992,82.50486755371094
2016-11-23,188.94483947753906,42.17071533203125,59.07683181762695,28.1758975982666,82.21600341796875
2016-11-25,189.64686584472656,42.297325134277344,59.278446197509766,28.312440872192383,82.20842742919922
2016-11-28,188.7564697265625,42.07388687133789,58.57493591308594,28.424888610839844,82.49727630615234
2016-11-29,189.1246337890625,42.34201431274414,58.566349029541016,28.465049743652344,82.58843994140625
2016-11-30,188.6708526611328,42.297325134277344,58.411949157714844,28.51323699951172,82.26164245605469
2016-12-01,187.9774169921875,42.13347625732422,58.30898666381836,28.1758975982666,81.9905776977539
2016-12-02,188.07151794433594,42.23774337768555,58.42481231689453,28.208023071289062,82.24944305419922
2016-12-05,189.20167541503906,42.65483474731445,59.5186653137207,28.440946578979492,82.318023681640625
2016-12-06,189.80091857910156,42.945308685302734,60.157814025878906,28.593563079833984,82.30281066894531
2016-12-07,192.28367614746094,43.585838317871094,60.84844970703125,29.075477600097656,82.51598358154297
2016-12-08,192.7545166015625,43.54860305786133,61.847938537597656,29.203989028930664,82.36366271972656
2016-12-09,193.91880798339844,43.734798431396484,62.0280876159668,29.051380157470703,82.1124038696289
2016-12-12,193.6962890625,43.5411491394043,61.35463333129883,28.858612060546875,82.03623962402344
2016-12-13,194.9889678955078,44.0103759765625,61.328895568847656,29.179882049560547,82.14286041259766
2016-12-14,193.37945556640625,43.362396240234375,60.48812484741211,28.312440872192383,81.693603515625
2016-12-15,194.1756591796875,43.26557159423828,61.06290817260742,28.360631942749023,81.594635009765625
2016-12-16,193.79591369628906,43.29535675048828,60.72404861450195,28.23212242126465,81.64791107177734
2016-12-19,194.21788024902344,43.228336334228516,60.964256286621094,28.039356231689453,81.86109924316406
2016-12-20,194.96713256835938,43.37729263305664,61.62486267089844,28.1357364654541,81.7850112915039
2016-12-21,194.42457580566406,43.38933563232422,61.245140075683594,28.01875877380371,81.96007537841797
2016-12-22,194.08871459960938,43.291507720947266,60.543338775634766,27.68568992614746,81.95936584472656
2016-12-23,194.3729248046875,43.404388427734375,60.73710632324219,27.848155975341797,81.98231506347656
2016-12-27,194.85511779785156,43.35171127319336,61.0987548828125,27.97002410888672,81.92121887207031
2016-12-28,193.24478149414062,43.1861572265625,60.435726165771484,28.181228637695312,82.05095672607422
2016-12-29,193.20167541503906,43.291507720947266,60.54764175415039,28.644287109375,82.3028335571289
2016-12-30,192.4955596923828,43.442012786865234,60.28071975708008,28.44118881225586,82.470703125
2017-01-03,193.96815490722656,43.71290969848633,60.74138641357422,28.782394409179688,82.55463409423828
2017-01-04,195.12210083007812,44.209556579589844,61.85649490356445,29.001728057861328,82.5775146484375
2017-01-05,194.96713256835938,44.585811614990234,60.793060302734375,29.318559646606445,82.920989990234375
2017-01-06,195.66465759277344,44.4353141784668,60.47014236450195,29.196701049804688,82.646240234375
2017-01-09,195.01878356933594,44.367584228515625,59.83295440673828,29.172330856323242,82.78361511230469
2017-01-10,195.01878356933594,44.37511444091797,60.38835144042969,29.342926025390625,82.76069641113281
2017-01-11,195.5699005126953,44.6083869934082,60.59931945800781,29.692245483398438,82.85993194580078
2017-01-12,195.0790252685547,44.676116943359375,59.89320755004883,29.822227478027344,82.8904037475586
2017-01-13,195.52685546875,44.84166717529297,60.32807159423828,29.79785919189453,82.74542999267578
2017-01-17,194.83792114257812,44.676116943359375,59.60044860839844,29.7816104888916,83.02782440185547
2017-01-18,195.2684783935547,44.54819107055664,59.76835632324219,29.619136810302734,82.66912078857422
2017-01-19,194.54513549804688,44.4353141784668,59.11394500732422,29.529766082763672,82.45543670654297
2017-01-20,195.25990295410156,44.691165924072266,59.43252944946289,29.586639404296875,82.4859390258789
2017-01-23,194.75181579589844,44.804039001464844,59.12685012817383,30.025318145751953,82.71489715576172
2017-01-24,196.00048828125,44.91692352294922,60.005149841308594,30.212162017822266,82.58516693115234
2017-01-25,197.69705200195312,45.383460998535156,60.689727783203125,30.545236587524414,82.36385345458984
2017-01-26,197.49029541015625,45.20287322998047,60.26350402832031,30.415252685546875,82.41727447509766
2017-01-27,197.18026733398438,45.12761688232422,59.98794174194336,30.439634323120117,82.4859390258789
2017-01-30,195.95741271972656,44.804039001464844,59.075191497802734,30.27715301513672,82.44774627685547
2017-01-31,195.9402313232422,44.87176513671875,59.55310821533203,30.334014892578125,82.646240234375
2017-02-01,196.01771545410156,45.052364349365234,59.46698760986328,30.35027503967285,82.52998352050781
2017-02-02,196.14686584472656,45.0749397277832,59.191429138183594,30.48025131225586,82.57585906982422
2017-02-03,197.49887084960938,45.25553512573242,60.117122650146484,30.667102813720703,82.59882354736328
2017-02-06,197.1458282470703,44.93195343017578,59.566001892089844,30.59398078918457,82.83587646484375
2017-02-07,197.15443420410156,44.88682174682617,59.316287994384766,30.439634323120117,82.91996002197266
2017-02-08,197.41281127929688,44.96206283569336,59.20865249633789,30.62647819519043,83.15705108642578
2017-02-09,198.58395385742188,45.15018844604492,60.18169021606445,30.76458168029785,82.95819854736328
2017-02-10,199.36761474609375,45.25553512573242,60.706947326660156,31.048913955688477,82.94293975830078
2017-02-13,200.45266723632812,45.43614196777344,60.74570083618164,31.146394729614258,82.82059478759766
2017-02-14,201.2536163330078,45.36842346191406,60.939430236816406,31.17888641357422,82.63706970214844
2017-02-15,202.30419921875,45.54148483276367,61.30111312866211,31.430723190307617,82.507049560546875
2017-02-16,202.13197326660156,45.646846771240234,61.051387786865234,31.316997528076172,82.6829605102539
2017-02-17,202.45059204101562,45.52644348144531,60.95237350463867,31.187015533447266,82.86646270751953
2017-02-21,203.65626525878906,45.67694854736328,61.490562438964844,31.52821159362793,82.85880279541016
2017-02-22,203.47537231445312,45.67694854736328,61.249446868896484,31.625694274902344,82.91236877441406
2017-02-23,203.61312866210938,45.77476119995117,60.857635498046875,31.63381576538086,83.04998779296875
2017-02-24,203.87147521972656,45.44367218017578,60.86195373535156,31.26012420654297,83.3559341430664
2017-02-27,204.1901397705078,45.4737663269043,61.404449462890625,31.162649154663086,83.20296478271484
2017-02-28,203.63897705078125,45.40604019165039,60.35821533203125,30.8620662689209,83.18000030517578
2017-03-01,206.4894256591797,45.88011169433594,61.46470642089844,31.34136962890625,82.78919982910156
2017-03-02,205.18911743164062,45.5791130065918,60.857635498046875,30.78895378112793,82.635955810546875
2017-03-03,205.3181915283203,45.85002899169922,60.56486129760742,31.024551391601562,82.69725036621094
2017-03-06,204.70681762695312,45.7070426940918,59.98794174194336,31.040788650512695,82.658905029296875
2017-03-07,204.09542846679688,45.54901123046875,59.501426696777344,31.073287963867188,82.5516357421875
2017-03-08,203.71652221679688,45.383460998535156,59.096710205078125,30.78082847595215,82.3524169921875
2017-03-09,203.974853515625,45.556549072265625,58.717830657958984,30.53711700439453,82.09954071044922
2017-03-10,204.68963623046875,45.94031524658203,59.001983642578125,30.87831687927246,82.22212219238281
2017-03-13,204.7930145263672,46.18111801147461,59.14408874511719,31.308870315551758,82.08423614501953
2017-03-14,204.0093231201172,45.82744598388672,59.001983642578125,31.130144119262695,82.11485290527344
2017-03-15,205.77462768554688,46.48211669921875,59.8587760925293,31.94252586364746,82.58998107910156
2017-03-16,205.3699188232422,46.70787048339844,60.01376724243164,32.137489318847656,82.498016357421875
2017-03-17,205.00929260253906,46.82827377319336,60.24195861816406,32.08062744140625,82.674285888671875
2017-03-20,204.78439331054688,46.73045349121094,59.86738967895508,32.454322814941406,82.79685974121094
2017-03-21,202.1550750732422,46.51974105834961,58.37339782714844,32.09687423706055,82.96546173095703
2017-03-22,202.6307830810547,46.52727127075195,58.162437438964844,32.25122833251953,83.08039093017578
2017-03-23,202.41456604003906,46.63262939453125,58.6144905090332,32.25934982299805,83.1033935546875
2017-03-24,202.26747131347656,46.76054763793945,58.48603439331055,32.3405876159668,83.03443145751953
2017-03-27,202.05990600585938,46.880950927734375,58.55525207519531,32.25122833251953,83.2336654663086
2017-03-28,203.53030395507812,47.106693267822266,59.06991958618164,32.3405876159668,83.042144775390625
2017-03-29,203.7205352783203,47.106693267822266,59.29912567138672,32.3974609375,83.22599792480469
2017-03-30,204.3692169189453,46.9411506652832,59.81812286376953,32.22685241699219,83.07270050048828
2017-03-31,203.8935546875,46.87342834472656,59.96518325805664,31.999391555786133,83.13399505615234
2017-04-03,203.53890991210938,46.805694580078125,58.775814056396484,32.17811584472656,83.44270324707031
2017-04-04,203.66867065429688,46.790653228759766,58.80177307128906,32.194358825683594,83.365936279296875
2017-04-05,203.063232421875,46.542320251464844,58.21358108520508,32.09687423706055,83.45807647705078
2017-04-06,203.634033203125,46.54985427856445,58.853660583496094,32.04000473022461,83.45036315917969
2017-04-07,203.42648315429688,46.51974105834961,58.77149200439453,31.983142852783203,83.26612091064453
2017-04-10,203.54754638671875,46.467063903808594,59.09154510498047,31.853166580200195,83.37359619140625
2017-04-11,203.30540466308594,46.685302734375,59.58890151977539,31.780044555664062,83.61164855957031
2017-04-12,202.41456604003906,46.647674560546875,58.68498229980469,31.934391021728516,83.795928955078125
2017-04-13,201.09986877441406,46.346675872802734,58.005985260009766,31.796297073364258,83.903411865234375
2017-04-17,202.88160705566406,46.63262939453125,58.62876510620117,32.12936782836914,83.85733795166016
2017-04-18,202.2761688232422,46.421913146972656,58.7195930480957,31.723186492919922,84.1951904296875
2017-04-19,201.9042510986328,46.233795166015625,58.9920654296875,31.52821159362793,84.064666748046875
2017-04-20,203.54754638671875,46.602516174316406,59.83112335205078,31.91814613342285,83.93413543701172
2017-04-21,202.89889526367188,46.63262939453125,59.58024978637695,31.91814613342285,83.95716094970703
2017-04-24,205.13034057617188,47.814048767089844,60.27656555175781,32.373077392578125,83.83433532714844
2017-04-25,206.32391357421875,48.15268325805664,60.79555892944336,32.65740966796875,83.557891845703125
2017-04-26,206.19412231445312,48.01722717285156,61.23671340942383,32.535552978515625,83.6654052734375
2017-04-27,206.3671875,48.06237030029297,61.16316223144531,32.49493408203125,83.74214172363281
2017-04-28,205.91746520996094,48.009700775146484,60.272239685058594,32.54367446899414,83.88804626464844
2017-05-01,206.43634033203125,48.20534133911133,60.427955627441406,32.730525970458984,83.671844482421875
2017-05-02,206.51422119140625,48.45368576049805,60.27656555175781,32.966121673583984,83.78727722167969
2017-05-03,206.2633819580078,48.35585403442383,59.917598724365234,32.74677658081055,83.70256805419922
2017-05-04,206.50552368164062,48.814884185791016,59.766231536865234,32.38120651245117,83.63337707519531
2017-05-05,207.31858825683594,49.356689453125,60.25062942504883,32.649288177490234,83.648773193359375
2017-05-08,207.28399658203125,48.98795700073242,60.030059814453125,32.64116287231445,83.48712158203125
2017-05-09,207.0937042236328,48.86756134033203,60.12520217895508,33.05546569824219,83.494842529296875
2017-05-10,207.46560668945312,48.94280242919922,60.501468658447266,33.274810791015625,83.51792907714844
2017-05-11,207.0418243408203,48.82240295410156,59.943546295166016,33.34792709350586,83.5102310180664
2017-05-12,206.69581604003906,49.093299865722656,59.372657775878906,33.48603057861328,83.81798553466797
2017-05-15,207.83753967285156,49.34163284301758,59.761898040771484,33.82722091674805,83.78727722167969
2017-05-16,207.64723205566406,49.65767288208008,59.649471282958984,33.85972595214844,83.89498138427734
2017-05-17,203.96275329589844,49.093299865722656,58.26113510131836,33.28294372558594,84.32592010498047
2017-05-18,204.78439331054688,49.17608642578125,58.33467483520508,32.730525970458984,84.2797622680664
2017-05-19,206.11634826660156,49.747989654541016,58.667694091796875,33.429168701171875,84.2797622680664
2017-05-22,207.16293334960938,49.80819320678711,59.160743713378906,33.4616584777832,84.22586822509766
2017-05-23,207.62127685546875,49.815711975097656,59.31643295288086,33.49415588378906,84.06429290771484
2017-05-24,208.10562133789062,49.84580993652344,59.26885986328125,33.62413024902344,84.21050262451172
2017-05-25,209.10028076171875,49.84580993652344,59.376976013183594,33.78660583496094,84.24900817871094
2017-05-26,209.05702209472656,49.70283889770508,59.32938766479492,33.908470153808594,84.21821594238281
2017-05-30,208.87542724609375,49.650169372558594,58.95747756958008,33.72975540161133,84.37982940673828
2017-05-31,208.82351684570312,49.710365295410156,58.90989303588867,33.46977615356445,84.4644775390625
2017-06-01,210.48411560058594,50.03392791748047,60.02571487426758,33.75411605834961,84.42591857910156
2017-06-02,211.1846923828125,50.58327102661133,60.22901153564453,33.92470932006836,84.70345306396484
2017-06-05,211.0290069580078,50.30483627319336,59.80516052246094,33.884098052978516,84.57239532470703
2017-06-06,210.35440063476562,50.161865234375,59.59756088256836,33.90034866333008,84.74205017089844
2017-06-07,210.7435760498047,50.176910400390625,59.62781524658203,33.85972595214844,84.641845703125
2017-06-08,210.84739685058594,50.086612701416016,60.44523620605469,34.06281280517578,84.55702209472656
2017-06-09,210.52737426757812,49.89848327636719,61.21073913574219,33.802860260009766,84.48758697509766
2017-06-12,210.48411560058594,49.710365295410156,61.16316223144531,33.62413024902344,84.48758697509766
2017-06-13,211.5133819580078,50.094139099121094,61.38376235961914,33.78660583496094,84.5107421875
2017-06-14,211.24530029296875,50.05649948120117,61.1458854675293,33.77849197387695,84.78063201904297
2017-06-15,210.8388214111328,49.53728103637695,60.856109619140625,33.429168701171875,84.72664642333984
2017-06-16,210.88479614257812,49.958683013916016,60.427955627441406,33.48603057861328,84.78063201904297
2017-06-19,212.6404571533203,50.161865234375,60.61823654174805,33.81910705566406,84.66496276855469
2017-06-20,211.2063751220703,49.75811004638672,59.85704040527344,33.445316314697266,84.796051025390625
2017-06-21,211.15428161621094,49.69693374633789,59.41159439086914,33.51877212524414,84.81146240234375
2017-06-22,211.05859375,49.68928527832031,59.62781524658203,33.690162658691406,84.85002899169922
2017-06-23,211.31065368652344,49.8116340637207,60.12086486816406,33.86970520019531,84.86547088623047
2017-06-26,211.44979858398438,49.89574432373047,60.33280563354492,34.1961669921875,84.94255828857422
2017-06-27,209.7462615966797,49.88810348510742,60.03651809692383,33.79624557495117,84.68806457519531
2017-06-28,211.62355041503906,50.323974609375,60.956138610839844,34.057411193847656,84.7188949584961
2017-06-29,209.7636260986328,49.826934814453125,60.6915283203125,33.62486267089844,84.55702209472656
2017-06-30,210.15475463867188,49.857513427734375,60.652503967285156,33.77992630004883,84.44904327392578
2017-07-03,210.51109313964844,49.79635238647461,61.32486343383789,33.975807189941406,84.29833984375
2017-07-05,210.997802734375,49.79635238647461,60.81733322143555,33.91051483154297,84.344696044921875
2017-07-06,209.06832885742188,49.5745849609375,59.98446273803711,33.50244140625,84.18242645263672
2017-07-07,210.42416381835938,49.58222961425781,60.57441711425781,33.5677375793457,84.15150451660156
2017-07-10,210.65017700195312,49.70457077026367,60.2620849609375,33.88603591918945,84.190155029296875
2017-07-11,210.49374389648438,49.81928253173828,60.30113220214844,34.16351318359375,84.2674331665039
2017-07-12,212.0754852294922,50.2169189453125,60.782630920410156,34.82457733154297,84.522430419921875
2017-07-13,212.43191528320312,50.36220932006836,61.05158233642578,34.9959716796875,84.42969512939453
2017-07-14,213.42269897460938,50.713966369628906,61.14701461791992,35.43668746948242,84.51471710205078
2017-07-17,213.3966064453125,50.61456298828125,61.38994598388672,35.27346420288086,84.5533447265625
2017-07-18,213.50955200195312,50.660438537597656,61.15134048461914,35.37956237792969,84.74652862548828
2017-07-19,214.66552734375,50.882198333740234,61.87578582763672,35.673370361328125,84.76971435546875
2017-07-20,214.76113891601562,51.08865737915039,61.99723815917969,35.63256072998047,84.79290008544922
2017-07-21,214.56993103027344,50.88985061645508,61.6762580871582,35.60808563232422,84.93968963623047
2017-07-24,214.51776123046875,50.7522087097168,61.55478286743164,35.71417236328125,84.86244201660156
2017-07-25,215.0392608642578,50.82102584838867,62.162109375,35.62440490722656,84.56108093261719
2017-07-26,215.04794311523438,51.13454818725586,61.61117935180664,35.918216705322266,84.7233657836914
2017-07-27,214.8480224609375,51.01984786987305,61.420310974121094,35.722347259521484,84.59974670410156
2017-07-28,214.59600830078125,51.0733642578125,61.28582000732422,35.70602035522461,84.76971435546875
2017-07-31,214.4742889404297,51.1804313659668,61.10797882080078,35.746826171875,84.73108673095703
2017-08-01,214.95228576660156,51.46335983276367,61.30320358276367,35.8529167175293,84.96334075927734
2017-08-02,215.056640625,51.48630142211914,60.526695251464844,35.88556671142578,84.90143585205078
2017-08-03,214.6394805908203,51.51689147949219,60.23605728149414,35.73866271972656,85.0718002319336
2017-08-04,215.03054809570312,51.58570861816406,60.54405212402344,35.869239807128906,84.9323959350586
2017-08-07,215.43032836914062,51.608646392822266,60.470298767089844,36.11408996582031,84.92463684082031
2017-08-08,214.90017700195312,51.33335876464844,60.227386474609375,36.12224578857422,84.84722137451172
2017-08-09,214.89144897460938,51.24924850463867,59.74586868286133,35.7957878112793,84.92463684082031
2017-08-10,211.85824584960938,50.52279281616211,58.952030181884766,34.9470100402832,85.00988006591797
2017-08-11,212.17108154296875,50.43102264404297,58.82624435424805,35.02861785888672,85.07952880859375
2017-08-14,214.27439880371094,50.7980842590332,59.633087158203125,35.38772201538086,85.04083251953125
2017-08-15,214.24830627441406,50.75984191894531,59.030113220214844,35.42852783203125,84.91692352294922
2017-08-16,214.62205505371094,51.05043029785156,59.034454345703125,35.7957878112793,85.0718002319336
2017-08-17,211.27590942382812,50.47691345214844,57.91094970703125,35.33876037597656,85.19569396972656
2017-08-18,210.9456787109375,50.61456298828125,57.75043487548828,35.640716552734375,85.14149475097656
2017-08-21,211.11077880859375,50.5992546081543,57.62898254394531,35.771305084228516,85.20345306396484
2017-08-22,213.31838989257812,50.84395980834961,58.21894454956055,36.171207427978516,85.12602996826172
2017-08-23,212.5535430908203,50.85161209106445,58.01504898071289,36.34259796142578,85.3196029663086
2017-08-24,212.0581512451172,50.736900329589844,58.16253662109375,36.45685577392578,85.21116638183594
2017-08-25,212.5535430908203,51.04277801513672,58.57462692260742,36.669063568115234,85.27313232421875
2017-08-28,212.56224060058594,51.04277801513672,58.60934829711914,36.53847122192383,85.3041000366211
2017-08-29,212.80560302734375,50.83632278442383,58.548614501953125,36.47318649291992,85.42801666259766
2017-08-30,213.81373596191406,50.767494201660156,58.808895111083984,36.530311584472656,85.4124984741211
2017-08-31,215.10009765625,51.15748977661133,59.446563720703125,36.58744430541992,85.5286865234375
2017-09-01,215.4043426513672,51.22631072998047,59.97145080566406,36.85676956176758,85.33470153808594
2017-09-05,213.85719299316406,50.882198333740234,59.32943344116211,36.375247955322266,85.68387603759766
2017-09-06,214.58729553222656,51.195716857910156,59.537662506103516,36.611934661865234,85.59074401855469
2017-09-07,214.56121826171875,51.61629867553711,59.442222595214844,36.88125228881836,85.800262451171875
2017-09-08,214.3091583251953,51.62394332885742,59.4942741394043,36.636417388916016,85.69937896728516
2017-09-11,216.59495544433594,52.02923583984375,60.04952621459961,37.126094818115234,85.46656799316406
2017-09-12,217.3250274658203,52.1898078918457,60.54405212402344,37.085289001464844,85.34244537353516
2017-09-13,217.42930603027344,51.9068717956543,60.79997253417969,36.88941192626953,85.257049560546875
2017-09-14,217.35977172851562,51.9986457824707,60.74791717529297,36.98735046386719,85.30367279052734
2017-09-15,217.65245056152344,52.044517517089844,61.164363861083984,37.20771408081055,85.28812408447266
2017-09-18,218.11534118652344,52.113346099853516,61.52873992919922,37.338294982910156,85.24932098388672
2017-09-19,218.33367919921875,52.35803985595703,61.57646179199219,37.419898986816406,85.20275115966797
2017-09-20,218.4123077392578,52.24333953857422,61.89314270019531,37.24851989746094,85.13294219970703
2017-09-21,217.82708740234375,52.136287689208984,61.901798248291016,37.24851989746094,85.11739349365234
2017-09-22,217.8707733154297,52.2968635559082,62.33993911743164,37.03632354736328,85.17945098876953
2017-09-25,217.42530822753906,51.9986457824707,62.73469924926758,36.40789031982422,85.38124084472656
2017-09-26,217.5563507080078,51.88393783569336,63.150325775146484,36.30995178222656,85.35017395019531
2017-09-27,218.403564453125,51.92216873168945,64.3080062866211,36.179378509521484,85.10189056396484
2017-09-28,218.66558837890625,52.05982208251953,64.47337341308594,36.1548957824707,85.10960388183594
2017-09-29,219.4342041015625,52.36568832397461,64.54740142822266,36.57112503051758,85.03981018066406
2017-10-02,220.38629150390625,52.31980514526367,65.53096008300781,36.57927322387695,85.09192657470703
2017-10-03,220.85794067382812,52.49568557739258,65.6441421508789,37.15874099731445,85.16191864013672
2017-10-04,221.1199493408203,52.396270751953125,65.33946990966797,37.15058517456055,85.13855743408203
2017-10-05,222.4301300048828,52.36568832397461,65.55272674560547,37.42806625366211,85.09971618652344
2017-10-06,222.1768341064453,52.32746124267578,65.3264389038086,37.2403564453125,84.97528076171875
2017-10-09,221.8099822998047,52.34273910522461,64.96954345703125,37.21586990356445,85.09192657470703
2017-10-10,222.3951416015625,52.83979034423828,65.14361572265625,37.5831298828125,85.09971618652344
2017-10-11,222.7445831298828,52.969791412353516,65.034820556640625,37.7545280456543,85.115234375
2017-10-12,222.41265869140625,52.92391586303711,64.87377166748047,37.73820114135742,85.21631622314453
2017-10-13,222.68345642089844,53.19920349121094,64.85638427734375,38.08098602294922,85.42623138427734
2017-10-16,222.98037719726562,53.160953521728516,64.7780532836914,38.056495666503906,85.34073638916016
2017-10-17,223.13760375976562,53.023311614990234,64.63441467285156,37.860618591308594,85.30961608886719
2017-10-18,223.35594177246094,53.17624282836914,65.12187957763672,37.95039367675781,85.17745208740234
2017-10-19,223.41712951660156,53.09214401245117,64.89554595947266,37.61577224731445,85.23963928222656
2017-10-20,224.57003784179688,53.023311614990234,65.252410888671875,37.7545280456543,84.990814208984375
2017-10-23,223.69656372070312,52.90861511230469,64.90861511230469,37.45254898071289,85.08409118652344
2017-10-24,224.08966064453125,52.99273681640625,65.034820556640625,37.45254898071289,84.90526580810547
2017-10-25,222.98037719726562,52.786258697509766,64.75630187988281,37.37093734741211,84.850830078125
2017-10-26,223.2686004638672,52.778621673583984,65.126220703125,37.11793899536133,84.75755310058594
2017-10-27,225.09408569335938,52.90097427368164,65.387359619140625,37.65658950805664,84.944183349609375
2017-10-30,224.255615234375,53.023311614990234,64.49079132080078,37.419898986816406,85.17745208740234
2017-10-31,224.6049346923828,53.24507522583008,64.93035125732422,37.77084732055664,85.1230239868164
2017-11-01,224.9019775390625,53.29859924316406,64.564788818359375,37.96671676635742,85.16041564941406
2017-11-02,224.98931884765625,53.45919418334961,64.77368927001953,38.015689849853516,85.20719146728516
2017-11-03,225.74049377441406,53.37506866455078,64.325408935546875,37.81981658935547,85.28507995605469
2017-11-06,226.08984375,53.4515380859375,64.41679382324219,38.244205474853516,85.363006591796875
2017-11-07,225.9326629638672,53.25273513793945,63.707393646240234,37.99937438964844,85.38639068603516
2017-11-08,226.31690979003906,53.42859649658203,63.91631317138672,38.17892074584961,85.33187103271484
2017-11-09,225.49591064453125,53.122718811035156,63.81186294555664,37.942237854003906,85.269500732421875
2017-11-10,225.42596435546875,52.97743606567383,63.80747604370117,37.77901077270508,84.9266357421875
2017-11-13,225.63560485839844,52.75567626953125,63.73786163330078,37.6973991394043,84.9266357421875
2017-11-14,225.11158752441406,52.717445373535156,63.746559143066406,37.444393157958984,85.0123519897461
2017-11-15,223.98486328125,52.4650993347168,63.3592643737793,37.24851989746094,85.1760025024414
2017-11-16,225.88893127441406,52.88566970825195,64.4342041015625,38.02384567260742,85.08251953125
2017-11-17,225.22511291503906,52.69449996948242,64.725830078125,38.2115592956543,85.1760025024414
2017-11-20,225.60946655273438,52.8092041015625,65.23937225341797,38.407440185546875,85.12923431396484
2017-11-21,227.08555603027344,53.20683670043945,65.9922866821289,38.92158889770508,85.2149658203125
2017-11-22,226.88470458984375,53.35211944580078,65.89217376708984,39.019535064697266,85.363006591796875
2017-11-24,227.40872192382812,53.788002014160156,65.90962219238281,38.93791961669922,85.34745025634766
2017-11-27,227.2952117919922,53.466835021972656,65.60929107666016,38.36662292480469,85.34745025634766
2017-11-28,229.60104370117188,53.77271270751953,66.81486511230469,38.65226745605469,85.34745025634766
2017-11-29,229.4613037109375,53.558597564697266,67.41544342041016,38.04018020629883,85.13706970214844
2017-11-30,231.47019958496094,53.61212921142578,67.37196350097656,37.62393569946289,84.99677276611328
2017-12-01,230.98983764648438,53.398014068603516,67.04119110107422,37.411746978759766,85.23966217041016
2017-12-04,230.7103271484375,53.20683670043945,67.20220947265625,37.48519515991211,85.23179626464844
2017-12-05,229.88055419921875,53.09214401245117,66.52763366699219,37.46071243286133,85.3177490234375
2017-12-06,229.92422485351562,52.98508071899414,66.13593292236328,36.954708099365234,85.40360260009766
2017-12-07,230.64927673339844,53.122718811035156,66.44926452636719,37.06081008911133,85.29430389404297
2017-12-08,231.90695190429688,53.40565872192383,66.43187713623047,37.49335479736328,85.26307678222656
2017-12-11,232.60572814941406,53.543304443359375,66.2926254272461,37.68107604980469,85.23179626464844
2017-12-12,233.01625061035156,53.61212921142578,66.12285614013672,37.42806625366211,85.19276428222656
2017-12-13,232.98997497558594,53.81858825683594,66.3187255859375,37.87694549560547,85.43482208251953
2017-12-14,232.03790283203125,53.52036666870117,65.487457275390625,37.59946060180664,85.45829772949219
2017-12-15,233.97023010253906,53.505069732666016,66.523284912109375,37.68107604980469,85.48167419433594
2017-12-18,235.45384216308594,54.1397590637207,67.58519744873047,38.1054573059082,85.372406005859375
2017-12-19,234.5496368408203,53.94114685058594,66.93309783935547,37.904136657714844,85.12248992919922
2017-12-20,234.4267578125,53.848411560058594,67.1385269165039,37.953853607177734,84.92729187011719
2017-12-21,234.90956115722656,54.04160690307617,67.47505187988281,38.20240020751953,85.00225067138672
2017-12-22,234.84814453125,54.180721282958984,67.36580657958984,38.5255126953125,85.04129791259766
2017-12-26,234.56715393066406,54.16525650024414,67.49253845214844,38.49237823486328,85.11164093017578
2017-12-27,234.68133544921875,54.26571273803711,67.30461883544922,38.591796875,85.37721252441406
2017-12-28,235.1641845703125,54.29663848876953,67.57997131347656,38.85691833496094,85.3147201538086
2017-12-29,234.27748107910156,54.33526611328125,67.12104034423828,39.0391845703125,85.400665283203125
2018-01-02,235.95431518554688,54.73714065551758,67.82471466064453,39.776554107666016,85.275665283203125
2018-01-03,237.4467010498047,54.9998779296875,67.65862274169922,40.15766906738281,85.283447265625
2018-01-04,238.44752502441406,55.6026611328125,67.91648864746094,40.35650634765625,85.22881317138672
2018-01-05,240.03656005859375,55.911766052246094,67.9864501953125,40.70448684692383,85.17411804199219
2018-01-08,240.4755401611328,55.89632034301758,68.2442855834961,40.70448684692383,85.150665283203125
2018-01-09,241.0198516845703,55.95815658569336,67.86408233642578,40.638206481933594,84.91636657714844
2018-01-10,240.65106201171875,55.84994888305664,67.938385009765625,40.38136672973633,84.91636657714844
2018-01-11,242.4068603515625,56.23634719848633,69.25831604003906,40.62991714477539,84.955413818359375
2018-01-12,243.98709106445312,56.80049133300781,69.54242706298828,41.01931381225586,84.939788818359375
2018-01-16,243.153076171875,56.74639129638672,68.78629302978516,40.86189270019531,84.96319580078125
2018-01-17,245.47068786621094,57.04006576538086,69.36756134033203,41.400428771972656,84.8694839477539
2018-01-18,245.05816650390625,56.970516204833984,68.69886016845703,41.45013427734375,84.6820297241211
2018-01-19,246.17311096191406,57.287353515625,69.62110137939453,41.789825439453125,84.50233459472656
2018-01-22,248.1747283935547,57.58103561401367,69.782806396484375,42.03008270263672,84.47110748291016
2018-01-23,248.7014617919922,57.7664909362793,69.6910171508789,42.22893142700195,84.67418670654297
2018-01-24,248.6049041748047,57.866943359375,69.38068389892578,42.58518981933594,84.5882797241211
2018-01-25,248.7102813720703,57.642845153808594,69.36322021484375,42.56032943725586,84.80701446533203
2018-01-26,251.58975219726562,58.152889251708984,69.60798645019531,43.14857482910156,84.6507797241211
2018-01-29,249.92172241210938,57.619659423828125,69.1927490234375,42.49405288696289,84.50233459472656
2018-01-30,247.3583221435547,57.14053726196289,68.50654602050781,41.914100646972656,84.36956787109375
2018-01-31,247.481201171875,57.06324768066406,68.012664794921875,42.27864074707031,84.439849853515625
2018-02-01,247.2002410888672,57.22554397583008,68.21370697021484,41.70697021484375,84.17522430419922
2018-02-02,241.81861877441406,56.066341400146484,66.79759979248047,40.638206481933594,83.92472839355469
2018-02-05,231.70526123046875,53.717041015625,64.3150405883789,39.21316909790039,84.261322021484375
2018-02-06,236.27029418945312,54.775760650634766,65.00997161865234,40.48906707763672,84.01868438720703
2018-02-07,234.98855590820312,54.196170806884766,65.11927032470703,39.21316909790039,83.83074951171875
2018-02-08,226.17440795898438,52.781959533691406,63.567623138427734,37.85442352294922,83.68985748291016
2018-02-09,229.57196044921875,53.006065368652344,64.205780029296875,38.459228515625,83.58026885986328
2018-02-12,232.94305419921875,53.81751251220703,64.6865234375,39.06403732299805,83.60376739501953
2018-02-13,233.5225830078125,53.65522384643555,64.76957702636719,39.3623046875,83.62724304199219
2018-02-14,236.67417907714844,54.60574722290039,65.91032409667969,40.34822463989258,83.34539794921875
2018-02-15,239.69407653808594,54.9457893371582,66.53973388671875,41.17673110961914,83.44718933105469
2018-02-16,239.76437377929688,55.193077087402344,66.94620513916016,41.04417419433594,83.61157989501953
2018-02-20,238.26327514648438,54.6753044128418,66.2556381225586,40.48078536987305,83.52546691894531
2018-02-21,237.0779571533203,54.41255569458008,66.19883728027344,40.4476432800293,83.25926971435547
2018-02-22,237.38525390625,54.6984977722168,66.24688720703125,40.472503662109375,83.26715087890625
2018-02-23,241.16905212402344,55.131256103515625,67.05110168457031,41.193302154541016,83.4784927368164
2018-02-26,243.96951293945312,55.649024963378906,67.5406265258789,41.57441711425781,83.54108428955078
2018-02-27,240.92318725585938,54.8221321105957,66.47418975830078,40.36478805541992,83.361053466796875
2018-02-28,238.48263549804688,54.30436706542969,65.26347351074219,39.784847259521484,83.58807373046875
2018-03-01,235.014892578125,53.392459869384766,65.07117462158203,39.71028137207031,83.66265106201172
2018-03-02,236.22642517089844,53.64748001098633,65.792327880859375,39.875980377197266,83.52924346923828
2018-03-05,238.9567413330078,53.93342208862305,66.43485260009766,39.93397521972656,83.48218536376953
2018-03-06,239.5625,54.250267028808594,67.20845031738281,40.30680465698242,83.49784088134766
2018-03-07,239.4747314453125,54.23480987548828,67.53189849853516,40.34822463989258,83.48218536376953
2018-03-08,240.63351440429688,54.350738525390625,67.3089828491211,40.35650634765625,83.61554718017578
2018-03-09,244.82102966308594,54.6984977722168,68.279266357421875,41.21815490722656,83.4586181640625
2018-03-12,244.5138397216797,54.760311126708984,68.585235595703125,41.317569732666016,83.50569152832031
2018-03-13,242.93359375,54.39710235595703,68.471588134765625,40.944740295410156,83.61554718017578
2018-03-14,241.68702697753906,54.528465270996094,67.92523193359375,41.01102828979492,83.75679779052734
2018-03-15,241.42364501953125,54.49755096435547,67.65423583984375,40.86189270019531,83.76464080810547
2018-03-16,241.6855010986328,54.45892333984375,68.34481048583984,40.77075958251953,83.71752166748047
2018-03-19,238.41529846191406,54.01842498779297,67.68049621582031,40.331661224365234,83.63123321533203
2018-03-20,238.82083129882812,54.01070022583008,67.43135070800781,40.779048919677734,83.49784088134766
2018-03-21,238.3625030517578,54.0957145690918,67.8509292602539,41.01931381225586,83.4900131225586
2018-03-22,232.40406799316406,53.091064453125,66.4642105102539,39.652278900146484,83.64691925048828
2018-03-23,227.4504852294922,52.503746032714844,65.02131652832031,38.848636627197266,83.64691925048828
2018-03-26,233.6732940673828,53.446556091308594,66.3984375,40.10795593261719,83.61554718017578
2018-03-27,229.69808959960938,53.05243682861328,65.39410400390625,39.37887954711914,83.8587646484375
2018-03-28,229.0193328857422,53.361549377441406,65.6177749633789,39.18003463745117,83.9058609008789
2018-03-29,231.9457550048828,53.848411560058594,66.15281677246094,40.00025177001953,84.14905548095703
2018-04-02,226.93927001953125,53.106529235839844,64.62664794921875,39.27945327758789,84.06494140625
2018-04-03,229.8479766845703,53.446556091308594,65.66603088378906,39.668853759765625,83.97058868408203
2018-04-04,232.30711364746094,53.632022857666016,66.47736358642578,39.685420989990234,84.00205993652344
2018-04-05,234.14051818847656,53.98751449584961,67.21414947509766,39.784847259521484,83.88404846191406
2018-04-06,228.92242431640625,53.632022857666016,66.03002166748047,39.00604248046875,84.07280731201172
2018-04-09,230.05068969726562,54.07252883911133,65.793212890625,39.04746627807617,84.1435775756836
2018-04-10,233.70849609375,54.652130126953125,67.1615219116211,39.809696197509766,84.0806884765625
2018-04-11,232.4833984375,54.44346618652344,67.27116394042969,39.82626724243164,84.15141296386719
2018-04-12,234.39608764648438,54.652130126953125,67.59571075439453,39.809696197509766,83.96272277832031
2018-04-13,233.70849609375,54.70622634887695,67.44219207763672,39.41202163696289,83.98631286621094
2018-04-16,235.63003540039062,54.79122543334961,68.091278076171875,39.46172332763672,84.00205993652344
2018-04-17,238.15086364746094,55.038516998291016,68.70528411865234,39.54457092285156,84.02559661865234
2018-04-18,238.3272705078125,55.32444763183594,68.93331146240234,39.88426208496094,83.78973388671875
2018-04-19,237.00515747070312,55.11579895019531,68.5079116821289,39.652278900146484,83.58522033691406
2018-04-20,234.99537658691406,54.90714645385742,68.04742431640625,39.15517044067383,83.357208251953125
2018-04-23,234.960205078125,54.83759307861328,68.10880279541016,38.84034729003906,83.31787109375
2018-04-24,231.79591369628906,54.61348342895508,67.99918365478516,38.6580810546875,83.2077407836914
2018-04-25,232.36880493164062,54.520748138427734,67.98603820800781,38.359806060791016,83.09770202636719
2018-04-26,234.7310333251953,54.79122543334961,68.04302978515625,38.9149169921875,83.239227294921875
2018-04-27,234.95132446289062,54.8453254699707,67.94217681884766,39.15517044067383,83.341461181640625
2018-04-30,233.1444549560547,54.667579650878906,67.31941223144531,38.87348556518555,83.357208251953125
2018-05-01,233.55874633789062,54.47438430786133,67.39835357666016,38.682926177978516,83.28627014160156
2018-05-02,231.9898681640625,54.451202392578125,67.60009765625,38.376380920410156,83.28627014160156
2018-05-03,231.47857666015625,54.62120819091797,67.13517761230469,38.293540954589844,83.38084411621094
2018-05-04,234.47543334960938,54.81440734863281,67.98603820800781,38.467525482177734,83.43602752685547
2018-05-07,235.26869201660156,54.8221321105957,68.433349609375,38.24382400512695,83.39655303955078
2018-05-08,235.26869201660156,54.829864501953125,69.00788116455078,38.459228515625,83.302032470703125
2018-05-09,237.54275512695312,54.96123504638672,69.529754638671875,38.53379821777344,83.20745086669922
2018-05-10,239.7639617919922,55.316734313964844,69.83673095703125,39.33745193481445,83.39655303955078
2018-05-11,240.4954833984375,55.463558197021484,69.86305236816406,39.27117156982422,83.43602752685547
2018-05-14,240.61012268066406,55.564029693603516,69.64818572998047,39.32088088989258,83.35718536376953
2018-05-15,238.95303344726562,55.162166595458984,69.80606842041016,38.50893783569336,82.986785888671875
2018-05-16,239.95777893066406,55.23944854736328,70.63933563232422,39.088897705078125,82.892181396484375
2018-05-17,239.75506591796875,55.32444763183594,71.086669921875,38.49237823486328,82.78179168701172
2018-05-18,239.1557159423828,55.123538970947266,71.1524429321289,38.16925811767578,82.9946517944336
2018-05-21,240.95384216308594,55.47127914428711,71.86292266845703,38.40122985839844,83.002532958984375
2018-05-22,240.28390502929688,55.4017333984375,71.26207733154297,38.53379821777344,83.002532958984375
2018-05-23,240.9450225830078,54.79122543334961,71.29277801513672,38.51723098754883,83.23107147216797
2018-05-24,240.45150756835938,54.62120819091797,71.29718017578125,38.31010437011719,83.45967864990234
2018-05-25,239.8784942626953,54.26571273803711,71.12174224853516,38.467525482177734,83.64093780517578
2018-05-29,237.11965942382812,53.160621643066406,71.05596923828125,37.572731018066406,84.19267272949219
2018-05-30,240.28390502929688,53.9720573425293,72.082183837890625,37.870994567871094,83.9798583984375
2018-05-31,238.8119659423828,53.632022857666016,71.2708511352539,37.85442352294922,83.90894317626953
2018-06-01,241.15655517578125,54.0957145690918,71.7006607055664,38.38466262817383,83.805419921875
2018-06-04,242.3023681640625,54.257999420166016,72.36287689208984,38.77406692504883,83.60787200927734
2018-06-05,242.47865295410156,54.172977447509766,72.90229034423828,38.475799560546875,83.67110443115234
2018-06-06,244.50592041015625,54.659847259521484,73.32772064208984,39.055755615234375,83.48149108886719
2018-06-07,244.47955322265625,54.350738525390625,73.35401916503906,38.459228515625,83.6632080078125
2018-06-08,245.20223999023438,54.41255569458008,73.43736267089844,38.38466262817383,83.544708251953125
2018-06-11,245.52847290039062,54.760311126708984,73.70049285888672,38.38466262817383,83.45780944824219
2018-06-12,245.84573364257812,54.41255569458008,73.57331085205078,38.285247802734375,83.48149108886719
2018-06-13,245.06126403808594,54.489845275878906,73.02071380615234,38.02840805053711,83.40248107910156
2018-06-14,245.6782989501953,54.37391662597656,73.14791107177734,37.771575927734375,83.61579895019531
2018-06-15,245.3648681640625,54.0957145690918,73.12159729003906,37.473304748535156,83.64744567871094
2018-06-18,244.86016845703125,53.70931625366211,73.678558349609375,37.01762390136719,83.6632080078125
2018-06-19,243.92164611816406,53.21592330932617,73.75748443603516,36.6090087890625,83.750152587890625
2018-06-20,244.3378143310547,53.255332946777344,74.23992919921875,36.767452239990234,83.59210968017578
2018-06-21,242.80609130859375,52.87702178955078,73.55138397216797,36.25042724609375,83.61579895019531
2018-06-22,243.2487335205078,53.436614990234375,73.73120880126953,36.62568283081055,83.69480895996094
2018-06-25,239.93756103515625,52.69575119018555,72.696197509765625,36.13368225097656,83.64744567871094
2018-06-26,240.4687042236328,52.79033660888672,73.1080093383789,35.991905212402344,83.78175354003906
2018-06-27,238.47665405273438,52.293792724609375,72.1576156616211,35.29976272583008,83.93183135986328
2018-06-28,239.84007263183594,52.49082946777344,72.1576156616211,35.59996795654297,83.92393493652344
2018-06-29,240.18540954589844,52.78245544433594,71.8407974243164,36.13368225097656,83.995025634765625
2018-07-02,240.69894409179688,52.30167007446289,72.40839385986328,35.77509689331055,83.9150390625
2018-07-03,239.84886169433594,52.45930099487305,72.68122100830078,35.800113677978516,84.0892333984375
2018-07-05,241.80560302734375,52.979488372802734,73.52164459228516,35.70838165283203,84.16841125488281
2018-07-06,243.85081481933594,53.26321029663086,74.09367370605469,36.20038604736328,84.25550842285156
2018-07-09,246.04661560058594,53.77552795410156,74.71846008300781,36.85084915161133,84.17634582519531
2018-07-10,246.93199157714844,53.75187683105469,74.388458251953125,36.767452239990234,84.11299896240234
2018-07-11,245.12582397460938,52.85337448120117,73.64484405517578,36.050289154052734,84.1446533203125
2018-07-12,247.3480987548828,53.26321029663086,73.57445526123047,36.54229736328125,84.24760437011719
2018-07-13,247.54286193847656,53.42873764038086,73.4952621459961,36.56732177734375,84.3267822265625
2018-07-16,247.321533203125,53.40508270263672,73.160858154296875,36.367183685302734,84.23175048828125
2018-07-17,248.32199096679688,53.49965286254883,73.42484283447266,36.634029388427734,84.20006561279297
2018-07-18,248.8444061279297,53.50754928588867,73.754852294921875,36.59233474731445,84.17634582519531
2018-07-19,247.9058380126953,53.3972053527832,74.26966094970703,36.14202117919922,84.30299377441406
2018-07-20,247.62252807617188,53.649410247802734,73.97926330566406,36.65903854370117,84.13673400878906
2018-07-23,248.0830078125,53.649410247802734,73.92206573486328,36.41720962524414,83.84379577636719
2018-07-24,249.3312530517578,53.96466827392578,73.45123291015625,36.950923919677734,83.96257019042969
2018-07-25,251.4562530517578,54.36662673950195,73.4644775390625,37.55133819580078,83.970489501953125
2018-07-26,250.863037109375,54.122310638427734,74.19049072265625,37.13437271118164,83.92298889160156
2018-07-27,249.1631622314453,54.22477340698242,73.03764343261719,37.26780700683594,83.986328125
2018-07-30,247.86158752441406,54.21687316894531,73.05084228515625,37.20943069458008,83.89924621582031
2018-07-31,249.08335876464844,54.28781509399414,73.7196273803711,37.40957260131836,83.970489501953125
2018-08-01,248.66729736328125,54.011959075927734,73.40724182128906,37.07600784301758,83.883941650390625
2018-08-02,250.02195739746094,53.65730285644531,73.88246154785156,36.58399200439453,83.915740966796875
2018-08-03,251.09317016601562,53.6888313293457,73.57445526123047,36.86753463745117,84.09825134277344
2018-08-06,252.01405334472656,53.460262298583984,74.07606506347656,36.58399200439453,84.15380096435547
2018-08-07,252.84628295898438,53.87798309326172,73.992462158203125,36.95925521850586,84.00300598144531
2018-08-08,252.74000549316406,53.8306999206543,74.19487762451172,36.90922164916992,84.00300598144531
2018-08-09,252.39479064941406,53.67305374145508,74.26087188720703,36.800811767578125,84.12205505371094
2018-08-10,250.70362854003906,52.601173400878906,74.07606506347656,36.016937255859375,84.30461883544922
2018-08-13,249.76519775390625,52.41202163696289,73.78565216064453,35.42484664916992,84.35216522216797
2018-08-14,251.35882568359375,52.404136657714844,74.766876220703125,35.64167404174805,84.27284240722656
2018-08-15,249.48184204101562,51.64751052856445,73.84285736083984,34.61595153808594,84.39189147949219
2018-08-16,251.50054931640625,52.01005554199219,74.44126892089844,34.83277130126953,84.43952178955078
2018-08-17,252.38595581054688,52.31744384765625,74.8945083618164,35.199684143066406,84.48712158203125
2018-08-20,252.92587280273438,52.601173400878906,75.3212890625,35.35813522338867,84.65372467041016
2018-08-21,253.51922607421875,52.924312591552734,76.1925048828125,35.808448791503906,84.58232879638672
2018-08-22,253.3686981201172,53.12923812866211,76.23212432861328,36.091983795166016,84.65372467041016
2018-08-23,253.0321807861328,52.75092697143555,75.90650177001953,35.508243560791016,84.6061782836914
2018-08-24,254.55503845214844,53.05830001831055,76.02091217041016,36.16703414916992,84.70140838623047
2018-08-27,256.5649108886719,53.76763916015625,75.9153060913086,36.68406677246094,84.59029388427734
2018-08-28,256.6888427734375,53.72035217285156,75.88011169433594,36.550636291503906,84.431549072265625
2018-08-29,258.0699768066406,54.011959075927734,75.99451446533203,36.775794982910156,84.41569519042969
2018-08-30,257.02520751953125,53.49965286254883,75.74810791015625,35.81678771972656,84.45533752441406
2018-08-31,257.0340576171875,53.07406234741211,76.03411865234375,36.00025177001953,84.44744110107422
2018-09-04,256.5914306640625,52.62480545043945,75.59850311279297,35.29976272583008,84.353607177734375
2018-09-05,255.9008026123047,52.14405059814453,75.6161117553711,34.79106903076172,84.3138198852539
2018-09-06,255.1304931640625,51.986412048339844,75.05728912353516,34.82441711425781,84.45696258544922
2018-09-07,254.63465881347656,51.56868362426758,74.88569641113281,34.64930725097656,84.15473937988281
2018-09-10,255.07745361328125,51.88396072387695,74.80211639404297,34.307395935058594,84.23426055908203
2018-09-11,255.91851806640625,51.93124008178711,74.810882568359375,34.382450103759766,84.09113311767578
2018-09-12,255.98048400878906,52.15192794799805,74.63928985595703,34.55756759643555,84.146820068359375
2018-09-13,257.49444580078125,52.538124084472656,74.612884521484375,35.02457046508789,84.20246124267578
2018-09-14,257.53887939453125,52.6169319152832,74.96929168701172,34.9912109375,84.04341888427734
2018-09-17,256.1752624511719,52.66421890258789,74.38407897949219,34.674320220947266,84.04341888427734
2018-09-18,257.56536865234375,53.21592330932617,74.5292739868164,35.00789260864258,83.8604507446289
2018-09-19,257.83990478515625,53.40508270263672,74.26087188720703,35.49156188964844,83.70140075683594
2018-09-20,259.9293212890625,54.067134857177734,74.93406677246094,35.88349533081055,83.8127670288086
2018-09-21,259.69183349609375,54.09077835083008,74.64806365966797,36.050289154052734,83.87635803222656
2018-09-24,258.8291320800781,53.84645080566406,74.045257568359375,35.64167404174805,83.79685974121094
2018-09-25,258.58905029296875,54.114418029785156,74.00125885009766,35.78343963623047,83.757049560546875
2018-09-26,257.8152160644531,54.13807678222656,73.43782043457031,35.85847854614258,83.9559326171875
2018-09-27,258.5356140136719,54.02772903442383,73.40248107910156,36.03361129760742,84.011566162109375
2018-09-28,258.56231689453125,53.58635330200195,73.711578369140625,35.79176712036133,83.92407989501953
2018-10-01,259.46063232421875,53.649410247802734,72.67830657958984,35.800113677978516,83.90180206298828
2018-10-02,259.3094177246094,53.37355041503906,71.93204498291016,35.34979248046875,83.99747467041016
2018-10-03,259.4516296386719,53.27897644042969,72.65181732177734,35.05792999267578,83.59880065917969
2018-10-04,257.4239807128906,52.656341552734375,71.9894790649414,34.18231201171875,83.35965728759766
2018-10-05,255.98306274414062,52.34107971191406,71.34478759765625,34.05722427368164,83.17627716064453
2018-10-08,255.98306274414062,52.0888786315918,71.59648132324219,34.10725402832031,83.14441680908203
2018-10-09,255.6095428466797,51.95488739013672,71.43309783935547,33.98217010498047,83.26399230957031
2018-10-10,247.51611328125,50.85147476196289,69.56964111328125,32.97312545776367,83.240081787109375
2018-10-11,242.064208984375,50.14213943481445,68.00205993652344,32.639556884765625,83.4871826171875
2018-10-12,245.426025390625,50.32341384887695,67.78129577636719,33.598567962646484,83.5111083984375
2018-10-15,244.04750061035156,50.2052001953125,68.231689453125,33.239990234375,83.45532989501953
2018-10-16,249.3837432861328,51.06428527832031,69.81250762939453,34.073890686035156,83.503204345703125
2018-10-17,249.42840576171875,50.77265930175781,69.4592514038086,33.65694808959961,83.33573150634766
2018-10-18,245.82630920410156,49.95299530029297,68.112457275390625,32.772987365722656,83.2799072265625
2018-10-19,245.69287109375,50.236724853515625,67.60906219482422,33.08153533935547,83.20819091796875
2018-10-22,244.5900421142578,50.01604080200195,67.49866485595703,33.440120697021484,83.19222259521484
2018-10-23,243.34490966796875,49.54315185546875,66.90697479248047,33.073204040527344,83.295867919921875
2018-10-24,235.97190856933594,48.14024353027344,64.6152114868164,32.00579071044922,83.5111083984375
2018-10-25,240.20538330078125,48.74711990356445,66.05915069580078,32.62287521362305,83.43941497802734
2018-10-26,235.9808349609375,48.41608810424805,65.485107421875,32.24761962890625,83.63067626953125
2018-10-29,234.6733856201172,48.28211212158203,65.34379577636719,31.68889617919922,83.54303741455078
2018-10-30,238.1508331298828,48.86534118652344,66.74358367919922,32.30599594116211,83.42340850830078
2018-10-31,240.69451904296875,49.22789001464844,66.38591766357422,32.65624237060547,83.38359069824219
2018-11-01,243.25596618652344,49.85840606689453,67.44568634033203,33.82373046875,83.59425354003906
2018-11-02,241.815185546875,49.92934036254883,67.81660461425781,34.04054260253906,83.34589385986328
2018-11-05,243.14927673339844,49.92934036254883,68.13014221191406,34.13227844238281,83.4020004272461
2018-11-06,244.68789672851562,50.13426208496094,68.31999969482422,34.073890686035156,83.41002655029297
2018-11-07,249.9263916015625,50.8041877746582,69.282623291015625,34.71601867675781,83.482147216796875
2018-11-08,249.47274780273438,50.307655334472656,69.04859161376953,33.81538391113281,83.32989501953125
2018-11-09,247.03585815429688,49.97663497924805,67.9755859375,33.189945220947266,83.434051513671875
2018-11-12,242.4199676513672,49.156951904296875,66.84514617919922,32.722957611083984,83.57024383544922
2018-11-13,241.9663543701172,49.3697509765625,66.672943115234375,33.09821319580078,83.60228729248047
2018-11-14,240.31211853027344,49.409156799316406,66.16954803466797,33.29835891723633,83.61029052734375
2018-11-15,242.82012939453125,49.566795349121094,66.93346405029297,34.04054260253906,83.714447021484375
2018-11-16,243.45166015625,49.6219596862793,67.0615234375,34.10725402832031,83.850677490234375
2018-11-19,239.3337860107422,49.188480377197266,66.25785064697266,33.64860153198242,83.84263610839844
2018-11-20,234.90463256835938,48.337276458740234,64.9287338256836,32.923091888427734,83.8105697631836
2018-11-21,235.70509338378906,49.01508712768555,65.56459045410156,33.531856536865234,83.866668701171875
2018-11-23,234.13084411621094,48.69194030761719,65.387969970703125,33.13990783691406,83.84263610839844
2018-11-26,237.91075134277344,49.424922943115234,66.001739501953125,33.54853439331055,83.82660675048828
2018-11-27,238.7112579345703,49.23577117919922,65.46745300292969,33.78202819824219,83.850677490234375
2018-11-28,244.2075958251953,49.93722915649414,66.75244903564453,34.590938568115234,84.0108871459961
2018-11-29,243.6739044189453,49.68501281738281,66.30644989013672,34.29071807861328,84.05094146728516
2018-11-30,245.1593475341797,49.47220993041992,66.76566314697266,34.257362365722656,84.02690124511719
2018-12-03,248.4055938720703,50.126373291015625,67.27348327636719,34.949520111083984,84.16423034667969
2018-12-04,240.3566131591797,48.825927734375,64.231048583984375,34.20732116699219,84.3891372680664
2018-12-06,239.991943359375,48.36880874633789,63.86012268066406,33.890445709228516,84.5979232788086
2018-12-07,234.41546630859375,47.880149841308594,62.742950439453125,33.256656646728516,84.71034240722656
2018-12-10,234.86013793945312,47.50972366333008,62.155662536621094,32.906410217285156,84.76658630371094
2018-12-11,234.91354370117188,47.65947341918945,62.08501434326172,33.15658950805664,84.79065704345703
2018-12-12,236.09645080566406,48.360923767089844,62.818023681640625,33.698638916015625,84.72640228271484
2018-12-13,236.01634216308594,48.274227142333984,61.70966339111328,33.690303802490234,84.75049591064453
2018-12-14,231.6583709716797,47.651588439941406,60.813270568847656,33.214962005615234,84.77460479736328
2018-12-17,227.11363220214844,47.27327346801758,59.52629852294922,32.906410217285156,84.919158935546875
2018-12-18,226.8646240234375,47.3115119934082,59.504119873046875,33.12986755371094,85.16859436035156
2018-12-19,223.4671173095703,46.8574333190918,58.16878890991211,32.579689025878906,85.2490234375
2018-12-20,219.82955932617188,46.66625213623047,57.46786117553711,32.833621978759766,85.16859436035156
2018-12-21,215.32537841796875,45.85368347167969,56.14584732055664,32.605079650878906,85.128387451171875
2018-12-24,209.63583374023438,45.3199462890625,55.05895233154297,32.30036163330078,85.184722900390625
2018-12-26,220.22764587402344,46.37149429321289,57.58763122558594,32.94365310668945,85.023773193359375
2018-12-27,221.91839599609375,46.506919860839844,57.83607482910156,32.901336669921875,85.16057586669922
2018-12-28,221.6321258544922,46.753868103027344,58.19097137451172,33.21451950073242,85.47444152832031
2018-12-31,223.5733642578125,46.82558059692383,58.49264907836914,33.06216049194336,85.69165802001953
2019-01-02,223.80596923828125,46.72998046875,59.09599304199219,33.14680480957031,85.75601959228516
2019-01-03,218.46534729003906,46.30776596069336,58.159915924072266,32.54582977294922,86.110076904296875
2019-01-04,225.78298950195312,47.72575759887695,60.32927322387695,33.595420837402344,85.85260772705078
2019-01-07,227.5631866455078,47.908973693847656,61.2076530456543,33.67160415649414,85.70777893066406
2019-01-08,229.70123291015625,48.21965789794922,62.08605194091797,33.79856872558594,85.64336395263672
2019-01-09,230.77476501464844,48.7613639831543,62.71156311035156,34.3995475769043,85.71577453613281
2019-01-10,231.58883666992188,48.95255661010742,62.813621520996094,34.64501190185547,85.61925506591797
2019-01-11,231.6782989501953,48.61797332763672,63.02655029296875,34.47572326660156,85.73994445800781
2019-01-14,230.26480102539062,48.394920349121094,62.653900146484375,34.18793487548828,85.61925506591797
2019-01-15,232.90382385253906,48.649845123291016,62.840206146240234,34.4249382019043,85.63531494140625
2019-01-16,233.46742248535156,48.785274505615234,63.48350143432617,34.84816360473633,85.70777893066406
2019-01-17,235.2386932373047,48.96052169799805,64.0025405883789,35.00051498413086,85.64336395263672
2019-01-18,238.36972045898438,49.454437255859375,64.76560974121094,35.16981887817383,85.5789794921875
2019-01-22,235.14920043945312,48.68967056274414,63.740779876708984,34.560367584228516,85.65144348144531
2019-01-23,235.6412353515625,48.9127197265625,63.585548400878906,34.91586685180664,85.73994445800781
2019-01-24,235.7664794921875,48.9684944152832,63.94929122924805,35.254451751708984,85.88482666015625
2019-01-25,237.76138305664062,49.526123046875,64.75669860839844,35.720001220703125,85.84454345703125
2019-01-28,235.95436096191406,49.255271911621094,64.49939727783203,35.34755325317383,85.79627227783203
2019-01-29,235.6412353515625,49.3668098449707,64.48609924316406,35.40680694580078,86.021575927734375
2019-01-30,239.37164306640625,49.908504486083984,65.13824462890625,36.17708969116211,86.2147216796875
2019-01-31,241.4739227294922,49.93240737915039,65.66172790527344,36.4818000793457,86.47220611572266
2019-02-01,241.5902099609375,49.91646957397461,65.74600982666016,36.19401550292969,86.29309844970703
2019-02-04,243.28993225097656,50.099693298339844,66.43363952636719,36.25326156616211,86.22050476074219
2019-02-05,244.30975341796875,50.49004364013672,66.57115936279297,36.752655029296875,86.40608215332031
2019-02-06,243.98765563964844,50.23512268066406,66.45581817626953,36.25326156616211,86.35765838623047
2019-02-07,241.66188049316406,49.56595993041992,65.83473205566406,35.889286041259766,86.397979736328125
2019-02-08,241.95693969726562,49.406639099121094,65.6173324584961,35.68614196777344,86.59159851074219
2019-02-11,242.09112548828125,49.35883712768555,66.1985092163086,35.56764602661133,86.50288391113281
2019-02-12,245.20431518554688,49.93240737915039,67.04583740234375,35.86389923095703,86.519012451171875
2019-02-13,246.00042724609375,49.940364837646484,67.334197998046875,35.60995864868164,86.36573028564453
2019-02-14,245.45474243164062,49.956298828125,67.49390411376953,35.67768096923828,86.49478912353516
2019-02-15,248.12957763671875,50.68122863769531,68.58524322509766,35.626888275146484,86.559326171875
2019-02-19,248.5590057373047,50.8724250793457,69.07323455810547,35.906211853027344,86.60774230957031
2019-02-20,249.0599365234375,51.015811920166016,69.72537994384766,36.10935974121094,86.615814208984375
2019-02-21,248.17434692382812,50.91224670410156,69.2284927368164,36.03318405151367,86.42220306396484
2019-02-22,249.71302795410156,51.07954025268555,69.60559844970703,36.43101119995117,86.63996887207031
2019-02-25,250.0529327392578,51.230899810791016,69.40594482421875,36.83730697631836,86.615814208984375
2019-02-26,249.87399291992188,51.47785949707031,68.7405014038086,36.71033477783203,86.71266174316406
2019-02-27,249.76666259765625,51.270729064941406,68.74935150146484,36.39714431762695,86.52708435058594
2019-02-28,249.30154418945312,51.199031829833984,68.376739501953125,35.92314529418945,86.37381744384766
2019-03-01,250.85804748535156,51.47785949707031,68.76709747314453,35.96547317504883,86.23387908935547
2019-03-04,249.94561767578125,51.28667068481445,68.22142791748047,36.0162467956543,86.33903503417969
2019-03-05,249.6056365966797,51.3344612121582,67.84880828857422,36.37175750732422,86.3956069946289
2019-03-06,248.09381103515625,51.207008361816406,66.53565979003906,36.168617248535156,86.5250015258789
2019-03-07,246.018310546875,50.553768157958984,65.71051788330078,35.49993133544922,86.76766204833984
2019-03-08,245.5264129638672,50.561744689941406,65.56855010986328,35.2459831237793,86.88087463378906
2019-03-11,249.0867919921875,50.999874114990234,66.61107635498047,35.906211853027344,86.88892364501953
2019-03-12,250.02606201171875,50.96802520751953,66.42034149169922,36.092430114746094,87.05072784423828
2019-03-13,251.6811065673828,51.40616226196289,66.69981384277344,36.1347541809082,87.01025390625
2019-03-14,251.5199737548828,51.398193359375,66.38481140136719,35.9400749206543,86.88087463378906
2019-03-15,252.76271057128906,51.955833435058594,66.42476654052734,36.46487045288086,87.09922790527344
2019-03-18,253.67916870117188,52.139041900634766,66.9881591796875,36.87116241455078,87.08299255371094
2019-03-19,253.74205017089844,52.24261474609375,66.367095947265625,36.88808822631836,87.03453826904297
2019-03-20,252.9783935546875,52.266510009765625,65.73651885986328,36.947349548339844,87.390350341796875
2019-03-21,255.83567810058594,52.234649658203125,66.5291748046875,36.99813461303711,87.4065170288086
2019-03-22,250.9116668701172,51.230899810791016,64.079986572265625,35.91468048095703,87.84324645996094
2019-03-25,250.72303771972656,51.30259704589844,64.3649673461914,35.99931335449219,88.0049819946289
2019-03-26,252.5918731689453,51.557518005371094,65.02848052978516,36.10935974121094,88.021148681640625
2019-03-27,251.2711181640625,51.5814208984375,65.20662689208984,35.720001220703125,88.20711517333984
2019-03-28,252.2235870361328,51.453956604003906,65.75879669189453,35.95700454711914,88.21526336669922
2019-03-29,253.81396484375,51.669044494628906,65.70088958740234,36.32943344116211,88.20711517333984
2019-04-01,256.8239440917969,52.33025360107422,66.75627136230469,36.930419921875,87.8034896850586
2019-04-02,256.9498291015625,52.34617233276367,66.36885070800781,36.81190872192383,87.90070343017578
2019-04-03,257.3540954589844,52.75245666503906,66.609344482421875,37.06584930419922,87.73859405517578
2019-04-04,258.03704833984375,52.640926361083984,67.29063415527344,37.294395446777344,87.8034896850586
2019-04-05,259.2859191894531,52.77635192871094,67.88737487792969,37.58218002319336,87.86829376220703
2019-04-08,259.4836120605469,52.808223724365234,67.82501220703125,37.58218002319336,87.827789306640625
2019-04-09,258.15374755859375,52.4736442565918,66.88542175292969,37.50600051879883,87.87640380859375
2019-04-10,259.034423828125,52.672794342041016,67.87846374511719,37.68375778198242,88.046630859375
2019-04-11,258.96246337890625,52.5612678527832,67.86955261230469,37.277462005615234,87.94123840332031
2019-04-12,260.7145690917969,52.92770767211914,68.23917388916016,37.54832077026367,87.77101135253906
2019-04-15,260.5439758300781,52.95161056518555,67.9764404296875,37.3536376953125,87.7547836303711
2019-04-16,260.7145690917969,52.99143600463867,68.53752136230469,37.632965087890625,87.60077667236328
2019-04-17,260.0766906738281,53.14279556274414,68.426177978515625,37.74300003051758,87.59263610839844
2019-04-18,260.5887756347656,53.110931396484375,68.20800018310547,37.71760940551758,87.70616149902344
2019-04-22,260.8133850097656,53.02330017089844,67.655792236328125,37.472145080566406,87.60077667236328
2019-04-23,263.1585998535156,53.12687683105469,68.48853302001953,37.55678176879883,87.7547836303711
2019-04-24,262.5745849609375,52.76042175292969,68.746826171875,37.04893112182617,87.9574966430664
2019-04-25,262.4128112792969,52.7205924987793,67.82056427001953,36.99813461303711,87.949371337890625
2019-04-26,263.6347961425781,52.935672760009766,68.41729736328125,37.14202880859375,88.12769317626953
2019-04-29,264.0481262207031,53.150779724121094,68.764617919921875,37.21820068359375,87.97370147705078
2019-04-30,264.182861328125,53.1826286315918,68.53752136230469,37.18435287475586,88.03044128417969
2019-05-01,262.19720458984375,52.879920959472656,67.798309326171875,36.9050178527832,88.0872802734375
2019-05-02,261.6310119628906,52.80025863647461,67.909637451171875,36.98966598510742,87.89229583740234
2019-05-03,264.1918640136719,53.3658561706543,69.50382232666016,37.42981719970703,88.03852081298828
2019-05-06,263.1046142578125,52.76042175292969,69.49493408203125,36.6595573425293,88.15233612060547
2019-05-07,258.7109069824219,51.83634567260742,68.332672119140625,35.9400749206543,88.2579574584961
2019-05-08,258.3514709472656,51.90006637573242,67.78495025634766,35.889286041259766,88.2417221069336
2019-05-09,257.5697937011719,51.66108322143555,67.686981201171875,35.322174072265625,88.29045104980469
2019-05-10,258.8636779785156,52.04345703125,67.793853759765625,35.533782958984375,88.306732177734375
2019-05-13,252.3583221435547,50.83259201049805,65.66083526611328,34.3487663269043,88.4530029296875
2019-05-14,254.64056396484375,51.34242630004883,66.41785430908203,34.83123779296875,88.526153564453125
2019-05-15,256.132080078125,51.52566146850586,66.37776947021484,34.89894485473633,88.68048858642578
2019-05-16,258.50421142578125,51.93989562988281,66.5380859375,34.72966003417969,88.57490539550781
2019-05-17,256.8329772949219,51.59735107421875,65.48270416259766,34.10328674316406,88.59923553466797
2019-05-20,255.1348114013672,51.39022445678711,64.96614837646484,33.95939254760742,88.47736358642578
2019-05-21,257.4350280761719,51.73276901245117,65.77214050292969,34.391082763671875,88.46923065185547
2019-05-22,256.644287109375,51.52566146850586,64.97505950927734,34.22179412841797,88.61552429199219
2019-05-23,253.5084991455078,51.055641174316406,63.54559326171875,33.78163528442383,88.87554931640625
2019-05-24,254.0835418701172,51.60531997680664,64.01763916015625,33.81550216674805,88.90806579589844
2019-05-28,251.7203826904297,51.10344314575195,63.45654296875,33.93399429321289,89.03807067871094
2019-05-29,250.03121948242188,50.776824951171875,62.92662811279297,34.15406799316406,89.062469482421875
2019-05-30,250.71409606933594,50.96802520751953,62.63269805908203,34.34029006958008,89.298095703125
2019-05-31,247.3355712890625,50.5059700012207,61.697574615478516,34.45878982543945,89.71256256103516
2019-06-03,246.70668029785156,50.800724029541016,62.21859359741211,34.77198028564453,89.92431640625
2019-06-04,252.06179809570312,51.38225173950195,64.09332275390625,34.84816360473633,89.8429183959961
2019-06-05,254.2452392578125,51.366336822509766,63.64803695678711,34.56882858276367,89.79399871826172
2019-06-06,255.89849853515625,51.57345199584961,63.45654296875,34.585758209228516,89.77772521972656
2019-06-07,258.45928955078125,52.2266845703125,63.9107666015625,34.856624603271484,90.03021240234375
2019-06-10,259.64532470703125,52.37007141113281,64.41840362548828,35.2205924987793,89.79399871826172
2019-06-11,259.58251953125,52.63296127319336,64.32044219970703,35.61842346191406,89.77772521972656
2019-06-12,259.1242370605469,52.24261474609375,64.08443450927734,35.237525939941406,89.891754150390625
2019-06-13,260.19342041015625,52.29041290283203,64.92161560058594,35.17827606201172,90.08721923828125
2019-06-14,259.906005859375,51.90803527832031,64.293731689453125,34.78890609741211,90.06279754638672
2019-06-17,260.0047302246094,51.94546890258789,64.21504974365234,34.92622756958008,90.03836822509766
2019-06-18,262.7272644042969,52.637203216552734,65.03743743896484,35.770599365234375,90.28273010253906
2019-06-19,263.3203430175781,52.96273422241211,65.064239501953125,36.06910705566406,90.59222412109375
2019-06-20,265.8360900878906,53.42660903930664,65.52457427978516,36.59791564941406,90.74699401855469
2019-06-21,265.4496765136719,53.1987419128418,64.95697784423828,36.4785041809082,90.51078033447266
2019-06-24,265.1246643066406,53.31267547607422,64.25528717041016,36.427330017089844,90.6736831665039
2019-06-25,262.5243835449219,52.99528503417969,64.04521179199219,36.05204772949219,90.68998718261719
2019-06-26,262.26251220703125,53.06038284301758,64.268707275390625,36.393211364746094,90.4863510131836
2019-06-27,263.1925048828125,53.19060134887695,65.5156478881836,36.649085998535156,90.73887634277344
2019-06-28,264.5468444824219,53.49171447753906,66.42290496826172,36.59791564941406,90.69810485839844
2019-07-01,266.9486389160156,53.743995666503906,66.610595703125,37.03288269042969,90.76506805419922
2019-07-02,267.64373779296875,53.89860534667969,66.0564193725586,36.93907165527344,90.92835998535156
2019-07-03,269.78363037109375,54.26481628417969,66.56146240234375,36.87083435058594,91.075286865234375
2019-07-05,269.4766845703125,53.84978485107422,66.80725860595703,36.61497116088867,90.6916275024414
2019-07-08,267.995849609375,53.5405387878418,66.1636734008789,36.393211364746094,90.642608642578125
2019-07-09,268.33001708984375,53.31267547607422,65.91339874267578,36.2823371887207,90.61808776855469
2019-07-10,269.6120300292969,53.49984359741211,66.00279235839844,36.589378356933594,90.68341827392578
2019-07-11,270.24407958984375,53.48356628417969,65.59159851074219,36.521148681640625,90.34870910644531
2019-07-12,271.4539489746094,53.54867935180664,66.32905578613281,36.546730041503906,90.44666290283203
2019-07-15,271.5442810058594,53.59750747680664,65.8284912109375,36.683197021484375,90.57727813720703
2019-07-16,270.6684265136719,53.37778091430664,65.97595977783203,36.63203048706055,90.479339599609375
2019-07-17,268.82647705078125,53.30452346801758,65.35475158691406,36.521148681640625,90.71610260009766
2019-07-18,269.8107604980469,53.46729278564453,65.3234634399414,36.74290084838867,90.86302947998047
2019-07-19,268.3118591308594,53.31267547607422,65.283233642578125,36.555259704589844,90.75690460205078
2019-07-22,268.9709777832031,53.3696403503418,65.086578369140625,36.56379318237305,90.87120056152344
2019-07-23,270.8941345214844,53.70330047607422,65.77484893798828,36.606441497802734,90.781402587890625
2019-07-24,272.1673278808594,53.743995666503906,67.05754089355469,36.666141510009766,90.9120101928711
2019-07-25,270.86712646484375,53.1987419128418,66.48545837402344,36.34203338623047,90.77320098876953
2019-07-26,272.6818542480469,53.30452346801758,67.164794921875,36.41880416870117,90.78955078125
2019-07-29,272.1852722167969,53.41847229003906,66.6150894165039,36.35056686401367,90.83039855957031
2019-07-30,271.5171203613281,52.79996109008789,67.446380615234375,36.06910705566406,90.82221984863281
2019-07-31,268.54656982421875,52.45002365112305,67.28550720214844,35.6255989074707,90.86302947998047
2019-08-01,266.2080383300781,52.30354309082031,65.95811462402344,34.92622756958008,91.57495880126953
2019-08-02,264.2037353515625,51.83967208862305,65.14915466308594,34.58506393432617,91.6076889038086
2019-08-05,256.25830078125,50.545719146728516,63.28099060058594,33.30571365356445,92.00862884521484
2019-08-06,259.8517761230469,50.887516021728516,63.91117477416992,33.7833366394043,92.254119873046875
2019-08-07,260.00531005859375,51.082828521728516,64.02735900878906,33.93686294555664,92.20503234863281
2019-08-08,265.1065673828125,51.579254150390625,65.46647644042969,34.35478210449219,92.29505157470703
2019-08-09,263.3008117675781,51.22117233276367,64.6083755493164,34.005096435546875,92.172332763671875
2019-08-12,260.0956115722656,50.814273834228516,63.92903137207031,33.595706939697266,92.50782012939453
2019-08-13,264.14056396484375,51.2944221496582,64.53238677978516,34.02215576171875,92.3768539428711
2019-08-14,256.33050537109375,49.88653564453125,62.525665283203125,33.04131317138672,92.66329193115234
2019-08-15,257.0076904296875,50.05743408203125,62.14128494262695,33.26306915283203,93.08875274658203
2019-08-16,260.7998352050781,50.65964889526367,63.64298629760742,33.723636627197266,93.01514434814453
2019-08-19,263.9418640136719,50.96889877319336,64.362548828125,33.86009979248047,92.76963806152344
2019-08-20,261.91943359375,50.797996520996094,63.77706527709961,33.928321838378906,93.02332305908203
2019-08-21,264.05029296875,51.15607452392578,64.291046142578125,34.25243377685547,92.97419738769531
2019-08-22,263.96893310546875,51.05841827392578,64.08991241455078,33.80892562866211,92.728759765625
2019-08-23,257.1883850097656,50.42364501953125,62.09214401245117,33.30571365356445,93.10514831542969
2019-08-26,260.032470703125,50.83868408203125,62.744651794433594,33.484825134277344,93.064239501953125
2019-08-27,259.01214599609375,50.797996520996094,61.7927131652832,33.54452896118164,93.35882568359375
2019-08-28,260.8360290527344,50.797996520996094,62.70442581176758,33.63835525512695,93.36699676513672
2019-08-29,264.1676025390625,51.23746109008789,63.808353424072266,34.01362609863281,93.309722900390625
2019-08-30,264.05029296875,51.44090270996094,63.826229095458984,34.27800750732422,93.39154815673828
2019-09-03,262.5063781738281,51.34324264526367,62.92789840698242,34.064796447753906,93.369384765625
2019-09-04,265.4858703613281,52.06753921508789,63.58488464355469,34.6362419128418,93.53348541259766
2019-09-05,268.89874267578125,52.34423065185547,65.08209991455078,35.0285758972168,93.13153076171875
2019-09-06,269.1064453125,52.515140533447266,64.84076690673828,35.18209457397461,93.2299575805664
2019-09-09,269.2419128417969,52.669761657714844,66.3558578491211,35.29297637939453,92.8363037109375
2019-09-10,269.17864990234375,52.75927734375,67.50446319580078,35.31855773925781,92.3359603881836
2019-09-11,271.0927429199219,53.0522575378418,68.85868835449219,35.56589889526367,92.352386474609375
2019-09-12,272.03179931640625,53.36149597167969,68.863128662109375,35.82176971435547,92.20477294921875
2019-09-13,271.8511962890625,53.66260528564453,69.10004425048828,36.026466369628906,91.65521240234375
2019-09-16,271.0115661621094,53.18246078491211,69.22962951660156,35.74501419067383,91.90128326416016
2019-09-17,271.6977844238281,53.36149597167969,69.01509857177734,35.74501419067383,92.0407485961914
2019-09-18,271.8602600097656,53.296390533447266,68.48772430419922,35.60001754760742,92.14732360839844
2019-09-19,271.8422546386719,53.475433349609375,68.11677551269531,35.45502853393555,92.27857971191406
2019-09-20,270.55780029296875,53.353355407714844,67.84858703613281,35.48914337158203,92.614837646484375
2019-09-23,270.4943542480469,53.21500778198242,68.05421447753906,35.52325439453125,92.65583801269531
2019-09-24,268.3717041015625,53.01156234741211,67.41309356689453,35.14798355102539,92.91011047363281
2019-09-25,269.9590759277344,52.85693359375,68.38219451904297,35.122398376464844,92.52458190917969
2019-09-26,269.3967590332031,53.0522575378418,67.74061584472656,35.113868713378906,92.68045806884766
2019-09-27,267.9454345703125,52.87321472167969,67.36822509765625,34.66183090209961,92.79529571533203
2019-09-30,269.1881408691406,53.06852722167969,67.381683349609375,34.85798645019531,92.8198471069336
2019-10-01,265.98614501953125,52.54768753051758,66.085113525390625,34.610652923583984,92.98839569091797
2019-10-02,261.28765869140625,51.47345733642578,65.403167724609375,34.346248626708984,93.0541763305664
2019-10-03,263.4283142089844,51.81525802612305,65.34484100341797,34.789756774902344,93.41584777832031
2019-10-04,266.9930419921875,52.2221565246582,65.92808532714844,34.94329071044922,93.563873291015625
2019-10-07,265.841064453125,52.15706253051758,65.7979736328125,34.65330505371094,93.308990478515625
2019-10-08,261.7138977050781,51.66877746582031,64.62702941894531,34.40596389770508,93.341888427734375
2019-10-09,264.1993103027344,52.04311752319336,64.837890625,34.67036056518555,93.29252624511719
2019-10-10,265.98614501953125,52.40933609008789,64.99040985107422,35.0285758972168,92.97196197509766
2019-10-11,268.74371337890625,53.34522247314453,66.22869110107422,35.59148406982422,92.66780090332031
2019-10-14,268.4443359375,53.125492095947266,66.04473114013672,35.43796920776367,92.82398986816406
2019-10-15,271.10205078125,53.743995666503906,66.71770477294922,35.753536224365234,92.51985931396484
2019-10-16,270.66668701171875,53.82536697387695,66.910614013671875,35.85588073730469,92.6842041015625
2019-10-17,271.4647521972656,53.9555778503418,67.60602569580078,35.99235534667969,92.65959167480469
2019-10-18,270.276611328125,53.93117141723633,67.2919692993164,35.80471420288086,92.7253189086914
2019-10-21,272.1088562011719,54.2241325378418,67.98287200927734,36.128814697265625,92.47052764892578
2019-10-22,271.2200012207031,54.09392547607422,68.31934356689453,36.15440368652344,92.61023712158203
2019-10-23,272.009033203125,54.386898040771484,68.57508850097656,36.162925720214844,92.6842041015625
2019-10-24,272.45355224609375,54.484554290771484,68.4539566040039,36.162925720214844,92.70893096923828
2019-10-25,273.5692443847656,54.54151153564453,68.98334503173828,36.41880416870117,92.57737731933594
2019-10-28,275.1111755371094,54.78567123413086,69.58899688720703,36.63203048706055,92.380096435546875
2019-10-29,275.029541015625,54.76939010620117,69.79090118408203,36.44438934326172,92.388336181640625
2019-10-30,275.873291015625,54.99726104736328,69.30638122558594,36.606441497802734,92.65135955810547
2019-10-31,275.13848876953125,54.8670539855957,68.73210144042969,36.31645202636719,93.01304626464844
2019-11-01,277.68731689453125,55.355323791503906,69.916534423828125,36.8623161315918,93.03858947753906
2019-11-04,278.80291748046875,55.64016342163086,70.6836929321289,37.22905349731445,92.80793762207031
2019-11-05,278.49456787109375,55.53436279296875,70.9753189086914,37.44227981567383,92.4618911743164
2019-11-06,278.55810546875,55.50995635986328,70.67472839355469,37.32286834716797,92.601959228515625
2019-11-07,279.5377502441406,55.68086242675781,70.93494415283203,37.59580993652344,92.16532897949219
2019-11-08,280.2270812988281,55.64830017089844,70.86766052246094,37.254642486572266,92.115875244140625
2019-11-11,279.69189453125,55.57505798339844,70.65229034423828,36.99024200439453,92.13231658935547
2019-11-12,280.2814636230469,55.59947967529297,70.66578674316406,36.75143051147461,92.23120880126953
2019-11-13,280.3721008300781,55.40416717529297,70.21712493896484,36.46997833251953,92.39599609375
2019-11-14,280.78033447265625,55.24953842163086,70.10045623779297,36.49556350708008,92.65962219238281
2019-11-15,282.8122253417969,55.59947967529297,70.30683135986328,36.78554916381836,92.61016845703125
2019-11-18,283.020751953125,55.664573669433594,70.05110931396484,36.7258415222168,92.7831802368164
2019-11-19,282.93914794921875,55.59133529663086,69.99280548095703,36.8026008605957,92.84911346435547
2019-11-20,281.8869323730469,55.24140167236328,69.526214599609375,36.64055252075195,93.07154846191406
2019-11-21,281.4333801269531,55.16815185546875,69.14485931396484,36.56379318237305,92.93973541259766
2019-11-22,282.0594177246094,55.322784423828125,69.29740142822266,36.56379318237305,92.9891586303711
2019-11-25,284.2452697753906,55.76224136352539,70.9483871459961,36.9305419921875,93.07979583740234
2019-11-26,284.8892517089844,55.72967529296875,70.79585266113281,36.819664001464844,93.21163177490234
2019-11-27,286.1592102050781,55.87616729736328,71.09644317626953,36.8623161315918,93.09626770019531
2019-11-29,285.0979309082031,55.485538482666016,70.5939712524414,36.2823371887207,92.98095703125
2019-12-02,282.6761169433594,55.200714111328125,69.82231140136719,36.27381134033203,92.8785400390625
2019-12-03,280.78033447265625,54.99726104736328,69.37366485595703,36.0861701965332,93.29963684082031
2019-12-04,282.5128173828125,55.5018196105957,69.93894958496094,36.359092712402344,93.14276885986328
2019-12-05,283.020751953125,55.39602279663086,70.24402618408203,36.521148681640625,93.03540802001953
2019-12-06,285.60589599609375,55.90058517456055,71.30731964111328,36.73436737060547,92.9033203125
2019-12-09,284.7079772949219,55.607601165771484,71.18169403076172,36.589378356933594,92.95284271240234
2019-12-10,284.3904113769531,55.63203430175781,71.091949462890625,36.71731185913086,92.9197998046875
2019-12-11,285.19781494140625,55.92499923706055,71.2310562133789,37.254642486572266,93.1675033569336
2019-12-12,287.6558532714844,56.29935836791992,72.038604736328125,37.90284729003906,92.771209716796875
2019-12-13,287.82818603515625,56.68998718261719,71.50919342041016,37.88578796386719,93.14276885986328
2019-12-16,289.80560302734375,57.295684814453125,71.7764663696289,38.20722579956055,92.95284271240234
2019-12-17,289.8691101074219,56.96650314331055,72.3814697265625,38.55567169189453,92.96109771728516
2019-12-18,289.88726806640625,56.892433166503906,72.68846130371094,38.764747619628906,92.77943420410156
2019-12-19,291.07550048828125,56.892433166503906,72.72908782958984,38.782161712646484,92.87955474853516
2019-12-20,292.3515930175781,56.93358612060547,72.65235900878906,38.860572814941406,92.89610290527344
2019-12-23,292.7982482910156,57.02410125732422,72.59819030761719,38.91282653808594,92.8299331665039
2019-12-24,292.8073425292969,56.96650314331055,72.67945098876953,38.82572937011719,92.94567108154297
2019-12-26,294.36602783203125,57.213382720947266,72.68846130371094,39.10448455810547,93.02840423583984
2019-12-27,294.29315185546875,57.3121452331543,72.3363037109375,39.26128005981445,93.1524887084961
2019-12-30,292.6706237792969,56.88419723510742,72.35437774658203,38.999942779541016,93.1524887084961
2019-12-31,293.38153076171875,57.14756393432617,72.59819030761719,39.08706283569336,92.93741607666016
2020-01-02,296.1252746582031,57.723636627197266,72.57560729980469,39.87977981567383,93.193817138671875
2020-01-03,293.8829345703125,57.00764465332031,72.42662048339844,39.13933181762695,93.4667739868164
2020-01-06,295.004150390625,57.229854583740234,72.48529815673828,39.04349899291992,93.39234924316406
2020-01-07,294.1746520996094,57.07349395751953,71.88032531738281,39.017372131347656,93.293121337890625
2020-01-08,295.7425231933594,57.238075256347656,71.88032531738281,39.24385452270508,93.18560791015625
2020-01-09,297.7478332519531,57.3697624206543,71.7177963256836,39.505191802978516,93.28483581542969
2020-01-10,296.8909912109375,57.15577697753906,71.32051086425781,39.714263916015625,93.44195556640625
2020-01-13,298.9327392578125,57.45206069946289,71.8080825805664,40.332759857177734,93.38404846191406
2020-01-14,298.4770202636719,57.5096549987793,72.05641174316406,40.106266021728516,93.4667739868164
2020-01-15,299.1515197753906,57.5096549987793,72.22796630859375,39.792667388916016,93.60738372802734
2020-01-16,301.63995361328125,57.748329162597656,73.15800476074219,40.045291900634766,93.60738372802734
2020-01-17,302.57879638671875,57.921146392822266,72.95033264160156,40.27178192138672,93.49983978271484
2020-01-21,301.986328125,57.460289001464844,72.0880126953125,39.252567291259766,93.76451110839844
2020-01-22,302.0227966308594,57.575504302978516,71.91643524169922,39.574886322021484,93.81414031982422
2020-01-23,302.3692321777344,57.43559265136719,71.99772644042969,39.165462493896484,93.93817901611328
2020-01-24,299.6802062988281,57.18870544433594,70.69292449951172,38.85185623168945,94.1119155883789
2020-01-27,294.87646484375,56.003604888916016,69.6635513305664,37.51033401489258,94.4013442993164
2020-01-28,297.966552734375,56.530330657958984,70.1421127319336,37.82393264770508,94.31867980957031
2020-01-29,297.720458984375,56.53854751586914,69.5958251953125,38.006874084472656,94.53369140625
2020-01-30,298.6866149902344,56.48917770385742,69.523590087890625,37.44064712524414,94.54194641113281
2020-01-31,293.2630920410156,55.53451919555664,68.0201416015625,36.68277359008789,94.82316589355469
2020-02-03,295.441650390625,55.666202545166016,68.56192779541016,37.09220504760742,94.79248046875
2020-02-04,299.944580078125,56.59615707397461,69.333984375,38.05043411254883,94.4775619506836
2020-02-05,303.4082946777344,57.13932800292969,70.9006118774414,38.26820755004883,94.33663177490234
2020-02-06,304.42919921875,57.295684814453125,70.49430084228516,38.30305099487305,94.3946533203125
2020-02-07,302.8067321777344,56.752525329589844,69.37910461425781,37.77166748046875,94.66817474365234
2020-02-10,305.0672912597656,56.867740631103516,69.27525329589844,37.98073959350586,94.775909423828125
2020-02-11,305.59600830078125,57.254539489746094,69.99764251708984,38.4772834777832,94.65989685058594
2020-02-12,307.5647888183594,57.45206069946289,70.54845428466797,38.999942779541016,94.56037902832031
2020-02-13,307.2366943359375,57.04880142211914,70.67938995361328,38.48598861694336,94.62675476074219
2020-02-14,307.72894287109375,56.950042724609375,70.31819915771484,38.503414154052734,94.72618103027344
2020-02-18,306.9359436035156,56.58793258666992,69.92993927001953,38.25078582763672,94.85052490234375
2020-02-19,308.4034729003906,56.77721405029297,70.1601791381836,38.529541015625,94.82566833496094
2020-02-20,307.13641357421875,56.439788818359375,70.54395294189453,37.928470611572266,95.04114532470703
2020-02-21,303.9734802246094,56.176448822021484,69.71321105957031,37.710697174072266,95.231781005859375
2020-02-24,293.8921203613281,53.92970657348633,67.681549072265625,36.29948043823242,95.53843688964844
2020-02-25,284.9864501953125,53.040889739990234,65.24353790283203,36.01200485229492,95.704193115234375
2020-02-26,283.93829345703125,53.10673522949219,64.20513916015625,36.29948043823242,95.60472106933594
2020-02-27,271.1861572265625,51.534847259521484,61.861961364746094,35.42835998535156,95.62129974365234
2020-02-28,270.0467834472656,51.222110748291016,61.11701965332031,35.297691345214844,96.3258285522461
2020-03-02,281.741455078125,51.8804931640625,62.49853515625,36.06428146362305,96.29175567626953
2020-03-03,273.67449951171875,51.46078109741211,60.95447540283203,35.82036209106445,96.94789123535156
2020-03-04,285.1779479980469,52.9997444152832,62.692684173583984,36.4562873840332,96.873138427734375
2020-03-05,275.6980895996094,51.59245681762695,60.27273941040039,35.689697265625,97.172149658203125
2020-03-06,271.1405334472656,50.8188591003418,59.1214599609375,34.95796585083008,97.8863754272461
2020-03-09,249.9659881591797,46.876792907714844,52.75106430053711,32.571102142333984,97.76180267333984
2020-03-10,262.9004211425781,48.605045318603516,54.358341217041016,34.22622299194336,96.65721893310547
2020-03-11,250.0844268798828,46.12788772583008,50.95416259765625,32.632076263427734,95.27851104736328
2020-03-12,226.1570587158203,41.05834197998047,44.98558807373047,29.365385055541992,91.46636199951172
2020-03-13,245.4903106689453,43.54373550415039,48.87282943725586,31.482194900512695,92.9032211303711
2020-03-16,218.62791442871094,39.0502815246582,47.121097564697266,27.55345916748047,94.45628356933594
2020-03-17,230.43206787109375,40.95134735107422,45.16166687011719,29.45249366760254,92.0145263671875
2020-03-18,218.7646484375,38.605865478515625,40.78228759765625,26.908832550048828,88.50968933105469
2020-03-19,219.22952270507812,39.20664596557617,42.62434387207031,27.117895126342773,90.48633575439453
2020-03-20,209.78199768066406,38.72108840942383,40.89064407348633,27.318256378173828,91.38329315185547
2020-03-23,204.41822814941406,38.26845169067383,39.883846282958984,26.664920806884766,93.55097198486328
2020-03-24,222.939208984375,41.510982513427734,43.1570930480957,28.668485641479492,94.3233871459961
2020-03-25,226.27664184570312,42.86066436767578,43.44902420043945,29.678985595703125,95.28681945800781
2020-03-26,239.48890686035156,44.7781982421875,46.391021728515625,30.8027286529541,95.57752227783203
2020-03-27,232.35552978515625,43.502586364746094,44.47053527832031,29.051780700683594,95.984466552734375
2020-03-30,239.90147399902344,44.3831787109375,45.27414321899414,29.530899047851562,96.07582092285156
2020-03-31,236.32565307617188,43.996376037597656,45.37403106689453,29.73125457763672,95.81831359863281
2020-04-01,225.6898193359375,42.045921325683594,42.25495910644531,28.459421157836914,95.49292755126953
2020-04-02,230.89768981933594,42.868892669677734,42.70443344116211,29.41765022277832,95.63441467285156
2020-04-03,227.56027221679688,41.889549255371094,41.11992263793945,28.860137939453125,95.70099639892578
2020-04-06,242.84466552734375,44.1115837097168,44.3388786315918,30.43685531616211,96.1670913696289
2020-04-07,243.0922088623047,44.358482360839844,44.720252990722656,30.593656539916992,96.3002700805664
2020-04-08,251.25247192382812,44.72059631347656,46.790550231933594,30.90726089477539,96.39185333251953
2020-04-09,255.0758819580078,45.73285675048828,49.66899108886719,30.79401397705078,97.590362548828125
2020-04-13,252.7469024658203,45.296688079833984,48.11172866821289,30.83757209777832,97.13258361816406
2020-04-14,260.20123291015625,46.10319519042969,48.5748291015625,31.54317855834961,97.18253326416016
2020-04-15,254.67236328125,44.662986755371094,46.227569580078125,30.73303985595703,97.582000732421875
2020-04-16,255.9010467529297,44.68767547607422,45.532936096191406,30.898548126220703,97.70690155029297
2020-04-17,262.8143310546875,45.872764587402344,47.75760269165039,31.586732864379883,97.590362548828125
2020-04-20,258.1840515136719,45.18968963623047,46.73153305053711,31.186017990112305,97.44889831542969
2020-04-21,250.34475708007812,44.30910110473633,45.88706970214844,30.323617935180664,97.49883270263672
2020-04-22,255.9010467529297,45.05801010131836,46.0550537109375,31.15117835998535,97.49883270263672
2020-04-23,255.88265991210938,44.91810989379883,46.722450256347656,31.037935256958008,97.73188018798828
2020-04-24,259.4493408203125,45.436580657958984,47.29450607299805,30.994373321533203,97.68193054199219
2020-04-27,263.1901550292969,46.037357330322266,49.51008987426758,31.621583938598633,97.23246765136719
2020-04-28,261.9799499511719,46.38300704956055,50.87213134765625,31.68255615234375,97.6153335571289
2020-04-29,268.83819580078125,47.54340744018555,53.732398986816406,32.60594177246094,97.68193054199219
2020-04-30,266.3350830078125,46.55583190917969,51.67572784423828,31.917760848999023,97.46550750732422
2020-05-01,259.28436279296875,45.5435676574707,49.37842559814453,30.767881393432617,97.47054290771484
2020-05-04,259.9995422363281,45.5271110534668,49.07422637939453,31.098907470703125,97.553924560546875
2020-05-05,262.4017639160156,45.60940933227539,48.84722137451172,31.27313232421875,97.47884368896484
2020-05-06,260.6229553222656,45.31314468383789,47.839324951171875,31.177316665649414,97.08687591552734
2020-05-07,263.767822265625,45.996212005615234,48.65654754638672,31.42993927001953,97.38713836669922
2020-05-08,268.13214111328125,46.77804183959961,50.97654724121094,32.091983795166016,97.12857818603516
2020-05-11,268.1871643066406,46.73688888549805,49.83243942260742,31.882911682128906,96.83667755126953
2020-05-12,262.8418273925781,46.14434814453125,47.95281982421875,31.760957717895508,97.08687591552734
2020-05-13,258.19329833984375,45.79046630859375,45.973323822021484,31.69997215270996,97.24535369873047
2020-05-14,261.2831115722656,45.354278564453125,46.15947723388672,31.82193946838379,97.54560089111328
2020-05-15,262.48419189453125,45.39543151855469,46.686126708984375,31.386375427246094,97.60395812988281
2020-05-18,270.47943115234375,47.230682373046875,50.28644561767578,32.61465072631836,97.46221160888672
2020-05-19,267.7012634277344,46.58052062988281,49.065155029296875,32.35331344604492,97.57059478759766
2020-05-20,272.24896240234375,47.551639556884766,50.649654388427734,32.7801628112793,97.82076263427734
2020-05-21,270.369384765625,47.000244140625,50.80402374267578,32.405582427978516,97.89588928222656
2020-05-22,270.8828430175781,46.86856460571289,50.881202697753906,31.734825134277344,97.94590759277344
2020-05-26,274.22027587890625,48.210025787353516,53.160362243652344,32.43171691894531,97.78746795654297
2020-05-27,278.30047607421875,48.79432678222656,55.61201095581055,32.5362548828125,97.929229736328125
2020-05-28,277.78692626953125,49.25519943237305,53.81412887573242,32.309757232666016,97.86254119873047
2020-05-29,279.0247497558594,49.08237075805664,52.99237823486328,32.86728286743164,98.121063232421875
2020-06-01,280.1524658203125,50.176944732666016,53.618896484375,33.62514877319336,98.06592559814453
2020-06-02,282.47222900390625,50.646034240722656,54.43613052368164,34.42657470703125,98.14946746826172
2020-06-03,286.2314147949219,51.85580825805664,56.5382080078125,35.228004455566406,97.90715026855469
2020-06-04,285.4794921875,51.633609771728516,57.77765655517578,34.731468200683594,97.614715576171875
2020-06-05,292.7962341308594,52.52241897583008,60.815006256103516,35.646148681640625,97.6732177734375
2020-06-08,296.3354797363281,53.20549011230469,62.926170349121094,35.86392593383789,97.781829833984375
2020-06-09,294.1257629394531,52.514190673828125,60.9466667175293,35.62000274658203,97.90715026855469
2020-06-10,292.4844665527344,52.39897537231445,58.11362838745117,35.88134765625,98.3082046508789
2020-06-11,275.62310791015625,49.592620849609375,52.87885665893555,34.00844192504883,98.14111328125
2020-06-12,278.9238586425781,50.448524475097656,54.4224967956543,34.731468200683594,98.241363525390625
2020-06-15,281.5278015136719,50.655513763427734,55.20641326904297,34.416046142578125,98.56722259521484
2020-06-16,286.94647216796875,51.28150939941406,56.811622619628906,34.63509750366211,98.37506103515625
2020-06-17,285.754638671875,51.473480224609375,55.16537094116211,34.96803665161133,98.29149627685547
2020-06-18,285.8646545410156,51.198036193847656,55.0650520324707,34.985565185546875,98.391754150390625
2020-06-19,284.2309875488281,50.9476432800293,54.198604583740234,34.9767951965332,98.4251708984375
2020-06-22,286.05426025390625,51.556949615478516,54.403812408447266,35.40612030029297,98.40013122558594
2020-06-23,287.37115478515625,51.840728759765625,54.517826080322266,35.74783706665039,98.38341522216797
2020-06-24,280.040771484375,50.51361846923828,52.465694427490234,35.27470397949219,98.36669921875
2020-06-25,283.04296875,51.23143005371094,53.304786682128906,35.423648834228516,98.48365020751953
2020-06-26,276.3203125,50.48858642578125,51.84550476074219,34.99431610107422,98.60063171386719
2020-06-29,280.38153076171875,50.897560119628906,54.13019561767578,35.15203094482422,98.68421173095703
2020-06-30,283.9731140136719,50.805755615234375,54.891754150390625,35.03813552856445,98.76776123046875
2020-07-01,285.9622497558594,50.99772644042969,53.833778381347656,35.432411193847656,98.82048034667969
2020-07-02,287.5369873046875,51.556949615478516,54.07547378540039,36.238487243652344,98.93770599365234
2020-07-06,291.9757385253906,52.39994812011719,54.70478820800781,37.798072814941406,98.92933654785156
2020-07-07,288.9645080566406,51.6320686340332,53.50543975830078,37.167232513427734,99.08000183105469
2020-07-08,291.1745910644531,52.06608200073242,53.587528228759766,38.13102340698242,99.04651641845703
2020-07-09,289.5169677734375,51.473480224609375,51.986873626708984,38.13102340698242,99.30601501464844
2020-07-10,292.47308349609375,52.024356842041016,53.39142608642578,37.88569641113281,99.18882751464844
2020-07-13,289.9405822753906,51.690494537353516,53.09501266479492,37.6316032409668,99.180419921875
2020-07-14,293.69793701171875,52.45003128051758,54.00251388549805,37.68416976928711,99.33948516845703
2020-07-15,296.39617919921875,53.04264450073242,56.341915130615234,37.798072814941406,99.347869873046875
2020-07-16,295.4200744628906,52.7004280090332,56.045494079589844,37.263607025146484,99.41486358642578
2020-07-17,296.2764587402344,53.00925064086914,55.7673225402832,37.47389221191406,99.51527404785156
2020-07-20,298.6708679199219,53.26799392700195,55.08784484863281,37.955780029296875,99.62410736083984
2020-07-21,299.3063659667969,53.376502990722656,56.76602554321289,38.30625534057617,99.6827163696289
2020-07-22,301.0100402832031,53.518402099609375,56.53800582885742,38.13977813720703,99.7663803100586
2020-07-23,297.41851806640625,53.09271240234375,57.07155990600586,37.8331184387207,99.88365173339844
2020-07-24,295.5029296875,52.80058670043945,56.15950393676758,37.798072814941406,99.85013580322266
2020-07-27,297.65789794921875,53.49335479736328,56.52888107299805,38.38511276245117,99.78315734863281
2020-07-28,295.7700500488281,53.151145935058594,56.18229675292969,38.06968688964844,99.85013580322266
2020-07-29,299.4075927734375,53.71036911010742,57.5914306640625,38.68301010131836,99.96732330322266
2020-07-30,298.33935546875,52.917442321777344,56.880027770996094,38.192344665527344,100.04268646240234
2020-07-31,300.6969299316406,51.790653228759766,56.30543899536133,37.92949676513672,100.08454132080078
2020-08-03,302.78741455078125,52.80058670043945,56.90283203125,38.192344665527344,100.12391662597656
2020-08-04,303.9569091796875,53.09271240234375,57.40902328491211,38.700531005859375,100.3167953491211
2020-08-05,305.8447570800781,53.26799392700195,58.92301940917969,39.12109375,100.12391662597656
2020-08-06,307.8891906738281,53.326419830322266,58.49435806274414,39.24375534057617,100.26648712158203
2020-08-07,308.1102600097656,53.10941696166992,59.898921966552734,38.437679290771484,100.14910888671875
2020-08-10,309.03118896484375,53.28468704223633,60.95689010620117,38.53406524658203,100.05685424804688
2020-08-11,306.48028564453125,53.476661682128906,60.979705810546875,38.42892074584961,99.7801284790039
2020-08-12,310.7532653808594,54.66187286376953,61.17121124267578,38.945865631103516,99.5788803100586
2020-08-13,310.19146728515625,54.41981887817383,60.551025390625,38.83195495605469,99.20989227294922
2020-08-14,310.20068359375,54.08597183227539,60.842891693115234,38.76186752319336,99.11763763427734
2020-08-17,311.1861877441406,54.49494934082031,60.73799133300781,39.25251770019531,99.25182342529297
2020-08-18,311.8584289550781,54.46155548095703,59.69369888305664,39.208709716796875,99.39434814453125
2020-08-19,310.5598449707031,54.219512939453125,59.7620964050293,38.72682571411133,99.2434310913086
2020-08-20,311.5268249511719,54.04423522949219,59.18751525878906,38.604156494140625,99.41954803466797
2020-08-21,312.63189697265625,53.768795013427734,58.70869064331055,38.796905517578125,99.520172119140625
2020-08-24,315.7998962402344,54.47824478149414,60.1542854309082,39.22623062133789,99.47822570800781
2020-08-25,316.905029296875,54.51163864135742,60.11325454711914,39.62051773071289,99.268585205078125
2020-08-26,320.0821533203125,54.82881164550781,59.39272689819336,39.72565460205078,99.25182342529297
2020-08-27,320.7821044921875,54.26958465576172,59.825965881347656,39.39271545410156,98.90802001953125
2020-08-28,322.8541259765625,54.65353775024414,60.199886322021484,39.9096565246582,99.04219818115234
2020-08-31,321.6844482421875,54.2362060546875,59.16014862060547,39.02471160888672,99.26021575927734
2020-09-01,324.71429443359375,54.294639587402344,59.93538284301758,39.69060516357422,99.46601104736328
2020-09-02,329.4110107421875,55.020790100097656,60.46895217895508,39.5854606628418,99.667572021484375
2020-09-03,318.0745544433594,53.77714157104492,59.27416229248047,38.83195495605469,99.69278717041016
2020-09-04,315.4775695800781,53.85225296020508,59.32888412475586,38.84947967529297,99.19721984863281
2020-09-08,306.8577575683594,53.19287872314453,57.80119323730469,38.174827575683594,99.30638885498047
2020-09-09,312.9173583984375,54.186126708984375,58.24353790283203,38.74433898925781,99.2979965209961
2020-09-10,307.4841003417969,53.55178451538086,57.404457092285156,38.122249603271484,99.30638885498047
2020-09-11,307.6405334472656,54.08597183227539,56.92564010620117,38.49024963378906,99.42401885986328
2020-09-14,311.6925354003906,54.37809753417969,58.04745101928711,39.11232376098633,99.43241119384766
2020-09-15,313.2674560546875,54.728660583496094,58.00184631347656,39.524131774902344,99.440826416015625
2020-09-16,312.024169921875,54.728660583496094,58.56275939941406,39.4715576171875,99.39043426513672
2020-09-17,309.2798156738281,54.80377197265625,58.11585998535156,39.31385040283203,99.415618896484375
2020-09-18,305.71917724609375,54.36140441894531,57.805755615234375,39.007198333740234,99.2979965209961
2020-09-21,302.3166198730469,52.984214782714844,55.47547149658203,38.64796447753906,99.31481170654297
2020-09-22,305.3954772949219,52.96752166748047,55.58035659790039,38.358829498291016,99.39043426513672
2020-09-23,298.3131408691406,52.52515411376953,54.00750732421875,37.763023376464844,99.18041229248047
2020-09-24,299.1083068847656,52.47506332397461,54.31904602050781,37.58778762817383,99.1888198852539
2020-09-25,303.9440002441406,52.65035629272461,54.77263259887695,37.622833251953125,99.2224349975586
2020-09-28,308.9922790527344,53.443267822265625,56.46780776977539,38.043399810791016,99.30638885498047
2020-09-29,307.3094177246094,53.38485336303711,55.91801834106445,38.01711654663086,99.32320404052734
2020-09-30,309.6394348144531,53.126102447509766,56.0875358581543,38.63043975830078,99.16361236572266
2020-10-01,311.6274108886719,53.4349250793457,56.90763854980469,38.98966598510742,99.29994201660156
2020-10-02,308.6686096191406,53.326419830322266,57.88350296020508,38.54282760620117,99.19898986816406
2020-10-05,314.1423034667969,54.136043548583984,59.25798416137695,39.05976104736328,98.87920379638672
2020-10-06,309.6764831542969,53.56013107299805,59.18466567993164,39.12985610961914,98.9634017944336
2020-10-07,315.06689453125,54.019195556640625,60.28424835205078,39.55917739868164,98.8960952758789
2020-10-08,317.85919189453125,54.39478302001953,61.26927947998047,39.88336181640625,99.0223159790039
2020-10-09,320.6976318359375,54.82046890258789,61.25553512573242,40.15498352050781,99.047515869140625
2020-10-12,325.85693359375,55.13763427734375,61.594581604003906,40.50544738769531,99.24105072021484
2020-10-13,323.7303466796875,54.51998519897461,60.765323638916016,40.33897399902344,99.26628875732422
2020-10-14,321.6962890625,54.42817306518555,60.44459915161133,40.06736755371094,99.325164794921875
2020-10-15,321.29864501953125,53.78548812866211,61.4159049987793,39.77822494506836,99.24105072021484
2020-10-16,321.1045227050781,54.035884857177734,60.94856643676758,39.91841125488281,99.19054412841797
2020-10-19,316.22265625,53.83556365966797,60.302574157714844,39.80451202392578,99.07276153564453
2020-10-20,317.4893493652344,54.102657318115234,60.843204498291016,40.24259567260742,98.9886245727539
2020-10-21,316.88836669921875,53.84391784667969,60.62328338623047,40.35649490356445,98.8708267211914
2020-10-22,318.62652587890625,53.88564682006836,61.84197235107422,40.34773254394531,98.69414520263672
2020-10-23,319.7082824707031,54.2362060546875,62.190185546875,40.58430099487305,98.83717346191406
2020-10-26,313.80023193359375,53.25965118408203,60.7882194519043,40.05860137939453,98.97178649902344
2020-10-27,312.7184143066406,52.842323303222656,59.83525466918945,40.23382568359375,99.19898986816406
2020-10-28,302.030029296875,51.264808654785156,57.846858978271484,39.22623062133789,99.055938720703125
2020-10-29,305.09967041015625,51.506866455078125,58.827308654785156,39.62051773071289,98.87920379638672
2020-10-30,301.9190979003906,51.239768981933594,58.14008331298828,39.17366409301758,98.6099853515625
2020-11-02,305.3031311035156,51.907501220703125,59.41374969482422,39.67308044433594,98.78865814208984
2020-11-03,310.6934814453125,53.26799392700195,60.98981475830078,39.84831237792969,98.74654388427734
2020-11-04,317.6372985839844,53.85225296020508,59.69780349731445,41.10124588012695,99.40388488769531
2020-11-05,323.83209228515625,55.14598083496094,61.484622955322266,41.802181243896484,99.4965591430664
2020-11-06,323.7582092285156,55.262840270996094,60.68743133544922,41.99494552612305,99.2774658203125
2020-11-09,327.8263244628906,56.87372589111328,64.62757873535156,42.28407287597656,98.81392669677734
2020-11-10,327.3455505371094,57.382869720458984,66.57018280029297,41.802181243896484,98.65381622314453
2020-11-11,329.77728271484375,57.86697006225586,65.7363052368164,42.073795318603516,98.7127914428711
2020-11-12,326.5781555175781,57.02397155761719,64.31602478027344,41.75837326049805,99.125762939453125
2020-11-13,331.09942626953125,57.90036392211914,66.31358337402344,42.34540557861328,99.142608642578125
2020-11-16,335.2324523925781,58.50130844116211,68.53106689453125,42.871116638183594,99.13420104980469
2020-11-17,333.429443359375,58.44288635253906,69.02587127685547,42.82730484008789,99.336456298828125
2020-11-18,329.41668701171875,58.13405990600586,68.16454315185547,42.67835235595703,99.40388488769531
2020-11-19,330.8036193847656,58.54304885864258,68.53106689453125,42.74844741821289,99.58930206298828
2020-11-20,328.538330078125,58.71832275390625,68.36614227294922,42.985015869140625,99.69044494628906
2020-11-23,330.5076904296875,58.6431999206543,70.2903823852539,43.09891891479492,99.66514587402344
2020-11-24,335.8333740234375,59.51959991455078,72.5536880493164,43.67718505859375,99.530303955078125
2020-11-25,335.3157043457031,59.444496154785156,71.7656478881836,43.43186569213867,99.4965591430664
2020-11-27,336.2496032714844,59.85346603393555,71.417449951171875,43.84366226196289,99.66514587402344
2020-11-30,334.7608642578125,58.5514030456543,69.30994415283203,42.69587707519531,99.79996490478516
2020-12-01,338.4222717285156,59.9285888671875,70.31788635253906,43.5369987487793,99.4842300415039
2020-12-02,339.1342468261719,59.93692398071289,70.84934997558594,43.598331451416016,99.37449645996094
2020-12-03,339.0417785644531,60.03709030151367,71.32582092285156,44.097755432128906,99.54334259033203
2020-12-04,341.9635009765625,60.546234130859375,73.35088348388672,44.55336380004883,99.27317810058594
2020-12-07,341.2607421875,60.05378723144531,72.81941223144531,44.55336380004883,99.42513275146484
2020-12-08,342.25933837890625,60.262447357177734,73.470001220703125,44.57088088989258,99.43359375
2020-12-09,339.18975830078125,60.34592056274414,73.5616455078125,44.18537902832031,99.2900619506836
2020-12-10,339.0787353515625,60.42937088012695,73.8731918334961,44.754878997802734,99.53489685058594
2020-12-11,338.6811218261719,60.245758056640625,72.9935073852539,44.439456939697266,99.64466857910156
2020-12-14,337.1648864746094,60.2828369140625,72.3154525756836,44.208412170410156,99.58553314208984
2020-12-15,341.72314453125,60.89805603027344,74.35882568359375,44.68644332885742,99.64466857910156
2020-12-16,342.25933837890625,61.13402557373047,73.8548355102539,44.898895263671875,99.60242462158203
2020-12-17,344.17333984375,61.56383514404297,74.34965515136719,45.191017150878906,99.59818267822266
2020-12-18,342.7990417480469,61.24357986450195,73.47916412353516,45.137901306152344,99.5474853515625
2020-12-21,341.5733947753906,60.45981979370117,72.83773040771484,44.47397994995117,99.5474853515625
2020-12-22,340.9976806640625,60.30810546875,72.78275299072266,44.1198844909668,99.69114685058594
2020-12-23,341.3040771484375,60.95704650878906,74.102264404296875,44.57136154174805,99.62352752685547
2020-12-24,342.6319274902344,60.98233413696289,74.111419677734375,44.37660598754883,99.71651458740234
2020-12-28,345.57537841796875,61.47955322265625,74.67952728271484,44.500545501708984,99.73340606689453
2020-12-29,344.9161682128906,61.87565231323242,73.51581573486328,45.164466857910156,99.75032043457031
2020-12-30,345.40826416015625,61.959930419921875,74.33134460449219,45.76642608642578,99.8094711303711
2020-12-31,347.1632385253906,61.48798370361328,74.50545501708984,45.739864349365234,99.88553619384766
2021-01-04,342.43695068359375,61.808231353759766,73.64409637451172,46.03199005126953,99.7587661743164
2021-01-05,344.7954406738281,62.448734283447266,75.39424133300781,47.13852310180664,99.65736389160156
2021-01-06,346.8567199707031,63.165077209472656,79.56346130371094,46.74017333984375,99.167205810546875
2021-01-07,352.01019287109375,63.232505798339844,80.15909576416016,47.18278884887695,99.06574249267578
2021-01-08,354.0158996582031,63.822444915771484,79.371063232421875,48.43096160888672,98.94745635986328
2021-01-11,351.62945556640625,62.98809814453125,79.77421569824219,47.7758903503418,98.78688049316406
2021-01-12,351.70379638671875,63.27463912963867,81.46941375732422,48.245059967041016,98.87137603759766
2021-01-13,352.65087890625,63.190372467041016,80.70887756347656,48.35129165649414,99.18412780761719
2021-01-14,351.4158935546875,63.6960334777832,82.62396240234375,48.802764892578125,98.989715576171875
2021-01-15,348.85321044921875,62.701560974121094,81.20368957519531,48.11228561401367,99.09111785888672
2021-01-19,351.59234619140625,63.15665817260742,81.67098236083984,48.90898895263672,99.22636413574219
2021-01-20,356.4579772949219,63.586463928222656,81.927581787109375,49.767662048339844,99.23479461669922
2021-01-21,356.7829284667969,63.637027740478516,80.86463165283203,49.85618209838867,99.09111785888672
2021-01-22,355.52001953125,63.3336296081543,81.90924072265625,49.42241668701172,99.09111785888672
2021-01-25,356.9222412109375,63.257774353027344,81.91841125488281,49.79422378540039,99.3447036743164
2021-01-26,356.3650207519531,63.350486755371094,81.9825439453125,49.431278228759766,99.310821533203125
2021-01-27,347.6553649902344,61.900936126708984,81.90006256103516,48.059165954589844,99.3193130493164
2021-01-28,350.645263671875,62.29703903198242,80.1224365234375,48.39555740356445,99.2516860961914
2021-01-29,343.62548828125,61.00761032104492,79.1603012084961,47.191646575927734,99.14183807373047
2021-02-01,349.3453369140625,61.732391357421875,80.22322845458984,48.466373443603516,99.23661804199219
2021-02-02,354.2850341796875,62.35602951049805,80.19573211669922,49.09488296508789,99.08427429199219
2021-02-03,354.5636901855469,62.507728576660156,80.76384735107422,49.34275436401367,98.96575164794922
2021-02-04,358.5935363769531,62.57513427734375,82.2849349975586,49.36045837402344,98.92344665527344
2021-02-05,360.0050048828125,62.96282958984375,82.92634582519531,49.78537368774414,98.79646301269531
2021-02-08,362.6048583984375,63.40105056762695,85.07969665527344,49.87389373779297,98.8980484008789
2021-02-09,362.3633728027344,63.74658966064453,85.3729019165039,50.4050178527832,98.94035339355469
2021-02-10,362.20556640625,63.527488708496094,85.427886962890625,50.58207321166992,99.03348541259766
2021-02-11,362.79058837890625,63.95729064941406,85.47371673583984,51.12206268310547,98.914947509765625
2021-02-12,364.58258056640625,64.311248779296875,85.730255126953125,51.166324615478516,98.68643951416016
2021-02-16,364.2669677734375,64.77476501464844,85.95018005371094,51.29026412963867,98.2208251953125
2021-02-17,364.3506164550781,64.39552307128906,85.75775146484375,51.30796813964844,98.41552734375
2021-02-18,362.79986572265625,64.07526397705078,84.62152862548828,50.59977340698242,98.36473846435547
2021-02-19,362.15924072265625,64.26068115234375,86.17010498046875,50.92731857299805,98.0599594116211
2021-02-22,359.3734436035156,64.10054779052734,87.856109619140625,49.431278228759766,97.7552490234375
2021-02-23,359.80987548828125,64.15953063964844,88.00272369384766,49.65258026123047,97.780670166015625
2021-02-24,363.7747802734375,64.36182403564453,90.61421966552734,49.33388900756836,97.746826171875
2021-02-25,355.0093994140625,63.2662353515625,88.323455810546875,48.20965576171875,96.84947204589844
2021-02-26,353.1801452636719,62.37289047241211,87.7094955444336,47.563438415527344,97.63671112060547
2021-03-01,361.7413330078125,63.5443229675293,90.394287109375,48.838165283203125,97.58587646484375
2021-03-02,358.91851806640625,63.47691345214844,89.01982879638672,48.36015319824219,97.60279846191406
2021-03-03,354.1643981933594,63.089229583740234,90.15605926513672,48.26276779174805,97.2467269897461
2021-03-04,349.78167724609375,62.49087142944336,89.30389404296875,47.13852310180664,96.96688079833984
2021-03-05,356.21649169921875,62.89539337158203,91.787109375,47.65195846557617,96.8990478515625
2021-03-08,354.4429626464844,62.67628860473633,94.69181060791016,46.368370056152344,96.517486572265625
2021-03-09,359.5035705566406,63.5190315246582,94.50855255126953,47.38638687133789,96.88208770751953
2021-03-10,361.7413330078125,63.78873062133789,96.74436950683594,47.1739387512207,97.04319763183594
2021-03-11,365.4090270996094,64.12584686279297,97.49573516845703,48.66112518310547,97.03474426269531
2021-03-12,365.9012145996094,64.28594970703125,98.90685272216797,47.79359817504883,96.48358917236328
2021-03-15,368.083251953125,64.33650970458984,98.34791564941406,47.90867614746094,96.58531951904297
2021-03-16,367.6190185546875,64.44609832763672,96.49694061279297,48.11228561401367,96.55144500732422
2021-03-17,368.87249755859375,64.82532501220703,96.98258972167969,48.17424392700195,96.542938232421875
2021-03-18,363.505615234375,64.23538970947266,95.241607666015625,47.28902053833008,96.16985321044922
2021-03-19,362.8329772949219,64.4123764038086,95.28740692138672,47.873268127441406,96.24614715576172
2021-03-22,365.7301025390625,64.47137451171875,93.3448257446289,47.73162841796875,96.432708740234375
2021-03-23,362.8515930175781,63.57803726196289,89.87200164794922,46.81983947753906,96.67857360839844
2021-03-24,361.007080078125,63.257774353027344,88.77245330810547,45.748714447021484,96.79730224609375
2021-03-25,363.0379333496094,63.729740142822266,91.4492416381836,45.9611701965332,96.746429443359375
2021-03-26,368.8882751464844,64.5556411743164,93.656158447265625,47.15623092651367,96.58531951904297
2021-03-29,368.701904296875,64.302825927734375,91.22855377197266,46.82870101928711,96.42424011230469
2021-03-30,367.7237548828125,64.2185287475586,92.75502014160156,46.979183197021484,96.50054168701172
2021-03-31,369.2143249511719,63.940433502197266,92.63545227050781,47.218204498291016,96.517486572265625
2021-04-01,373.20135498046875,64.77476501464844,93.66535186767578,47.678524017333984,96.84191131591797
2021-04-05,378.5580139160156,65.7186508178711,93.87684631347656,47.864418029785156,96.64656829833984
2021-04-06,378.3345031738281,65.01915740966797,93.82166290283203,48.12998580932617,96.986236572265625
2021-04-07,378.7723083496094,65.15399169921875,92.78260040283203,47.42179870605469,96.83336639404297
2021-04-08,380.5702209472656,65.52481842041016,92.96648406982422,47.81129455566406,97.07115173339844
2021-04-09,383.3370666503906,65.727081298828125,93.20558166503906,47.40409469604492,96.96076202392578
2021-04-12,383.4767761230469,65.36469268798828,93.39869689941406,47.120819091796875,96.9352798461914
2021-04-13,384.61334228515625,65.74394226074219,92.44234466552734,47.315574645996094,97.21552276611328
2021-04-14,383.29986572265625,65.79450225830078,93.72972106933594,47.554588317871094,97.13910675048828
2021-04-15,387.4173889160156,66.34230041503906,93.950408935546875,47.988346099853516,97.52123260498047
2021-04-16,388.7123107910156,66.82266998291016,94.1802978515625,48.11228561401367,97.26649475097656
2021-04-19,386.802490234375,66.70470428466797,93.42626953125,47.935237884521484,97.19004821777344
2021-04-20,383.9705505371094,65.507965087890625,91.14580535888672,47.54573059082031,97.34290313720703
2021-04-21,387.603759765625,66.18216705322266,93.08604431152344,47.83785629272461,97.43629455566406
2021-04-22,384.0637512207031,65.96305847167969,92.47914123535156,47.66966247558594,97.46178436279297
2021-04-23,388.2279357910156,66.63726043701172,94.3458251953125,48.36015319824219,97.44481658935547
2021-04-26,389.0383605957031,66.68782043457031,94.52972412109375,48.42211151123047,97.35990142822266
2021-04-27,388.9545593261719,66.46871185302734,94.98030853271484,48.39555740356445,97.12211608886719
2021-04-28,388.8426818847656,66.63726043701172,95.375701904296875,48.75850296020508,97.173065185546875
2021-04-29,391.3207092285156,66.662567138671875,95.6791763305664,48.6434211730957,97.12211608886719
2021-04-30,388.74957275390625,65.8282241821289,94.19868469238281,47.78474807739258,97.2240219116211
2021-05-03,389.5880432128906,66.55298614501953,95.82628631591797,47.78474807739258,97.2861099243164
2021-05-04,387.1845703125,65.56694793701172,95.91825103759766,47.244754791259766,97.4051742553711
2021-05-05,387.3056640625,66.46028900146484,96.0194091796875,47.466060638427734,97.48173522949219
2021-05-06,390.39849853515625,67.0080795288086,96.89298248291016,47.91753005981445,97.49874114990234
2021-05-07,393.23980712890625,67.766571044921875,97.70218658447266,48.41325759887695,97.47321319580078
2021-05-10,389.3458557128906,67.4041976928711,96.12055969238281,47.54573059082031,97.32008361816406
2021-05-11,385.87103271484375,66.51927185058594,95.440093994140625,47.412940979003906,97.10749053955078
2021-05-12,377.6731262207031,65.4573974609375,92.47914123535156,46.10280990600586,96.76732635498047
2021-05-13,382.20989990234375,65.94620513916016,94.9527359008789,46.04084014892578,96.98845672607422
2021-05-14,388.07879638671875,67.05021667480469,96.948150634765625,46.872955322265625,97.20955657958984
2021-05-17,387.0914611816406,66.9238052368164,97.48149108886719,46.82870101928711,97.12452697753906
2021-05-18,383.7563171386719,67.06707763671875,96.2401123046875,47.45720291137695,97.00544738769531
2021-05-19,382.75018310546875,66.4771499633789,95.47688293457031,47.315574645996094,96.869354248046875
2021-05-20,386.86773681640625,67.3536148071289,95.4584732055664,47.59000015258789,97.2010498046875
2021-05-21,386.5510559082031,67.446319580078125,96.17572784423828,47.04115676879883,97.24359893798828
2021-05-24,390.4916076660156,67.8592758178711,96.46077728271484,47.430660247802734,97.3371353149414
2021-05-25,389.6252136230469,67.876129150390625,94.934326171875,47.89982604980469,97.57527923583984
2021-05-26,390.39849853515625,67.833984375,96.93894958496094,48.2539176940918,97.54126739501953
2021-05-27,390.60345458984375,67.96040344238281,98.18952178955078,48.26276779174805,97.42219543457031
2021-05-28,391.30206298828125,68.12053680419922,97.86768341064453,48.572601318359375,97.42219543457031
2021-06-01,390.9574279785156,68.36493682861328,99.76194763183594,49.572906494140625,97.377044677734375
2021-06-02,391.5722961425781,68.59248352050781,99.77117919921875,49.65258026123047,97.50479888916016
2021-06-03,390.118896484375,68.25537109375,99.127471923828125,49.12144470214844,97.27484130859375
2021-06-04,393.6869812011719,68.8368911743164,99.3481674194336,49.56405258178711,97.67513275146484
2021-06-07,393.30499267578125,69.064422607421875,100.2309341430664,49.316192626953125,97.6070327758789
2021-06-08,393.3888854980469,69.03070831298828,101.55508422851562,49.07718276977539,97.7858657836914
2021-06-09,392.80194091796875,68.84529876708984,100.69071197509766,48.935543060302734,97.98175048828125
2021-06-10,394.6278076171875,69.034942626953125,99.057586669921875,49.3276481628418,98.18619537353516
2021-06-11,395.2799987792969,69.197265625,99.9331283569336,49.15871047973633,98.14356994628906
2021-06-14,396.1650085449219,69.3168716430664,99.057586669921875,49.292076110839844,97.89656829833984
2021-06-15,395.43841552734375,69.40229034423828,99.463104248046875,48.95421600341797,97.93914794921875
2021-06-16,393.23046875,68.97515106201172,99.555267333984375,48.28738784790039,97.62406158447266
2021-06-17,393.1000671386719,68.49677276611328,96.96543884277344,48.55411148071289,97.9306411743164
2021-06-18,387.7969665527344,67.0786361694336,94.255828857421875,48.21625518798828,98.1946792602539
2021-06-21,393.3487243652344,67.95855712890625,96.71660614013672,48.42074966430664,97.93914794921875
2021-06-22,395.4515686035156,67.96708679199219,97.18665313720703,48.1984748840332,98.04139709472656
2021-06-23,394.9749450683594,67.53141784667969,97.17743682861328,48.49188232421875,97.99028015136719
2021-06-24,397.3114929199219,68.18067169189453,98.71656799316406,48.93643569946289,98.02433013916016
2021-06-25,398.72283935546875,68.32592010498047,98.67970275878906,49.345420837402344,97.828460693359375
2021-06-28,399.5265808105469,67.89022064208984,96.91938018798828,49.38987350463867,98.1095199584961
2021-06-29,399.74151611328125,67.90730285644531,96.51386260986328,49.35430908203125,98.16062927246094
2021-06-30,400.0779724121094,67.38618469238281,97.16822814941406,49.034236907958984,98.22876739501953
2021-07-01,402.2931213378906,67.54850006103516,97.9608383178711,48.75860595703125,98.17415618896484
2021-07-02,405.3680419921875,67.779144287109375,96.76270294189453,48.705257415771484,98.38739776611328
2021-07-06,404.629638671875,67.33492279052734,94.81804656982422,47.85172653198242,98.70295715332031
2021-07-07,406.0596008300781,67.70227813720703,94.034637451171875,47.79838180541992,98.87351989746094
2021-07-08,402.7510681152344,66.830902099609375,92.864166259765625,46.80257797241211,98.98439025878906
2021-07-09,407.0503234863281,67.96708679199219,95.51848602294922,47.611663818359375,98.6603012084961
2021-07-12,408.5083923339844,68.25756072998047,96.16363525390625,47.6561164855957,98.6006088256836
2021-07-13,407.11578369140625,67.898773193359375,94.19133758544922,47.70056915283203,98.38739776611328
2021-07-14,407.7232666015625,68.05253601074219,93.122222900390625,47.905067443847656,98.72004699707031
2021-07-15,406.3307189941406,67.40325927734375,92.73515319824219,48.02064514160156,98.9332275390625
2021-07-16,403.1435546875,66.90777587890625,91.01170349121094,47.6472282409668,98.84794616699219
2021-07-19,397.19012451171875,65.6947021484375,88.63385009765625,46.84702682495117,99.3681869506836
2021-07-20,402.8819274902344,66.17310333251953,91.31581115722656,46.99818801879883,99.27437591552734
2021-07-21,406.1437683105469,67.18115997314453,93.048492431640625,47.300472259521484,98.95030212402344
2021-07-22,406.9943542480469,67.206787109375,91.09461212158203,47.38938903808594,99.180572509765625
2021-07-23,411.18145751953125,67.67664337158203,91.5923080444336,46.68699264526367,99.112335205078125
2021-07-26,412.19085693359375,67.77061462402344,92.78123474121094,45.79788589477539,99.02703094482422
2021-07-27,410.312255859375,67.49723815917969,92.0346908569336,44.87321853637695,99.25731658935547
2021-07-28,410.14404296875,67.7876968383789,92.560028076171875,46.09128952026367,99.35112762451172
2021-07-29,411.8450622558594,68.25756072998047,93.61991882324219,46.32245635986328,99.1891098022461
2021-07-30,409.844970703125,67.90730285644531,92.9286880493164,45.87791061401367,99.32554626464844
2021-08-02,408.98504638671875,68.24901580810547,92.246673583984375,46.206878662109375,99.53654479980469
2021-08-03,412.3122863769531,68.73596954345703,93.094573974609375,46.4024772644043,99.57068634033203
2021-08-04,410.2842102050781,68.53092956542969,91.01170349121094,46.64253234863281,99.56214904785156
2021-08-05,412.8824768066406,68.86409759521484,92.42179870605469,46.57140350341797,99.340087890625
2021-08-06,413.564697265625,68.607818603515625,93.77659606933594,46.180198669433594,98.89595031738281
2021-08-09,413.22833251953125,68.57365417480469,92.9286880493164,46.33135223388672,98.71660614013672
2021-08-10,413.7423095703125,68.72740936279297,94.22821044921875,46.39358901977539,98.588470458984375
2021-08-11,414.7704772949219,69.197265625,95.25120544433594,46.51805877685547,98.682403564453125
2021-08-12,416.01348876953125,69.1374740600586,94.67980194091797,46.10906982421875,98.69096374511719
2021-08-13,416.7705383300781,69.55606842041016,93.97936248779297,45.99348831176758,99.0496826171875
2021-08-16,417.7519226074219,69.197265625,93.38029479980469,45.57560348510742,99.100921630859375
2021-08-17,415.013427734375,68.54801940917969,92.053131103515625,44.73984909057617,99.024078369140625
2021-08-18,410.4711608886719,68.2831802368164,91.24208068847656,44.81098175048828,99.0325698852539
2021-08-19,411.1066589355469,67.60829162597656,90.31124114990234,44.046348571777344,99.20343780517578
2021-08-20,414.37786865234375,67.87310791015625,91.67527770996094,44.010780334472656,99.21197509765625
2021-08-23,418.0229797363281,68.50529479980469,92.78123474121094,44.677608489990234,99.21197509765625
2021-08-24,418.6865234375,68.6505355834961,93.518524169921875,45.691192626953125,99.066741943359375
2021-08-25,419.5650939941406,68.67615509033203,93.91483306884766,45.74454116821289,98.87889099121094
2021-08-26,417.0883483886719,68.3173599243164,92.78123474121094,45.30887985229492,98.88740539550781
2021-08-27,420.8175048828125,68.94097137451172,95.51848602294922,45.8690185546875,99.16071319580078
2021-08-30,422.6680603027344,68.92390441894531,94.6244888305664,45.966819763183594,99.271759033203125
2021-08-31,422.04180908203125,68.88972473144531,94.6244888305664,46.598079681396484,99.12652587890625
2021-09-01,422.2660827636719,69.51335906982422,94.80884552001953,47.19378662109375,99.15816497802734
2021-09-02,423.56524658203125,69.795257568359375,95.01158905029297,46.98040008544922,99.26085662841797
2021-09-03,423.4624328613281,70.111358642578125,94.43095397949219,47.22934341430664,99.08978271484375
2021-09-07,421.94842529296875,70.16261291503906,93.7028579711914,47.504966735839844,98.824615478515625
2021-09-08,421.4343566894531,69.6073226928711,92.652191162109375,46.81147003173828,98.987152099609375
2021-09-09,419.6305236816406,69.48773193359375,92.440216064453125,46.72255325317383,99.30359649658203
2021-09-10,416.3218994140625,69.3339614868164,91.18680572509766,46.669212341308594,99.106903076171875
2021-09-13,417.3874206542969,69.88069915771484,92.1913833618164,46.79368591308594,99.23517608642578
2021-09-14,415.1349792480469,69.59024810791016,90.89188385009766,46.4024772644043,99.45755767822266
2021-09-15,418.60247802734375,69.795257568359375,92.025482177734375,46.39358901977539,99.36345672607422
2021-09-16,417.9388732910156,69.68421936035156,91.6015396118164,45.8690185546875,99.192413330078125
2021-09-17,413.86773681640625,68.77012634277344,91.62919616699219,45.67340850830078,99.106903076171875
2021-09-20,406.966796875,67.49723815917969,90.05317687988281,44.446449279785156,99.29505920410156
2021-09-21,406.582275390625,68.16358947753906,89.77669525146484,44.77541732788086,99.337799072265625
2021-09-22,410.5484619140625,68.50529479980469,91.32503509521484,45.335548400878906,99.37200164794922
2021-09-23,415.53668212890625,69.24852752685547,93.21439361572266,45.691192626953125,98.8844985961914
2021-09-24,416.22113037109375,68.599273681640625,93.44319152832031,45.14883804321289,98.71341705322266
2021-09-27,415.03033447265625,68.55655670166016,95.5829086303711,45.442237854003906,98.57657623291016
2021-09-28,406.6667175292969,67.061553955078125,94.48062896728516,44.855430603027344,98.16602325439453
2021-09-29,407.3511657714844,66.90777587890625,95.00860595703125,44.437557220458984,98.23441314697266
2021-09-30,402.3724365234375,66.64295196533203,93.248687744140625,44.79319763183594,98.21733093261719
2021-10-01,407.1542663574219,66.8052749633789,95.11048126220703,44.748741149902344,98.51715850830078
2021-10-04,401.90350341796875,66.1047592163086,95.35132598876953,44.09080123901367,98.44864654541016
2021-10-05,406.08538818359375,66.557525634765625,95.66626739501953,44.40198516845703,98.21733093261719
2021-10-06,407.77313232421875,66.1133041381836,94.758514404296875,44.15303421020508,98.2601547241211
2021-10-07,411.2985534667969,66.62586212158203,96.2776107788086,45.01547622680664,97.98600769042969
2021-10-08,410.5484619140625,66.61732482910156,95.92560577392578,45.18439865112305,97.7718734741211
2021-10-11,407.5762023925781,66.40375518798828,95.19385528564453,45.09549331665039,97.617645263671875
2021-10-12,406.5729064941406,66.43792724609375,95.42542266845703,44.864322662353516,97.97747039794922
2021-10-13,408.0356750488281,67.0957260131836,95.2679672241211,45.48670196533203,98.20020294189453
2021-10-14,414.8990783691406,67.7620849609375,96.43506622314453,45.62895965576172,98.3886489868164
2021-10-15,418.0588684082031,68.32592010498047,96.12940216064453,46.180198669433594,98.1488037109375
2021-10-18,419.2965393066406,68.03544616699219,96.31465148925781,46.06461715698242,98.08023834228516
2021-10-19,422.5313415527344,68.44548797607422,96.073822021484375,46.678096771240234,97.7975845336914
2021-10-20,424.1908874511719,68.68470001220703,97.00011444091797,46.669212341308594,97.72901153564453
2021-10-21,425.2973327636719,68.36006164550781,97.05567932128906,46.366912841796875,97.52342224121094
2021-10-22,424.8566589355469,68.77012634277344,97.231689453125,46.26911544799805,97.71189880371094
2021-10-25,427.13507080078125,68.6334457397461,98.11165618896484,46.50917053222656,97.806121826171875
2021-10-26,427.5195007324219,68.77012634277344,96.80559539794922,46.26911544799805,97.98600769042969
2021-10-27,425.6254577636719,68.49677276611328,94.69367218017578,45.895687103271484,98.31156921386719
2021-10-28,429.7322692871094,69.16310119628906,96.15718841552734,45.94014358520508,98.23448181152344
2021-10-29,430.604248046875,68.7615737915039,95.9163589477539,45.27330780029297,98.20877838134766
2021-11-01,431.3450012207031,69.42793273925781,98.648895263671875,45.62895965576172,98.1487045288086
2021-11-02,433.0889892578125,69.28271484375,98.33394622802734,45.219970703125,98.34605407714844
2021-11-03,435.7331237792969,69.8465347290039,100.67745208740234,45.433349609375,98.1487045288086
2021-11-04,437.7864685058594,69.80382537841797,100.07537841796875,45.32666015625,98.474761962890625
2021-11-05,439.3055114746094,69.90632629394531,102.5948257446289,45.27330780029297,98.8608627319336
2021-11-08,439.68048095703125,69.89778900146484,102.56704711914062,45.691192626953125,98.680694580078125
2021-11-09,438.2271728515625,69.7440185546875,102.32622528076172,45.513370513916016,98.95524597167969
2021-11-10,434.7016296386719,68.89826202392578,101.46479034423828,45.32666015625,98.28601837158203
2021-11-11,434.8423156738281,69.146026611328125,102.22431945800781,46.10906982421875,98.10576629638672
2021-11-12,438.1240539550781,69.52190399169922,101.82603454589844,46.23354721069336,98.08868408203125
2021-11-15,438.2740478515625,69.393768310546875,101.9834976196289,46.082401275634766,97.728302001953125
2021-11-16,440.0086669921875,69.239990234375,101.92791748046875,46.14463806152344,97.69395446777344
2021-11-17,438.9398193359375,69.1545639038086,100.64965057373047,45.90458679199219,97.92561340332031
2021-11-18,440.4305725097656,69.22290802001953,100.54776763916016,45.34443664550781,98.01143646240234
2021-11-19,439.64300537109375,68.6334457397461,99.0008773803711,45.27330780029297,98.20018005371094
2021-11-22,438.4052734375,68.23193359375,100.17723846435547,44.908775329589844,97.728302001953125
2021-11-23,438.98663330078125,68.16358947753906,100.54776763916016,44.864322662353516,97.34217071533203
2021-11-24,440.15869140625,67.71082305908203,100.0846176147461,44.80208969116211,97.56525421142578
2021-11-26,430.34173583984375,65.89118194580078,96.02751159667969,43.29949951171875,98.26024627685547
2021-11-29,435.62054443359375,66.22434997558594,95.5829086303711,43.46842956542969,98.31172943115234
2021-11-30,427.1445007324219,65.64344024658203,93.40614318847656,43.42396926879883,98.474761962890625
2021-12-01,422.4000244140625,65.26756286621094,91.9981918334961,43.58401107788086,98.49365997314453
2021-12-02,428.8696594238281,66.0791244506836,94.86039733886719,44.11747360229492,98.4764633178711
2021-12-03,425.1379089355469,65.80574798583984,93.98042297363281,43.49509811401367,98.8717041015625
2021-12-06,430.1729431152344,66.43792724609375,96.2776107788086,43.83295822143555,98.52800750732422
2021-12-07,439.07110595703125,67.838958740234375,97.18534851074219,44.526466369628906,98.37337493896484
2021-12-08,440.2336120605469,67.96708679199219,97.58367156982422,44.704288482666016,98.11559295654297
2021-12-09,437.2614440917969,67.40325927734375,96.24056243896484,44.490901947021484,98.12419891357422
2021-12-10,441.37762451171875,67.54850006103516,96.37025451660156,44.526466369628906,98.14997100830078
2021-12-13,437.4676513671875,66.9157485961914,94.46601867675781,43.82032012939453,98.49365997314453
2021-12-14,434.4578552246094,66.559417724609375,94.2147445678711,43.72112274169922,98.30461883544922
2021-12-15,441.2463073730469,67.46333312988281,95.17334747314453,43.59486389160156,98.22731018066406
2021-12-16,437.35516357421875,67.47200012207031,93.92621612548828,43.64897537231445,98.36236572265625
2021-12-17,432.7004699707031,66.62024688720703,93.94483184814453,43.43253707885742,98.48274230957031
2021-12-20,428.099365234375,66.47248840332031,92.250946044921875,42.7832145690918,98.336517333984375
2021-12-21,435.7020568847656,67.21126556396484,95.005828857421875,43.50468063354492,98.25910186767578
2021-12-22,440.0584411621094,67.8370590209961,95.89929962158203,43.71210861206055,98.3451156616211
2021-12-23,442.7965087890625,68.23686218261719,96.5042495727539,43.93756103515625,98.2247314453125
2021-12-27,449.0630187988281,68.76705169677734,97.5373306274414,44.135963439941406,98.27632904052734
2021-12-28,448.6961364746094,68.793121337890625,97.48148345947266,43.99167251586914,98.23331451416016
2021-12-29,449.27001953125,68.76705169677734,97.555938720703125,43.79327392578125,97.9408950805664
2021-12-30,448.02801513671875,68.586761474609375,97.30467224121094,44.29496383666992,98.15589904785156
2021-12-31,446.89886474609375,68.52579498291016,97.24881744384766,44.078399658203125,98.12147521972656
2022-01-03,449.4864501953125,68.969970703125,98.682098388671875,44.39421844482422,97.45060729980469
2022-01-04,449.3358459472656,69.361907958984375,99.78962707519531,44.240821838378906,97.441986083984375
2022-01-05,440.70770263671875,68.752227783203125,98.10506439208984,43.51896286010742,97.14098358154297
2022-01-06,440.29364013671875,68.40385437011719,98.70072174072266,43.71746826171875,97.03776550292969
2022-01-07,438.552978515625,68.60417175292969,98.4214859008789,44.114498138427734,96.75390625
2022-01-10,438.0072937011719,67.96839141845703,98.1143798828125,44.114498138427734,96.66786193847656
2022-01-11,441.99676513671875,68.70869445800781,98.66349029541016,45.13412094116211,96.84852600097656
2022-01-12,443.191650390625,69.37932586669922,98.08644104003906,45.8830451965332,96.84852600097656
2022-01-13,437.0851135253906,68.8741683959961,98.570404052734375,45.233375549316406,97.02056121826172
2022-01-14,437.26397705078125,68.80450439453125,99.10091400146484,45.21532440185547,96.47870635986328
2022-01-18,429.5201721191406,67.79419708251953,96.96959686279297,44.41225814819336,95.893798828125
2022-01-19,425.0602111816406,67.73322296142578,95.35951232910156,44.601749420166016,96.1002197265625
2022-01-20,420.3556213378906,67.40227508544922,93.302642822265625,44.86342239379883,96.1518325805664
2022-01-21,412.103759765625,66.48778533935547,92.13926696777344,44.213748931884766,96.530303955078125
2022-01-24,413.8538513183594,65.82588195800781,94.15888977050781,43.591148376464844,96.41847229003906
2022-01-25,408.8011169433594,65.42524719238281,93.563262939453125,43.509944915771484,96.32386016845703
2022-01-26,407.7754821777344,65.17266845703125,91.99036407470703,42.95952224731445,95.782012939453125
2022-01-27,405.7618713378906,64.86783599853516,90.352325439453125,42.4632453918457,96.1002197265625
2022-01-28,415.8392333984375,65.0855712890625,91.38541412353516,42.6707763671875,96.16901397705078
2022-01-31,423.32891845703125,66.03489685058594,92.96758270263672,44.06938171386719,96.16046142578125
2022-02-01,426.1893005371094,66.66197967529297,93.65631866455078,44.3400764465332,96.12684631347656
2022-02-02,430.3293151855469,67.15840911865234,93.265411376953125,44.26789474487305,96.23023986816406
2022-02-03,420.2144470214844,66.09587097167969,92.14859771728516,43.798683166503906,95.84263610839844
2022-02-04,422.19036865234375,66.25263214111328,91.89729309082031,43.90696716308594,95.23966217041016
2022-02-07,420.83551025390625,66.36585235595703,92.092742919921875,43.816734313964844,95.3257827758789
2022-02-08,424.2980651855469,66.70552825927734,93.76801300048828,44.240821838378906,95.0329360961914
2022-02-09,430.50811767578125,67.785491943359375,94.53117370605469,44.93560791015625,95.0932388305664
2022-02-10,422.77374267578125,66.92326354980469,93.40502166748047,44.63784408569336,94.21461486816406
2022-02-11,414.43719482421875,65.91295623779297,93.563262939453125,43.96110153198242,94.83482360839844
2022-02-14,413.0823059082031,65.48621368408203,93.40502166748047,43.65431213378906,94.28357696533203
2022-02-15,419.74395751953125,66.6881103515625,95.424652099609375,44.601749420166016,94.128509521484375
2022-02-16,420.2144470214844,66.94068908691406,95.92720031738281,44.92658615112305,94.2405014038086
2022-02-17,411.23809814453125,65.86071014404297,94.521881103515625,44.403236389160156,94.43861389160156
2022-02-18,408.5753173828125,65.58199310302734,93.99134063720703,43.96110153198242,94.63672637939453
2022-02-22,404.19061279296875,64.8155746459961,92.71630096435547,43.338497161865234,94.53334045410156
2022-02-23,397.02081298828125,64.2843017578125,91.5343246459961,42.83320617675781,94.11128997802734
2022-02-24,402.9956359863281,63.42207717895508,92.5953140258789,41.94892883300781,94.28357696533203
2022-02-25,411.8873291015625,65.0071792602539,94.76384735107422,42.72492218017578,94.3782958984375
2022-02-28,410.8334655761719,63.770450592041016,95.089599609375,42.16548538208008,95.05877685546875
2022-03-01,404.576416015625,62.376949310302734,93.32124328613281,41.606048583984375,95.5944595336914
2022-03-02,412.01910400390625,63.16078186035156,95.675933837890625,41.67823028564453,94.44720458984375
2022-03-03,409.9679260253906,61.915340423583984,95.5177001953125,41.09172058105469,94.766357421875
2022-03-04,406.6370544433594,60.121192932128906,94.48463439941406,40.2615852355957,95.14591979980469
2022-03-07,394.64971923828125,58.213829040527344,92.65116119384766,38.754703521728516,94.593841552734375
2022-03-08,391.65753173828125,58.71897888183594,92.90245056152344,38.88103485107422,94.25740814208984
2022-03-09,402.15826416015625,61.17503356933594,94.447418212890625,39.98186492919922,94.05902099609375
2022-03-10,400.34228515625,60.44344711303711,94.57772064208984,39.23293685913086,93.5328369140625
2022-03-11,395.2518615722656,59.79023361206055,93.6004638671875,38.41182327270508,93.515533447265625
2022-03-14,392.36322021484375,60.338932037353516,92.7628402709961,37.4824333190918,92.60980987548828
2022-03-15,400.991455078125,60.913753509521484,93.339874267578125,37.53656768798828,92.81683349609375
2022-03-16,409.8831481933594,63.09982681274414,95.322265625,40.559349060058594,92.88585662841797
2022-03-17,415.0112609863281,63.63108825683594,96.24366760253906,40.35182189941406,93.04114532470703
2022-03-18,419.5566711425781,64.24947357177734,96.31812286376953,40.92930603027344,93.24817657470703
2022-03-21,419.4341125488281,63.84883117675781,96.06683349609375,40.29767608642578,92.33380126953125
2022-03-22,424.3419494628906,64.44977569580078,96.35533905029297,41.028560638427734,92.08363342285156
2022-03-23,418.8771667480469,63.613677978515625,94.782470703125,40.75785446166992,92.46317291259766
2022-03-24,425.1914367675781,64.20591735839844,95.39472198486328,40.97441482543945,92.25614929199219
2022-03-25,427.26788330078125,64.240753173828125,96.54270935058594,40.64958190917969,91.522918701171875
2022-03-28,430.3070373535156,64.03172302246094,95.97337341308594,40.78493118286133,91.747222900390625
2022-03-29,435.63031005859375,65.45137023925781,98.092010498046875,41.479713439941406,92.17852020263672
2022-03-30,432.9403991699219,65.1813735961914,96.458709716796875,41.3624153137207,92.42869567871094
2022-03-31,426.27685546875,64.10140228271484,95.56272888183594,40.73981475830078,92.38555908203125
2022-04-01,427.4850158691406,64.7023696899414,96.47737121582031,41.41655349731445,92.221405029296875
2022-04-04,431.14703369140625,64.9636459350586,96.10404205322266,42.14743423461914,92.29915618896484
2022-04-05,425.7010803222656,64.083984375,93.9573974609375,41.37143325805664,91.36610412597656
2022-04-06,421.44439697265625,63.31755447387695,93.12675476074219,40.830047607421875,91.13286590576172
2022-04-07,423.5680847167969,63.456912994384766,92.86540985107422,40.50521469116211,90.93421173095703
2022-04-08,422.43548583984375,63.48303985595703,92.6507568359375,40.54130172729492,90.4763412475586
2022-04-11,415.2150573730469,62.812408447265625,92.24942779541016,40.03600311279297,90.08753967285156
2022-04-12,413.6766052246094,62.342098236083984,92.91209411621094,39.9096794128418,90.37267303466797
2022-04-13,418.4146728515625,63.01272964477539,94.42407989501953,40.43302536010742,90.554107666015625
2022-04-14,413.2046203613281,62.725311279296875,94.2000732421875,39.9096794128418,89.81978607177734
2022-04-18,413.37457275390625,62.35951614379883,94.022735595703125,39.77433395385742,89.54329681396484
2022-04-19,420.0474548339844,62.655643463134766,95.61871337890625,39.57581329345703,88.99906158447266
2022-04-20,419.7360534667969,63.07368469238281,96.225372314453125,39.341217041015625,89.5087661743164
2022-04-21,413.45947265625,62.39435577392578,95.0587387084961,38.58326721191406,89.01631927490234
2022-04-22,402.1145324707031,61.3753547668457,92.85608673095703,38.240386962890625,88.929931640625
2022-04-25,404.44586181640625,61.07923126220703,92.77208709716797,37.96065902709961,89.5260238647461
2022-04-26,392.73272705078125,59.37217330932617,90.37346649169922,37.130531311035156,89.802490234375
2022-04-27,393.8370056152344,59.64217758178711,90.10279083251953,37.56364440917969,89.43964385986328
2022-04-28,403.78515625,60.48698425292969,91.9414291381836,38.105037689208984,89.40510559082031
2022-04-29,388.8629455566406,59.781532287597656,89.46812438964844,38.240386962890625,88.86946105957031
2022-05-02,391.20367431640625,59.63347244262695,89.97212219238281,38.18625259399414,88.38569641113281
2022-05-03,392.9969787597656,60.07765579223633,90.87744903564453,38.465965270996094,88.58475494384766
2022-05-04,404.9649658203125,61.13148498535156,93.0334243774414,38.88103485107422,89.15592193603516
2022-05-05,390.5713195800781,59.16315841674805,90.10279083251953,37.44634246826172,88.273162841796875
2022-05-06,388.239990234375,58.58833694458008,89.30012512207031,36.93202590942383,87.90108489990234
2022-05-09,375.8096008300781,56.8203125,87.09748840332031,35.867271423339844,88.33377838134766
2022-05-10,376.6780090332031,57.24708938598633,86.313507080078125,36.03871536254883,88.602020263671875
2022-05-11,370.6940002441406,56.90740966796875,85.286865234375,35.78606414794922,88.9308853149414
2022-05-12,370.3070983886719,56.76806640625,86.15484619140625,35.55146789550781,89.09534454345703
2022-05-13,379.1602783203125,58.34446716308594,87.86283874511719,36.53499221801758,88.714569091796875
2022-05-16,377.621826171875,58.3967399597168,87.9188232421875,36.390625,88.9135971069336
2022-05-17,385.3896179199219,59.48541259765625,90.55078887939453,37.28392028808594,88.42896270751953
2022-05-18,369.8539733886719,58.065765380859375,88.46014404296875,36.390625,88.78379821777344
2022-05-19,367.5887756347656,58.6231689453125,87.732147216796875,36.96811294555664,89.0088119506836
2022-05-20,367.7491455078125,59.0238037109375,87.0881576538086,37.12150573730469,89.27711486816406
2022-05-23,374.62982177734375,60.025394439697266,88.11482238769531,37.40121841430664,88.98284912109375
2022-05-24,371.77008056640625,59.92958450317383,87.50816345214844,36.751556396484375,89.666534423828125
2022-05-25,375.0545654296875,59.94701385498047,89.09480285644531,36.93202590942383,90.03868103027344
2022-05-26,382.54864501953125,60.608924865722656,90.75611114501953,37.50950622558594,89.96942138671875
2022-05-27,391.93994140625,61.34052276611328,92.39875793457031,37.94261932373047,90.1165542602539
2022-05-31,389.74072265625,60.97472381591797,91.54011535644531,38.4749870300293,89.545379638671875
2022-06-01,386.5882873535156,60.33021926879883,91.31609344482422,38.20429229736328,89.17777252197266
2022-06-02,393.9502868652344,61.584373474121094,92.84674835205078,38.862979888916016,89.29048156738281
2022-06-03,387.4849853515625,60.7047233581543,91.99742889404297,38.23135757446289,89.14308166503906
2022-06-06,388.66473388671875,60.9485969543457,92.76276397705078,38.43888854980469,88.5969009399414
2022-06-07,392.3929443359375,61.13148498535156,93.62141418457031,38.55619430541992,88.9350357055664
2022-06-08,388.12677001953125,60.277957916259766,92.137420654296875,38.76372528076172,88.5708999633789
2022-06-09,378.89599609375,59.0120849609375,90.49285888671875,37.84646224975586,88.47551727294922
2022-06-10,367.90966796875,57.58775329589844,88.311981201171875,37.4278678894043,87.79058837890625
2022-06-13,353.9408874511719,55.68269729614258,84.455657958984375,36.11748123168945,86.35137939453125
2022-06-14,352.8743591308594,55.15747833251953,84.0344467163086,36.61798095703125,85.83989715576172
2022-06-15,357.9049377441406,56.19011688232422,84.830047607421875,37.10026931762695,86.7935791015625
2022-06-16,346.0597229003906,54.952728271484375,80.68354034423828,35.96278381347656,87.00166320800781
2022-06-17,346.8057556152344,54.73017501831055,81.2170639038086,36.09927749633789,86.99296569824219
2022-06-21,355.5361022949219,55.558067321777344,82.31220245361328,36.681671142578125,86.64619445800781
2022-06-22,354.8915100097656,55.184181213378906,82.22795867919922,36.02648162841797,87.38314056396484
2022-06-23,358.37042236328125,55.12186050415039,82.293487548828125,36.135677337646484,87.74726867675781
2022-06-24,369.76434326171875,56.76875305175781,84.904937744140625,36.99107360839844,87.60851287841797
2022-06-27,368.3518981933594,56.52839279174805,85.57884216308594,37.03657150268555,87.2184066772461
2022-06-28,360.825439453125,56.145606994628906,84.41820526123047,36.8090705871582,87.2530746459961
2022-06-29,360.5316467285156,55.93195724487305,83.5102767944336,36.663475036621094,87.75591278076172
2022-06-30,357.6025695800781,55.62929153442383,83.33243560791016,36.49057388305664,88.15471649169922
2022-07-01,361.3847961425781,55.762813568115234,84.249725341796875,36.26308059692383,88.88953399658203
2022-07-05,362.0672607421875,54.56993865966797,83.79107666015625,35.98098373413086,89.0545654296875
2022-07-06,363.29010009765625,54.61444091796875,82.639801025390625,35.7625846862793,88.45527648925781
2022-07-07,368.73114013671875,55.44234085083008,83.9502182006836,36.48147201538086,88.25548553466797
2022-07-08,368.42779541015625,55.50465393066406,83.6974868774414,36.48147201538086,87.9254379272461
2022-07-11,364.2190856933594,54.60554885864258,82.71466827392578,35.507789611816406,88.333648681640625
2022-07-12,360.99609375,54.59663772583008,82.8176498413086,35.37129211425781,88.45527648925781
2022-07-13,359.1002502441406,54.56993865966797,82.49003601074219,35.28938674926758,88.776641845703125
2022-07-14,358.22821044921875,53.804351806640625,81.67572021484375,34.970890045166016,88.463958740234375
2022-07-15,365.0721740722656,54.65895462036133,83.360504150390625,35.15289306640625,88.81136322021484
2022-07-18,362.0577392578125,54.88151168823242,83.48218536376953,35.39858627319336,88.52474212646484
2022-07-19,371.8402099609375,56.3770637512207,86.2808609008789,35.98098373413086,88.40313720703125
2022-07-20,374.2100830078125,56.003170013427734,87.207489013671875,35.8262825012207,88.34236907958984
2022-07-21,378.0207214355469,56.581809997558594,86.833099365234375,36.23577880859375,89.08060455322266
2022-07-22,374.513427734375,56.43938064575195,86.4399642944336,35.87178421020508,89.77546691894531
2022-07-25,374.9684143066406,56.875579833984375,87.21686553955078,35.999183654785156,89.4454345703125
2022-07-26,370.5321960449219,56.08329772949219,86.76756286621094,35.71708297729492,89.428070068359375
2022-07-27,380.1535949707031,57.40970230102539,88.6021499633789,36.381378173828125,89.740753173828125
2022-07-28,384.921630859375,57.70347595214844,89.697265625,36.53607177734375,90.38346862792969
2022-07-29,390.5333251953125,58.50466537475586,90.43671417236328,36.36317825317383,90.39216613769531
2022-08-01,389.3767395019531,58.58477783203125,90.82048034667969,36.05378341674805,90.7054672241211
2022-08-02,386.8079833984375,57.650062561035156,89.76280212402344,35.880882263183594,89.774322509765625
2022-08-03,392.86517333984375,57.988338470458984,90.38053894042969,36.1629753112793,90.17460632324219
2022-08-04,392.5997314453125,58.2821159362793,89.48197937011719,36.41777801513672,90.392181396484375
2022-08-05,391.9361572265625,57.87261962890625,89.94998931884766,36.45417785644531,89.38268280029297
2022-08-08,391.48114013671875,58.00615310668945,90.72686767578125,36.49967575073242,89.79170989990234
2022-08-09,389.9266052246094,57.69457244873047,89.96870422363281,36.36317825317383,89.591552734375
2022-08-10,398.1166076660156,58.99428176879883,91.7283935546875,36.81817626953125,89.81781005859375
2022-08-11,398.1166076660156,58.97648239135742,92.46783447265625,36.96377182006836,89.33919525146484
2022-08-12,404.8563537597656,59.43048858642578,94.00289154052734,37.35506057739258,89.73950958251953
2022-08-15,406.524658203125,59.074398040771484,94.31177520751953,37.18217086791992,89.85262298583984
2022-08-16,407.3209533691406,59.05659866333008,94.8359375,37.173065185546875,89.722076416015625
2022-08-17,404.4298095703125,58.58477783203125,93.67529296875,37.018367767333984,89.19124603271484
2022-08-18,405.6052551269531,58.38893127441406,94.33985137939453,36.8090705871582,89.38268280029297
2022-08-19,400.15460205078125,57.58775329589844,92.7205581665039,36.3085823059082,88.75611877441406
2022-08-22,391.82244873046875,56.608516693115234,90.72686767578125,35.990081787109375,88.37322235107422
2022-08-23,390.87451171875,56.635223388671875,90.6613540649414,36.18117904663086,88.33837127685547
2022-08-24,392.1257629394531,56.70643997192383,90.85789489746094,36.17207336425781,88.10343933105469
2022-08-25,397.66156005859375,57.32958984375,92.60823059082031,36.95466995239258,88.59075927734375
2022-08-26,384.2011413574219,55.82513427734375,89.83766174316406,36.40867233276367,88.42542266845703
2022-08-29,381.6607971191406,55.700504302978516,89.03270721435547,36.18117904663086,87.99903106689453
2022-08-30,377.47088623046875,55.299903869628906,87.65677642822266,35.753482818603516,88.11213684082031
2022-08-31,374.5987548828125,54.926021575927734,86.67396545410156,35.880882263183594,87.6421890258789
2022-09-01,375.774169921875,54.18714141845703,85.65372467041016,35.598785400390625,87.26201629638672
2022-09-02,371.8117980957031,53.831058502197266,85.2231674194336,35.27118682861328,87.51485443115234
2022-09-06,370.4089660644531,53.69752883911133,83.94084167480469,34.85259246826172,86.69517517089844
2022-09-07,377.0633544921875,54.16933059692383,85.49461364746094,35.16199493408203,87.2968978881836
2022-09-08,379.5279541015625,54.20494079589844,85.56950378417969,34.970890045166016,87.01783752441406
2022-09-09,385.4240417480469,55.584774017333984,87.27302551269531,35.48958206176758,87.0091323852539
2022-09-12,389.56640625,56.359256744384766,88.49918365478516,36.01738739013672,86.878326416015625
2022-09-13,372.6271057128906,54.400794982910156,85.06404876708984,34.90719223022461,86.39000701904297
2022-09-14,374.04901123046875,54.57883834838867,85.026611328125,35.08009719848633,86.50334930419922
2022-09-15,369.80224609375,54.098114013671875,84.37139129638672,34.70699691772461,86.24174499511719
2022-09-16,366.9810791015625,53.76874542236328,83.88468933105469,34.38850021362305,86.18074035644531
2022-09-19,369.8269958496094,53.955692291259766,84.91429138183594,34.497703552246094,86.0499038696289
2022-09-20,365.58197021484375,53.03877258300781,83.83787536621094,34.306610107421875,85.66624450683594
2022-09-21,359.204833984375,52.34440612792969,82.78954315185547,33.733306884765625,85.936553955078125
2022-09-22,356.18756103515625,52.19307327270508,81.20771026611328,33.56951141357422,85.02094268798828
2022-09-23,350.2196350097656,50.52837371826172,79.18595886230469,32.74141311645508,84.75934600830078
2022-09-26,346.7550354003906,49.78059768676758,77.9532699584961,32.34102249145508,83.66930389404297
2022-09-27,345.86993408203125,49.44232177734375,77.887359619140625,32.304622650146484,83.31180572509766
2022-09-28,352.6753234863281,50.63520431518555,79.97791290283203,32.586727142333984,84.65470886230469
2022-09-29,345.3083190917969,50.038761138916016,78.25459289550781,31.858726501464844,84.20997619628906
2022-09-30,339.9685974121094,49.8607177734375,77.64250183105469,31.740427017211914,84.00938415527344
2022-10-03,348.9442443847656,50.848854064941406,79.6388931274414,32.25912857055664,84.69194030761719
2022-10-04,359.7568359375,52.88743209838867,82.746490478515625,33.31471633911133,84.91915130615234
2022-10-05,358.9192199707031,52.326602935791016,82.24737548828125,33.332908630371094,84.47344970703125
2022-10-06,355.2166748046875,51.40968704223633,81.64471435546875,33.132713317871094,84.14136505126953
2022-10-07,345.3083190917969,50.590694427490234,79.855499267578125,32.44112777709961,83.69568634033203
2022-10-10,342.6717529296875,50.30582046508789,79.96849060058594,31.986125946044922,83.31988525390625
2022-10-11,340.5016174316406,49.75389099121094,80.27923583984375,31.476533889770508,83.3723373413086
2022-10-12,339.37847900390625,49.59365463256836,79.893157958984375,31.5129337310791,83.4422378540039
2022-10-13,348.3350830078125,50.617401123046875,82.01195526123047,31.60392951965332,83.18006896972656
2022-10-14,340.39703369140625,49.8607177734375,80.28865814208984,31.130739212036133,82.72562408447266
2022-10-17,349.1441650390625,51.089210510253906,82.416900634765625,31.986125946044922,82.90040588378906
2022-10-18,353.2464294433594,51.454193115234375,83.51868438720703,31.9952335357666,83.04024505615234
2022-10-19,350.7431640625,50.822147369384766,82.53932189941406,31.41283416748047,82.323577880859375
2022-10-20,347.8020324707031,50.706417083740234,81.4751968383789,31.6130313873291,81.82547760009766
2022-10-21,356.2541809082031,51.623329162597656,83.36800384521484,32.095333099365234,81.94780731201172
2022-10-24,360.6134338378906,51.63223648071289,84.05543518066406,30.875944137573242,81.834228515625
2022-10-25,366.3719482421875,52.771705627441406,85.872894287109375,31.130739212036133,82.63817596435547
2022-10-26,363.61163330078125,53.270225524902344,86.38140869140625,31.640338897705078,83.005279541015625
2022-10-27,361.66998291015625,52.771705627441406,86.918182373046875,31.394638061523438,83.42475891113281
2022-10-28,370.27435302734375,53.296932220458984,88.70738220214844,31.203540802001953,83.21500396728516
2022-10-31,367.5997314453125,52.79841613769531,88.820404052734375,31.112537384033203,82.93535614013672
2022-11-01,365.9911804199219,53.21681213378906,89.13116455078125,31.685832977294922,83.089508056640625
2022-11-02,356.80615234375,52.44232940673828,86.37199401855469,31.421934127807617,82.9493637084961
2022-11-03,353.1321716308594,51.99722671508789,85.96707916259766,31.60392951965332,82.6427993774414
2022-11-04,358.21490478515625,54.08031463623047,87.54912567138672,32.94161605834961,82.63404083251953
2022-11-07,361.64141845703125,54.24946212768555,88.368377685546875,32.959815979003906,82.37128448486328
2022-11-08,363.5925598144531,54.863704681396484,88.27423095703125,33.19641876220703,82.72163391113281
2022-11-09,356.1018981933594,54.098114013671875,86.37199401855469,32.62312316894531,82.8179931640625
2022-11-10,375.67108154296875,57.13374328613281,90.958038330078125,33.80611038208008,84.59610748291016
2022-11-11,379.3070373535156,58.27321243286133,91.38182067871094,34.725196838378906,84.5347900390625
2022-11-14,376.08038330078125,57.658966064453125,90.39301300048828,34.515899658203125,84.29826354980469
2022-11-15,379.2880554199219,58.041748046875,91.466552734375,35.307586669921875,84.92020416259766
2022-11-16,376.39453125,57.908226013183594,90.14817810058594,34.74340057373047,85.44572448730469
2022-11-17,375.2427673339844,57.88151168823242,89.8374252319336,34.80709457397461,85.08661651611328
2022-11-18,376.9466247558594,57.99724578857422,90.51544952392578,34.606895446777344,84.96398162841797
2022-11-21,375.5759582519531,57.5610466003418,90.39301300048828,34.17009735107422,84.91141510009766
2022-11-22,380.6300964355469,58.36222839355469,91.45711517333984,34.25200271606445,85.34937286376953
2022-11-23,383.0286560058594,59.00318145751953,91.3912124633789,34.534095764160156,85.85742950439453
2022-11-25,382.9429931640625,59.30585479736328,91.56072998046875,34.37030029296875,85.87493896484375
2022-11-28,376.8323059082031,58.54027557373047,89.90332794189453,34.215599060058594,85.7347640991211
2022-11-29,376.1851806640625,58.709407806396484,90.35536193847656,34.952693939208984,85.42820739746094
2022-11-30,388.03521728515625,59.75096130371094,92.201080322265625,35.96278381347656,86.09393310546875
2022-12-01,387.7496643066406,60.329593658447266,91.91856384277344,35.844486236572266,86.810302734375
2022-12-02,387.30230712890625,60.285091400146484,92.2669906616211,35.98098373413086,87.17024993896484
2022-12-05,380.3350524902344,59.492794036865234,89.79033660888672,35.57148742675781,86.48548126220703
2022-12-06,374.8525695800781,59.22573471069336,89.16883087158203,35.5259895324707,86.74007415771484
2022-12-07,374.21490478515625,59.22573471069336,88.61322784423828,35.31669235229492,87.51264953613281
2022-12-08,377.14642333984375,59.52840805053711,89.09349060058594,35.744384765625,87.24925231933594
2022-12-09,374.3291320800781,59.56402587890625,88.067047119140625,35.507789611816406,86.73128509521484
2022-12-12,379.7259826660156,59.742069244384766,89.09349060058594,35.39858627319336,86.74884033203125
2022-12-13,382.6003723144531,60.58936309814453,89.20491790771484,35.65172576904297,87.328277587890625
2022-12-14,380.1541442871094,60.53573989868164,88.61002349853516,35.67020034790039,87.52144622802734
2022-12-15,370.85498046875,58.98949432373047,86.65538024902344,34.84797286987305,87.6499252319336
2022-12-16,366.4766540527344,58.47110366821289,85.76776885986328,34.9495964050293,87.42110443115234
2022-12-19,363.3690185546875,58.32810592651367,84.88016510009766,34.9773063659668,86.88438415527344
2022-12-20,363.8662109375,58.56047821044922,85.1162338256836,34.96807098388672,86.29480743408203
2022-12-21,369.3069152832031,59.16824722290039,86.35321044921875,35.28218078613281,86.53238677978516
2022-12-22,364.0383605957031,58.685611724853516,85.40895080566406,34.96807098388672,86.50599670410156
2022-12-23,366.1324157714844,58.891178131103516,86.06995391845703,34.921878814697266,86.20682525634766
2022-12-27,364.6885681152344,58.980560302734375,86.0982666015625,35.43923568725586,85.58207702636719
2022-12-28,360.15625,58.354915618896484,84.34192657470703,34.921878814697266,85.432464599609375
2022-12-29,366.6391906738281,59.2755012512207,86.52318572998047,35.50390625,85.749267578125
2022-12-30,365.6734313964844,58.66773986816406,86.22102355957031,35.01426315307617,85.344482421875
2023-01-03,364.13397216796875,59.186134338378906,86.2587890625,35.30990219116211,85.84603118896484
2023-01-04,366.9451904296875,59.97265625,87.8073959350586,36.37233352661133,86.32121276855469
2023-01-05,362.7570495605469,59.37382125854492,87.09917449951172,36.261470794677734,86.25080108642578
2023-01-06,371.0758361816406,60.893245697021484,89.08213806152344,37.01903533935547,87.19234466552734
2023-01-09,370.865478515625,61.152442932128906,89.05381774902344,37.296199798583984,87.41230773925781
2023-01-10,373.46624755859375,61.331199645996094,90.30025482177734,37.564117431640625,87.07795715332031
2023-01-11,378.1898498535156,61.79596710205078,91.54669189453125,37.72117233276367,87.6147232055664
2023-01-12,379.5667724609375,62.70761489868164,92.84978485107422,37.90593719482422,88.24827575683594
2023-01-13,381.039306640625,63.03832244873047,93.350250244140625,38.15538024902344,87.92266082763672
2023-01-17,380.3412170410156,63.23495101928711,93.0575180053711,37.94289779663086,87.7643051147461
2023-01-18,374.33642578125,63.01150131225586,91.67887878417969,37.68422317504883,88.63541412353516
2023-01-19,371.611328125,62.9131965637207,90.96125793457031,37.97061538696289,88.43305969238281
2023-01-20,378.53411865234375,63.467342376708984,92.47208404541016,38.552642822265625,88.072265625
2023-01-23,383.075927734375,63.726539611816406,93.62409210205078,38.82979965209961,87.85228729248047
2023-01-24,382.664794921875,63.646087646484375,93.15193176269531,38.85751724243164,88.239471435546875
2023-01-25,382.8082580566406,64.06617736816406,93.58631896972656,38.894474029541016,88.34505462646484
2023-01-26,387.01544189453125,64.11980438232422,94.2284164428711,39.26401901245117,88.195465087890625
2023-01-27,387.9046936035156,63.99466323852539,94.8705062866211,39.07924270629883,88.0634536743164
2023-01-30,383.0377502441406,63.583534240722656,93.81291961669922,38.29396057128906,87.82585906982422
2023-01-31,388.6696472167969,63.94997024536133,96.52300262451172,38.210819244384766,88.1866683959961
2023-02-01,392.8003234863281,64.5219955444336,97.96771240234375,38.681983947753906,88.80852508544922
2023-02-02,398.51824951171875,64.4326171875,100.62110137939453,38.45101547241211,88.90557861328125
2023-02-03,394.2824401855469,63.83378982543945,100.00733184814453,37.767364501953125,88.04994201660156
2023-02-06,391.87286376953125,63.18133544921875,98.21321105957031,37.213050842285156,87.56481170654297
2023-02-07,396.9979553222656,63.717594146728516,98.855316162109375,37.36086654663086,87.41484069824219
2023-02-08,392.6569519042969,63.3243408203125,97.335052490234375,37.31467056274414,87.53831481933594
2023-02-09,389.2529296875,63.44053649902344,96.116943359375,37.49020004272461,87.19432067871094
2023-02-10,390.1612243652344,63.16344451904297,96.23969268798828,37.12989807128906,86.81500244140625
2023-02-13,394.74139404296875,63.798038482666016,97.54279327392578,37.43477249145508,87.07963562011719
2023-02-14,394.55975341796875,63.91422653198242,97.1839599609375,37.3701057434082,86.77091979980469
2023-02-15,395.84100341796875,63.62821578979492,98.1943359375,37.05598831176758,86.60333251953125
2023-02-16,390.39080810546875,63.31539535522461,97.58055877685547,37.06523132324219,86.24164581298828
2023-02-17,389.41552734375,63.47627639770508,97.73162841796875,36.65873336791992,86.44454193115234
2023-02-21,381.6034240722656,62.77912521362305,94.55889892578125,36.19680404663086,85.633026123046875
2023-02-22,381.07757568359375,62.4305534362793,95.02159881591797,36.021270751953125,85.86236572265625
2023-02-23,383.1046142578125,62.752315521240234,95.67314147949219,36.19680404663086,86.17109680175781
2023-02-24,379.0121765136719,61.70659255981445,94.63444519042969,35.38380813598633,85.6771240234375
2023-02-27,380.3030090332031,62.439491271972656,94.75718688964844,35.56857681274414,85.84473419189453
2023-02-28,378.8974609375,61.98366928100586,94.85163116455078,35.31913375854492,85.83587646484375
2023-03-01,377.44403076171875,62.314361572265625,95.13489532470703,36.07670211791992,85.344268798828125
2023-03-02,380.3794860839844,62.439491271972656,95.51261901855469,36.20603942871094,85.16743469238281
2023-03-03,386.47998046875,63.35114669799805,96.66461181640625,36.52939987182617,85.83943939208984
2023-03-06,386.74774169921875,63.19025802612305,94.16230773925781,36.400054931640625,85.627227783203125
2023-03-07,380.8193054199219,62.13559341430664,93.2369384765625,35.79030227661133,85.51228332519531
2023-03-08,381.4408874511719,62.47523880004883,93.378570556640625,35.93812561035156,85.4238510131836
2023-03-09,374.40338134765625,62.019412994384766,91.074554443359375,35.14360427856445,85.73333740234375
2023-03-10,369.0009460449219,61.35801696777344,88.647796630859375,34.95882797241211,86.73249816894531
2023-03-13,368.47503662109375,60.93794250488281,86.23046875,35.01426315307617,87.42218017578125
2023-03-14,374.5658874511719,61.751277923583984,87.79795837402344,35.032737731933594,86.90933990478516
2023-03-15,372.2232971191406,59.83858871459961,86.438201904296875,34.43223190307617,87.77588653564453
2023-03-16,378.7539978027344,60.76811981201172,87.571319580078125,34.95882797241211,87.4310073852539
2023-03-17,374.3253173828125,60.044151306152344,84.94627380371094,34.746341705322266,87.979248046875
2023-03-20,377.9247131347656,60.982627868652344,85.98497009277344,34.87568664550781,87.62555694580078
2023-03-21,382.8870849609375,61.90321731567383,87.40135192871094,35.18979263305664,87.36029052734375
2023-03-22,376.3601989746094,61.68871307373047,85.1445541381836,35.3283805847168,88.20030212402344
2023-03-23,377.37762451171875,61.69764709472656,84.17786407470703,35.818023681640625,88.4124984741211
2023-03-24,379.85400390625,61.50995635986328,85.21089172363281,35.72563171386719,88.56282806396484
2023-03-27,380.56427001953125,62.090919494628906,86.073333740234375,35.53162384033203,87.607879638671875
2023-03-28,379.7099609375,62.11772918701172,86.31974792480469,36.03974151611328,87.47522735595703
2023-03-29,385.2290344238281,62.868499755859375,86.93577575683594,36.14137268066406,87.58135223388672
2023-03-30,387.4846496582031,63.601409912109375,87.00211334228516,36.50167465209961,87.6785888671875
2023-03-31,392.94610595703125,63.92317199707031,88.69857025146484,36.455482482910156,88.10303497314453
2023-04-03,394.44354248046875,64.4326171875,88.69857025146484,36.52939987182617,88.48597717285156
2023-04-04,392.25506591796875,64.4415512084961,87.07791900634766,36.52939987182617,88.81394958496094
2023-04-05,391.22802734375,63.99466323852539,86.3861083984375,36.24299621582031,89.11536407470703
2023-04-06,392.754150390625,64.298553466796875,86.44295501708984,36.39081573486328,89.03557586669922
2023-04-10,393.1572265625,64.25386810302734,87.49494934082031,36.427764892578125,88.423919677734375
2023-04-11,393.2628479003906,64.4683609008789,88.3952865600586,36.64949417114258,88.47711181640625
2023-04-12,391.6599426269531,64.8794937133789,87.46651458740234,36.39081573486328,88.58348083496094
2023-04-13,396.8622131347656,65.710723876953125,88.00672149658203,36.88969802856445,88.54802703857422
2023-04-14,395.8928527832031,65.44258880615234,87.28643035888672,36.6956901550293,88.11366271972656
2023-04-17,397.3133544921875,65.32640075683594,87.99723815917969,36.85274124145508,87.67041778564453
2023-04-18,397.57257080078125,65.68390655517578,87.48545837402344,36.806549072265625,87.79454040527344
2023-04-19,397.5053405761719,65.47834014892578,87.97828674316406,36.43700408935547,87.66157531738281
2023-04-20,395.3360900878906,65.47834014892578,87.343292236328125,36.38157653808594,88.06048583984375
2023-04-21,395.6431884765625,65.80902862548828,87.10637664794922,36.03974151611328,87.90977478027344
2023-04-24,396.0559387207031,65.97886657714844,87.17271423339844,35.95659255981445,88.25548553466797
2023-04-25,389.76904296875,65.058258056640625,84.774932861328125,35.28218078613281,88.805084228515625
2023-04-26,388.1181335449219,65.0135726928711,84.02622985839844,35.48542785644531,88.47711181640625
2023-04-27,395.8448181152344,65.82691192626953,85.46678161621094,35.9658317565918,88.15797424316406
2023-04-28,399.223388671875,65.80010223388672,86.57563781738281,36.15061569213867,88.61006927490234
2023-05-01,398.8203125,65.7017822265625,86.31974792480469,36.030513763427734,87.7027359008789
2023-05-02,394.3378601074219,65.0403823852539,84.45272064208984,35.679443359375,88.55585479736328
2023-05-03,391.63116455078125,65.210205078125,84.357940673828125,35.6240119934082,88.9468765258789
2023-05-04,388.85723876953125,65.076141357421875,83.13536834716797,35.91040802001953,88.84024810791016
2023-05-05,396.0559387207031,66.03247833251953,85.16352081298828,36.39081573486328,88.55585479736328
2023-05-08,396.1615295410156,66.05036163330078,84.75598907470703,36.4092903137207,88.067108154296875
2023-05-09,394.4242248535156,65.7822265625,84.2536849975586,36.187564849853516,87.98710632324219
2023-05-10,396.26715087890625,65.64815521240234,84.2536849975586,36.16908645629883,88.55585479736328
2023-05-11,395.5760498046875,65.487274169921875,83.713470458984375,36.03974151611328,88.82246398925781
2023-05-12,395.0578308105469,65.37108612060547,83.42915344238281,35.614776611328125,88.32481384277344
2023-05-15,396.4207458496094,65.8716049194336,84.33898162841797,36.27070999145508,88.10264587402344
2023-05-16,393.7715759277344,65.2459487915039,83.01215362548828,36.01203155517578,87.89825439453125
2023-05-17,398.5515441894531,65.54984283447266,85.286712646484375,36.17832565307617,87.76494598388672
2023-05-18,402.390869140625,65.45153045654297,86.05438232421875,35.98432159423828,87.35613250732422
2023-05-19,401.8053894042969,65.83586883544922,85.11612701416016,36.01203155517578,87.16065979003906
2023-05-22,401.9685363769531,65.853729248046875,85.70372772216797,36.30766677856445,87.080657958984375
2023-05-23,397.457275390625,64.8884506225586,85.7321548461914,35.744110107421875,87.178436279296875
2023-05-24,394.5777893066406,63.94103240966797,84.61383056640625,35.476200103759766,86.956268310546875
2023-05-25,397.994873046875,63.85166549682617,83.9693603515625,35.40228271484375,86.63631439208984
2023-05-26,403.14910888671875,64.47731018066406,84.86023712158203,36.030513763427734,86.70741271972656
2023-05-30,403.30267333984375,63.82484436035156,84.55696105957031,35.614776611328125,87.2850570678711
2023-05-31,401.0663146972656,63.16344451904297,83.41020202636719,35.28218078613281,87.59611511230469
2023-06-01,404.8768310546875,64.10192108154297,84.07361602783203,35.91040802001953,87.86162567138672
2023-06-02,410.7318420410156,64.933135986328125,87.84561920166016,36.52939987182617,87.3982925415039
2023-06-05,409.94482421875,64.55774688720703,85.96907806396484,36.5201530456543,87.38941955566406
2023-06-06,410.8374328613281,65.0940170288086,88.708038330078125,36.843505859375,87.49629211425781
2023-06-07,409.41680908203125,64.521514892578125,90.94844055175781,36.68522262573242,87.032989501953125
2023-06-08,411.89324951171875,65.20414733886719,90.21561431884766,36.945926666259766,87.49629211425781
2023-06-09,412.63226318359375,65.09493255615234,89.3495101928711,37.113525390625,87.2913818359375
2023-06-12,416.3756408691406,65.37708282470703,89.53034210205078,37.188011169433594,87.44287109375
2023-06-13,419.1208190917969,65.99598693847656,90.41545867919922,37.56045150756836,87.032989501953125
2023-06-14,419.6199035644531,66.241729736328125,89.12110137939453,37.839778900146484,87.1131820678711
2023-06-15,424.8221435546875,66.94255828857422,90.0538101196289,38.193599700927734,87.71906280517578
2023-06-16,423.3751525878906,66.79692840576172,89.55889129638672,38.0632438659668,87.44287109375
2023-06-20,421.1785583496094,65.91407775878906,89.15917205810547,37.318363189697266,87.60323333740234
2023-06-21,419.0205993652344,66.014190673828125,89.0639877319336,37.14145278930664,87.74579620361328
2023-06-22,420.5331115722656,65.60462951660156,87.93141174316406,37.01110076904297,87.2913818359375
2023-06-23,417.3538818359375,64.585235595703125,86.513336181640625,36.471065521240234,87.54976654052734
2023-06-26,415.648681640625,64.66715240478516,87.24617767333984,36.59210968017578,87.65670013427734
2023-06-27,420.2055358886719,65.23145294189453,88.921234130859375,36.96455001831055,87.487396240234375
2023-06-28,420.4175720214844,65.2769546508789,88.94026184082031,36.741085052490234,87.74579620361328
2023-06-29,422.0745849609375,65.18595123291016,90.46305847167969,36.54555130004883,87.06864929199219
2023-06-30,427.0553283691406,65.98688507080078,90.501129150390625,36.834190368652344,87.27355194091797
2023-07-03,427.5466613769531,65.91407775878906,91.12926483154297,37.24387741088867,87.17081451416016
2023-07-05,426.91082763671875,65.17683410644531,89.87297821044922,37.020408630371094,86.77777099609375
2023-07-06,423.56787109375,64.048248291015625,88.49295806884766,36.266231536865234,86.21495819091797
2023-07-07,422.4984130859375,64.5306167602539,89.54937744140625,36.67591094970703,86.2328109741211
2023-07-10,423.56787109375,64.71265411376953,90.65339660644531,36.70383834838867,86.4740219116211
2023-07-11,426.2653503417969,65.295166015625,91.68128967285156,37.07627868652344,86.66162872314453
2023-07-12,429.6950378417969,66.542083740234375,92.66157531738281,37.90495300292969,87.36736297607422
2023-07-13,433.10546875,67.60697937011719,93.03276062011719,38.398441314697266,87.91227722167969
2023-07-14,432.835693359375,67.22471618652344,92.11907958984375,38.18428421020508,87.492431640625
2023-07-17,434.33856201171875,67.142791748046875,92.66157531738281,38.23084259033203,87.59068298339844
2023-07-18,437.5660095214844,67.579681396484375,94.03208923339844,37.951507568359375,87.66217803955078
2023-07-19,438.5390625,67.54325866699219,95.05046081542969,37.87702178955078,87.93017578125
2023-07-20,435.6296081542969,67.19740295410156,94.36519622802734,37.59769058227539,87.47454833984375
2023-07-21,435.6296081542969,67.33393859863281,93.84173583984375,37.54182815551758,87.5370864868164
2023-07-24,437.57562255859375,67.17010498046875,94.650726318359375,38.053932189941406,87.37627410888672
2023-07-25,438.77020263671875,67.242919921875,94.37471771240234,38.37049865722656,87.27802276611328
2023-07-26,438.837646484375,67.424957275390625,95.4882583618164,38.593963623046875,87.56388092041016
2023-07-27,435.9281921386719,67.270233154296875,94.355682373046875,38.119102478027344,86.81348419189453
2023-07-28,440.1960754394531,67.75260925292969,95.1361083984375,39.0408935546875,87.15294647216797
2023-07-31,441.0342712402344,67.77080535888672,95.95460510253906,39.05951690673828,87.260162353515625
2023-08-01,439.772216796875,66.92435455322266,95.56439208984375,38.56603240966797,86.68238067626953
2023-08-02,433.6546630859375,65.67743682861328,94.5936050415039,37.64424514770508,86.47635650634766
2023-08-03,432.411865234375,65.49539947509766,94.11773681640625,37.79322052001953,85.894134521484375
2023-08-04,430.45611572265625,65.67743682861328,94.22242736816406,37.74666976928711,86.60179138183594
2023-08-07,434.21337890625,66.23262786865234,94.95526885986328,37.690799713134766,86.61969757080078
2023-08-08,432.32513427734375,65.83216094970703,94.308074951171875,37.23456954956055,86.82569885253906
2023-08-09,429.4349670410156,65.81395721435547,93.679931640625,37.327674865722656,86.88841247558594
2023-08-10,429.5890197753906,66.09610748291016,93.18504333496094,37.383541107177734,86.32408142089844
2023-08-11,429.3385925292969,65.65013885498047,93.1755142211914,36.834190368652344,86.05536651611328
2023-08-14,431.7085266113281,65.35887145996094,92.54737091064453,36.657283782958984,85.99269104003906
2023-08-15,426.6796569824219,64.548828125,91.39576721191406,36.238285064697266,85.75977325439453
2023-08-16,423.5486145019531,64.02093505859375,90.30126190185547,35.912410736083984,85.5537338256836
2023-08-17,420.3211364746094,63.56584548950195,89.4542007446289,35.9962043762207,85.46415710449219
2023-08-18,420.5234680175781,63.56584548950195,89.82538604736328,35.754127502441406,85.65229797363281
2023-08-21,423.259521484375,63.802490234375,89.14965057373047,35.83792495727539,85.22232818603516
2023-08-22,422.113037109375,63.68417739868164,88.70232391357422,35.763427734375,85.31188201904297
2023-08-23,426.814453125,64.37590026855469,89.66358947753906,36.33140182495117,86.12702941894531
2023-08-24,420.8992614746094,63.49304962158203,88.95930480957031,36.19173812866211,85.92996978759766
2023-08-25,423.866455078125,63.92082595825195,88.8165283203125,36.22897720336914,85.87623596191406
2023-08-28,426.55438232421875,64.59434509277344,89.7682876586914,36.58279800415039,86.06433868408203
2023-08-29,432.7201232910156,65.39527893066406,90.88182067871094,37.048343658447266,86.61969757080078
2023-08-30,434.50238037109375,65.35887145996094,91.23395538330078,36.92729949951172,86.58386993408203
2023-08-31,433.86651611328125,65.104034423828125,91.14830017089844,36.471065521240234,86.709259033203125
2023-09-01,434.6758117675781,65.06761932373047,92.195220947265625,36.89937210083008,86.26020050048828
2023-09-05,432.7971496582031,64.503326416015625,89.16869354248047,36.60142135620117,85.79314422607422
2023-09-06,429.88775634765625,64.36680603027344,88.82605743408203,36.39657974243164,85.712310791015625
2023-09-07,428.56787109375,64.15746307373047,88.178863525390625,35.96827697753906,85.98175048828125
2023-09-08,429.2132873535156,64.066436767578125,87.86479949951172,36.042762756347656,86.026641845703125
2023-09-11,432.03607177734375,64.7308578491211,87.87433624267578,36.48968505859375,85.92784881591797
2023-09-12,429.6661682128906,64.4669189453125,87.7030029296875,36.37795639038086,85.9548110961914
2023-09-13,430.16717529296875,64.26667785644531,87.16050720214844,36.33140182495117,86.08055114746094
2023-09-14,433.87615966796875,65.1131362915039,88.96881866455078,36.57347869873047,85.96379089355469
2023-09-15,428.64874267578125,64.967498779296875,88.2455062866211,36.4338264465332,85.76618194580078
2023-09-18,428.90008544921875,64.739959716796875,87.493621826171875,36.38726806640625,85.8919448852539
2023-09-19,428.0106506347656,64.7945785522461,87.56024932861328,36.17311477661133,85.64044189453125
2023-09-20,424.0757141113281,64.63985443115234,86.84644317626953,36.024139404296875,85.59554290771484
2023-09-21,417.06646728515625,63.56584548950195,85.60918426513672,35.40030288696289,85.01171875
2023-09-22,416.1286926269531,63.62045669555664,85.1142807006836,35.819297790527344,85.37098693847656
2023-09-25,417.87860107421875,63.33830261230469,85.4188232421875,35.661014556884766,84.69738006591797
2023-09-26,411.7394714355469,62.519161224365234,83.8995590209961,35.15821838378906,84.58958435058594
2023-09-27,411.90380859375,62.400840759277344,84.7132797241211,35.214088439941406,84.2931900024414
2023-09-28,414.2917785644531,62.9105339050293,85.766326904296875,35.307193756103516,84.544677734375
2023-09-29,413.2863464355469,62.72850036621094,85.412109375,35.33512878417969,84.4638671875
2023-10-02,413.1219177246094,61.809242248535156,84.14845275878906,35.15821838378906,83.875701904296875
2023-10-03,407.5918884277344,61.03559494018555,82.46357727050781,34.69266128540039,83.21827697753906
2023-10-04,410.5599060058594,61.144813537597656,82.6933364868164,34.59025573730469,83.80370330810547
2023-10-05,410.40521240234375,61.68180847167969,82.41571044921875,34.72060775756836,83.85771942138672
2023-10-06,415.2779235839844,62.36443328857422,82.65503692626953,35.2234001159668,83.533477783203125
2023-10-09,417.9366149902344,62.2734260559082,83.40174865722656,35.05580139160156,84.39810943603516
2023-10-10,420.1119384765625,63.12897491455078,84.36863708496094,35.558589935302734,84.317047119140625
2023-10-11,421.8327941894531,63.392913818359375,84.5696792602539,35.78205108642578,84.7043228149414
2023-10-12,419.2611083984375,62.86502456665039,82.90394592285156,35.38167953491211,83.97480010986328
2023-10-13,417.1728515625,62.28252029418945,81.91790771484375,35.25132751464844,84.335052490234375
2023-10-16,421.5620422363281,62.73760986328125,83.56449890136719,35.51203918457031,83.86673736572266
2023-10-17,421.542724609375,62.77400588989258,84.70369720458984,35.41892623901367,83.2633056640625
2023-10-18,415.9256286621094,61.68180847167969,83.143280029296875,34.87888717651367,82.87603759765625
2023-10-19,412.27117919921875,61.135719299316406,81.822174072265625,34.674049377441406,82.5608139038086
2023-10-20,407.2051696777344,60.589622497558594,80.8935775756836,34.25505447387695,82.85802459716797
2023-10-23,406.4994201660156,60.635128021240234,80.0128402709961,34.22711944580078,83.18224334716797
2023-10-24,409.5641784667969,60.98098373413086,80.3670425415039,34.66473388671875,83.4794692993164
2023-10-25,403.68603515625,60.544097900390625,79.21826171875,34.20850372314453,82.85802459716797
2023-10-26,398.85198974609375,60.10722732543945,79.67778015136719,34.0409049987793,83.41638946533203
2023-10-27,397.04412841796875,59.92518615722656,78.59600067138672,34.01296615600586,83.389404296875
2023-10-30,401.7911071777344,60.68973159790039,79.26612854003906,34.36678695678711,83.191253662109375
2023-10-31,404.3144226074219,60.90817642211914,79.984130859375,34.171260833740234,83.13720703125
2023-11-01,408.6263732910156,61.48157501220703,80.4340591430664,34.48782730102539,84.055908203125
2023-11-02,416.4574279785156,62.73760986328125,82.9709701538086,35.09304428100586,84.56177520751953
2023-11-03,420.25689697265625,63.40203094482422,85.5270004272461,35.80998611450195,85.07670593261719
2023-11-06,421.2237243652344,63.083465576171875,84.5218276977539,36.098628997802734,84.65211486816406
2023-11-07,422.42254638671875,62.70119094848633,83.92827606201172,36.033451080322266,85.10379791259766
2023-11-08,422.73193359375,62.61927795410156,83.1241226196289,35.79136276245117,85.39286804199219
2023-11-09,419.43511962890625,62.61017990112305,81.78386688232422,35.45616912841797,84.679229736328125
2023-11-10,425.9803161621094,62.8923225402832,82.59761047363281,35.70756530761719,84.87797546386719
2023-11-13,425.57427978515625,63.0561637878418,82.319976806640625,35.6982536315918,84.868927001953125
2023-11-14,433.8306884765625,64.66715240478516,87.0874252319336,36.64797592163086,85.93486022949219
2023-11-15,434.74920654296875,64.56703186035156,87.49907684326172,36.95523452758789,85.40189361572266
2023-11-16,435.2809143066406,64.521514892578125,85.99610137939453,36.60142135620117,85.87162780761719
2023-11-17,435.82232666015625,65.39527893066406,87.03956604003906,36.64797592163086,86.04327392578125
2023-11-20,439.1771545410156,65.64102935791016,87.34590148925781,37.10421371459961,86.17877960205078
2023-11-21,438.2200012207031,65.38618469238281,86.18755340576172,36.87143325805664,86.26908874511719
2023-11-22,439.911865234375,65.54090118408203,86.5800552368164,36.79695129394531,86.35040283203125
2023-11-24,440.1825866699219,66.04149627685547,87.0874252319336,36.81557846069336,85.95294189453125
2023-11-27,439.38983154296875,65.81395721435547,86.84809875488281,36.66659927368164,86.44072723388672
2023-11-28,439.82489013671875,65.83216094970703,86.63748931884766,36.97385787963867,86.82014465332031
2023-11-29,439.5154724121094,65.96868896484375,87.00128173828125,36.75970458984375,87.24471282958984
2023-11-30,441.24603271484375,65.91407775878906,87.2406005859375,36.834190368652344,86.95565032958984
2023-12-01,443.8564453125,66.605804443359375,90.10298919677734,36.99247360229492,87.72022247314453
2023-12-04,441.5264587402344,66.0870132446289,91.32835388183594,36.57347869873047,87.3850326538086
2023-12-05,441.4394226074219,65.8503646850586,89.844512939453125,36.35002899169922,87.96485900878906
2023-12-06,439.66058349609375,66.05059814453125,89.70092010498047,36.303470611572266,88.191314697265625
2023-12-07,443.0153503417969,66.3691635131836,90.849700927734375,36.480377197265625,88.218505859375
2023-12-08,444.919921875,66.56939697265625,91.38580322265625,36.322086334228516,87.77459716796875
2023-12-11,446.6504821777344,66.73323059082031,91.90275573730469,36.53623962402344,87.78365325927734
2023-12-12,448.6903991699219,66.851531982421875,91.82618713378906,36.54555130004883,88.0463638305664
2023-12-13,454.8778991699219,67.8254165649414,94.994903564453125,36.90868377685547,89.151580810546875
2023-12-14,456.3377990722656,68.32600402832031,98.04875183105469,37.4487190246582,89.87115478515625
2023-12-15,455.5863952636719,67.66158294677734,96.9573974609375,37.225250244140625,89.66217041015625
2023-12-18,458.1491394042969,67.8254165649414,96.49788665771484,37.206634521484375,89.48047637939453
2023-12-19,460.9350891113281,68.3988265991211,98.35508728027344,37.5232048034668,89.589508056640625
2023-12-20,454.54779052734375,67.70856475830078,96.5591812133789,36.84772491455078,89.91658020019531
2023-12-21,458.8577880859375,68.80523681640625,98.27641296386719,37.540279388427734,89.907501220703125
2023-12-22,459.7799377441406,68.86975860595703,98.76570129394531,37.36003112792969,89.78939056396484
2023-12-26,461.7213134765625,69.18309020996094,99.92652130126953,37.65412521362305,89.9710922241211
2023-12-27,462.55621337890625,69.551727294921875,100.2814712524414,37.8723258972168,90.54344177246094
2023-12-28,462.73089599609375,69.36739349365234,100.2814712524414,38.16642761230469,90.34358215332031
2023-12-29,461.3913269042969,69.441131591796875,98.88082122802734,38.147457122802734,90.17095184326172
2024-01-02,458.8092041015625,68.66699981689453,98.60260772705078,37.70155715942383,89.74395751953125
2024-01-03,455.062255859375,68.15091705322266,95.5230712890625,37.49284744262695,89.78939056396484
2024-01-04,453.596435546875,68.30757904052734,95.34080505371094,37.3695182800293,89.42594909667969
2024-01-05,454.2177429199219,68.3536605834961,95.44633483886719,37.41695022583008,89.21700286865234
2024-01-08,460.7021179199219,69.08171081542969,96.81819915771484,37.52130889892578,89.55316925048828
2024-01-09,460.003173828125,68.4642562866211,95.542266845703125,36.99003601074219,89.53499603271484
2024-01-10,462.6047058105469,68.90660858154297,95.93560028076172,36.9046516418457,89.36238861083984
2024-01-11,462.4008483886719,68.89739990234375,94.88990020751953,37.05644226074219,89.87115478515625
2024-01-12,462.72119140625,69.18309020996094,94.55412292480469,37.18925857543945,90.03466796875
2024-01-16,461.0224609375,68.02188873291016,93.25899505615234,36.287986755371094,89.36238861083984
2024-01-17,458.45977783203125,67.37679290771484,91.9830551147461,35.747222900390625,89.11708068847656
2024-01-18,462.5367431640625,67.97582244873047,92.72174835205078,36.04132843017578,89.0353012084961
2024-01-19,468.3028259277344,68.13248443603516,93.76744842529297,36.420806884765625,89.05347442626953
2024-01-22,469.2929992675781,68.344451904296875,95.88762664794922,36.09824752807617,89.21700286865234
2024-01-23,470.66162109375,68.15091705322266,95.4367446899414,36.411319732666016,88.99897766113281
2024-01-24,471.1761169433594,68.66699981689453,94.87071228027344,36.81926727294922,88.79906463623047
2024-01-25,473.73883056640625,68.86053466796875,95.7533187866211,36.866703033447266,89.198822021484375
2024-01-26,473.136962890625,69.16465759277344,95.94518280029297,36.89516067504883,89.09889221191406
2024-01-29,476.8839416503906,69.57014465332031,96.9237289428711,36.91413116455078,89.45323944091797
2024-01-30,476.5151062011719,69.47798919677734,96.18505096435547,36.62003707885742,89.62584686279297
2024-01-31,468.7396545410156,69.1277847290039,93.4892349243164,36.420806884765625,90.03466796875
2024-02-01,474.87457275390625,69.80976104736328,94.56371307373047,36.771827697753906,90.54767608642578
2024-02-02,479.873779296875,69.2568130493164,93.9017562866211,36.66747283935547,89.71849060058594
2024-02-05,478.1264343261719,68.88818359375,92.23249053955078,36.714908599853516,88.98040008544922
2024-02-06,479.5146789550781,69.312103271484375,93.02874755859375,37.54977035522461,89.44511413574219
2024-02-07,483.51397705078125,69.275238037109375,92.3092269897461,37.59720993041992,89.26286315917969
2024-02-08,483.7275085449219,69.15543365478516,93.556396484375,37.388492584228516,88.98951721191406
2024-02-09,486.523193359375,69.395050048828125,94.44860076904297,37.54977035522461,88.962158203125
2024-02-12,486.3096008300781,69.51485443115234,96.5303955078125,37.84386444091797,88.98040008544922
2024-02-13,479.6116638183594,68.44581604003906,92.7313461303711,37.13233947753906,88.1603012084961
2024-02-14,483.9701843261719,69.21073150634766,94.46778106689453,37.663612365722656,88.55213165283203
2024-02-15,487.3094482421875,69.99407196044922,97.153961181640625,37.84386444091797,88.76171112060547
2024-02-16,484.8826599121094,70.10466766357422,96.10828399658203,38.02412414550781,88.479217529296875
2024-02-20,482.2132263183594,70.3903579711914,95.26405334472656,38.08103942871094,88.561248779296875
2024-02-21,482.6500549316406,70.4456558227539,94.79396057128906,38.147457122802734,88.29698944091797
2024-02-22,492.638671875,71.23822021484375,94.7555923461914,38.53642272949219,88.36988830566406
2024-02-23,492.9783935546875,71.33037567138672,94.92827606201172,38.51744842529297,88.697906494140625
2024-02-26,491.17291259765625,71.22899627685547,94.62129211425781,38.3466796875,88.5065689086914
2024-02-27,492.0854187011719,71.42253112792969,95.62860107421875,38.422576904296875,88.38810729980469
2024-02-28,491.4349670410156,71.00782775878906,94.95706939697266,37.919761657714844,88.561248779296875
2024-02-29,493.20166015625,71.19213104248047,95.70536041259766,37.93873977661133,88.7070541381836
2024-03-01,497.83203125,71.88331604003906,96.0123519897461,38.403602600097656,89.13288879394531
2024-03-04,497.2981262207031,71.699005126953125,95.35038757324219,38.31821823120117,88.91357421875
2024-03-05,492.32806396484375,71.56998443603516,95.40794372558594,37.9766845703125,89.39794921875
2024-03-06,494.8227844238281,72.41783142089844,95.47511291503906,38.52693557739258,89.53502655029297
2024-03-07,499.734619140625,73.27491760253906,96.26177978515625,38.76411437988281,89.7269515991211
2024-03-08,496.7351379394531,73.0353012084961,96.52080535888672,38.72616195678711,89.80919647216797
2024-03-11,496.3079833984375,72.6205825805664,96.30973052978516,38.811546325683594,89.70866394042969
2024-03-12,501.64697265625,73.201171875,95.77251434326172,39.23846435546875,89.4802017211914
2024-03-13,500.860595703125,73.21039581298828,95.83966827392578,39.11513137817383,89.3156967163086
2024-03-14,499.8705139160156,72.6758804321289,94.08403778076172,38.91590881347656,88.74906158447266
2024-03-15,496.43817138671875,72.703521728515625,94.61168670654297,38.67873001098633,88.73992919921875
2024-03-18,499.3885192871094,72.68509674072266,94.1128158569336,38.74513626098633,88.64855194091797
2024-03-19,502.1637268066406,72.814117431640625,94.61168670654297,38.555397033691406,88.86787414550781
2024-03-20,506.808349609375,73.58824157714844,96.40567779541016,38.99180221557617,89.05066680908203
2024-03-21,508.4832763671875,73.55137634277344,97.45037841796875,39.039241790771484,89.11463928222656
2024-03-22,507.5191955566406,73.39472198486328,95.909820556640625,38.76411437988281,89.39794921875
2024-03-25,506.1170654296875,73.238037109375,95.986846923828125,38.792572021484375,89.23344421386719
2024-03-26,505.1822814941406,73.32097625732422,95.77501678466797,38.76411437988281,89.32484436035156
2024-03-27,509.42767333984375,73.76334381103516,98.5672836303711,38.83052062988281,89.61729431152344
2024-03-28,509.3304138183594,73.59746551513672,98.94279479980469,38.97282791137695,89.50762176513672
2024-04-01,508.4442443847656,73.28411865234375,97.59480285644531,39.039241790771484,88.8567886352539
2024-04-02,505.21148681640625,72.768035888671875,95.79427337646484,39.16257095336914,88.79264068603516
2024-04-03,505.7664489746094,73.17353820800781,96.1505355834961,39.1910285949707,88.84761810302734
2024-04-04,499.59307861328125,72.5468521118164,95.33209991455078,39.04872512817383,89.05848693847656
2024-04-05,504.8122253417969,72.777252197265625,95.457275390625,39.13410949707031,88.6185073852539
2024-04-08,505.0946044921875,73.13666534423828,96.32384490966797,39.390262603759766,88.53600311279297
2024-04-09,505.6788330078125,73.12745666503906,97.1904067993164,39.65589141845703,88.83845520019531
2024-04-10,500.6154479980469,72.15979766845703,93.753021240234375,39.11513137817383,87.77519989013672
2024-04-11,504.3935546875,72.35332489013672,94.19593048095703,39.35231018066406,87.79352569580078
2024-04-12,497.43133544921875,71.18291473388672,92.59760284423828,38.4510383605957,87.95854187011719
2024-04-15,491.1994934082031,70.97095489501953,91.66362762451172,38.204376220703125,87.42688751220703
2024-04-16,490.3036193847656,70.27055358886719,91.14368438720703,37.70155715942383,87.17939758300781
2024-04-17,487.40185546875,70.31663513183594,90.623748779296875,37.673099517822266,87.58271789550781
2024-04-18,486.39892578125,70.12310028076172,90.99925994873047,37.824893951416016,87.3352279663086
2024-04-19,482.15350341796875,70.15074920654297,92.05840301513672,37.673099517822266,87.42688751220703
2024-04-22,486.5936584472656,70.97095489501953,92.84793853759766,38.08103942871094,87.48188018798828
2024-04-23,492.3679504394531,71.74507904052734,94.48479461669922,38.39411926269531,87.66521453857422
2024-04-24,492.1342468261719,71.6068344116211,94.08039093017578,38.52693557739258,87.43607330322266
2024-04-25,490.2646484375,71.27507781982422,93.09828186035156,38.61231994628906,87.18854522705078
2024-04-26,494.909423828125,71.84645080566406,93.57970428466797,39.05820846557617,87.38105773925781
2024-04-29,496.66204833984375,72.12294006347656,94.31147766113281,39.43769454956055,87.646881103515625
2024-04-30,488.7943420410156,71.21056365966797,92.51094055175781,38.8874397277832,87.2894058227539
2024-05-01,487.2071838378906,71.05389404296875,92.81905364990234,38.92538833618164,87.597442626953125
2024-05-02,491.76422119140625,72.01233673095703,94.378875732421875,39.93102264404297,87.99278259277344
2024-05-03,497.8597717285156,72.731170654296875,95.0528793334961,40.291526794433594,88.4433364868164
2024-05-06,503.0011291503906,73.22882080078125,96.04460906982422,40.3294792175293,88.50770568847656
2024-05-07,503.5561218261719,73.42235565185547,95.977203369140625,40.101783752441406,88.69158172607422
2024-05-08,503.6048278808594,73.33940887451172,96.0927734375,40.111270904541016,88.50770568847656
2024-05-09,506.50640869140625,73.901580810546875,97.22892761230469,40.2346076965332,88.67320251464844
2024-05-10,507.1589660644531,74.03981018066406,96.78600311279297,40.31999206542969,88.48932647705078
2024-05-13,507.22711181640625,74.03981018066406,97.20002746582031,40.62357711791992,88.5352783203125
2024-05-14,509.5542907714844,74.59276580810547,98.268798828125,40.841773986816406,88.77434539794922
2024-05-15,515.86419677734375,75.38533020019531,98.336212158203125,41.278175354003906,89.36279296875
2024-05-16,514.802734375,74.9798355102539,98.220672607421875,41.363563537597656,89.26165771484375
2024-05-17,515.542724609375,75.23786926269531,98.08586883544922,41.543819427490234,88.97662353515625
2024-05-20,516.13671875,75.29316711425781,97.44074249267578,41.392032623291016,88.89386749267578
2024-05-21,517.402587890625,75.1733627319336,97.43113708496094,41.13587951660156,89.05937194824219
2024-05-22,515.91278076171875,74.46375274658203,96.91117858886719,41.0030632019043,88.94903564453125
2024-05-23,512.14453125,74.08589172363281,95.10102081298828,40.6994743347168,88.70076751708984
2024-05-24,515.53302001953125,74.69414520263672,95.8616714477539,40.81331253051758,88.80192565917969
2024-05-28,515.89324951171875,74.66648864746094,95.46691131591797,40.75638961791992,88.38814544677734
2024-05-29,512.28070068359375,73.48686218261719,93.993743896484375,40.14922332763672,88.047943115234375
2024-05-30,508.8824157714844,74.10432434082031,95.3802490234375,40.03537368774414,88.46172332763672
2024-05-31,513.51739501953125,74.8139419555664,96.728240966796875,39.64640808105469,88.74675750732422
2024-06-03,513.93603515625,75.025909423828125,96.51641082763672,40.063838958740234,89.28356170654297
2024-06-04,514.5106201171875,74.933746337890625,95.1299057006836,39.50410079956055,89.60638427734375
2024-06-05,520.6256103515625,75.45904541015625,95.96758270263672,40.139732360839844,89.883087158203125
2024-06-06,520.61590576171875,75.71710205078125,95.3898696899414,40.33896255493164,89.91075897216797
2024-06-07,519.98309326171875,74.89688873291016,94.35961151123047,39.883583068847656,89.11753845214844
2024-06-10,521.589599609375,74.841583251953125,93.675994873046875,40.120758056640625,89.04374694824219
2024-06-11,522.845703125,73.99113464355469,93.172882080078125,39.987022399902344,89.3481216430664
2024-06-12,527.139892578125,74.8631591796875,94.54676055908203,40.38823318481445,89.77241516113281
2024-06-13,528.2012939453125,73.794219970703125,93.5018310546875,40.29270935058594,90.22435760498047
2024-06-14,528.522705078125,72.97845458984375,92.186004638671875,40.34046936035156,90.31658172607422
2024-06-17,532.7291259765625,73.26912689208984,92.969696044921875,40.598388671875,89.9937744140625
2024-06-18,534.08270263671875,73.55980682373047,92.95035552978516,40.97093963623047,90.31658172607422
2024-06-20,532.6318359375,73.606689453125,92.86327362060547,40.90407180786133,90.1597900390625
2024-06-21,531.91766357421875,73.090972900390625,93.05677795410156,40.760780334472656,90.16902923583984
2024-06-24,530.18865966796875,73.67232513427734,93.8791732788086,40.760780334472656,90.24279022216797
2024-06-25,532.23028564453125,73.85047912597656,92.76651763916016,40.66525650024414,90.23358154296875
2024-06-26,532.89459228515625,73.30663299560547,92.66975402832031,40.57927703857422,89.8277587890625
2024-06-27,533.73468017578125,73.36289978027344,93.16319274902344,40.60793685913086,89.97532653808594
2024-06-28,531.63427734375,73.447296142578125,94.11137390136719,40.68436050415039,89.53258514404297
2024-07-01,532.72845458984375,73.57855224609375,93.10515594482422,40.779884338378906,89.05241394042969
2024-07-02,536.31365966796875,73.75672149658203,93.511505126953125,40.90407180786133,89.348480224609375
2024-07-03,538.70703125,74.6006088256836,93.37606048583984,41.505882263183594,89.82959747314453
2024-07-05,541.81341552734375,75.09757995605469,92.69879150390625,41.677825927734375,90.28295135498047
2024-07-08,542.438720703125,74.72251892089844,93.34703063964844,41.6873779296875,90.31072998046875
2024-07-09,542.9661865234375,74.4224624633789,92.8245620727539,41.85932922363281,90.2274398803711
2024-07-10,548.3389892578125,75.47264099121094,93.88883972167969,42.098140716552734,90.3199691772461
2024-07-11,543.61083984375,75.68830871582031,97.4783706665039,42.34650802612305,90.78258514404297
2024-07-12,547.039794921875,76.49470520019531,98.17501068115234,42.51845169067383,91.03238677978516
2024-07-15,548.5440673828125,75.819580078125,99.47147369384766,42.06948471069336,90.71781158447266
2024-07-16,551.7969970703125,76.185272216796875,103.08035278320312,42.30829620361328,91.087890625
2024-07-17,544.0601806640625,75.7820816040039,103.37061309814453,41.620513916015625,91.15267181396484
2024-07-18,539.8792724609375,75.03194427490234,101.6484146118164,41.22885513305664,90.9028549194336
2024-07-19,536.2940673828125,74.5724868774414,100.93244934082031,40.82765197753906,90.71781158447266
2024-07-22,541.8233642578125,75.3601303100586,102.23860931396484,41.171539306640625,90.68079376220703
2024-07-23,540.97320556640625,74.93817138671875,102.98359680175781,40.80854797363281,90.67154693603516
2024-07-24,528.7135009765625,73.99113464355469,101.36782836914062,40.216285705566406,90.39398193359375
2024-07-25,525.95880126953125,73.522308349609375,102.88684844970703,40.05389404296875,90.6437759399414
2024-07-26,531.849365234375,74.45996856689453,104.7445068359375,40.46465301513672,90.96760559082031
2024-07-29,532.161865234375,74.13179016113281,103.88340759277344,40.33091735839844,91.11565399169922
2024-07-30,529.4656982421875,74.300567626953125,104.76385498046875,40.149417877197266,91.208160400390625
2024-07-31,538.072021484375,75.350738525390625,105.20891571044922,41.02825164794922,91.69853973388672
2024-08-01,530.45245361328125,73.35353088378906,102.40308380126953,40.31181335449219,92.082763671875
2024-08-02,520.57623291015625,72.20018768310547,99.00707244873047,39.73865509033203,93.11290740966797
2024-08-05,505.4151306152344,70.62492370605469,95.88195037841797,38.61145782470703,93.0386734008789
2024-08-06,510.0748291015625,70.74681854248047,96.93656158447266,38.8311653137207,92.4818344116211
2024-08-07,506.6654357910156,71.0843734741211,96.31733703613281,39.06998062133789,92.2033920288086
2024-08-08,518.37823486328125,72.27521514892578,98.24272155761719,39.95836639404297,92.06419372558594
2024-08-09,520.66412353515625,72.55650329589844,97.94278717041016,40.178077697753906,92.38899993896484
2024-08-12,520.93768310546875,72.49085998535156,96.42377471923828,40.31181335449219,92.54679107666016
2024-08-13,529.5047607421875,73.73796844482422,98.27174377441406,40.760780334472656,92.91802978515625
2024-08-14,531.17529296875,74.00989532470703,97.8944091796875,40.54106903076172,93.08507537841797
2024-08-15,540.27978515625,74.91004943847656,100.30355072021484,40.99004364013672,92.69525909423828
2024-08-16,541.4910888671875,75.32261657714844,100.68087005615234,41.467674255371094,92.91802978515625
2024-08-19,546.66845703125,76.24152374267578,101.60004425048828,41.86887741088867,93.02010345458984
2024-08-20,545.779541015625,76.007110595703125,100.2842025756836,41.54409408569336,93.29850769042969
2024-08-21,547.6551513671875,76.710357666015625,101.15498352050781,41.706485748291016,93.474853515625
2024-08-22,543.35687255859375,76.260284423828125,100.45836639404297,41.19064712524414,93.09435272216797
2024-08-23,549.13018798828125,77.65740203857422,103.73828125,41.87843322753906,93.5212631225586
2024-08-26,547.82110595703125,77.31047058105469,103.66085815429688,41.52499008178711,93.43772888183594
2024-08-27,548.57342529296875,77.66678619384766,102.97392272949219,41.58230209350586,93.46558380126953
2024-08-28,545.3887939453125,77.394866943359375,102.82879638671875,41.324378967285156,93.3820571899414
2024-08-29,545.43756103515625,77.68553161621094,103.27386474609375,41.34349060058594,93.26139068603516
2024-08-30,550.644287109375,77.80743408203125,103.75762176513672,41.42945861816406,93.0386734008789
2024-09-03,539.3126220703125,76.57909393310547,101.44523620605469,40.60793685913086,93.43153381347656
2024-09-04,538.20880126953125,76.24152374267578,101.22270202636719,40.598388671875,93.8411636352539
2024-09-05,536.89971923828125,76.260284423828125,100.93244934082031,40.65570068359375,94.08317565917969
2024-09-06,527.8636474609375,74.82566833496094,99.22959899902344,39.91059875488281,94.20423126220703
2024-09-09,533.773681640625,75.5757827758789,98.72648620605469,40.24494552612305,94.34386444091797
2024-09-10,536.0986328125,75.20072174072266,98.47492980957031,40.09210205078125,94.63249206542969
2024-09-11,541.5985107421875,75.65080261230469,98.43621826171875,40.38823318481445,94.60455322265625
2024-09-12,546.16064453125,76.2696533203125,99.54888916015625,40.72257614135742,94.52076721191406
2024-09-13,549.012939453125,76.44781494140625,102.26762390136719,40.91362380981445,94.71625518798828
2024-09-16,549.82379150390625,77.0666732788086,102.88684844970703,41.047359466552734,94.939697265625
2024-09-17,550.0484619140625,76.6353530883789,103.65120697021484,41.09511947631836,94.8465805053711
2024-09-18,548.41705322265625,76.39155578613281,103.74795532226562,40.95183181762695,94.54869079589844
2024-09-19,557.7755126953125,77.90119171142578,105.489501953125,41.82111358642578,94.5580062866211
2024-09-20,556.81134033203125,77.13231658935547,104.28975677490234,41.73514175415039,94.4742202758789
2024-09-23,558.20281982421875,77.42298889160156,104.15431213378906,42.059932708740234,94.43697357177734
2024-09-24,559.7999267578125,77.88243103027344,104.12528991699219,43.4928092956543,94.56730651855469
2024-09-25,558.5653076171875,77.46050262451172,102.63228607177734,43.03428649902344,94.20423126220703
2024-09-26,560.77984619140625,79.16705322265625,103.59519958496094,44.61046600341797,94.22284698486328
2024-09-27,559.96649169921875,78.68883514404297,104.33440399169922,44.52449035644531,94.492828369140625
2024-09-30,562.21038818359375,78.41691589355469,104.7137451171875,43.808048248291016,94.27870178222656
2024-10-01,557.17388916015625,77.83556365966797,103.02135467529297,44.12328338623047,94.52802276611328
2024-10-02,557.4090576171875,77.6761474609375,102.52532196044922,44.99256896972656,94.331939697265625
2024-10-03,556.39007568359375,76.95414733886719,101.72774505615234,44.45762634277344,93.9490737915039
2024-10-04,561.4461669921875,77.40423583984375,103.24505615234375,44.868385314941406,93.34212493896484
2024-10-07,556.370361328125,76.972900390625,102.15570068359375,45.240928649902344,93.024627685546875
2024-10-08,561.63226318359375,76.85101318359375,101.98063659667969,44.12328338623047,93.18336486816406
2024-10-09,565.5224609375,76.86976623535156,102.4474868774414,43.88446807861328,92.94059753417969
2024-10-10,564.53271484375,76.77599334716797,101.88336944580078,43.97044372558594,92.88453674316406
2024-10-11,567.9132080078125,77.16981506347656,103.70220184326172,44.285675048828125,92.9125747680664
2024-10-14,572.55780029296875,77.394866943359375,104.3246841430664,44.10417556762695,92.82852935791016
2024-10-15,568.10931396484375,76.1102523803711,104.85962677001953,43.168025970458984,93.20203399658203
2024-10-16,570.57843017578125,76.30716705322266,106.56172943115234,43.50236892700195,93.32342529296875
2024-10-17,570.62744140625,76.31654357910156,106.43529510498047,43.43549728393555,92.86589050292969
2024-10-18,572.8223876953125,76.83226776123047,106.43529510498047,43.86536407470703,92.9312515258789
2024-10-21,571.8817138671875,75.9227294921875,104.21768188476562,43.5596809387207,92.28692626953125
2024-10-22,571.5780029296875,75.49140167236328,103.77999877929688,43.46415328979492,92.30558776855469
2024-10-23,566.35528564453125,74.73188781738281,103.08943176269531,43.20623779296875,92.0721435546875
2024-10-24,567.58013916015625,75.15384674072266,103.33259582519531,43.13936996459961,92.24957275390625
2024-10-25,567.384033203125,74.900665283203125,102.89490509033203,43.101158142089844,92.06281280517578
2024-10-28,569.13818359375,75.50077056884766,104.62620544433594,43.29220962524414,91.91340637207031
2024-10-29,570.05926513671875,75.228851318359375,104.30522155761719,43.15847396850586,92.0161361694336
2024-10-30,568.33465576171875,74.74126434326172,104.62620544433594,42.73816680908203,91.92273712158203
2024-10-31,557.19354248046875,74.28182220458984,102.87545013427734,42.46113967895508,91.904083251953125
2024-11-01,559.54522705078125,74.43183135986328,103.19641876220703,42.499351501464844,91.5387191772461
2024-11-04,558.33990478515625,74.48809814453125,103.7994613647461,42.73816680908203,91.92279052734375
2024-11-05,565.09130859375,75.228851318359375,105.83226013183594,43.32086944580078,92.13824462890625
2024-11-06,579.142578125,74.14115905761719,112.36834716796875,42.785926818847656,91.41695404052734
2024-11-07,583.62054443359375,75.266357421875,111.59998321533203,43.731624603271484,92.11015319824219
2024-11-08,586.148681640625,74.225555419921875,112.12519073486328,42.652191162109375,92.269378662109375
2024-11-11,586.707275390625,74.24430084228516,113.88566589355469,42.3274040222168,92.06331634521484
2024-11-12,584.88470458984375,72.86592864990234,111.92095184326172,41.52499008178711,91.52935028076172
2024-11-13,585.1688232421875,72.43460845947266,111.04557800292969,41.257511138916016,91.51062774658203
2024-11-14,581.40606689453125,72.58464050292969,109.82978820800781,41.02825164794922,91.47315979003906
2024-11-15,573.958984375,72.32208251953125,108.9641342163086,41.02825164794922,91.48252868652344
2024-11-18,576.31072998046875,72.7159194946289,108.86688232421875,41.4963264465332,91.56683349609375
2024-11-19,578.41754150390625,72.62213897705078,108.9349594116211,41.467674255371094,91.69798278808594
2024-11-20,578.6134033203125,72.42523193359375,108.83769989013672,41.4199104309082,91.60430908203125
2024-11-21,581.7196044921875,72.4439926147461,110.60790252685547,41.33393478393555,91.55745697021484
2024-11-22,583.5225830078125,72.72528839111328,112.49479675292969,41.34349060058594,91.62303924560547
2024-11-25,585.50201416015625,73.10034942626953,114.81940460205078,41.37214660644531,92.44738006591797
2024-11-26,588.55926513671875,72.67840576171875,113.7689437866211,41.200199127197266,92.306884765625
2024-11-27,586.77581787109375,73.07221984863281,113.90512084960938,41.257511138916016,92.559783935546875
2024-11-29,590.42095947265625,74.047393798828125,113.9537582397461,41.324378967285156,92.92510223388672
2024-12-02,591.4791259765625,74.2536849975586,114.36225891113281,41.486778259277344,92.9364013671875
2024-12-03,591.7535400390625,74.6756362915039,113.37016296386719,41.572750091552734,92.7578353881836
2024-12-04,595.427978515625,74.73188781738281,113.91485595703125,41.677825927734375,93.05855560302734
2024-12-05,594.4481201171875,75.09757995605469,112.51425170898438,41.95484924316406,93.0773696899414
2024-12-06,595.57501220703125,75.08821105957031,112.72822570800781,41.88798522949219,93.340484619140625
2024-12-09,592.50799560546875,75.04131317138672,112.94221496582031,42.74771499633789,93.0679702758789
2024-12-10,590.665771484375,74.36620330810547,112.49479675292969,42.059932708740234,92.95518493652344
2024-12-11,595.232177734375,74.83502960205078,113.06865692138672,42.23187255859375,92.739044189453125
2024-12-12,592.16510009765625,74.17867279052734,112.34890747070312,42.02172088623047,92.3631820678711
2024-12-13,592.0474853515625,73.97237396240234,111.72643280029297,42.059932708740234,92.01546478271484
2024-12-16,594.5755615234375,73.72858428955078,112.05712127685547,41.83066940307617,92.10005187988281
2024-12-17,592.12579345703125,73.61167907714844,110.45942687988281,41.730613708496094,92.10005187988281
2024-12-18,574.4783935546875,71.80584716796875,105.87649536132812,40.75923156738281,91.39867401123047
2024-12-19,574.302001953125,71.5777359008789,105.48563385009766,40.895225524902344,91.16297149658203
2024-12-20,581.199951171875,71.378143310546875,106.3748550415039,41.06036376953125,91.40808868408203
2024-12-23,584.68035888671875,71.84385681152344,106.13057708740234,41.29349136352539,91.12525939941406
2024-12-24,591.1790771484375,72.10047912597656,106.89276123046875,41.41977310180664,91.22895812988281
2024-12-26,591.21844482421875,72.44264221191406,107.68427276611328,41.274070739746094,91.29496002197266
2024-12-27,584.99505615234375,72.33808898925781,106.39440155029297,41.08950424194336,91.1064224243164
2024-12-30,578.31927490234375,71.86287689208984,105.72016143798828,40.75923156738281,91.46463775634766
2024-12-31,576.21527099609375,71.86287689208984,106.13057708740234,40.62323760986328,91.351531982421875
2025-01-02,574.799560546875,71.615753173828125,105.67129516601562,40.56495666503906,91.36095428466797
2025-01-03,581.9864501953125,71.92939758300781,106.55075073242188,40.94380187988281,91.26667022705078
2025-01-06,585.339111328125,72.61371612548828,106.44326782226562,41.08950424194336,91.17240142822266
2025-01-07,578.722412109375,72.55669403076172,105.7787857055664,40.79808807373047,90.85186004638672
2025-01-08,579.56793212890625,72.44264221191406,105.49539184570312,40.60381317138672,90.95557403564453
2025-01-10,570.71929931640625,71.34012603759766,103.39449310302734,39.91413116455078,90.44648742675781
2025-01-13,571.60430908203125,71.1405258178711,104.01988983154297,39.642147064208984,90.36164093017578
2025-01-14,572.39068603515625,71.39715576171875,105.53450012207031,40.0889778137207,90.3899154663086
2025-01-15,582.802490234375,72.30957794189453,107.14684295654297,40.613529205322266,91.17240142822266
2025-01-16,581.68170166015625,72.68025207519531,107.45952606201172,40.56495666503906,91.37036895751953
2025-01-17,587.52178955078125,72.974884033203125,107.93833923339844,40.88551330566406,91.37036895751953
2025-01-21,592.8995361328125,74.44807434082031,109.66793060302734,41.322635650634766,91.67205047607422
2025-01-22,596.23260498046875,74.27699279785156,108.63213348388672,41.351776123046875,91.45520782470703
2025-01-23,599.48681640625,74.8852767944336,108.96436309814453,41.448909759521484,91.30436706542969
2025-01-24,597.73681640625,75.30347442626953,109.05231475830078,41.72090530395508,91.45520782470703
2025-01-27,589.28155517578125,75.30347442626953,109.3552474975586,40.96322250366211,91.96430969238281
2025-01-28,594.344970703125,75.20841979980469,108.7493896484375,41.26435470581055,91.93601989746094
2025-01-29,591.6805419921875,75.19892120361328,108.03605651855469,41.274070739746094,91.87945556640625
2025-01-30,594.85614013671875,76.02580261230469,108.96436309814453,41.97346115112305,92.0114517211914
2025-01-31,591.6903076171875,75.31297302246094,107.9481201171875,41.49748229980469,91.82288360595703
2025-02-03,587.70849609375,74.4290542602539,106.04261016845703,41.196353912353516,91.90990447998047
2025-02-04,591.65106201171875,75.2939682006836,107.31295776367188,41.934608459472656,92.08016204833984
2025-02-05,594.04986572265625,76.02580261230469,108.05559539794922,41.827754974365234,92.57202911376953
2025-02-06,596.1146240234375,76.38697814941406,107.85039520263672,42.00260543823242,92.4774169921875
2025-02-07,590.65802001953125,75.66462707519531,106.07195281982422,41.963748931884766,92.18421173095703
2025-02-10,594.66937255859375,76.1778793334961,106.25760650634766,42.4688720703125,92.21257781982422
2025-02-11,595.12158203125,76.53904724121094,106.75596618652344,42.303733825683594,92.0044937133789
2025-02-12,593.2044677734375,76.82417297363281,105.12408447265625,42.536865234375,91.52210998535156
2025-02-13,599.46710205078125,77.75559997558594,106.52144622802734,42.8088493347168,92.07071685791016
2025-02-14,599.43768310546875,77.869659423828125,106.44326782226562,43.139122009277344,92.41121673583984
2025-02-18,601.1976318359375,78.43041229248047,107.14684295654297,43.411109924316406,92.0423355102539
2025-02-19,602.61334228515625,77.62254333496094,106.62893676757812,43.343109130859375,92.17472839355469
2025-02-20,600.10626220703125,77.98371124267578,105.7787857055664,43.74137878417969,92.316650390625
2025-02-21,589.84197998046875,77.498992919921875,103.55083465576172,43.61510467529297,92.71390533447266
2025-02-24,587.15789794921875,77.45146179199219,103.15996551513672,42.944847106933594,92.87471008300781
2025-02-25,584.2379150390625,78.15478515625,103.33586883544922,42.9739875793457,93.4516830444336
2025-02-26,584.53289794921875,78.25933837890625,102.73001098632812,43.40139389038086,93.60303497314453
2025-02-27,575.20257568359375,77.37543487548828,101.45970153808594,42.55629348754883,93.46113586425781
2025-02-28,584.178955078125,77.5370101928711,102.1241683959961,41.97346115112305,93.87732696533203
2025-03-03,573.94415283203125,78.39241027832031,99.63238525390625,41.60434341430664,94.08036041259766
2025-03-04,567.1505126953125,78.3733901977539,97.96141815185547,41.95403289794922,93.8431625366211
2025-03-05,573.24609375,80.24576568603516,99.12425994873047,43.20711898803711,93.52056884765625
2025-03-06,563.07025146484375,79.41888427734375,98.35227966308594,42.93513488769531,93.42569732666016
2025-03-07,566.22625732421875,80.24576568603516,99.17310333251953,43.148834228515625,93.31184387207031
2025-03-10,551.14453125,78.35438537597656,96.91583251953125,42.11916732788086,93.75776672363281
2025-03-11,546.5628662109375,78.08826446533203,95.94844055175781,42.4688720703125,93.42569732666016
2025-03-12,549.46319580078125,78.649017333984375,95.36213684082031,42.70199966430664,93.15055847167969
2025-03-13,542.13861083984375,78.12627410888672,94.10160064697266,42.52714920043945,93.43517303466797
2025-03-14,553.3370361328125,79.56144714355469,96.15364837646484,43.304256439208984,93.24542999267578
2025-03-17,557.60394287109375,80.454864501953125,97.31649017333984,44.04250717163086,93.36878204345703
2025-03-18,551.57696533203125,80.44535827636719,96.84476470947266,43.819091796875,93.4636459350586
2025-03-19,557.584228515625,80.68296813964844,97.81565856933594,43.925941467285156,93.73880767822266
2025-03-20,555.9718017578125,80.008148193359375,97.4920425415039,43.51796340942383,93.79572296142578
2025-03-21,556.15533447265625,79.51392364501953,96.6388168334961,43.304256439208984,93.68187713623047
2025-03-24,566.11517333984375,79.5044174194336,98.7081069946289,43.498531341552734,93.32134246826172
2025-03-25,567.47601318359375,79.941619873046875,98.10987854003906,43.372257232666016,93.4067153930664
2025-03-26,560.701416015625,78.9056396484375,97.94315338134766,43.109981536865234,93.17901611328125
2025-03-27,559.21234130859375,79.07671356201172,97.5802993774414,43.32368469238281,93.13158416748047
2025-03-28,547.95068359375,78.3733901977539,95.31486511230469,42.51743698120117,93.6723861694336
2025-03-31,551.62896728515625,77.67957305908203,95.5992660522461,42.449440002441406,93.8526611328125
2025-04-01,553.18707275390625,77.79362487792969,95.736572265625,42.58543395996094,94.200103759765625
2025-04-02,556.68780517578125,77.97420501708984,97.16839599609375,42.643714904785156,94.095367431640625
2025-04-03,529.25372314453125,76.339447021484375,89.93077850341797,41.740333557128906,94.59040069580078
2025-04-04,498.26971435546875,71.30210876464844,86.096221923828125,39.41872787475586,94.67604064941406
2025-04-07,497.3821716308594,69.5818099975586,84.60554504394531,37.951934814453125,93.47663879394531
2025-04-08,489.5917663574219,69.34420013427734,81.92821502685547,37.41767501831055,92.99116516113281
2025-04-09,541.0084228515625,74.69517517089844,88.9500732421875,40.01126480102539,93.20059967041016
2025-04-10,517.30194091796875,73.22200775146484,84.4780502319336,39.32158660888672,92.4676284790039
2025-04-11,526.531982421875,75.05635070800781,85.30184173583984,40.55524444580078,92.37244415283203
2025-04-14,531.64013671875,75.864227294921875,86.4983139038086,40.92436981201172,92.91502380371094
2025-04-15,530.151123046875,76.54854583740234,86.05699920654297,40.88551330566406,93.10539245605469
2025-04-16,518.366943359375,76.25391387939453,85.30184173583984,40.40953826904297,93.40050506591797
2025-04-17,519.1064453125,77.08079528808594,86.32177734375,40.720375061035156,93.16252899169922
2025-04-21,506.7503662109375,76.66260528564453,84.8703384399414,40.710662841796875,92.60089111328125
2025-04-22,519.93487548828125,78.24983215332031,86.97886657714844,41.322635650634766,92.7722396850586
2025-04-23,527.991455078125,78.56348419189453,87.881103515625,41.798614501953125,93.00067901611328
2025-04-24,539.10516357421875,79.60897064208984,89.78368377685547,42.284305572509766,93.51473236083984
2025-04-25,543.00030517578125,79.95112609863281,89.65618133544922,42.20659255981445,93.85740661621094
2025-04-28,543.2073974609375,80.4833755493164,90.11711883544922,42.284305572509766,94.11441802978516
2025-04-29,546.6292724609375,80.64494323730469,90.63689422607422,42.40087127685547,94.34288024902344
2025-04-30,546.84625244140625,80.54991149902344,90.04846954345703,42.50772476196289,94.25720977783203
2025-05-01,550.72161865234375,80.29328918457031,90.2838363647461,42.498008728027344,94.00030517578125
2025-05-02,558.89666748046875,81.83299255371094,92.05892181396484,43.71223831176758,93.541900634765625
2025-05-05,555.69183349609375,81.97557067871094,91.1958999633789,44.04250717163086,93.379547119140625
2025-05-06,551.047119140625,81.87100982666016,90.59766387939453,43.86766052246094,93.60877227783203
2025-05-07,553.36456298828125,81.59538269042969,90.62709045410156,43.36254119873047,93.75199890136719
2025-05-08,557.22027587890625,81.31026458740234,92.725799560546875,43.33340072631836,93.26496887207031
2025-05-09,556.51025390625,81.709442138671875,92.69637298583984,43.62481689453125,93.36046600341797
2025-05-12,574.90155029296875,82.12763977050781,96.5407485961914,44.56705856323242,93.045318603515625
2025-05-13,578.6982421875,82.232177734375,96.84476470947266,44.6447639465332,92.9498062133789
2025-05-14,579.437744140625,81.83299255371094,95.81502532958984,44.9847526550293,92.68241882324219
2025-05-15,582.26788330078125,82.7264175415039,96.6093978881836,44.96532440185547,93.207672119140625
2025-05-16,585.95599365234375,82.91650390625,97.16839599609375,44.936180114746094,93.26496887207031
2025-05-19,586.596923828125,83.70537567138672,96.44268035888672,45.03331756591797,93.2363052368164
2025-05-20,584.62469482421875,84.10456085205078,96.21710968017578,44.9847526550293,93.07395935058594
2025-05-21,574.7733154296875,83.6103286743164,93.11808013916016,44.86818313598633,92.46275329589844
2025-05-22,575.00018310546875,83.56279754638672,93.20633697509766,44.722476959228516,92.73016357421875
2025-05-23,571.0753173828125,83.6768569946289,92.60811614990234,44.907039642333984,92.86385345458984
2025-05-27,582.94830322265625,84.89342498779297,95.138336181640625,44.80018615722656,93.28407287597656
2025-05-28,579.57574462890625,83.91446685791016,93.99089813232422,44.596195220947266,93.112152099609375
2025-05-29,581.86358642578125,84.28514099121094,94.45183563232422,44.76133346557617,93.4559555053711
2025-05-30,581.21270751953125,84.40869903564453,93.89283752441406,44.21735763549805,93.685150146484375
2025-06-02,584.4866943359375,85.311614990234375,93.37306213378906,44.53791046142578,93.43891906738281
2025-06-03,587.81976318359375,84.66532135009766,95.09911346435547,44.6447639465332,93.37184143066406
2025-06-04,587.66192626953125,85.04549407958984,94.73624420166016,45.19845199584961,93.92757415771484
2025-06-05,584.8218994140625,84.98845672607422,94.62835693359375,45.43158721923828,93.68803405761719
2025-06-06,590.82745361328125,85.2926025390625,95.72676086425781,45.577293395996094,93.20896911621094
2025-06-09,591.35992431640625,85.2831039428711,97.089935302734375,45.96584701538086,93.323944091796875
2025-06-10,594.71282958984375,85.39715576171875,98.10987854003906,46.228118896484375,93.53473663330078
2025-06-11,593.01666259765625,85.25458526611328,97.42337799072266,46.422401428222656,93.85091400146484
2025-06-12,595.37353515625,85.91039276123047,97.060516357421875,46.50010681152344,94.19585418701172
2025-06-13,588.7171630859375,84.8078842163086,95.12852478027344,45.76185989379883,93.860504150390625
2025-06-16,594.31829833984375,85.12599182128906,96.27906036376953,46.32286834716797,93.66886901855469
2025-06-17,589.2398681640625,84.08174133300781,94.96894836425781,45.714778900146484,93.95630645751953
2025-06-18,589.15106201171875,84.226776123046875,95.51073455810547,45.7049674987793,94.02338409423828
2025-06-20,587.7674560546875,83.47259521484375,95.42208099365234,45.44015884399414,94.10962677001953
2025-06-23,593.572998046875,84.10108184814453,96.663238525390625,45.8128547668457,94.30125427246094
2025-06-24,600.13037109375,85.12599182128906,97.56949615478516,46.99961471557617,94.68450164794922
2025-06-25,600.4666748046875,84.66188049316406,96.65339660644531,47.038848876953125,94.6749267578125
2025-06-26,605.16461181640625,85.60944366455078,98.06201934814453,47.35270309448242,94.93364715576172
2025-06-27,608.17132568359375,86.382965087890625,98.19007110595703,47.166351318359375,94.66535949707031
2025-06-30,611.07904052734375,86.43131256103516,98.0029067993164,47.313472747802734,95.04862213134766
2025-07-01,610.88134765625,86.2862777709961,100.36703491210938,47.4017448425293,94.96112823486328
2025-07-02,613.650634765625,86.53766632080078,101.83477020263672,47.60771179199219,94.84578704833984
2025-07-03,618.487060546875,86.5570068359375,102.22879028320312,47.823482513427734,94.6535415649414
2025-07-07,613.8780517578125,85.619110107421875,100.5147933959961,47.14673614501953,94.3171157836914
2025-07-08,613.54180908203125,86.24759674072266,101.65745544433594,47.440975189208984,94.278656005859375
2025-07-09,617.22100830078125,86.89542388916016,102.2681884765625,47.36251449584961,94.672760009765625
2025-07-10,618.96173095703125,86.83740234375,103.39115142822266,47.490013122558594,94.6439208984375
2025-07-11,616.78582763671875,86.00586700439453,102.15982818603516,47.33308792114258,94.24982452392578
2025-07-14,617.9627685546875,86.00586700439453,102.16968536376953,47.4017448425293,94.240203857421875
2025-07-15,615.32208251953125,85.10665130615234,99.82526397705078,47.745018005371094,93.961456298828125
2025-07-16,617.3792724609375,85.4547348022461,100.4556884765625,47.970603942871094,94.09601593017578
2025-07-17,621.15740966796875,85.6771240234375,101.61804962158203,48.24522399902344,94.13446807861328
2025-07-18,620.70245361328125,85.4354019165039,100.8201675415039,48.1373405456543,94.3074951171875
2025-07-21,621.87939453125,85.88984680175781,100.80046844482422,48.45119094848633,94.5670166015625
2025-07-22,621.96844482421875,86.3636245727539,102.41594696044922,48.480613708496094,94.749664306640625
2025-07-23,627.25982666015625,88.51014709472656,103.70636749267578,48.971012115478516,94.538177490234375
2025-07-24,627.46746826171875,87.8526611328125,101.87417602539062,48.706199645996094,94.48051452636719
2025-07-25,630.11810302734375,87.74629211425781,102.49475860595703,48.55907440185547,94.63431549072266
2025-07-28,629.95989990234375,86.3346176147461,102.18938446044922,48.235416412353516,94.50936126708984
2025-07-29,628.29833984375,86.16057586669922,101.68701171875,48.255035400390625,95.01880645751953
2025-07-30,627.50701904296875,85.54176330566406,100.40644073486328,47.901947021484375,94.749664306640625
2025-07-31,625.15313720703125,84.623199462890625,99.3524398803711,47.62732696533203,94.7977294921875
2025-08-01,614.9066162109375,84.40081787109375,97.51038360595703,47.27424240112305,95.61753845214844
2025-08-04,624.2530517578125,85.52242279052734,99.1357192993164,47.7646369934082,95.6946792602539
2025-08-05,621.08819580078125,85.51275634765625,99.73661041259766,47.901947021484375,95.72364044189453
2025-08-06,625.845458984375,86.07355499267578,99.79571533203125,48.12752914428711,95.6850357055664
2025-08-07,625.3212890625,86.847076416015625,99.79571533203125,48.5296516418457,95.607879638671875
2025-08-08,630.19720458984375,87.378875732421875,100.23898315429688,48.490421295166016,95.42463684082031
2025-08-11,628.9510498046875,87.011444091796875,99.96317291259766,48.353111267089844,95.49214172363281
2025-08-12,635.64691162109375,88.07503509521484,103.3714599609375,48.94158935546875,95.49214172363281
2025-08-13,637.82275390625,88.6068344116211,106.10003662109375,49.53006362915039,95.83937072753906
2025-08-14,637.882080078125,88.61650848388672,104.73081970214844,48.921974182128906,95.569305419921875
2025-08-15,636.38861083984375,89.13863372802734,104.06098937988281,48.98081970214844,95.42463684082031
2025-08-18,636.25018310546875,89.04193878173828,104.15949249267578,49.26525115966797,95.31855010986328
2025-08-19,632.79840087890625,89.0516128540039,104.63232421875,48.86312484741211,95.50178527832031
2025-08-20,631.116943359375,89.37068939208984,103.9230728149414,48.794471740722656,95.5596694946289
2025-08-21,628.5850830078125,88.80988311767578,103.6965103149414,48.68658447265625,95.33782958984375
2025-08-22,638.2381591796875,90.14421844482422,108.07014465332031,49.657569885253906,95.8683090209961
2025-08-25,635.42926025390625,88.95491790771484,107.27226257324219,49.373138427734375,95.72364044189453
2025-08-26,638.08978271484375,88.85823822021484,107.37076568603516,49.245635986328125,95.83937072753906
2025-08-27,639.543701171875,88.64551544189453,108.39521789550781,48.95139694213867,95.935791015625
2025-08-28,641.80859375,88.97425842285156,108.05044555664062,49.13774490356445,96.0515365600586
2025-08-29,637.98101806640625,88.45213317871094,107.91254425048828,48.90235900878906,95.9261474609375
2025-09-02,633.25335693359375,87.58192443847656,107.08509063720703,48.86312484741211,95.67166900634766
2025-09-03,636.68536376953125,87.71728515625,106.98658752441406,49.04947280883789,96.02002716064453
2025-09-04,642.00640869140625,88.3554458618164,108.82864379882812,48.892547607421875,96.40706634521484
2025-09-05,640.14691162109375,88.75187683105469,109.50833129882812,49.48102569580078,96.86187744140625
2025-09-08,641.71966552734375,89.64142608642578,109.21281433105469,49.93218994140625,97.19087982177734
2025-09-09,643.20318603515625,89.34168243408203,108.19820404052734,50.206809997558594,96.9973373413086
2025-09-10,645.0625,89.32234191894531,108.06029510498047,50.55009078979492,97.19087982177734
2025-09-11,650.42315673828125,90.26991271972656,110.25696563720703,51.28568649291992,97.3747329711914
2025-09-12,650.2054443359375,89.91215515136719,108.82864379882812,51.25625991821289,97.28764343261719
2025-09-15,653.66717529296875,90.51163482666016,108.98625183105469,51.62895965576172,97.45214080810547
2025-09-16,652.76715087890625,90.26023864746094,108.73983001708984,52.011470794677734,97.4908447265625
2025-09-17,651.95611572265625,89.92182159423828,108.81900024414062,52.23705291748047,97.3166732788086
2025-09-18,655.00238037109375,90.26991271972656,111.03575897216797,52.109554290771484,97.04573822021484
2025-09-19,658.24652099609375,89.92182159423828,109.80862426757812,51.99185562133789,97.04573822021484
2025-09-22,661.3607177734375,90.21189880371094,109.84821319580078,52.24686050415039,96.92961883544922
2025-09-23,657.7606201171875,90.03784942626953,109.56122589111328,52.276283264160156,97.084442138671875
2025-09-24,655.6678466796875,89.5157241821289,108.91796112060547,52.0997428894043,96.90057373046875
2025-09-25,652.6429443359375,88.87757110595703,107.82937622070312,51.79569625854492,96.76512145996094
2025-09-26,656.38201904296875,89.56407165527344,109.12578582763672,51.69761657714844,96.83284759521484
2025-09-29,658.2266845703125,89.91215515136719,109.25444030761719,52.16839599609375,97.01670837402344
2025-09-30,660.70611572265625,90.27957916259766,109.44245910644531,52.374366760253906,97.00702667236328
2025-10-01,662.95751953125,91.02409362792969,110.2143783569336,52.78629684448242,97.25458526611328
2025-10-02,663.7210693359375,91.16912841796875,110.4518814086914,53.031494140625,97.36137390136719
2025-10-03,663.71124267578125,91.93297576904297,111.1842041015625,53.18842315673828,97.25458526611328
2025-10-06,666.09149169921875,92.14569854736328,110.68939208984375,53.43362045288086,97.04100036621094
2025-10-07,663.6219482421875,91.343170166015625,109.0960922241211,53.021690368652344,97.2060317993164
2025-10-08,667.57916259765625,91.61389923095703,110.03624725341797,53.44343185424805,97.21574401855469
2025-10-09,665.64520263671875,90.85972595214844,108.71014404296875,52.89418411254883,97.09925079345703
2025-10-10,647.65423583984375,89.18697357177734,104.81102752685547,50.942405700683594,97.497283935546875
2025-10-13,657.5919189453125,89.9024887084961,107.23561096191406,52.423404693603516,97.6817398071289
2025-10-14,656.78857421875,90.30858612060547,108.88827514648438,51.9526252746582,97.8370590209961
2025-10-15,659.7044677734375,90.74369049072266,109.80862426757812,52.80591583251953,97.7982177734375
2025-10-16,655.211669921875,91.21746826171875,108.54190826416016,53.14918899536133,98.14772033691406
2025-10-17,658.93084716796875,91.38185119628906,108.06688690185547,53.139381408691406,98.01179504394531
2025-10-20,665.7840576171875,92.13602447509766,109.90758514404297,53.865169525146484,98.17684173583984
2025-10-21,665.7740478515625,91.45919036865234,110.23416137695312,53.26689147949219,98.27391815185547
2025-10-22,662.31280517578125,91.3238296508789,109.71956634521484,53.21784591674805,98.26420593261719
2025-10-23,666.24029541015625,91.749267578125,111.0753402709961,53.688629150390625,98.08946990966797
2025-10-24,671.6851806640625,91.89430236816406,112.0055923461914,54.04171371459961,98.18653869628906
2025-10-27,679.6094970703125,92.53245544433594,111.8868408203125,54.63999938964844,98.25450134277344
2025-10-28,681.41455078125,92.49378204345703,111.25347900390625,54.62038040161133,98.312744140625
2025-10-29,681.7418212890625,91.9716567993164,110.13520812988281,54.934234619140625,97.84675598144531
2025-10-30,674.24395751953125,91.56555938720703,108.82890319824219,54.36537551879883,97.66229248046875
2025-10-31,676.45562744140625,91.36251068115234,109.05651092529297,54.23787307739258,97.60406494140625
2025-11-03,677.72515869140625,91.40118408203125,109.32371520996094,54.581153869628906,97.48426055908203
2025-11-04,669.69171142578125,90.463287353515625,107.9481430053711,53.58074188232422,97.53296661376953
2025-11-05,672.012451171875,91.0434341430664,109.90758514404297,54.06132888793945,97.269989013671875
2025-11-06,664.80218505859375,90.84037780761719,108.00750732421875,53.659202575683594,97.63037109375
2025-11-07,665.45672607421875,91.178802490234375,109.2346420288086,53.50227737426758,97.591400146484375
2025-11-10,675.84075927734375,92.13602447509766,110.64981079101562,54.4438362121582,97.55245208740234
2025-11-11,677.38787841796875,92.81285858154297,111.2040023803711,54.502685546875,97.844635009765625
2025-11-12,677.7647705078125,93.3639907836914,111.3524398803711,54.51249313354492,97.80567932128906
2025-11-13,666.5179443359375,92.36808013916016,108.97735595703125,53.87498092651367,97.51348876953125
2025-11-14,666.408935546875,92.107025146484375,109.0367202758789,53.90440368652344,97.3966064453125
2025-11-17,660.2003173828125,90.9080581665039,106.53297424316406,53.26689147949219,97.41609191894531
2025-11-18,654.65631103515625,89.72844696044922,106.27567291259766,53.002071380615234,97.47452545166016
2025-11-19,657.18536376953125,89.45771026611328,106.00847625732422,52.81571960449219,97.47452545166016
2025-11-20,647.1683349609375,88.22007751464844,103.63337707519531,52.089935302734375,97.591400146484375
2025-11-21,653.61492919921875,89.58341217041016,106.99810791015625,52.08012771606445,97.82514953613281
2025-11-24,663.235107421875,89.66075897216797,108.39347076416016,52.629371643066406,98.01995849609375
2025-11-25,669.47344970703125,90.73401641845703,111.33264923095703,52.81571960449219,98.17578125
2025-11-26,674.09521484375,91.72993469238281,112.01549530029297,53.19823455810547,98.33161926269531
2025-11-28,677.77471923828125,92.03934478759766,112.18373107910156,53.276695251464844,98.19526672363281
2025-12-01,674.68035888671875,91.58489227294922,111.95610809326172,53.237464904785156,97.77119445800781
2025-12-02,675.9300537109375,91.89430236816406,111.97590637207031,53.257080078125,97.898223876953125
2025-12-03,678.2706298828125,92.3874282836914,113.56919860839844,53.29631423950195,98.08387756347656
2025-12-04,678.7664794921875,92.63880920410156,113.0447006225586,53.28650665283203,97.849365234375
2025-12-05,680.0557861328125,92.63880920410156,113.0545883178711,53.688629150390625,97.74188232421875
2025-12-08,678.01275634765625,92.34874725341797,112.65873718261719,53.57093048095703,97.58553314208984
2025-12-09,677.427490234375,92.2230453491211,113.23271942138672,53.482662200927734,97.49759674072266
2025-12-10,681.92041015625,93.24797058105469,115.86512756347656,54.0809440612793,97.810272216796875
2025-12-11,683.5072021484375,93.799102783203125,117.0031967163086,53.8259391784668,97.82981872558594
2025-12-12,676.1580810546875,93.30598449707031,115.855224609375,53.19823455810547,97.52690887451172
2025-12-15,675.13653564453125,93.8764419555664,115.47917175292969,53.04130554199219,97.62462615966797
2025-12-16,673.2918701171875,93.44133758544922,114.6181411743164,52.70604705810547,97.810272216796875
2025-12-17,665.88323974609375,92.68333435058594,114.6181411743164,52.32801055908203,97.78096771240234
2025-12-18,670.9114990234375,93.3428955078125,114.75733184814453,52.92491149902344,98.0252456665039
2025-12-19,676.9923095703125,93.9729232788086,114.75733184814453,53.442222595214844,97.88209533691406
2025-12-22,681.20989990234375,94.20918273925781,115.13516235351562,53.73072052001953,97.84288787841797
2025-12-23,684.32330322265625,94.79000091552734,114.39939880371094,54.029170989990234,97.84288787841797
2025-12-24,686.73052978515625,94.90813446044922,115.0158462524414,54.13859939575195,98.05857849121094
2025-12-26,686.660888671875,95.06563568115234,115.06555938720703,54.51663589477539,98.07817840576172
2025-12-29,684.2138671875,94.7801513671875,114.6181411743164,54.37736129760742,98.19583892822266
2025-12-30,683.37835693359375,94.93766021728516,114.11106872558594,54.596221923828125,98.1566162109375
2025-12-31,678.31524658203125,94.53404235839844,113.06709289550781,54.427101135253906,97.92131805419922
2026-01-02,679.55859375,95.52831268310547,114.02159118652344,55.94919204711914,97.89190673828125
2026-01-05,684.08453369140625,96.62102508544922,115.62234497070312,56.565982818603516,98.07817840576172
2026-01-06,688.1529541015625,96.76869201660156,117.53131866455078,56.98381042480469,98.05857849121094
2026-01-07,685.93475341796875,96.404449462890625,116.4177474975586,56.556034088134766,98.1566162109375
2026-01-08,685.8651123046875,96.41429901123047,118.82386016845703,56.575931549072266,97.98014831542969
2026-01-09,690.4010009765625,97.27073669433594,119.73857116699219,56.84453582763672,98.19583892822266
2026-01-12,691.4852294921875,97.86139678955078,119.27127075195312,57.64039611816406,98.146820068359375
2026-01-13,690.10260009765625,97.3002700805664,119.17184448242188,57.21261978149414,98.23503875732422
2026-01-14,686.71063232421875,97.75311279296875,120.03685760498047,57.45138168334961,98.382110595703125
2026-01-15,688.5806884765625,97.71372985839844,121.85633850097656,57.78962326049805,98.25465393066406
2026-01-16,688.00372314453125,97.979522705078125,121.2100830078125,57.57075881958008,98.08799743652344
2026-01-20,673.9981689453125,96.4930419921875,119.24144744873047,57.01365661621094,97.71543884277344
2026-01-21,681.77685546875,97.48731231689453,122.7114028930664,57.958744049072266,98.038970947265625
2026-01-22,685.33795166015625,97.8712387084961,123.13893127441406,58.39646911621094,98.05857849121094
2026-01-23,685.5865478515625,98.41267395019531,120.90185546875,58.764556884765625,98.146820068359375
2026-01-26,689.06805419921875,98.9048843383789,120.68312072753906,58.864036560058594,98.29387664794922
2026-01-27,691.8134765625,100.49964141845703,120.53398132324219,60.02798843383789,98.225250244140625
2026-01-28,691.74383544921875,99.43647003173828,119.83799743652344,60.43586730957031,98.18602752685547
2026-01-29,690.37115478515625,100.10588073730469,120.8123779296875,60.127471923828125,98.18602752685547
2026-01-30,688.31207275390625,99.17066955566406,120.40472412109375,58.79439926147461,98.166412353515625
2026-02-02,691.73394775390625,99.82039642333984,121.60778045654297,58.97346878051758,98.05330657958984
2026-02-03,685.885009765625,99.86961364746094,121.81656646728516,59.291812896728516,98.06314849853516
2026-02-04,682.56268310546875,100.19447326660156,124.262451171875,58.49595260620117,98.0041275024414
2026-02-05,674.0379638671875,98.7670669555664,122.86054992675781,58.22734832763672,98.42707061767578
2026-02-06,686.96923828125,101.01154327392578,125.80355072021484,59.75938415527344,98.48607635498047
2026-02-09,690.28167724609375,102.37004089355469,125.35613250732422,60.19710922241211,98.515594482421875
2026-02-10,688.4613037109375,102.61614990234375,125.63452911376953,60.286643981933594,98.80082702636719
2026-02-11,688.30218505859375,103.30525207519531,125.31636810302734,61.24168014526367,98.57460021972656
2026-02-12,677.668701171875,102.52755737304688,122.76112365722656,60.5452995300293,99.0172119140625
2026-02-13,678.1461181640625,102.61614990234375,124.17296600341797,60.803955078125,99.33196258544922
2026-02-17,679.24029541015625,102.59646606445312,123.89457702636719,60.55524826049805,99.34180450439453
2026-02-18,682.662109375,102.71459197998047,124.68004608154297,60.873592376708984,99.20410919189453
2026-02-19,680.86163330078125,102.42911529541016,124.45136260986328,60.724369049072266,99.22377014160156
2026-02-20,685.78558349609375,103.265869140625,125.0180892944336,62.01764678955078,99.243438720703125
2026-02-23,678.78277587890625,102.84256744384766,121.806640625,61.331214904785156,99.440155029296875
2026-02-24,683.71649169921875,103.02960968017578,122.88042449951172,62.296199798583984,99.4303207397461
2026-02-25,689.48590087890625,104.0140380859375,122.98979949951172,62.98263168334961,99.38114166259766
2026-02-26,685.65618896484375,103.92543029785156,123.73548889160156,62.38573455810547,99.53850555419922
2026-02-27,682.36370849609375,103.73838806152344,122.094970703125,62.25640869140625,99.73523712158203
2026-03-02,682.751708984375,101.6907958984375,122.70146942138672,61.18199157714844,99.33662414550781
2026-03-03,676.73370361328125,98.53079986572266,121.75691986083984,58.117916107177734,99.22808837890625
2026-03-04,681.50823974609375,99.80070495605469,122.52249908447266,58.744659423828125,99.188629150390625
2026-03-05,677.70849609375,97.61529541015625,120.59363555908203,57.33200454711914,98.902496337890625
2026-03-06,668.82568359375,96.748992919921875,118.01850128173828,57.02360534667969,98.78409576416016
2026-03-09,674.6845703125,97.44793701171875,117.92902374267578,58.147762298583984,99.0998306274414
2026-03-10,673.60028076171875,97.67435455322266,117.40206909179688,58.37657165527344,98.77423095703125
2026-03-11,672.75482177734375,97.4676284790039,117.32252502441406,58.52579879760742,98.33023834228516
2026-03-12,662.5390625,95.9417724609375,115.4234848022461,56.655517578125,97.96517181396484
2026-03-13,658.78900146484375,94.79984283447266,115.26441192626953,56.50629425048828,97.88623809814453
2026-03-16,665.493408203125,96.5718002319336,115.68199920654297,58.078125,98.271026611328125
2026-03-17,667.2440185546875,96.83760070800781,116.58338928222656,58.44620895385742,98.46836853027344
2026-03-18,657.93353271484375,95.18376922607422,115.22881317138672,57.262367248535156,98.05397033691406
2026-03-19,656.31219482421875,95.01641082763672,115.63717651367188,57.322052001953125,98.162506103515625
2026-03-20,646.9034423828125,92.1320571899414,114.12323760986328,55.352291107177734,97.34357452392578
2026-03-23,653.6959228515625,94.34700012207031,116.2248306274414,57.01365661621094,97.70863342285156
2026-03-24,651.5015869140625,93.78588104248047,117.3503189086914,56.22774124145508,97.442230224609375
2026-03-25,655.1322021484375,95.15423583984375,118.58537292480469,57.123085021972656,97.787567138671875
2026-03-26,643.432373046875,93.185394287109375,118.01764678955078,55.18317413330078,97.23505401611328
2026-03-27,632.46063232421875,92.33879089355469,116.07542419433594,54.91456985473633,97.22517395019531
2026-03-30,630.3460693359375,92.60457611083984,115.44793701171875,54.466896057128906,97.71851348876953
2026-03-31,648.66888427734375,95.61690521240234,117.9778060913086,56.49634552001953,97.94544219970703
2026-04-01,653.5562744140625,97.07386016845703,118.19692993164062,56.9340705871582,98.01176452636719
2026-04-02,654.144775390625,96.473358154296875,118.45589447021484,56.29737854003906,98.239471435546875
2026-04-06,657.23681640625,96.95572662353516,119.05350494384766,56.814693450927734,98.06126403808594
2026-04-07,657.5260009765625,96.817901611328125,119.30250549316406,57.01365661621094,98.18006896972656
2026-04-08,674.27294921875,100.59809112548828,121.86225891113281,60.127471923828125,98.4374771118164
2026-04-09,678.162841796875,100.36182403564453,122.75867462158203,59.968299865722656,98.49687957763672
2026-04-10,677.71405029296875,100.58824157714844,122.39014434814453,60.24685287475586,98.32857513427734
2026-04-13,684.33697509765625,101.20842742919922,123.89412689208984,60.754215240478516,98.52657318115234
2026-04-14,692.675537109375,102.02549743652344,124.12321472167969,61.91816711425781,98.78398132324219
2026-04-15,698.14141845703125,101.70063781738281,124.09333038330078,61.87837219238281,98.625579833984375
2026-04-16,699.85699462890625,101.40531158447266,124.6511001586914,62.127079010009766,98.48697662353516
2026-04-17,708.31524658203125,102.69490814208984,126.95188903808594,63.3109245300293,98.85327911376953
2026-04-20,706.8988037109375,102.29129791259766,127.82837677001953,62.85330581665039,98.8433837890625
2026-04-21,702.27081298828125,100.04680633544922,127.19093322753906,61.9281120300293,98.477081298828125
2026-04-22,709.38250732421875,100.38151550292969,127.4200210571289,63.052268981933594,98.61568450927734
2026-04-23,706.62957763671875,99.66288757324219,127.49969482421875,62.02759552001953,98.45726776123047
2026-04-24,712.10546875,100.18462371826172,128.09730529785156,63.41040802001953,98.59587097167969
2026-04-27,713.332275390625,99.80070495605469,128.54551696777344,63.3109245300293,98.44738006591797
2026-04-28,709.8612060546875,99.38724517822266,128.18695068359375,62.66428756713867,98.40777587890625
2026-04-29,709.75152587890625,98.373291015625,127.1411361694336,62.36583709716797,97.97216033935547
2026-04-30,716.81329345703125,100.72605895996094,128.7745819091797,63.65911865234375,98.11076354980469
2026-05-01,718.7982177734375,100.50949096679688,128.85427856445312,63.79838943481445,98.23990631103516
2026-05-04,716.16497802734375,99.13129425048828,127.26065063476562,63.7685432434082,97.93196868896484
2026-05-05,721.91021728515625,100.45042419433594,128.7745819091797,65.06182861328125,98.11076354980469
2026-05-06,731.9443359375,103.1772689819336,129.65109252929688,67.1410140991211,98.52796936035156
2026-05-07,729.70013427734375,101.28718566894531,128.68495178222656,66.24566650390625,98.28956604003906
2026-05-08,735.724609375,102.34051513671875,129.26263427734375,67.58869171142578,98.518035888671875
2026-05-11,737.4002685546875,102.12393951416016,127.9578628540039,67.53894805908203,98.259765625
2026-05-12,736.28314208984375,101.53328704833984,126.60328674316406,65.47965240478516,97.9717025756836
2026-05-13,740.40252685546875,102.21253967285156,126.04552459716797,66.86246490478516,98.01143646240234
2026-05-14,746.24749755859375,101.84830474853516,126.87220764160156,67.031585693359375,97.98163604736328
2026-05-15,737.2706298828125,100.13540649414062,125.13914489746094,64.73352813720703,97.36577606201172
2026-05-18,736.751953125,101.0607681274414,125.70687103271484,64.63404846191406,97.35584259033203
2026-05-19,731.8446044921875,100.33229064941406,124.48178100585938,63.9277229309082,96.97837829589844
2026-05-20,739.34527587890625,102.00581359863281,127.16104888916016,65.12151336669922,97.56444549560547
2026-05-21,740.81146240234375,102.56693267822266,127.8084716796875,65.688568115234375,97.68363952636719
2026-05-22,743.7239990234375,102.3602066040039,128.9239959716797,65.539337158203125,97.7829818725586
2026-05-26,748.66131591796875,103.4922866821289,130.48773193359375,68.04631042480469,98.06110382080078
2026-05-27,748.5316162109375,103.13789367675781,130.94590759277344,68.03636169433594,98.14057159423828
2026-05-28,752.66094970703125,103.05914306640625,131.17498779296875,68.2552261352539,98.3392333984375
2026-05-29,754.5361328125,103.16743469238281,130.1690216064453,68.24527740478516,98.398834228515625
2026-06-01,756.5908203125,102.81304168701172,130.378173828125,69.7176284790039,98.350006103515625
2026-06-02,757.61822509765625,103.38399505615234,131.77259826660156,70.43390655517578,98.37989807128906
2026-06-03,752.3018798828125,102.4980239868164,130.1690216064453,69.5584487915039,98.17060089111328
2026-06-04,755.14459228515625,103.3150863647461,131.95187377929688,68.74269104003906,98.33007049560547
2026-06-05,735.65478515625,100.66699981689453,129.65109252929688,64.256011962890625,97.841705322265625
2026-06-08,737.3204345703125,101.27733612060547,130.60726928710938,65.4100112915039,97.841705322265625
2026-06-09,735.15606689453125,101.29702758789062,131.85227966308594,65.47965240478516,98.0410385131836
2026-06-10,723.56591796875,99.98774719238281,131.12518310546875,64.325653076171875,97.98123931884766
2026-06-11,735.8642578125,103.09852600097656,133.49569702148438,67.15096282958984,98.54933166503906
2026-06-12,739.843994140625,103.38399505615234,134.92001342773438,67.52899932861328,98.42973327636719
2026-06-15,752.890380859375,104.08000183105469,134.27999877929688,69.75,98.5194320678711
2026-06-16,748.4019775390625,104.30999755859375,133.60000610351562,68.63999938964844,98.63903045654297
2026-06-17,739.0560302734375,103.77999877929688,131.2100067138672,68.55999755859375,98.28023529052734
2026-06-18,746.739990234375,104.41000366210938,133.32000732421875,70.79000091552734,98.56926727294922
2026-06-22,744.3900146484375,104.58000183105469,133.00999450683594,71.20999908447266,98.30016326904297
2026-06-23,733.58001708984375,102.45999908447266,132.7100067138672,67.16999816894531,98.37989807128906
2026-06-24,733.239990234375,102.26000213623047,134.0399932861328,67.25,98.8582992553711
2026-06-25,734.29998779296875,103.1500015258789,135.61000061035156,67.95999908447266,98.91809844970703
2026-06-26,728.989990234375,102.54000091552734,136.92999267578125,67.19000244140625,99.0077896118164
2026-06-29,741,103.44999694824219,136.33999633789062,67.43000030517578,99.0376968383789
2026-06-30,746.77001953125,103.87999725341797,136.67999267578125,68.410003662109375,98.64900207519531
2026-07-01,745.760009765625,103.0199966430664,136.5,66.4800033569336,98.5
2026-07-02,744.780029296875,104.37000274658203,135.4499969482422,65.69999694824219,98.61000061035156
2026-07-06,751.280029296875,105.45999908447266,135.3699951171875,67.56999969482422,98.660003662109375
2026-07-07,747.71002197265625,104.16000366210938,134.3300018310547,65.720001220703125,98.20999908447266
2026-07-08,745.4000244140625,103.36000061035156,132.66000366210938,66.2300033569336,98.04000091552734
2026-07-09,751.71002197265625,103.91999816894531,134.3300018310547,66.779998779296875,98.18000030517578
2026-07-10,754.95001220703125,104.33000183105469,134.99000549316406,66.9000015258789,98.08000183105469
2026-07-13,749.16998291015625,103.23999786376953,135.1699981689453,64.5,97.70999908447266
2026-07-14,751.83001708984375,103.95999908447266,135.39999389648438,65.66999816894531,98
2026-07-15,754.80999755859375,104.6500015258789,136.22999572753906,65.56999969482422,98.13999938964844
2026-07-16,750.719970703125,103.80999755859375,138.11000061035156,64.19000244140625,98.12999725341797
2026-07-17,743.28997802734375,103.33000183105469,136.94000244140625,63.290000915527344,98.19999694824219
2026-07-20,742.09002685546875,102.56999969482422,135.97000122070312,63.560001373291016,97.94999694824219
2026-07-21,748.280029296875,104.05999755859375,137.33999633789062,65.339996337890625,97.73999786376953
2026-07-22,747.40997314453125,104.25,136.99000549316406,64.98999786376953,97.58000183105469
2026-07-23,738.17999267578125,102.9000015258789,135.63999938964844,64.5999984741211,97.339996337890625
2026-07-24,738.92999267578125,103.41000366210938,135.8800048828125,63.33000183105469,97.45999908447266
2026-07-27,739.09002685546875,103.91000366210938,136.1999969482422,63.619998931884766,97.69000244140625
2026-07-28,740.8599853515625,103.88999938964844,137.25,62.36000061035156,97.91999816894531
2026-07-29,729.46002197265625,103.37000274658203,135.86000061035156,61.06999969482422,97.55000305175781
2026-07-30,741.69000244140625,106.23999786376953,135.83999633789062,63.59000015258789,97.62000274658203
